study_accession;first_public;study_title;project_name;run_accession;sample_accession;sample_title;sample_description;library_name;library_selection;library_source;library_strategy;library_construction_protocol;library_layout;rna_integrity_num;instrument_platform;rt_prep_protocol;cell_line;cell_type;tissue_lib;tissue_type;host_phenotype;isolate;age;host_body_site;description;note;origin;Gtex;;
PRJNA318642;11/08/2016;Transcriptome profiling of the human dorsal striatum in bipolar disorder;Homo sapiens;SRR3393511;SAMN04859294;bipolar-5;bipolar-5;;cDNA;TRANSCRIPTOMIC;RNA-Seq;Frozen postmortem dorsal striatum samples were transferred to RNAlater-ICE (Ambion) and stored at -20C upon receipt. Total RNA was extracted from dissected caudate-putamen tissue by Trizol (Life Technologies), column-purified by the RNeasy Lipid Tissue Kit (Qiagen) and treated with the Turbo DNA-free Kit (Life Technologies). RNA samples were assayed on the BioAnalyzer (Agilent, Santa Clara, CA) to obtain RNA integrity number (RIN) values. Ribosomal RNA (rRNA) was depleted from samples using the RiboMinus Eukaryote Kit v2 (Life Technologies). Strand-specific cDNA libraries were made using the Next Ultra Directional RNA Library Prep Kit (NEB) and sequenced on the Illumina HiSeq2000.;SINGLE;;ILLUMINA;;;;;;;;;;Illumina HiSeq 2000 sequencing: GSM2124757: bipolar-5 Homo sapiens RNA-Seq;;postmortem;Brain - Dorsal Striatum;;
PRJNA939148;10/07/2023;Transcriptomes of human primary skin fibroblasts reveal age-associated mRNAs and long noncoding RNAs;Transcriptomes of human primary skin fibroblasts reveal age-associated mRNAs and long noncoding RNAs;SRR23630240;SAMN33458043;SKIN_AGE61_F_GR3_Gt102;SKIN_AGE61_F_GR3_Gt102;GSM7067616;cDNA;TRANSCRIPTOMIC;RNA-Seq;After expansion, total RNA was isolated using the Direct-zolTM RNA MiniPrep kit (Zymo Research) following the manufacturer's instruction. Ribo-RNA depletion with Low Input RiboMinus Eukaryote System v2 (Thermo Fisher Scientific). Ribo-RNA-depleted samples were then used for cDNA synthesis with Ovation® RNA-Seq System V2 (Nugen) following the manufacturer's protocol. Following cDNA fragmentation and size selection, libraries were prepared using Illumina TruSeq ChIP Library Preparation Kit (Illumina) according to manufacturer's protocol.;PAIRED;;ILLUMINA;;;primary skin fibroblasts;;;;;;;Illumina NovaSeq 6000 sequencing: GSM7067616: SKIN_AGE61_F_GR3_Gt102 Homo sapiens RNA-Seq;;;Cells - Cultured fibroblasts;;
PRJNA324260;18/10/2016;Human liver RNA-seq data corresponding to uninfected non-malignant, HCV infected non-malignant, and HCV+ HCC tissue;Homo sapiens;SRR3621806;SAMN05199336;L10-09-Control_RNA-seq;L10-09-Control_RNA-seq;;cDNA;TRANSCRIPTOMIC;RNA-Seq;We extracted total RNA from homogenized liver samples with 0.2 ml of chloroform and 1 ml of TRIZOL Reagent. After precipitation and washing, the RNA was dissolved in RNase-free water and given DNase treatment. DNase-treated, rRNA-depleted (Ribozero, Epicentre) RNA was used as a template for SuperScript III first-strand cDNA synthesis (Invitrogen), using oligo-dT as well as random hexamers. Actinomycin D was added to the reaction to prevent any possible amplification from contaminating genomic DNA. During second-strand synthesis, a dU/VTP mix was used to create directional libraries. cDNA samples were fragmented with Covaris to 300-bp fragments. The samples were then end-filled, 3 terminal A extended and ligated to preannealed TruSeq-indexed Illumina adapters. Uracil-DNAglycosylase UDG) treatment preceded the PCR reaction to amplify exclusively the originally oriented transcripts. Libraries were amplified using P5 and P7 Illumina primers and gel-extracted for size selection and primer-dimer removal. Before sequencing, libraries were tested using the BioAnalyzer to assure library quality, in terms of size and primer-dimer depletion. Indexed libraries were multiplexed for 100-bp single-end sequencing on the Illumina HiSeq 2000 platform.;SINGLE;;ILLUMINA;;;;;liver;;;;;Illumina HiSeq 2000 sequencing: GSM2185684: L10-09-Control_RNA-seq Homo sapiens RNA-Seq;;;Liver;;
PRJNA342787;06/10/2016;Transcriptional profiling of Myotonic dystrophy muscle and heart;Homo sapiens;SRR4240819;SAMN05768093;Tibialis_Control_6;Tibialis_Control_6;;cDNA;TRANSCRIPTOMIC;RNA-Seq;Frozen tissue samples were lysed using a homogenizer in Trizol. Chloroform was added and mixed, and the aqueous layer was added to isopropanol to precipitate RNA. The RNA was then cleaned up on RNeasy columns (Qiagen) with on column DNase treatment. Strand-specific libraries (using dUTP incorporation during reverse transcription, and USER treatment prior to PCR) were prepared using standard protocols. RNA was first fragmented, and then ribosomal RNA was subtracted using ribo-zero beads from Epicentre Biotechnologies. Reverse transcription was performed using random primers, followed by 2nd strand cDNA synthesis, end repair, adenylation, and ligation of adapters. Products were run on agarose, size selected, and then subjected to 14-18 cycles of PCR.;PAIRED;;ILLUMINA;;;;;Tibialis anterior muscle;;;;;Illumina HiSeq 2000 sequencing: GSM2309592: Tibialis_Control_6 Homo sapiens RNA-Seq;;;Muscle - Skeletal;;
PRJNA765370;27/11/2021;RNA-seq of HPV-negative Oral Squamous Cell Carcinoma Patients;RNA-seq of HPV-negative Oral Squamous Cell Carcinoma Patients;SRR16013087;SAMN21555517;OSCC_14-N;OSCC_14-N;;cDNA;TRANSCRIPTOMIC;RNA-Seq;Nucleic acids were extracted fresh frozen OSCC tissue and matched normal (oral mucosa) using the Qiagen AllPrep Kit (Qiagen, Germantown, Maryland, USA) in accordance with the manufacturer's instructions with purification of DNA and RNA from the same sample. TruSeq Stranded Total RNA with Ribo-Zero Gold (Human, Mouse, Rat) ribosomal depletion;PAIRED;;ILLUMINA;;;;;oral mucosa;;;;;Illumina NovaSeq 6000 sequencing: GSM5593773: OSCC_14-N Homo sapiens RNA-Seq;;tumor-adjacent;Mouth - Mucosa;;
PRJNA901461;02/02/2023;COVID-19 patient samples collected by the PREDICT-19 consortium;COVID-19 patient samples collected by the PREDICT-19 consortium;SRR22283229;SAMN31714277;Whole blood, healthy control, rep 8;Whole blood, healthy control, rep 8;;cDNA;TRANSCRIPTOMIC;RNA-Seq;Total RNA was isolated from whole blood samples stored and stabilized in PAXgene RNA tubes according to the manufacturer's guidelines (PreAnalytiX) Libraries were prepared with 300ng of total RNA per sample using the Illumina Stranded Total RNA Prep with Ribo-Zero Plus (RZP) as per manufacturer instructions (Illumina, CA, USA).;PAIRED;;ILLUMINA;;;;;Whole blood;;;;;Illumina NovaSeq 6000 sequencing: GSM7507856: Whole blood, COVID positive, rep 393 Homo sapiens RNA-Seq;;;Blood - Whole Blood;;
PRJNA997353;22/12/2023;Race-specific coregulatory and transcriptomic profiles associated with DNA methylation and androgen receptor in prostate cancer [RNA-Seq];Race-specific coregulatory and transcriptomic profiles associated with DNA methylation and androgen receptor in prostate cancer [RNA-Seq];SRR25387948;SAMN36678740;PT-00197815_NT_EA;PT-00197815_NT_EA;GSM7657538;cDNA;TRANSCRIPTOMIC;RNA-Seq;Illumina TruSeq Stranded Total RNA Library Prep Kit with Ribo-Zero Gol RNA libraries were prepared for sequencing using standard Illumina protocols;PAIRED;;ILLUMINA;;;;;prostate;;;;;Illumina HiSeq 2500 sequencing: GSM7657538: PT-00197815_NT_EA Homo sapiens RNA-Seq;;tumor-adjacent;Prostate;;
PRJNA938006;19/03/2023;Dexamethasone effect on gene expression in human pancreatic islets and human pancreatic EndoC-ßH1 cells;Dexamethasone effect on gene expression in human pancreatic islets and human pancreatic EndoC-βH1 cells;SRR23596851;SAMN33422431;Human Islet, Control, donor 3;Human Islet, Control, donor 3;GSM7060174;cDNA;TRANSCRIPTOMIC;RNA-Seq;Total RNA was extracted using the Qiagen miRNeasy isolation kit. RNA concentration and quality was determined using 2μL on a NanoDrop Spectro-photometer RNA-seq libraries were prepared using the TruSeq Stranded Total RNA Library Prep with Ribo-Zero kit (#RS-122-2201, Illumina, CA, USA). Samples were loaded and sequenced using the Nextseq 500/550 High Output kit v2 (#FC-404-2002, Illumina, CA, USA) on an Illumina NextSeq 500 sequencer;PAIRED;;ILLUMINA;;;;;Human pancreatic islets;;;;;NextSeq 500 sequencing: GSM7060174: Human Islet, Control, donor 3 Homo sapiens RNA-Seq;;;Pancreas - Islet of Langherans;;
PRJNA975585;08/09/2023;Whole genome transcriptomics of upper extremity veins from end-stage kidney disease patients and non-kidney disease organ donors;Whole genome transcriptomics of upper extremity veins from end-stage kidney disease patients and non-kidney disease organ donors;SRR24709854;SAMN35340236;S042,Basilic vein,Healthy,NA;S042,Basilic vein,Healthy,NA;GSM7418759;cDNA;TRANSCRIPTOMIC;RNA-Seq;RNAlater-preserved samples were ground in liquid nitrogen and isolated with Trizol (Thermo Fisher Scientific) followed by column purification (EZNA Total RNA Kit I, Omega Bio-tek). 500 ng of total RNA was used as input for the Illumina TruSeq Stranded Total RNA Library Prep Kit with Ribo-Zero to generate ribosomal RNA-depleted sequencing libraries. Each sample had a unique barcode to allow multiplexing, and was sequenced to >40 million raw reads in a single end 75 bp sequencing run on the Illumina NextSeq500.;SINGLE;;ILLUMINA;;;;;Basilic vein;;;;;NextSeq 500 sequencing: GSM7418759: S042,Basilic vein,Healthy,NA Homo sapiens RNA-Seq;;;Blood Vessel;;
PRJNA939148;10/07/2023;Transcriptomes of human primary skin fibroblasts reveal age-associated mRNAs and long noncoding RNAs;Transcriptomes of human primary skin fibroblasts reveal age-associated mRNAs and long noncoding RNAs;SRR23630178;SAMN33458015;SKIN_AGE83_M_GR5_Gt026;SKIN_AGE83_M_GR5_Gt026;GSM7067644;cDNA;TRANSCRIPTOMIC;RNA-Seq;After expansion, total RNA was isolated using the Direct-zolTM RNA MiniPrep kit (Zymo Research) following the manufacturer's instruction. Ribo-RNA depletion with Low Input RiboMinus Eukaryote System v2 (Thermo Fisher Scientific). Ribo-RNA-depleted samples were then used for cDNA synthesis with Ovation® RNA-Seq System V2 (Nugen) following the manufacturer's protocol. Following cDNA fragmentation and size selection, libraries were prepared using Illumina TruSeq ChIP Library Preparation Kit (Illumina) according to manufacturer's protocol.;PAIRED;;ILLUMINA;;;primary skin fibroblasts;;;;;;;Illumina NovaSeq 6000 sequencing: GSM7067644: SKIN_AGE83_M_GR5_Gt026 Homo sapiens RNA-Seq;;;Cells - Cultured fibroblasts;;
PRJNA209081;15/04/2014;RNA-seq identifies novel transcript elements and transcript processing in the normal and failing hearts;Homo sapiens;SRR915764;SAMN02209927;control rep1;control rep1;;cDNA;TRANSCRIPTOMIC;RNA-Seq;RNA was extracted with Trizol (Invitrogen) and further purified on RNeasy columns (Qiagen) with on column DNase digestion. Ribosomal RNA was depleted using the RiboMinus kit (Invitrogen). 1 µg rRNA-depleted RNA was used for the construction of sequencing libraries Illumina RNA-seq libraries were prepared from rRNA-depleted samples using the standard Illumina protocol. SOLiD RNA-seq libraries were prepared from a pool of all of 15 ICM samples and a pool of all of 15 Ctrl samples using the standard SOLiD strand-specific library protocol.;PAIRED;;ILLUMINA;;;;;heart;;;;;Illumina Genome Analyzer II sequencing: GSM1171552: control rep4 Homo sapiens RNA-Seq;;;Heart;;
PRJNA939148;10/07/2023;Transcriptomes of human primary skin fibroblasts reveal age-associated mRNAs and long noncoding RNAs;Transcriptomes of human primary skin fibroblasts reveal age-associated mRNAs and long noncoding RNAs;SRR23630246;SAMN33458081;SKIN_AGE31_F_GR1_Gt090;SKIN_AGE31_F_GR1_Gt090;GSM7067578;cDNA;TRANSCRIPTOMIC;RNA-Seq;After expansion, total RNA was isolated using the Direct-zolTM RNA MiniPrep kit (Zymo Research) following the manufacturer's instruction. Ribo-RNA depletion with Low Input RiboMinus Eukaryote System v2 (Thermo Fisher Scientific). Ribo-RNA-depleted samples were then used for cDNA synthesis with Ovation® RNA-Seq System V2 (Nugen) following the manufacturer's protocol. Following cDNA fragmentation and size selection, libraries were prepared using Illumina TruSeq ChIP Library Preparation Kit (Illumina) according to manufacturer's protocol.;PAIRED;;ILLUMINA;;;primary skin fibroblasts;;;;;;;Illumina NovaSeq 6000 sequencing: GSM7067578: SKIN_AGE31_F_GR1_Gt090 Homo sapiens RNA-Seq;;;Cells - Cultured fibroblasts;;
PRJNA997353;22/12/2023;Race-specific coregulatory and transcriptomic profiles associated with DNA methylation and androgen receptor in prostate cancer [RNA-Seq];Race-specific coregulatory and transcriptomic profiles associated with DNA methylation and androgen receptor in prostate cancer [RNA-Seq];SRR25387882;SAMN36678767;PT-00177543_NT_EA;PT-00177543_NT_EA;GSM7657511;cDNA;TRANSCRIPTOMIC;RNA-Seq;Illumina TruSeq Stranded Total RNA Library Prep Kit with Ribo-Zero Gol RNA libraries were prepared for sequencing using standard Illumina protocols;PAIRED;;ILLUMINA;;;;;prostate;;;;;Illumina HiSeq 2500 sequencing: GSM7657511: PT-00177543_NT_EA Homo sapiens RNA-Seq;;tumor-adjacent;Prostate;;
PRJNA742971;12/11/2022;A resource for integrated genomic analysis of the human liver;A resource for integrated genomic analysis of the human liver;SRR15013575;SAMN19988401;SJLB359;SJLB359;;cDNA;TRANSCRIPTOMIC;RNA-Seq;Total RNA was extracted from tissue homogenized in TRIzol reagent, followed by Qiagen RNAeasy cleanup mRNA libraries were prepared using the Illuminia TruSeq Stranded Total RNA with Ribo-Zero protocol;PAIRED;;ILLUMINA;;;;;liver;;;;;Illumina HiSeq 2000 sequencing: GSM5412210: SJLB359 Homo sapiens RNA-Seq;check ribozero;likely postmportem;Liver;;
PRJNA742971;12/11/2022;A resource for integrated genomic analysis of the human liver;A resource for integrated genomic analysis of the human liver;SRR15013683;SAMN19988511;SJLB749;SJLB749;;cDNA;TRANSCRIPTOMIC;RNA-Seq;Total RNA was extracted from tissue homogenized in TRIzol reagent, followed by Qiagen RNAeasy cleanup mRNA libraries were prepared using the Illuminia TruSeq Stranded Total RNA with Ribo-Zero protocol;PAIRED;;ILLUMINA;;;;;liver;;;;;Illumina HiSeq 2000 sequencing: GSM5412315: SJLB749 Homo sapiens RNA-Seq;check ribozero;likely postmportem;Liver;;
PRJNA914646;24/12/2023;Integrated Unbiased Multiomics Defines Disease-Independent Placental Clusters in Common Obstetrical Syndromes;;SRR22847438;SAMN32343574;MJ-0287;MJ-0287;=VLOOKUP($A25,[1]SRA_data!$A:$M,2,FALSE);Inverse rRNA;TRANSCRIPTOMIC;RNA-Seq;;PAIRED;;ILLUMINA;;;;;Placenta;;Control;;;Illumina NovaSeq 6000 sequencing: Control;;healthy;Placenta;;
PRJNA318642;11/08/2016;Transcriptome profiling of the human dorsal striatum in bipolar disorder;Homo sapiens;SRR3393514;SAMN04859297;bipolar-10;bipolar-10;;cDNA;TRANSCRIPTOMIC;RNA-Seq;Frozen postmortem dorsal striatum samples were transferred to RNAlater-ICE (Ambion) and stored at -20C upon receipt. Total RNA was extracted from dissected caudate-putamen tissue by Trizol (Life Technologies), column-purified by the RNeasy Lipid Tissue Kit (Qiagen) and treated with the Turbo DNA-free Kit (Life Technologies). RNA samples were assayed on the BioAnalyzer (Agilent, Santa Clara, CA) to obtain RNA integrity number (RIN) values. Ribosomal RNA (rRNA) was depleted from samples using the RiboMinus Eukaryote Kit v2 (Life Technologies). Strand-specific cDNA libraries were made using the Next Ultra Directional RNA Library Prep Kit (NEB) and sequenced on the Illumina HiSeq2000.;SINGLE;;ILLUMINA;;;;;;;;;;Illumina HiSeq 2000 sequencing: GSM2124760: bipolar-10 Homo sapiens RNA-Seq;;postmortem;Brain - Dorsal Striatum;;
PRJNA312169;07/02/2017;Transcriptome profiling of human keratoconus corneas through RNA sequencing identifies collagen synthesis disruption and downregulation of core elements of TGF-ß, Hippo, and Wnt pathways;Homo sapiens;SRR3170204;SAMN04504343;KR_35;KR_35;;cDNA;TRANSCRIPTOMIC;RNA-Seq;The corneas were transferred to 400 µl of lysis solution (Norgen Biotek, Thorold, ON, Canada) in a 2-mL microtube with Lysing Matrix D (MP Biomedicals, Irvine, CA, USA) and homogenized using a FastPrep®-24 Instrument (MP Biomedicals). Further total RNA extraction and purification steps were performed according to the manufacturer’s instructions supplied with a Total RNA Purification Kit (Norgen Biotek). To maximize the removal of residual DNA that could affect downstream analyses, an on-column DNase I (Zymo Research, Irvine, CA, USA) treatment was performed. Libraries were prepared with a TruSeq Stranded Total RNA LT with Ribo-Zero™ Human/Mouse/Rat Kit (Illumina, San Diego, CA, USA) according to the manufacturer’s protocol, with slight modifications.;PAIRED;;ILLUMINA;;;;;cornea;;;;;Illumina HiSeq 1500 sequencing: GSM2061725: KR_35 Homo sapiens RNA-Seq;;;Eye - Cornea;;
PRJNA765370;27/11/2021;RNA-seq of HPV-negative Oral Squamous Cell Carcinoma Patients;RNA-seq of HPV-negative Oral Squamous Cell Carcinoma Patients;SRR16013068;SAMN21555509;OSCC_10-N;OSCC_10-N;;cDNA;TRANSCRIPTOMIC;RNA-Seq;Nucleic acids were extracted fresh frozen OSCC tissue and matched normal (oral mucosa) using the Qiagen AllPrep Kit (Qiagen, Germantown, Maryland, USA) in accordance with the manufacturer's instructions with purification of DNA and RNA from the same sample. TruSeq Stranded Total RNA with Ribo-Zero Gold (Human, Mouse, Rat) ribosomal depletion;PAIRED;;ILLUMINA;;;;;oral mucosa;;;;;Illumina NovaSeq 6000 sequencing: GSM5593765: OSCC_10-N Homo sapiens RNA-Seq;;tumor-adjacent;Mouth - Mucosa;;
PRJNA270632;27/06/2015;Tissue-specific circular RNA induction during human fetal development;Homo sapiens;SRR1721302;SAMN03267770;Lung_10wkB;Lung_10wkB;;cDNA;TRANSCRIPTOMIC;RNA-Seq;Fetal tissue samples <100 mg in size were placed into DNase- and RNase-free 1.5 ml microfuge tubes containing 1 ml of RNAlater RNA Stabilization Reagent (Qiagen) within 1 hour of the pregnancy termination procedure. After storage at room temperature for a period of 24-72 h, excess RNAlater was removed from the microfuge tubes and the samples were placed in the -80oC freezer for storage until RNA isolation was performed. The tissues were lysed in mirVana (Life Technologies) lysis buffer, using a Mini-Beadbeater-16 (Biospec), with agitation for 1 min in the presence of 1 mm zirconia beads. Samples were then centrifuged at maximum speed in a tabletop microcentrifuge for 1 min and the lysed solution was transferred to a fresh microfuge tube. The remainder of the extraction was per the manufacturer's protocol for the mirVana kit (Life Technologies). Following RNA isolation (mirVana miRNA Isolation Kit, Life Technologies, Inc.), the RNA was quantified (Qubit RNA Assay Kit, Life Technologies, Inc.), and quality controlled (RNA6000 Nano Kit and BioAnalyzer 2100, Agilent). 200 ng to 1000 ng was used as input for the Illumina TruSeq Stranded Total RNA with Ribo-Zero Gold sample prep kit (Illumina, Inc.) and sequencing libraries were created according to the manufacturer’s protocol. Briefly, first both cytoplasmic and mitochondrial rRNA was removed by selectively hybridizing biotinylated probes to target sequences and using magnetic beads to capture the bound products. Following rRNA removal, the RNA was fragmented and copied into first strand cDNA using random primers and reverse transcriptase. Next, second strand cDNA synthesis was completed using DNA Polymerase I and RNase H. The cDNA was then ligated to Illumina supplied adapters and enriched with PCR to create the final cDNA libraries. The libraries were then pooled and sequenced on a HiSeq 2000 (Illumina, Inc.) instrument as per manufacturer’s instructions. Sequencing was performed up to 2 X 101 cycles.;PAIRED;;ILLUMINA;;;;;;;;;;Illumina HiSeq 2000 sequencing: GSM1567934: Lung_10wkB Homo sapiens RNA-Seq;;fetal;Lung;;
PRJNA270632;27/06/2015;Tissue-specific circular RNA induction during human fetal development;Homo sapiens;SRR1721307;SAMN03267779;Stomach_10wkA;Stomach_10wkA;;cDNA;TRANSCRIPTOMIC;RNA-Seq;Fetal tissue samples <100 mg in size were placed into DNase- and RNase-free 1.5 ml microfuge tubes containing 1 ml of RNAlater RNA Stabilization Reagent (Qiagen) within 1 hour of the pregnancy termination procedure. After storage at room temperature for a period of 24-72 h, excess RNAlater was removed from the microfuge tubes and the samples were placed in the -80oC freezer for storage until RNA isolation was performed. The tissues were lysed in mirVana (Life Technologies) lysis buffer, using a Mini-Beadbeater-16 (Biospec), with agitation for 1 min in the presence of 1 mm zirconia beads. Samples were then centrifuged at maximum speed in a tabletop microcentrifuge for 1 min and the lysed solution was transferred to a fresh microfuge tube. The remainder of the extraction was per the manufacturer's protocol for the mirVana kit (Life Technologies). Following RNA isolation (mirVana miRNA Isolation Kit, Life Technologies, Inc.), the RNA was quantified (Qubit RNA Assay Kit, Life Technologies, Inc.), and quality controlled (RNA6000 Nano Kit and BioAnalyzer 2100, Agilent). 200 ng to 1000 ng was used as input for the Illumina TruSeq Stranded Total RNA with Ribo-Zero Gold sample prep kit (Illumina, Inc.) and sequencing libraries were created according to the manufacturer’s protocol. Briefly, first both cytoplasmic and mitochondrial rRNA was removed by selectively hybridizing biotinylated probes to target sequences and using magnetic beads to capture the bound products. Following rRNA removal, the RNA was fragmented and copied into first strand cDNA using random primers and reverse transcriptase. Next, second strand cDNA synthesis was completed using DNA Polymerase I and RNase H. The cDNA was then ligated to Illumina supplied adapters and enriched with PCR to create the final cDNA libraries. The libraries were then pooled and sequenced on a HiSeq 2000 (Illumina, Inc.) instrument as per manufacturer’s instructions. Sequencing was performed up to 2 X 101 cycles.;PAIRED;;ILLUMINA;;;;;;;;;;Illumina HiSeq 2000 sequencing: GSM1567939: Stomach_10wkA Homo sapiens RNA-Seq;;fetal;Stomach;;
PRJNA997353;22/12/2023;Race-specific coregulatory and transcriptomic profiles associated with DNA methylation and androgen receptor in prostate cancer [RNA-Seq];Race-specific coregulatory and transcriptomic profiles associated with DNA methylation and androgen receptor in prostate cancer [RNA-Seq];SRR25387907;SAMN36678783;PT-00227158_NT_AA;PT-00227158_NT_AA;GSM7657495;cDNA;TRANSCRIPTOMIC;RNA-Seq;Illumina TruSeq Stranded Total RNA Library Prep Kit with Ribo-Zero Gol RNA libraries were prepared for sequencing using standard Illumina protocols;PAIRED;;ILLUMINA;;;;;prostate;;;;;Illumina HiSeq 2500 sequencing: GSM7657495: PT-00227158_NT_AA Homo sapiens RNA-Seq;;tumor-adjacent;Prostate;;
PRJNA901967;02/01/2023;Placental Inflammation Significantly Correlates with Reduced Risk for Retinopathy of Prematurity;Placental Inflammation Significantly Correlates with Reduced Risk for Retinopathy of Prematurity;SRR22301766;SAMN31742719;18942X25 25D_P-2;18942X25 25D_P-2;GSM6733308;cDNA;TRANSCRIPTOMIC;RNA-Seq;RNA was harvested using Qiagen ALL PREP Universal Whole transcriptome expression analysis was performed on fetal surface placental tissues using the Illumina Stranded Total RNA Kit with Ribo-Zero Plus per the standard protocol;PAIRED;;ILLUMINA;;;placental villous tissue;;Placenta;;;;;Illumina NovaSeq 6000 sequencing: GSM6733308: 18942X25 25D_P-2 Homo sapiens RNA-Seq;some retinopathies;healthy;Placenta;;
PRJNA742971;12/11/2022;A resource for integrated genomic analysis of the human liver;A resource for integrated genomic analysis of the human liver;SRR15013539;SAMN19988359;SJLB331;SJLB331;;cDNA;TRANSCRIPTOMIC;RNA-Seq;Total RNA was extracted from tissue homogenized in TRIzol reagent, followed by Qiagen RNAeasy cleanup mRNA libraries were prepared using the Illuminia TruSeq Stranded Total RNA with Ribo-Zero protocol;PAIRED;;ILLUMINA;;;;;liver;;;;;Illumina HiSeq 2000 sequencing: GSM5412184: SJLB331 Homo sapiens RNA-Seq;check ribozero;likely postmportem;Liver;;
PRJNA695543;01/02/2021;Transcriptome analysis discloses dysregulated genes in normal appearing tumor-adjacent thyroid tissues from patients with papillary thyroid carcinoma;Transcriptome analysis discloses dysregulated genes in normal appearing tumor-adjacent thyroid tissues from patients with papillary thyroid carcinoma;SRR13572920;SAMN17616065;NAT Rep13;NAT Rep13;;cDNA;TRANSCRIPTOMIC;RNA-Seq;Total RNA was isolated using TRIzol reagent (Invitrogen) according to the manufacturer's instructions. The purity of extracted RNA was measured using a NanoDrop ND-1000 spectrophotometer (NanoDrop Technologies, Inc., Wilmington, DE) and the concentration was assessed with Qubit 2.0 Fluorometer (Agilent Technologies, Santa Clara, CA) using an RNA HS Assay Kit. Samples with RNA Integrity Number (RIN) greater than 4 as assessed by a BioAnalyzer (Agilent) with no visible sign of genomic DNA contamination from the HS Nanochip tracings were used for total RNA library generation. RNA-seq libraries were prepared using the Illumina TruSeq Stranded Total RNA Sample Prep Kit with Ribo-Zero Gold (catalog #RS-122-2201) according to the manufacturer protocol. The sequencing was performed in paired end manner, generating 2 X 100 bp paired-end reads using the Illumina HiSeq 2500 system. Pre-alignment data QC were assessed with FastQC. Post-alignment data quality was assessed with an in-house quality control pipeline/database for RNA-seq database (14). RNA-seq data were trimmed for any adapter sequences using Adapter Removal (15).;PAIRED;;ILLUMINA;;;;;"Normal appearing thyroid tissue adjacent to PTC tumor;Thyroid";;;;;Illumina HiSeq 2500 sequencing: GSM5048779: NAT Rep21 Homo sapiens RNA-Seq;;tumor-adjacent;Thyroid Gland;;
PRJNA997353;22/12/2023;Race-specific coregulatory and transcriptomic profiles associated with DNA methylation and androgen receptor in prostate cancer [RNA-Seq];Race-specific coregulatory and transcriptomic profiles associated with DNA methylation and androgen receptor in prostate cancer [RNA-Seq];SRR25387917;SAMN36678793;PT-00214541_NT_AA;PT-00214541_NT_AA;GSM7657485;cDNA;TRANSCRIPTOMIC;RNA-Seq;Illumina TruSeq Stranded Total RNA Library Prep Kit with Ribo-Zero Gol RNA libraries were prepared for sequencing using standard Illumina protocols;PAIRED;;ILLUMINA;;;;;prostate;;;;;Illumina HiSeq 2500 sequencing: GSM7657485: PT-00214541_NT_AA Homo sapiens RNA-Seq;;tumor-adjacent;Prostate;;
PRJEB43164;21/05/2023;Bulk RNA-seq of paired human brown and white adipocytes;Bulk RNA-seq of paired human brown and white adipocytes;ERR5320488;SAMEA8103250;95_W_0;Protocols: Human adipose tissue was obtained from the central compartment of the neck, superior to the clavicle and deep to the lateral thyroid lobe either adjacent to the longus colli muscle or to the oesophagus (brown adipose tissue BAT) and more superficially from the subcutaneous neck tissue (white adipose tissue WAT). The stromal vascular fraction was isolated and cultured as described (Ramage, Akyol et al. 2016 doi: 10.1016/j.cmet.2016.06.011). Following differentiation, cells were cultured in serum-stripped medium for 48 hours prior to RNA extraction and subsequent bulk RNA-seq. Sample 91 – age (years): 41 sex: female height (m): 1.52 weight (Kg): 63.5 BMI (kg/m2): 27.48 Sample 92 – age (years): 59 sex: female height (m): 1.57 weight (Kg): 60.4 BMI (kg/m2): 24.50 Sample 93 – age (years): 52 sex: female height (m): 1.70 weight (Kg): 114 BMI (kg/m2): 39.45 Sample 95 – age (years): 50 sex: female height (m): 1.72 weight (Kg): 66 BMI (kg/m2): 22.31 Total RNA samples were assessed on the Agilent Bioanalyser (Agilent Technologies, #G2939AA) with the RNA 6000 Nano Kit (#5067-1511) for quality and integrity of total RNA. Samples were DNase-treated using the TURBO DNA-free™ kit (Thermo Fisher, #AM1907) and then quantified using the Qubit 2.0 Fluorometer (Thermo Fisher Scientific Inc, #Q32866) and the Qubit RNA BR assay kit (#Q10210), and assessed for residual DNA contamination using the Qubit dsDNA HS assay Kit (catalogue # Q32851). Libraries were prepared from each TURBO™ DNase treated total-RNA sample using the TruSeq Stranded Total RNA with Ribo-Zero kit (#RS-122-2201) according to the provided protocol. 100ng of total-RNA was processed to deplete rRNA before being purified, fragmented and primed with random hexamers. Primed RNA fragments were reverse transcribed into first strand cDNA using reverse transcriptase and random primers. RNA templates were removed and a replacement strand synthesised incorporating dUTP in place of dTTP to generate ds cDNA. AMPure XP beads (Beckman Coulter, #A63881) were then used to separate the ds cDNA from the second strand reaction mix, providing blunt-ended cDNA. A single 'A' nucleotide was added to the 3' ends of the blunt fragments to prevent them from ligating to another during the subsequent adapter ligation reaction, and a corresponding single 'T' nucleotide on the 3' end of the adapter provided a complementary overhang for ligating the adapter to the fragment. Multiple indexing adapters were then ligated to the ends of the ds cDNA to prepare them for hybridisation onto a flow cell, before 15 cycles of PCR were used to selectively enrich those DNA fragments that had adapter molecules on both ends and amplify the amount of DNA in the library suitable for sequencing. Libraries were quantified using the Qubit dsDNA HS kit and by PCR using the Kapa Universal Illumina Library Quantification kit complete kit (#KK4824) and assessed for quality using the Agilent Bioanalyser with the DNA HS Kit.;95_W_0_p;RT-PCR;GENOMIC;RNA-Seq;Human adipose tissue was obtained from the central compartment of the neck, superior to the clavicle and deep to the lateral thyroid lobe either adjacent to the longus colli muscle or to the oesophagus (brown adipose tissue BAT) and more superficially from the subcutaneous neck tissue (white adipose tissue WAT). The stromal vascular fraction was isolated and cultured as described (Ramage, Akyol et al. 2016 doi: 10.1016/j.cmet.2016.06.011). Following differentiation, cells were cultured in serum-stripped medium for 48 hours prior to RNA extraction and subsequent bulk RNA-seq. Sample 91 – age (years): 41 sex: female height (m): 1.52 weight (Kg): 63.5 BMI (kg/m2): 27.48 Sample 92 – age (years): 59 sex: female height (m): 1.57 weight (Kg): 60.4 BMI (kg/m2): 24.50 Sample 93 – age (years): 52 sex: female height (m): 1.70 weight (Kg): 114 BMI (kg/m2): 39.45 Sample 95 – age (years): 50 sex: female height (m): 1.72 weight (Kg): 66 BMI (kg/m2): 22.31 Total RNA samples were assessed on the Agilent Bioanalyser (Agilent Technologies, #G2939AA) with the RNA 6000 Nano Kit (#5067-1511) for quality and integrity of total RNA. Samples were DNase-treated using the TURBO DNA-free™ kit (Thermo Fisher, #AM1907) and then quantified using the Qubit 2.0 Fluorometer (Thermo Fisher Scientific Inc, #Q32866) and the Qubit RNA BR assay kit (#Q10210), and assessed for residual DNA contamination using the Qubit dsDNA HS assay Kit (catalogue # Q32851). Libraries were prepared from each TURBO™ DNase treated total-RNA sample using the TruSeq Stranded Total RNA with Ribo-Zero kit (#RS-122-2201) according to the provided protocol. 100ng of total-RNA was processed to deplete rRNA before being purified, fragmented and primed with random hexamers. Primed RNA fragments were reverse transcribed into first strand cDNA using reverse transcriptase and random primers. RNA templates were removed and a replacement strand synthesised incorporating dUTP in place of dTTP to generate ds cDNA. AMPure XP beads (Beckman Coulter, #A63881) were then used to separate the ds cDNA from the second strand reaction mix, providing blunt-ended cDNA. A single 'A' nucleotide was added to the 3' ends of the blunt fragments to prevent them from ligating to another during the subsequent adapter ligation reaction, and a corresponding single 'T' nucleotide on the 3' end of the adapter provided a complementary overhang for ligating the adapter to the fragment. Multiple indexing adapters were then ligated to the ends of the ds cDNA to prepare them for hybridisation onto a flow cell, before 15 cycles of PCR were used to selectively enrich those DNA fragments that had adapter molecules on both ends and amplify the amount of DNA in the library suitable for sequencing. Libraries were quantified using the Qubit dsDNA HS kit and by PCR using the Kapa Universal Illumina Library Quantification kit complete kit (#KK4824) and assessed for quality using the Agilent Bioanalyser with the DNA HS Kit.;PAIRED;;ILLUMINA;;;;;;;;;;NextSeq 550 sequencing: Bulk RNA-seq of paired human brown and white adipocytes;;cultured cells;Adipose - Subcutaneous;;
PRJNA885014;05/10/2022;Transcriptomic analyses of normal-appearing CNS white matter from multiple sclerosis donors reveal subtype-specific molecular signatures of disease;Transcriptomic analyses of normal-appearing CNS white matter from multiple sclerosis donors reveal subtype-specific molecular signatures of disease;SRR21736656;SAMN31062709;CTL_NAWM_05;CTL_NAWM_05;GSM6604340;cDNA;TRANSCRIPTOMIC;RNA-Seq;Normal-appearing white matter was dissected from the obtained tissue block and total RNA was subsequently harvested using the TriReagent RNA extraction protocol. 1ug of total RNA per sample was subsequently used for the contructio of the sequencing library. Library preparation was performed at the Ramaciotti Centre for Genomics (Sydney,NSW) using Illumina® Stranded Total RNA with Ribo-Zero Plus.;SINGLE;;ILLUMINA;;;;;Brain white matter;;;;;Illumina NovaSeq 6000 sequencing: GSM6604340: CTL_NAWM_05 Homo sapiens RNA-Seq;;;Brain - White matter;;
PRJNA914646;24/12/2023;Integrated Unbiased Multiomics Defines Disease-Independent Placental Clusters in Common Obstetrical Syndromes;;SRR22847407;SAMN32343631;MJ-0859;MJ-0859;=VLOOKUP($A82,[1]SRA_data!$A:$M,2,FALSE);Inverse rRNA;TRANSCRIPTOMIC;RNA-Seq;;PAIRED;;ILLUMINA;;;;;Placenta;;Control;;;Illumina NovaSeq 6000 sequencing: Control;;healthy;Placenta;;
PRJNA478051;21/02/2020;Dynamics of the transcriptional landscape during human gonad development during fetal life;Dynamics of the transcriptional landscape during human gonad development during fetal life;SRR7430750;SAMN09495537;XX_17GW_p0_PF236;XX_17GW_p0_PF236;;cDNA;TRANSCRIPTOMIC;RNA-Seq;Total RNA were extracted from tissues using the RNeasy mini Kit (Qiagen), quantified using a NanoDrop™ 8000 spectrophotometer (Thermo Scientific) and quality controlled using a 2100 Electrophoresis Bioanalyzer (Agilent). Libraries of template molecules suitable for strand specific high throughput DNA sequencing were created using “TruSeq Stranded Total RNA with Ribo-Zero Gold Prep Kit” (catalog # RS-122-2301, Illumina Inc.). Briefly, the removal of cytoplasmic and mitochondrial ribosomal RNA (rRNA) was performed from 500 ng of total RNA using biotinylated, target-specific oligos combined with Ribo-Zero rRNA removal beads. Following purification, the RNA was fragmented using divalent cations under elevated temperature. The cleaved RNA fragments were copied into first strand cDNA using reverse transcriptase and random primers, followed by second strand cDNA synthesis using DNA Polymerase I and RNase H. The double stranded cDNA fragments were blunted using T4 DNA polymerase, Klenow DNA polymerase and T4 PNK. A single 'A' nucleotide was added to the 3' ends of the blunt DNA fragments using a Klenow fragment (3' to 5'exo minus) enzyme. The cDNA fragments were ligated to double stranded adapters using T4 DNA Ligase. The ligated products were enriched by PCR amplification (30 sec at 98°C [10 sec at 98°C, 30 sec at 60°C, 30 sec at 72°C] x 12 cycles 5 min at 72°C). Excess of PCR primers was removed by purification using AMPure XP beads (Agencourt Biosciences Corporation). Final cDNA libraries were quality-checked and quantified using a 2100 Electrophoresis Bioanalyzer (Agilent). The libraries were loaded in the flow cell at 7pM concentration and clusters were generated in the Cbot and sequenced in the Illumina Hiseq 2500 as paired-end 2x50 base reads following Illumina's instructions. Image analysis and base calling were performed using RTA 1.17.20 and CASAVA 1.8.2.;PAIRED;;ILLUMINA;;;;;Ovary;;;;;Illumina HiSeq 2500 sequencing: GSM3223701: XX_17GW_p0_PF236 Homo sapiens RNA-Seq;;;Ovary;;
PRJNA914646;24/12/2023;Integrated Unbiased Multiomics Defines Disease-Independent Placental Clusters in Common Obstetrical Syndromes;;SRR22925261;SAMN32490816;Human sample from Homo sapiens;Human sample from Homo sapiens;TP18.B1994;Inverse rRNA;TRANSCRIPTOMIC;RNA-Seq;;PAIRED;;ILLUMINA;;;;;Placenta;;Control;;;Illumina NovaSeq 6000 sequencing: Control;;healthy;Placenta;;
PRJNA637378;27/01/2021;Non-CG methylation and multiple epigenetic layers associate child abuse with immune and small GTPase dysregulation;Non-CG methylation and multiple epigenetic layers associate child abuse with immune and small GTPase dysregulation;SRR13485971;SAMN17384678;Anterior Cingulate cortex, sbb47, RNAseq;Anterior Cingulate cortex, sbb47, RNAseq;;cDNA;TRANSCRIPTOMIC;RNA-Seq;TrueSeq Stranded Total RNA Sample Preparation + Ribo-Zero Gold kits (Illumina);PAIRED;;ILLUMINA;;;;;Anterior Cingulate cortex (human brain tissue);;;;;Illumina HiSeq 2000 sequencing: GSM5026594: Anterior Cingulate cortex, sbb47, RNAseq Homo sapiens RNA-Seq;;;Brain - Anterior cingulate cortex;;
PRJNA448679;26/06/2018;Time series integrative analysis of RNA-Seq and miRNA expression data reveals key biologic pathways during keloid formation;;SRR6937765;SAMN08862995;K1-1st;Keloid data set RNA-Seq;534;Inverse rRNA;TRANSCRIPTOMIC;RNA-Seq;;PAIRED;;ILLUMINA;;;;;skin;;K1;;;Illumina HiSeq 3000 sequencing: RNA Seq of Keloid skin;;;Skin;;
PRJNA997353;22/12/2023;Race-specific coregulatory and transcriptomic profiles associated with DNA methylation and androgen receptor in prostate cancer [RNA-Seq];Race-specific coregulatory and transcriptomic profiles associated with DNA methylation and androgen receptor in prostate cancer [RNA-Seq];SRR25387888;SAMN36678708;PT-00237328_NT_EA;PT-00237328_NT_EA;GSM7657570;cDNA;TRANSCRIPTOMIC;RNA-Seq;Illumina TruSeq Stranded Total RNA Library Prep Kit with Ribo-Zero Gol RNA libraries were prepared for sequencing using standard Illumina protocols;PAIRED;;ILLUMINA;;;;;prostate;;;;;Illumina HiSeq 2500 sequencing: GSM7657570: PT-00237328_NT_EA Homo sapiens RNA-Seq;;tumor-adjacent;Prostate;;
PRJNA342787;06/10/2016;Transcriptional profiling of Myotonic dystrophy muscle and heart;Homo sapiens;SRR4240777;SAMN05768009;Quad_Control_10;Quad_Control_10;;cDNA;TRANSCRIPTOMIC;RNA-Seq;Frozen tissue samples were lysed using a homogenizer in Trizol. Chloroform was added and mixed, and the aqueous layer was added to isopropanol to precipitate RNA. The RNA was then cleaned up on RNeasy columns (Qiagen) with on column DNase treatment. Strand-specific libraries (using dUTP incorporation during reverse transcription, and USER treatment prior to PCR) were prepared using standard protocols. RNA was first fragmented, and then ribosomal RNA was subtracted using ribo-zero beads from Epicentre Biotechnologies. Reverse transcription was performed using random primers, followed by 2nd strand cDNA synthesis, end repair, adenylation, and ligation of adapters. Products were run on agarose, size selected, and then subjected to 14-18 cycles of PCR.;PAIRED;;ILLUMINA;;;;;Quadriceps muscle;;;;;Illumina HiSeq 2000 sequencing: GSM2309550: Quad_Control_10 Homo sapiens RNA-Seq;;;Muscle - Skeletal;;
PRJNA376161;25/01/2018;Coding and noncoding transcriptome sequencing of KRAS mutated colorectal tumors and adjacent tissues from cancer patients and KRAS mutated Aberrant Crypt Foci and matching normal crypts from healthy individuals [RNA-Seq];Homo sapiens;SRR5275305;SAMN06350942;RNA-seq on adjacent normal colon, patient #60;RNA-seq on adjacent normal colon, patient #60;;cDNA;TRANSCRIPTOMIC;RNA-Seq;CRC: RNA was isolated from laser-captured ACF samples using the Arcturus PicoPure Frozen RNA Isolation Kit (ThermoFisher) according to the manufacturers' instructions. RNA was isolated from cancer patient frozen tissues using the mirVana miRNA Isolation Kit (Ambion) according to the manufacturers' instructions Sequencing libraries were prepared from RNA isolated from cancer samples using the TruSeq Stranded Total Library Preparation Kit and the RiboZero Gold rRNA Removal Kit (Illumina).;SINGLE;;ILLUMINA;;;;;adjacent normal colon;;;;;Illumina HiSeq 2500 sequencing: GSM2496693: RNA-seq on adjacent normal colon, patient #16 Homo sapiens RNA-Seq;;tumor-adjacent;Colon;;
PRJNA997353;22/12/2023;Race-specific coregulatory and transcriptomic profiles associated with DNA methylation and androgen receptor in prostate cancer [RNA-Seq];Race-specific coregulatory and transcriptomic profiles associated with DNA methylation and androgen receptor in prostate cancer [RNA-Seq];SRR25387932;SAMN36678724;PT-00225395_NT_EA;PT-00225395_NT_EA;GSM7657554;cDNA;TRANSCRIPTOMIC;RNA-Seq;Illumina TruSeq Stranded Total RNA Library Prep Kit with Ribo-Zero Gol RNA libraries were prepared for sequencing using standard Illumina protocols;PAIRED;;ILLUMINA;;;;;prostate;;;;;Illumina HiSeq 2500 sequencing: GSM7657554: PT-00225395_NT_EA Homo sapiens RNA-Seq;;tumor-adjacent;Prostate;;
PRJNA742971;12/11/2022;A resource for integrated genomic analysis of the human liver;A resource for integrated genomic analysis of the human liver;SRR15013522;SAMN19988366;SJLB318;SJLB318;;cDNA;TRANSCRIPTOMIC;RNA-Seq;Total RNA was extracted from tissue homogenized in TRIzol reagent, followed by Qiagen RNAeasy cleanup mRNA libraries were prepared using the Illuminia TruSeq Stranded Total RNA with Ribo-Zero protocol;PAIRED;;ILLUMINA;;;;;liver;;;;;Illumina HiSeq 2000 sequencing: GSM5412177: SJLB318 Homo sapiens RNA-Seq;check ribozero;likely postmportem;Liver;;
PRJNA863260;29/07/2023;Pityriasis rubra pilaris transcriptomics implicate IL-17 signaling and correlate with response to IL-17A inhibition;Pityriasis rubra pilaris transcriptomics implicate IL-17 signaling and correlate with response to IL-17A inhibition;SRR20695341;SAMN30025509;ctrl_epidermis [n105];ctrl_epidermis [n105];GSM6412011;cDNA;TRANSCRIPTOMIC;RNA-Seq;"Qiagen RNA and purification kit ""Illumina Stranded Total RNA Prep, Ligation with Ribo-Zero Plus” using 100ng of total RNA as input and 14 rounds of amplification";PAIRED;;ILLUMINA;;;;;epidermis;;;;;Illumina NovaSeq 6000 sequencing: GSM6412011: ctrl_epidermis [n105] Homo sapiens RNA-Seq;;;Skin - Epidermis;;1
PRJNA742971;12/11/2022;A resource for integrated genomic analysis of the human liver;A resource for integrated genomic analysis of the human liver;SRR15013526;SAMN19988365;SJLB319;SJLB319;;cDNA;TRANSCRIPTOMIC;RNA-Seq;Total RNA was extracted from tissue homogenized in TRIzol reagent, followed by Qiagen RNAeasy cleanup mRNA libraries were prepared using the Illuminia TruSeq Stranded Total RNA with Ribo-Zero protocol;PAIRED;;ILLUMINA;;;;;liver;;;;;Illumina HiSeq 2000 sequencing: GSM5412178: SJLB319 Homo sapiens RNA-Seq;check ribozero;likely postmportem;Liver;;
PRJNA668929;18/06/2021;Effect of age on human retinal pigment epithelium (RPE) transcriptome;Effect of age on human retinal pigment epithelium (RPE) transcriptome;SRR12817263;SAMN16427608;donor3;donor3;;cDNA;TRANSCRIPTOMIC;RNA-Seq;RNeasy Plus Mini kit Ribosomal RNA was depleted from total RNA using the Ribo-Zero rRNA Removal kit. Library preparation performed using Illumina HiSeq 2000.;PAIRED;;ILLUMINA;;;;;;;;;;Illumina HiSeq 2000 sequencing: GSM4829764: donor3 Homo sapiens RNA-Seq;;;Eye - Retina;;
PRJNA533799;30/10/2019;A Novel LincRNA HERES Epigenetically Regulates Wnt Signaling Pathway via Interaction with EZH2 in Esophageal Squamous Cell Carcinoma;A Novel LincRNA HERES Epigenetically Regulates Wnt Signaling Pathway via Interaction with EZH2 in Esophageal Squamous Cell Carcinoma;SRR8932007;SAMN11467192;Patient_11_normal;Patient_11_normal;0;cDNA;TRANSCRIPTOMIC;RNA-Seq;Total RNA was extracted from ESCC tissues using TRIzol reagent (Invitrogen) for construction of RNA-seq libraries. The sequencing library was prepared from 1 ug of total RNA using Illumina TruSeq Stranded Total RNA Library Prep Kit with Ribo-Zero Human/Mouse/Rat (RS-122-2203).;PAIRED;;ILLUMINA;;;;;ESCC;;;;;Illumina HiSeq 2000 sequencing: GSM3731554: Patient_11_normal Homo sapiens RNA-Seq;;tumor-adjacent;Esophagus;;
PRJNA914646;24/12/2023;Integrated Unbiased Multiomics Defines Disease-Independent Placental Clusters in Common Obstetrical Syndromes;;SRR22925347;SAMN32490892;Human sample from Homo sapiens;Human sample from Homo sapiens;TP19.B2749;Inverse rRNA;TRANSCRIPTOMIC;RNA-Seq;;PAIRED;;ILLUMINA;;;;;Placenta;;Control;;;Illumina NovaSeq 6000 sequencing: Control;;healthy;Placenta;;
PRJNA901967;02/01/2023;Placental Inflammation Significantly Correlates with Reduced Risk for Retinopathy of Prematurity;Placental Inflammation Significantly Correlates with Reduced Risk for Retinopathy of Prematurity;SRR22301761;SAMN31742714;18942X30 39A_P-1;18942X30 39A_P-1;GSM6733313;cDNA;TRANSCRIPTOMIC;RNA-Seq;RNA was harvested using Qiagen ALL PREP Universal Whole transcriptome expression analysis was performed on fetal surface placental tissues using the Illumina Stranded Total RNA Kit with Ribo-Zero Plus per the standard protocol;PAIRED;;ILLUMINA;;;placental villous tissue;;Placenta;;;;;Illumina NovaSeq 6000 sequencing: GSM6733313: 18942X30 39A_P-1 Homo sapiens RNA-Seq;some retinopathies;healthy;Placenta;;
PRJNA478051;21/02/2020;Dynamics of the transcriptional landscape during human gonad development during fetal life;Dynamics of the transcriptional landscape during human gonad development during fetal life;SRR7430708;SAMN09495487;XX_6GW_p6_EH519;XX_6GW_p6_EH519;;cDNA;TRANSCRIPTOMIC;RNA-Seq;Total RNA were extracted from tissues using the RNeasy mini Kit (Qiagen), quantified using a NanoDrop™ 8000 spectrophotometer (Thermo Scientific) and quality controlled using a 2100 Electrophoresis Bioanalyzer (Agilent). Libraries of template molecules suitable for strand specific high throughput DNA sequencing were created using “TruSeq Stranded Total RNA with Ribo-Zero Gold Prep Kit” (catalog # RS-122-2301, Illumina Inc.). Briefly, the removal of cytoplasmic and mitochondrial ribosomal RNA (rRNA) was performed from 500 ng of total RNA using biotinylated, target-specific oligos combined with Ribo-Zero rRNA removal beads. Following purification, the RNA was fragmented using divalent cations under elevated temperature. The cleaved RNA fragments were copied into first strand cDNA using reverse transcriptase and random primers, followed by second strand cDNA synthesis using DNA Polymerase I and RNase H. The double stranded cDNA fragments were blunted using T4 DNA polymerase, Klenow DNA polymerase and T4 PNK. A single 'A' nucleotide was added to the 3' ends of the blunt DNA fragments using a Klenow fragment (3' to 5'exo minus) enzyme. The cDNA fragments were ligated to double stranded adapters using T4 DNA Ligase. The ligated products were enriched by PCR amplification (30 sec at 98°C [10 sec at 98°C, 30 sec at 60°C, 30 sec at 72°C] x 12 cycles 5 min at 72°C). Excess of PCR primers was removed by purification using AMPure XP beads (Agencourt Biosciences Corporation). Final cDNA libraries were quality-checked and quantified using a 2100 Electrophoresis Bioanalyzer (Agilent). The libraries were loaded in the flow cell at 7pM concentration and clusters were generated in the Cbot and sequenced in the Illumina Hiseq 2500 as paired-end 2x50 base reads following Illumina's instructions. Image analysis and base calling were performed using RTA 1.17.20 and CASAVA 1.8.2.;PAIRED;;ILLUMINA;;;;;Ovary;;;;;Illumina HiSeq 2500 sequencing: GSM3223659: XX_6GW_p6_EH519 Homo sapiens RNA-Seq;;;Ovary;;
PRJNA352076;21/06/2017;RNAseq study of synovial biopsies;Homo sapiens;SRR4785816;SAMN05963944;healthy tissue 5;healthy tissue 5;;cDNA;TRANSCRIPTOMIC;RNA-Seq;Total RNA was extracted from RA synovial samples and the quality of all RNA samples was evaluated using an Agilent Bioanalyzer Sequencing libraries were prepared using TruSeq Stranded Total RNA RiboZero protocol from Illumina. Libraries were pooled and sequenced with an Illumina HiSeq 2000 with paired-end 100 bp flow cells. Raw read quality was evaluated using FastQC.;PAIRED;;ILLUMINA;;;;;;;;;;Illumina HiSeq 2000 sequencing: GSM2370974: healthy tissue 5 Homo sapiens RNA-Seq;;;Synovial Fluid;;
PRJNA914646;24/12/2023;Integrated Unbiased Multiomics Defines Disease-Independent Placental Clusters in Common Obstetrical Syndromes;;SRR22925270;SAMN32490962;Human sample from Homo sapiens;Human sample from Homo sapiens;TP19.B4989;Inverse rRNA;TRANSCRIPTOMIC;RNA-Seq;;PAIRED;;ILLUMINA;;;;;Placenta;;Control;;;Illumina NovaSeq 6000 sequencing: Control;;healthy;Placenta;;
PRJNA396159;03/03/2018;Molecular characterization of gene regulatory networks in primary human tracheal and bronchial epithelial cells.;Homo sapiens;SRR5877756;SAMN07421233;HTE RNA-seq rep3;HTE RNA-seq rep3;;cDNA;TRANSCRIPTOMIC;RNA-Seq;TruSeq Stranded Total RNA Library Prep kit with Ribo-Zero Gold genomic DNA is digested with different concentrations of DNaseI (NEB) and purified for library construction. Total RNA is extracted by Trizol (HBE) or RNeasy (HTE) DNase-seq libraries were prepared as described in Bischof et al. Thorax. 67:385-391. 2012. RNA seq libraries prepared by standard Illumina protocols.;PAIRED;;ILLUMINA;;;primary human tracheal epithelial cells;;;;;;;Illumina HiSeq 2000 sequencing: GSM2720204: HTE RNA-seq rep3 Homo sapiens RNA-Seq;;;;;
PRJNA381054;08/08/2017;High-throughput RNA sequencing on circular RNA profiles of human bladder cancer tissues and normal bladder tissues;Homo sapiens;SRR5398218;SAMN06667824;Normal 3;Normal 3;;cDNA;TRANSCRIPTOMIC;RNA-Seq;The total RNA samples of three pairs of bladder cancer and normal bladder tissues were treated with the RiboZero rRNA Removal Kit and RNase R for deleting rRNA and linear RNA, according to the manufacturer’s instructions. The rRNA depleted and RNase R digested RNA samples were fragmented and synthesized cDNA with random primer. Purified the PCR amplification products of cDNA, then the libraries were quality controlled and sequenced by HiSeq2000 (Illumina).;PAIRED;;ILLUMINA;;;;;;;;;;Illumina HiSeq 2000 sequencing: GSM2560036: Normal 3 Homo sapiens RNA-Seq;;;Bladder;;
PRJNA574470;12/05/2020;Hippocampal Subfield Transcriptome Analysis in Schizophrenia Psychosis;Hippocampal Subfield Transcriptome Analysis in Schizophrenia Psychosis;SRR10192688;SAMN12858883;DG_CTL_0843;DG_CTL_0843;;1;TRANSCRIPTOMIC;RNA-Seq;Total RNA was extracted and purified using a protocol combining Trizol and chloroform extraction, the GeneJET RNA Purification Kit, and a motorized mini-pestle vibrator for tissue homogenization. RNA purity and concentration were assessed on the Nanodrop spectrophotometer and Agilent2100 Bioanalyzer for RNA Integrity number (RIN) determination. Total RNA was rRNA ribo-depleted, and strand-specific cDNA libraries were synthesized before sequencing on an Illumina HiSeq 2500 sequencer. Stranded, single-end 50-base-pair reads were generated for the preliminary CA3 cohort data. Stranded paired-end 100-base-pair reads were generated for additional cohorts. Libraries and sequencing were performed at the UTSW McDermott Sequencing Core and UTSW Genomics & Microarray Core.;PAIRED;;ILLUMINA;;;;;hippocampus;;;;;Illumina HiSeq 2500 sequencing: GSM4098952: DG_CTL_0843 Homo sapiens RNA-Seq;;;Brain - Hippocampus;;
PRJNA901461;02/02/2023;COVID-19 patient samples collected by the PREDICT-19 consortium;COVID-19 patient samples collected by the PREDICT-19 consortium;SRR22283237;SAMN31714288;Whole blood, healthy control, rep 16;Whole blood, healthy control, rep 16;;cDNA;TRANSCRIPTOMIC;RNA-Seq;Total RNA was isolated from whole blood samples stored and stabilized in PAXgene RNA tubes according to the manufacturer's guidelines (PreAnalytiX) Libraries were prepared with 300ng of total RNA per sample using the Illumina Stranded Total RNA Prep with Ribo-Zero Plus (RZP) as per manufacturer instructions (Illumina, CA, USA).;PAIRED;;ILLUMINA;;;;;Whole blood;;;;;Illumina NovaSeq 6000 sequencing: GSM7507679: Whole blood, COVID positive, rep 216 Homo sapiens RNA-Seq;;;Blood - Whole Blood;;
PRJNA989574;03/07/2023;Effect of pulmonary hypertension due to left heart disease on gene expression in pulmonary arteries;Effect of pulmonary hypertension due to left heart disease on gene expression in pulmonary arteries;SRR25098098;SAMN36175532;;;GSM7520389;cDNA;TRANSCRIPTOMIC;RNA-Seq;Snap-frozen PA specimens were subjected to TRIzol-RNA extraction. RNA quality was assessed by measuring the RNA integrity number (RIN) using a Fragment Analyzer HS Total RNA Kit (Advanced Analytical Technologies, Inc.). Library preparation for total RNA-Seq was performed using TruSeq™ Stranded Total RNA with Ribo-Zero Gold (Illumina, Cat. Nr. RS-122-2301) starting from 1000 ng of total RNA. The size range of the final cDNA libraries was determined by applying the SS NGS Fragment 1- to 6000-bp Kit on the Fragment Analyzer (average 340 bp). Accurate quantification of cDNA libraries was performed by using the QuantiFluor™ dsDNA System (Promega).;SINGLE;;ILLUMINA;;;;;;;;;;Illumina HiSeq 2000 sequencing: GSM7520389: PH-LHD_4 Homo sapiens RNA-Seq;;;Artery - Pulmonary trunk;;
PRJNA817436;24/12/2023;Exercise-induced Crosstalk between Immune Cells and Adipocytes in Humans: Role of Oncostatin-M;Exercise-induced Crosstalk between Immune Cells and Adipocytes in Humans: Role of Oncostatin-M;SRR18363119;SAMN26788808;20_PRE;20_PRE;GSM5960638;cDNA;TRANSCRIPTOMIC;RNA-Seq;Approximately 30 mg of adipose tissue was used for RNA extraction. Tissues were homogenized using TissueLyser (Qiagen) in 1 mL TRIzol (Sigma-Aldrich). Chloroform was added, samples were mixed, subjected to centrifugation, and the aqueous phase was transferred to a new tube. Thereafter, 1:1 70% ethanol was added, and the total volume was loaded on silica-membrane columns. RNA extraction was performed using a commercially available kit (Rneasy lipid tissue kit, Qiagen). RNA concentration and purity were assessed by absorbance at 260 and 280 nm using NanoDrop One (Thermo Fisher Scientific, Waltham, MA). Aliquots of RNA (300 ng) were analyzed using the Illumina TruSeq Stranded Total RNA with Ribo-Zero Gold protocol (Illumina) as described (ref). Ribosomal RNA was removed from the sample using 35 μl of rRNA removal beads (Illumina) on a magnetic plate followed by cleanup of the ribosomal-depleted RNA with 193 μl of Agencourt RNAClean XP beads (Beckman Coulter), 70% ethanol wash, and elution into 10 μl elution buffer (Illumina). The RNA sample was fragmented for 4 min at 94°C in Elute, Prime, Fragment High Mix (Illumina) and then subjected to first-strand cDNA synthesis with 1 μl of Superscript III reverse transcriptase (Life Technologies) per sample using a thermocycler programmed to 25°C for 10 min, 50°C for 15 min, and 70°C for 15 min. Second-strand cDNA was synthesized by addition of Second-Strand Marking Master Mix, and samples were incubated at 16°C for 60 min. Samples were subjected to another bead cleanup before A-tailing and ligation of adapters as per kit instructions (Illumina). Following a third bead cleanup, samples were enriched for DNA fragments by amplification using the Illumina polymerase chain reaction (PCR) Primer Cocktail and PCR Master Mix, subjected to 98°C for 30 min, followed by a predefined cycle (98°C for 10 s, 60°C for 30 s, and 72°C for 30 s) that was repeated 3 to 15 times, on the basis of each individual sample, and finally incubated for 5 min at 72°C. Samples were cleaned and validated for DNA concentration using the Qubit dsDNA HS assay kit (Invitrogen) and for base pair size and purity using the Agilent High Sensitivity DNA chip and Bioanalyzer instrument. 38-bp paired-end sequencing on a NextSeq500;PAIRED;;ILLUMINA;;;;;Adipose tissue biopsy;;;;;NextSeq 500 sequencing: GSM5960638: 20_PRE Homo sapiens RNA-Seq;;;Adipose;;
PRJNA819837;20/01/2023;Homo sapiens Raw sequence reads;Homo sapiens;SRR18572047;SAMN27020253;Human sample from Homo sapiens;Human sample from Homo sapiens;GSM5994510;cDNA;TRANSCRIPTOMIC;RNA-Seq;IPF patients were diagnosed based on multidisciplinary review and published criteria. Non-IPF donor lungs not suitable for transplantation were obtained from the Regional Organ Bank of Illinois. IPF lungs were grossly examined within 6-12 hours from the time of explant, and multiple 1cm3 biopsies were obtained from visibly non-fibrotic central (IPF.C) and fibrotic peripheral (IPF.P) areas. Non-IPF donor lung biopsies of central (CTR.C) and peripheral (CTR.P) were similarly obtained. H&E-stained biopsies were reviewed and confirmed by two clinical pathologists Total RNA was isolated using TRIzol (Invitrogen) following manufacturer's protocol. All RNA samples displayed RNA Integrity Number (RIN) >7. RNAseq including cDNA library preparation was processed at the Genomics Core Facility of University of Chicago (https://fgf.uchicago.edu/). Total RNA in the amount of 100-500µg per sample was depleted of ribosomal RNA using the Ribo-Zero kit (Epicentre, Madison, WI). The directional (first strand) cDNA libraries were prepared following the guide of TruSeq Stranded Total RNA Sample Preparation kit.;PAIRED;;ILLUMINA;;;;;lung;;D9C;;;Illumina HiSeq 4000 sequencing: GSM5994510: SmaC9C Homo sapiens RNA-Seq;Non fibrotic;healthy;Lung;;
PRJNA819837;20/01/2023;Homo sapiens Raw sequence reads;Homo sapiens;SRR18572057;SAMN27020243;Human sample from Homo sapiens;Human sample from Homo sapiens;GSM5994500;cDNA;TRANSCRIPTOMIC;RNA-Seq;IPF patients were diagnosed based on multidisciplinary review and published criteria. Non-IPF donor lungs not suitable for transplantation were obtained from the Regional Organ Bank of Illinois. IPF lungs were grossly examined within 6-12 hours from the time of explant, and multiple 1cm3 biopsies were obtained from visibly non-fibrotic central (IPF.C) and fibrotic peripheral (IPF.P) areas. Non-IPF donor lung biopsies of central (CTR.C) and peripheral (CTR.P) were similarly obtained. H&E-stained biopsies were reviewed and confirmed by two clinical pathologists Total RNA was isolated using TRIzol (Invitrogen) following manufacturer's protocol. All RNA samples displayed RNA Integrity Number (RIN) >7. RNAseq including cDNA library preparation was processed at the Genomics Core Facility of University of Chicago (https://fgf.uchicago.edu/). Total RNA in the amount of 100-500µg per sample was depleted of ribosomal RNA using the Ribo-Zero kit (Epicentre, Madison, WI). The directional (first strand) cDNA libraries were prepared following the guide of TruSeq Stranded Total RNA Sample Preparation kit.;PAIRED;;ILLUMINA;;;;;lung;;D3C;;;Illumina HiSeq 4000 sequencing: GSM5994500: SmaC3C Homo sapiens RNA-Seq;Non fibrotic;healthy;Lung;;
PRJNA486023;14/03/2019;Fudan University Shanghai Cancer Center Triple Negative Breast Cancer (FUSCCTNBC);Homo sapiens;SRR8518140;SAMN09836932;Human sample from Homo sapiens;Human sample from Homo sapiens;Lib_FUSCCTNBC041.PT;Inverse rRNA;TRANSCRIPTOMIC;RNA-Seq;;PAIRED;;ILLUMINA;;;;;Paired normal breast tissue;;FUSCCTNBC041;;;HiSeq X Ten sequencing: RNAseq of Homo sapiens: triple negative breast cancer from FUSCCTNBC project;;tumor-adjacent;Breast;;
PRJNA448679;26/06/2018;Time series integrative analysis of RNA-Seq and miRNA expression data reveals key biologic pathways during keloid formation;;SRR6937759;SAMN08863017;N4-1st;Keloid data set RNA-Seq;556;Inverse rRNA;TRANSCRIPTOMIC;RNA-Seq;;PAIRED;;ILLUMINA;;;;;skin;;N4;;;Illumina HiSeq 3000 sequencing: RNA Seq of Keloid skin;;;Skin;;
PRJNA716181;27/02/2023;Transcriptome sequencing data of tumors and paired adjacent tissues from HCC patients;Transcriptome sequencing data of tumors and paired adjacent tissues from HCC patients;SRR14027934;SAMN18397076;RNA_P12RN;RNA_P12RN;;cDNA;TRANSCRIPTOMIC;RNA-Seq;Samples were treated with 1mL TRIzol reagent according to manufacturer's instructions. Nanodrop ND-1000 was used for RNA density/purity detection. Agilent BioAnalyzer 2100 was used for RNA quality control. rRNA depletion was conducted before RNA-seq library preparation using TruSeq Stranded Total RNA Library Prep Kit. The libraries were constructed using TruSeq Stranded Total RNA with Ribo-Zero Gold according to the manufacturer's instructions.;PAIRED;;ILLUMINA;;;;;Adjacent tissue;;;;;Illumina HiSeq 2500 sequencing: GSM5194576: RNA_P12RN Homo sapiens RNA-Seq;;tumor-adjacent;Liver;;
PRJNA997353;22/12/2023;Race-specific coregulatory and transcriptomic profiles associated with DNA methylation and androgen receptor in prostate cancer [RNA-Seq];Race-specific coregulatory and transcriptomic profiles associated with DNA methylation and androgen receptor in prostate cancer [RNA-Seq];SRR25387869;SAMN36678754;PT-00193349_NT_EA;PT-00193349_NT_EA;GSM7657524;cDNA;TRANSCRIPTOMIC;RNA-Seq;Illumina TruSeq Stranded Total RNA Library Prep Kit with Ribo-Zero Gol RNA libraries were prepared for sequencing using standard Illumina protocols;PAIRED;;ILLUMINA;;;;;prostate;;;;;Illumina HiSeq 2500 sequencing: GSM7657524: PT-00193349_NT_EA Homo sapiens RNA-Seq;;tumor-adjacent;Prostate;;
PRJNA742971;12/11/2022;A resource for integrated genomic analysis of the human liver;A resource for integrated genomic analysis of the human liver;SRR15013523;SAMN19988366;SJLB318;SJLB318;;cDNA;TRANSCRIPTOMIC;RNA-Seq;Total RNA was extracted from tissue homogenized in TRIzol reagent, followed by Qiagen RNAeasy cleanup mRNA libraries were prepared using the Illuminia TruSeq Stranded Total RNA with Ribo-Zero protocol;PAIRED;;ILLUMINA;;;;;liver;;;;;Illumina HiSeq 2000 sequencing: GSM5412177: SJLB318 Homo sapiens RNA-Seq;check ribozero;likely postmportem;Liver;;
PRJNA694010;08/08/2023;Comprehensively analysis of alternative splicing variations in Chinese colorectal cancer by using next-generation sequencing;;SRR13518183;SAMN17371034;adjacent non-tumor tissue 03;adjacent non-tumor tissue 03;CRC_NAT_03;Inverse rRNA;TRANSCRIPTOMIC;RNA-Seq;;PAIRED;;ILLUMINA;;;;;colon;;NAT_03;;;Illumina NovaSeq 6000 sequencing: adjacent non-tumor tissue 03;;tumor-adjacent;Colon;;
PRJEB21050;22/05/2018;RNA-seq of formalin-fixed, paraffin-embedded uninvolved terminal ileal tissue obtained from ileo-colic resection surgeries of Crohn’s disease and control patients;RNA-seq of formalin-fixed, paraffin-embedded uninvolved terminal ileal tissue obtained from ileo-colic resection surgeries of Crohn’s disease and control patients;ERR1993169;SAMEA104101966;WUCA-Cont-27;Protocols: We retrospectively obtained de-identified FFPE tissue from patients who underwent ileo-colic resection surgery at Barnes-Jewish Hospital, St. Louis between 2005 and 2010. CD patient surgical resections were due to complications associated with the disease, whereas control resections were due to adenoma, carcinoma or abdominal trauma. The set of hematoxylin and eosin-stained tissue sections from each resection were obtained and examined by two pathologists (T.C.L. and T.S.S.) to identify the uninvolved proximal margin (terminal ileum) of each resection. These tissue sections were then further evaluated to identify those that met the histological inclusion criteria for this study. The criteria were that the sample had at least 100 well-oriented intestinal crypts (contained crypt lumens that extended from the apex to the base of the crypt) and absent/minimal active or chronic inflammatory disease (e.g., cryptitis, crypt abscess, architectural distortion, pyloric gland metaplasia, etc.).The study protocol was approved by the Institutional Review Board of Washington University. Patients were recruited by the Washington University Digestive Diseases Research Core Center (DDRCC). Written informed consent was obtained from all study participants prior to inclusion in the study. For samples that met the histological inclusion criteria, two fresh, unstained 5-µm FFPE tissue sections on glass microscope slides were obtained. Slides were not baked after cutting. For each sample, the two tissue sections were scraped off of the slides using a clean razor and placed in 1.5 mL Eppendorf tubes. The tubes were briefly centrifuged to place the sample towards the bottoms or sides of the tube. RNA extraction and DNase treatment was performed using the RNeasy FFPE kit (Qiagen) according to the manufacturer’s instructions, using the Xylene protocol for the paraffin removal step and 30 µL RNase-free H2O for the elution step. RNA was initially quantified by NanoDrop. Subsequent total RNA quantification and quality assessment was performed by Bioanalyzer 2100 (Agilent Technologies). Samples were excluded from the study if >20% of the RNA fragments were >200 base pairs in length, as determined with the Bioanalyzer software. Library preparation was performed by the Genome Technology Access Center (GTAC) at Washington University. Library preparation used 150 ng of total RNA. ds-cDNA was generated using the Ovation RNA-seq FFPE system (Nugen, per manufacturer’s instructions). cDNA was blunt ended, had an A base added to the 3’ ends, and then had Illumina sequencing adapters ligated to the ends. Ligated fragments were then amplified for 12 cycles using primers incorporating unique index tags.;WUCA-Cont-27_s;Inverse rRNA;TRANSCRIPTOMIC;RNA-Seq;We retrospectively obtained de-identified FFPE tissue from patients who underwent ileo-colic resection surgery at Barnes-Jewish Hospital, St. Louis between 2005 and 2010. CD patient surgical resections were due to complications associated with the disease, whereas control resections were due to adenoma, carcinoma or abdominal trauma. The set of hematoxylin and eosin-stained tissue sections from each resection were obtained and examined by two pathologists (T.C.L. and T.S.S.) to identify the uninvolved proximal margin (terminal ileum) of each resection. These tissue sections were then further evaluated to identify those that met the histological inclusion criteria for this study. The criteria were that the sample had at least 100 well-oriented intestinal crypts (contained crypt lumens that extended from the apex to the base of the crypt) and absent/minimal active or chronic inflammatory disease (e.g., cryptitis, crypt abscess, architectural distortion, pyloric gland metaplasia, etc.).The study protocol was approved by the Institutional Review Board of Washington University. Patients were recruited by the Washington University Digestive Diseases Research Core Center (DDRCC). Written informed consent was obtained from all study participants prior to inclusion in the study. For samples that met the histological inclusion criteria, two fresh, unstained 5-µm FFPE tissue sections on glass microscope slides were obtained. Slides were not baked after cutting. For each sample, the two tissue sections were scraped off of the slides using a clean razor and placed in 1.5 mL Eppendorf tubes. The tubes were briefly centrifuged to place the sample towards the bottoms or sides of the tube. RNA extraction and DNase treatment was performed using the RNeasy FFPE kit (Qiagen) according to the manufacturer’s instructions, using the Xylene protocol for the paraffin removal step and 30 µL RNase-free H2O for the elution step. RNA was initially quantified by NanoDrop. Subsequent total RNA quantification and quality assessment was performed by Bioanalyzer 2100 (Agilent Technologies). Samples were excluded from the study if >20% of the RNA fragments were >200 base pairs in length, as determined with the Bioanalyzer software. Library preparation was performed by the Genome Technology Access Center (GTAC) at Washington University. Library preparation used 150 ng of total RNA. ds-cDNA was generated using the Ovation RNA-seq FFPE system (Nugen, per manufacturer’s instructions). cDNA was blunt ended, had an A base added to the 3’ ends, and then had Illumina sequencing adapters ligated to the ends. Ligated fragments were then amplified for 12 cycles using primers incorporating unique index tags.;SINGLE;;ILLUMINA;;;;;;;;;;Illumina HiSeq 2000 sequencing: RNA-seq of formalin-fixed, paraffin-embedded uninvolved terminal ileal tissue obtained from ileo-colic resection surgeries of Crohn’s disease and control patients;;;Small Intestine - Ileum;;
PRJEB21619;04/07/2017;Intergenic Disease-associated Regions are Abundant in Novel Regulatory Transcripts;Intergenic Disease-associated Regions are Abundant in Novel Regulatory Transcripts;ERR2022834;SAMEA104150465;Liver;Protocols: Normal human tissue RNA was obtained from the FirstChoice Tissue Panel (Ambion AM6000) and Human Breast Total RNA (Ambion AM6952). Melanoma RNA was obtained from patient cell lines, including 3 originating from metastasized stage IV melanoma (A-series) and 10 originating from resected lymph nodes from patients with stage 3 disease (C-series. RNA was extracted with RNeasy columns (Qiagen). RNA was extracted with RNeasy columns (Qiagen). RNA was DNAse treated with TurboDNase (Life Technologies), confirmed DNA-free, RNA integrity was confirmed by Agilent 2100 Bioanalyzer (Agilent Technologies). rRNA depletion (Ribo-Zero™ (Epicentre)) was performed on 5μg of total RNA. ERCC RNA Spike-In Control mix 1 or mix 2 (Life Technologies) were added to ribodepleted RNA to a final dilution of 1/100. Libraries were prepared with the TruSeq Stranded mRNA Sample Preparation Kit (Illumina) and 9-12 cycles of pre-capture LM-PCR performed as required. Multiplex library pools were created by mixing equal amounts of 5 pre-capture sample libraries and capture hybridization performed on 1 μg of the pooled library. Melanoma A-series samples were each randomly assigned to one of three capture hybridizations to ensure any expression differences between the A and C-series samples were not due to an A-series batch effect. Post-capture LMPCR was performed for 17 cycles.;Liver_p;RANDOM PCR;TRANSCRIPTOMIC;RNA-Seq;Normal human tissue RNA was obtained from the FirstChoice Tissue Panel (Ambion AM6000) and Human Breast Total RNA (Ambion AM6952). Melanoma RNA was obtained from patient cell lines, including 3 originating from metastasized stage IV melanoma (A-series) and 10 originating from resected lymph nodes from patients with stage 3 disease (C-series. RNA was extracted with RNeasy columns (Qiagen). RNA was extracted with RNeasy columns (Qiagen). RNA was DNAse treated with TurboDNase (Life Technologies), confirmed DNA-free, RNA integrity was confirmed by Agilent 2100 Bioanalyzer (Agilent Technologies). rRNA depletion (Ribo-Zero™ (Epicentre)) was performed on 5μg of total RNA. ERCC RNA Spike-In Control mix 1 or mix 2 (Life Technologies) were added to ribodepleted RNA to a final dilution of 1/100. Libraries were prepared with the TruSeq Stranded mRNA Sample Preparation Kit (Illumina) and 9-12 cycles of pre-capture LM-PCR performed as required. Multiplex library pools were created by mixing equal amounts of 5 pre-capture sample libraries and capture hybridization performed on 1 μg of the pooled library. Melanoma A-series samples were each randomly assigned to one of three capture hybridizations to ensure any expression differences between the A and C-series samples were not due to an A-series batch effect. Post-capture LMPCR was performed for 17 cycles.;PAIRED;;ILLUMINA;;;;;;;;;;Illumina HiSeq 2000 paired end sequencing: Intergenic Disease-associated Regions are Abundant in Novel Regulatory Transcripts;;;Liver;;
PRJNA253002;19/11/2015;Human cortical transcriptome informs brain imaging;Homo sapiens;SRR1424696;SAMN02866089;Human_4915_BA46_10;Human_4915_BA46_10;;cDNA;TRANSCRIPTOMIC;RNA-Seq;All RNA samples were examined for quantity and quality by NanoDrop and Bioanalyzer (Agilent). Samples were randomized for RNA extractions and sequencing. 5ug of total RNA were treated with a Ribominus column according to the manufacturer’s instructions to remove ribosomal RNA. Libraries were prepared using an Illumina TruSeq kit according to the manufacturer’s instructions.;SINGLE;;ILLUMINA;;;;;;;;;;Illumina HiSeq 2000 sequencing: GSM1414969: Human_4915_BA46_10 Homo sapiens RNA-Seq;;;Brain - Middle Frontal Gyrus;;
PRJNA851623;24/09/2022;SARS-CoV-2 disrupt respiratory vascular barrier by suppressing Claudin-5 expression (additional RNA-seq data);SARS-CoV-2 disrupt respiratory vascular barrier by suppressing Claudin-5 expression (additional RNA-seq data);SRR19779075;SAMN29246080;lungs of healthy donor;lungs of healthy donor;GSM6259883;cDNA;TRANSCRIPTOMIC;RNA-Seq;RNA-seq in human lungs: Total RNA was isolated from the lungs of control patients and COVID-19 patients using an RNeasy Protect Mini Kit (Qiagen). RNA-seq in human lungs: Library preparation was performed using a Stranded Total RNA Prep, Ligation with Ribo-Zero Plus kit (Illumina, San Diego, CA) according to the manufacturer's instructions.;SINGLE;;ILLUMINA;;;;;lung;;;;;NextSeq 500 sequencing: GSM6259883: lungs of healthy donor Homo sapiens RNA-Seq;;;Lung;;
PRJNA901461;02/02/2023;COVID-19 patient samples collected by the PREDICT-19 consortium;COVID-19 patient samples collected by the PREDICT-19 consortium;SRR22283256;SAMN31714415;Whole blood, healthy control, rep 35;Whole blood, healthy control, rep 35;;cDNA;TRANSCRIPTOMIC;RNA-Seq;Total RNA was isolated from whole blood samples stored and stabilized in PAXgene RNA tubes according to the manufacturer's guidelines (PreAnalytiX) Libraries were prepared with 300ng of total RNA per sample using the Illumina Stranded Total RNA Prep with Ribo-Zero Plus (RZP) as per manufacturer instructions (Illumina, CA, USA).;PAIRED;;ILLUMINA;;;;;Whole blood;;;;;Illumina NovaSeq 6000 sequencing: GSM7507740: Whole blood, COVID positive, rep 277 Homo sapiens RNA-Seq;;;Blood - Whole Blood;;
PRJNA997243;23/07/2023;Comparing transcriptional profiles of skin biopsies from healthy controls and subjects with chronic pruritus of unknown origin and atopic dermatitis;Comparing transcriptional profiles of skin biopsies from healthy controls and subjects with chronic pruritus of unknown origin and atopic dermatitis;SRR25383764;SAMN36674057;Skin_HC_4;Skin_HC_4;GSM7656533;cDNA;TRANSCRIPTOMIC;RNA-Seq;Human skin tissues were obtained as 4 mm punch biopsies or de-identified surgical tissue and stored in RNAlater at -80C before processing. To extract whole tissue RNA, samples were homogenized using a bead homogenizer and processed using the QIAGEN RNeasy Kit following the manufacturer's instructions. Following total RNA extraction, samples were treated with DNase (Turbo DNA-Free Kit, Invitrogen) following the manufacturer's instructions. Library preparation was performed with 1 ug of total RNA, and RNA integrity was determined using an Agilent Bioanalyzer. Ribosomal RNA was removed by a hybridization method using Ribo-ZERO kits (Illumina). mRNA was then fragmented in buffer containing 40 mM Tris acetate (pH 8.2), 100 mM potassium acetate, and 30 mM magnesium acetate and heated to 94C for 150 s. mRNA was reverse transcribed to yield cDNA using SuperScript III RT enzyme (Invitrogen, per manufacturer's instructions) and random hexamers. A second strand reaction was performed to yield ds-cDNA. cDNA was blunt ended, had an A base added to the 3 prime ends, and then had Illumina sequencing adapters ligated to the ends. Ligated fragments were then amplified for 12 cycles using primers incorporating unique index tags.;SINGLE;;ILLUMINA;;;;;skin;;;;;Illumina HiSeq 3000 sequencing: GSM7656533: Skin_HC_4 Homo sapiens RNA-Seq;healthy;healthy;Skin;;
PRJEB14688;06/01/2017;RNASeq of musculoskeletal ageing using human mesenchymal stem cells and their tissue constructs;RNASeq of musculoskeletal ageing using human mesenchymal stem cells and their tissue constructs;ERR1514469;SAMEA4062967;Sample 32;Protocols: MScs purchased from young and old human donors miRNAeasy kit for RNA extraction Total RNA samples were ribosomal RNA depleted using the Human, mouse, rat low inputRibozero kit from Epicentre. 1ug of RNA (or the max amount available) was mixed with the low input kit baits and allowed to anneal. This was then mixed with the magnetic microspheres which bind the ribosomal complexes and subsequently pulled out with a magnet. The remaining RNA was purified with RNA clean beads and analysed with the Agilent Bioanalyser with a RNA pico chip. Recovery was generally less than 1% of the original starting material. All of this material was used in the script seq reaction (Epicentre). Samples were denatured and annealed to cDNA primers and cDNA was generated. This was amplified with indexed primers for 15 cycles to make the library for sequencing. Libraries were checked on the Agilent Bioanalyser with a High sensitivity chip and quantities determined with Qubit DNA High sensitivity reagents.;Sample 32_p;PCR;TRANSCRIPTOMIC;RNA-Seq;MScs purchased from young and old human donors miRNAeasy kit for RNA extraction Total RNA samples were ribosomal RNA depleted using the Human, mouse, rat low inputRibozero kit from Epicentre. 1ug of RNA (or the max amount available) was mixed with the low input kit baits and allowed to anneal. This was then mixed with the magnetic microspheres which bind the ribosomal complexes and subsequently pulled out with a magnet. The remaining RNA was purified with RNA clean beads and analysed with the Agilent Bioanalyser with a RNA pico chip. Recovery was generally less than 1% of the original starting material. All of this material was used in the script seq reaction (Epicentre). Samples were denatured and annealed to cDNA primers and cDNA was generated. This was amplified with indexed primers for 15 cycles to make the library for sequencing. Libraries were checked on the Agilent Bioanalyser with a High sensitivity chip and quantities determined with Qubit DNA High sensitivity reagents.;PAIRED;;ILLUMINA;;;mesenchymal stem cell;;;;;;;Illumina HiSeq 2000 paired end sequencing: RNASeq of musculoskeletal ageing using human mesenchymal stem cells and their tissue constructs;some aged donors;cultured cells;Connective Tissue - Mesenchymal stem cell;;
PRJNA997353;22/12/2023;Race-specific coregulatory and transcriptomic profiles associated with DNA methylation and androgen receptor in prostate cancer [RNA-Seq];Race-specific coregulatory and transcriptomic profiles associated with DNA methylation and androgen receptor in prostate cancer [RNA-Seq];SRR25387930;SAMN36678722;PT-00228928_NT_EA;PT-00228928_NT_EA;GSM7657556;cDNA;TRANSCRIPTOMIC;RNA-Seq;Illumina TruSeq Stranded Total RNA Library Prep Kit with Ribo-Zero Gol RNA libraries were prepared for sequencing using standard Illumina protocols;PAIRED;;ILLUMINA;;;;;prostate;;;;;Illumina HiSeq 2500 sequencing: GSM7657556: PT-00228928_NT_EA Homo sapiens RNA-Seq;;tumor-adjacent;Prostate;;
PRJNA486023;14/03/2019;Fudan University Shanghai Cancer Center Triple Negative Breast Cancer (FUSCCTNBC);Homo sapiens;SRR8518436;SAMN09837174;Human sample from Homo sapiens;Human sample from Homo sapiens;Lib_FUSCCTNBC324.PT;Inverse rRNA;TRANSCRIPTOMIC;RNA-Seq;;PAIRED;;ILLUMINA;;;;;Paired normal breast tissue;;FUSCCTNBC324;;;HiSeq X Ten sequencing: RNAseq of Homo sapiens: triple negative breast cancer from FUSCCTNBC project;;tumor-adjacent;Breast;;
PRJNA914646;24/12/2023;Integrated Unbiased Multiomics Defines Disease-Independent Placental Clusters in Common Obstetrical Syndromes;;SRR22925250;SAMN32490826;Human sample from Homo sapiens;Human sample from Homo sapiens;TP18.B359;Inverse rRNA;TRANSCRIPTOMIC;RNA-Seq;;PAIRED;;ILLUMINA;;;;;Placenta;;Control;;;Illumina NovaSeq 6000 sequencing: Control;;healthy;Placenta;;
PRJEB21619;04/07/2017;Intergenic Disease-associated Regions are Abundant in Novel Regulatory Transcripts;Intergenic Disease-associated Regions are Abundant in Novel Regulatory Transcripts;ERR2022846;SAMEA104150477;Cervix;Protocols: Normal human tissue RNA was obtained from the FirstChoice Tissue Panel (Ambion AM6000) and Human Breast Total RNA (Ambion AM6952). Melanoma RNA was obtained from patient cell lines, including 3 originating from metastasized stage IV melanoma (A-series) and 10 originating from resected lymph nodes from patients with stage 3 disease (C-series. RNA was extracted with RNeasy columns (Qiagen). RNA was extracted with RNeasy columns (Qiagen). RNA was DNAse treated with TurboDNase (Life Technologies), confirmed DNA-free, RNA integrity was confirmed by Agilent 2100 Bioanalyzer (Agilent Technologies). rRNA depletion (Ribo-Zero™ (Epicentre)) was performed on 5μg of total RNA. ERCC RNA Spike-In Control mix 1 or mix 2 (Life Technologies) were added to ribodepleted RNA to a final dilution of 1/100. Libraries were prepared with the TruSeq Stranded mRNA Sample Preparation Kit (Illumina) and 9-12 cycles of pre-capture LM-PCR performed as required. Multiplex library pools were created by mixing equal amounts of 5 pre-capture sample libraries and capture hybridization performed on 1 μg of the pooled library. Melanoma A-series samples were each randomly assigned to one of three capture hybridizations to ensure any expression differences between the A and C-series samples were not due to an A-series batch effect. Post-capture LMPCR was performed for 17 cycles.;Cervix_p;RANDOM PCR;TRANSCRIPTOMIC;RNA-Seq;Normal human tissue RNA was obtained from the FirstChoice Tissue Panel (Ambion AM6000) and Human Breast Total RNA (Ambion AM6952). Melanoma RNA was obtained from patient cell lines, including 3 originating from metastasized stage IV melanoma (A-series) and 10 originating from resected lymph nodes from patients with stage 3 disease (C-series. RNA was extracted with RNeasy columns (Qiagen). RNA was extracted with RNeasy columns (Qiagen). RNA was DNAse treated with TurboDNase (Life Technologies), confirmed DNA-free, RNA integrity was confirmed by Agilent 2100 Bioanalyzer (Agilent Technologies). rRNA depletion (Ribo-Zero™ (Epicentre)) was performed on 5μg of total RNA. ERCC RNA Spike-In Control mix 1 or mix 2 (Life Technologies) were added to ribodepleted RNA to a final dilution of 1/100. Libraries were prepared with the TruSeq Stranded mRNA Sample Preparation Kit (Illumina) and 9-12 cycles of pre-capture LM-PCR performed as required. Multiplex library pools were created by mixing equal amounts of 5 pre-capture sample libraries and capture hybridization performed on 1 μg of the pooled library. Melanoma A-series samples were each randomly assigned to one of three capture hybridizations to ensure any expression differences between the A and C-series samples were not due to an A-series batch effect. Post-capture LMPCR was performed for 17 cycles.;PAIRED;;ILLUMINA;;;;;;;;;;Illumina HiSeq 2000 paired end sequencing: Intergenic Disease-associated Regions are Abundant in Novel Regulatory Transcripts;;;Cervix;;
PRJNA742971;12/11/2022;A resource for integrated genomic analysis of the human liver;A resource for integrated genomic analysis of the human liver;SRR15013666;SAMN19988467;SJLB687;SJLB687;;cDNA;TRANSCRIPTOMIC;RNA-Seq;Total RNA was extracted from tissue homogenized in TRIzol reagent, followed by Qiagen RNAeasy cleanup mRNA libraries were prepared using the Illuminia TruSeq Stranded Total RNA with Ribo-Zero protocol;PAIRED;;ILLUMINA;;;;;liver;;;;;Illumina HiSeq 2000 sequencing: GSM5412298: SJLB687 Homo sapiens RNA-Seq;check ribozero;likely postmportem;Liver;;
PRJNA742971;12/11/2022;A resource for integrated genomic analysis of the human liver;A resource for integrated genomic analysis of the human liver;SRR15013608;SAMN19988428;SJLB419;SJLB419;;cDNA;TRANSCRIPTOMIC;RNA-Seq;Total RNA was extracted from tissue homogenized in TRIzol reagent, followed by Qiagen RNAeasy cleanup mRNA libraries were prepared using the Illuminia TruSeq Stranded Total RNA with Ribo-Zero protocol;PAIRED;;ILLUMINA;;;;;liver;;;;;Illumina HiSeq 2000 sequencing: GSM5412243: SJLB419 Homo sapiens RNA-Seq;check ribozero;likely postmportem;Liver;;
PRJNA765370;27/11/2021;RNA-seq of HPV-negative Oral Squamous Cell Carcinoma Patients;RNA-seq of HPV-negative Oral Squamous Cell Carcinoma Patients;SRR16013081;SAMN21555515;OSCC_13-N;OSCC_13-N;;cDNA;TRANSCRIPTOMIC;RNA-Seq;Nucleic acids were extracted fresh frozen OSCC tissue and matched normal (oral mucosa) using the Qiagen AllPrep Kit (Qiagen, Germantown, Maryland, USA) in accordance with the manufacturer's instructions with purification of DNA and RNA from the same sample. TruSeq Stranded Total RNA with Ribo-Zero Gold (Human, Mouse, Rat) ribosomal depletion;PAIRED;;ILLUMINA;;;;;oral mucosa;;;;;Illumina NovaSeq 6000 sequencing: GSM5593771: OSCC_13-N Homo sapiens RNA-Seq;;tumor-adjacent;Mouth - Mucosa;;
PRJEB34402;23/01/2020;Epigenetically Modulated Gene Expression Changes Result in Enhanced Neoplastic Activity in Oropharyngeal Cancer Patients from North East India;;ERR3549176;SAMEA5970043;Oropharyngeal Cancer Patient;Adjacent Normal;TruSeq;Inverse rRNA selection;TRANSCRIPTOMIC;RNA-Seq;Illumina TruSeq RNA sample preparation;PAIRED;;ILLUMINA;;;;;;;;;oropharynx;Illumina HiSeq 2500 paired end sequencing;;tumor-adjacent;Oropharynx;;
PRJNA997243;23/07/2023;Comparing transcriptional profiles of skin biopsies from healthy controls and subjects with chronic pruritus of unknown origin and atopic dermatitis;Comparing transcriptional profiles of skin biopsies from healthy controls and subjects with chronic pruritus of unknown origin and atopic dermatitis;SRR25383773;SAMN36674066;Skin_HC_1;Skin_HC_1;GSM7656524;cDNA;TRANSCRIPTOMIC;RNA-Seq;Human skin tissues were obtained as 4 mm punch biopsies or de-identified surgical tissue and stored in RNAlater at -80C before processing. To extract whole tissue RNA, samples were homogenized using a bead homogenizer and processed using the QIAGEN RNeasy Kit following the manufacturer's instructions. Following total RNA extraction, samples were treated with DNase (Turbo DNA-Free Kit, Invitrogen) following the manufacturer's instructions. Library preparation was performed with 1 ug of total RNA, and RNA integrity was determined using an Agilent Bioanalyzer. Ribosomal RNA was removed by a hybridization method using Ribo-ZERO kits (Illumina). mRNA was then fragmented in buffer containing 40 mM Tris acetate (pH 8.2), 100 mM potassium acetate, and 30 mM magnesium acetate and heated to 94C for 150 s. mRNA was reverse transcribed to yield cDNA using SuperScript III RT enzyme (Invitrogen, per manufacturer's instructions) and random hexamers. A second strand reaction was performed to yield ds-cDNA. cDNA was blunt ended, had an A base added to the 3 prime ends, and then had Illumina sequencing adapters ligated to the ends. Ligated fragments were then amplified for 12 cycles using primers incorporating unique index tags.;SINGLE;;ILLUMINA;;;;;skin;;;;;Illumina HiSeq 3000 sequencing: GSM7656524: Skin_HC_1 Homo sapiens RNA-Seq;healthy;healthy;Skin;;
PRJEB14688;06/01/2017;RNASeq of musculoskeletal ageing using human mesenchymal stem cells and their tissue constructs;RNASeq of musculoskeletal ageing using human mesenchymal stem cells and their tissue constructs;ERR1514457;SAMEA4062955;Sample 21;Protocols: MScs purchased from young and old human donors miRNAeasy kit for RNA extraction Total RNA samples were ribosomal RNA depleted using the Human, mouse, rat low inputRibozero kit from Epicentre. 1ug of RNA (or the max amount available) was mixed with the low input kit baits and allowed to anneal. This was then mixed with the magnetic microspheres which bind the ribosomal complexes and subsequently pulled out with a magnet. The remaining RNA was purified with RNA clean beads and analysed with the Agilent Bioanalyser with a RNA pico chip. Recovery was generally less than 1% of the original starting material. All of this material was used in the script seq reaction (Epicentre). Samples were denatured and annealed to cDNA primers and cDNA was generated. This was amplified with indexed primers for 15 cycles to make the library for sequencing. Libraries were checked on the Agilent Bioanalyser with a High sensitivity chip and quantities determined with Qubit DNA High sensitivity reagents.;Sample 21_p;PCR;TRANSCRIPTOMIC;RNA-Seq;MScs purchased from young and old human donors miRNAeasy kit for RNA extraction Total RNA samples were ribosomal RNA depleted using the Human, mouse, rat low inputRibozero kit from Epicentre. 1ug of RNA (or the max amount available) was mixed with the low input kit baits and allowed to anneal. This was then mixed with the magnetic microspheres which bind the ribosomal complexes and subsequently pulled out with a magnet. The remaining RNA was purified with RNA clean beads and analysed with the Agilent Bioanalyser with a RNA pico chip. Recovery was generally less than 1% of the original starting material. All of this material was used in the script seq reaction (Epicentre). Samples were denatured and annealed to cDNA primers and cDNA was generated. This was amplified with indexed primers for 15 cycles to make the library for sequencing. Libraries were checked on the Agilent Bioanalyser with a High sensitivity chip and quantities determined with Qubit DNA High sensitivity reagents.;PAIRED;;ILLUMINA;;;tenocyte;;;;;;;Illumina HiSeq 2000 paired end sequencing: RNASeq of musculoskeletal ageing using human mesenchymal stem cells and their tissue constructs;some aged donors;cultured cells;Tendon - tenocyte;;
PRJNA933170;27/02/2023;Activity-dependent gene expression in the human brain;Activity-dependent gene expression in the human brain;SRR23384963;SAMN33227581;BulkRNABaseline9;BulkRNABaseline9;GSM7036191;cDNA;TRANSCRIPTOMIC;RNA-Seq;Bulk RNA-seq Total RNA was extracted from sampled human brains using miRNeasy Mini Kite and homogenized in Qiazol using stainless steel beads. Chloroform was then used for phase separation. RNA containing an aqueous layer was further purified using the RNeasy MinElute spin column. RNA was finally eluted in RNase-free water. For bulk RNA-seq librairies were prepared using Ribo-Zero gold sample preparation kit. Library concentrations were measured using KAPA Illumina Library Quantification Kit. Polled libraries were sequenced on Illumina NovaSeq6000 sequencer with 150-bp Paired-End chemistry.;PAIRED;;ILLUMINA;;;;;brain anterior temporal lobe;;;;;Illumina NovaSeq 6000 sequencing: GSM7036191: BulkRNABaseline9 Homo sapiens RNA-Seq;epilepsy;non-cancer disease;Brain - Temporal lobe;;
PRJNA742971;12/11/2022;A resource for integrated genomic analysis of the human liver;A resource for integrated genomic analysis of the human liver;SRR15013566;SAMN19988410;SJLB349;SJLB349;;cDNA;TRANSCRIPTOMIC;RNA-Seq;Total RNA was extracted from tissue homogenized in TRIzol reagent, followed by Qiagen RNAeasy cleanup mRNA libraries were prepared using the Illuminia TruSeq Stranded Total RNA with Ribo-Zero protocol;PAIRED;;ILLUMINA;;;;;liver;;;;;Illumina HiSeq 2000 sequencing: GSM5412201: SJLB349 Homo sapiens RNA-Seq;check ribozero;likely postmportem;Liver;;
PRJNA742971;12/11/2022;A resource for integrated genomic analysis of the human liver;A resource for integrated genomic analysis of the human liver;SRR15013527;SAMN19988364;SJLB320;SJLB320;;cDNA;TRANSCRIPTOMIC;RNA-Seq;Total RNA was extracted from tissue homogenized in TRIzol reagent, followed by Qiagen RNAeasy cleanup mRNA libraries were prepared using the Illuminia TruSeq Stranded Total RNA with Ribo-Zero protocol;PAIRED;;ILLUMINA;;;;;liver;;;;;Illumina HiSeq 2000 sequencing: GSM5412179: SJLB320 Homo sapiens RNA-Seq;check ribozero;likely postmportem;Liver;;
PRJEB21050;22/05/2018;RNA-seq of formalin-fixed, paraffin-embedded uninvolved terminal ileal tissue obtained from ileo-colic resection surgeries of Crohn’s disease and control patients;RNA-seq of formalin-fixed, paraffin-embedded uninvolved terminal ileal tissue obtained from ileo-colic resection surgeries of Crohn’s disease and control patients;ERR1993153;SAMEA104101950;WUCA-Cont-12;Protocols: We retrospectively obtained de-identified FFPE tissue from patients who underwent ileo-colic resection surgery at Barnes-Jewish Hospital, St. Louis between 2005 and 2010. CD patient surgical resections were due to complications associated with the disease, whereas control resections were due to adenoma, carcinoma or abdominal trauma. The set of hematoxylin and eosin-stained tissue sections from each resection were obtained and examined by two pathologists (T.C.L. and T.S.S.) to identify the uninvolved proximal margin (terminal ileum) of each resection. These tissue sections were then further evaluated to identify those that met the histological inclusion criteria for this study. The criteria were that the sample had at least 100 well-oriented intestinal crypts (contained crypt lumens that extended from the apex to the base of the crypt) and absent/minimal active or chronic inflammatory disease (e.g., cryptitis, crypt abscess, architectural distortion, pyloric gland metaplasia, etc.).The study protocol was approved by the Institutional Review Board of Washington University. Patients were recruited by the Washington University Digestive Diseases Research Core Center (DDRCC). Written informed consent was obtained from all study participants prior to inclusion in the study. For samples that met the histological inclusion criteria, two fresh, unstained 5-µm FFPE tissue sections on glass microscope slides were obtained. Slides were not baked after cutting. For each sample, the two tissue sections were scraped off of the slides using a clean razor and placed in 1.5 mL Eppendorf tubes. The tubes were briefly centrifuged to place the sample towards the bottoms or sides of the tube. RNA extraction and DNase treatment was performed using the RNeasy FFPE kit (Qiagen) according to the manufacturer’s instructions, using the Xylene protocol for the paraffin removal step and 30 µL RNase-free H2O for the elution step. RNA was initially quantified by NanoDrop. Subsequent total RNA quantification and quality assessment was performed by Bioanalyzer 2100 (Agilent Technologies). Samples were excluded from the study if >20% of the RNA fragments were >200 base pairs in length, as determined with the Bioanalyzer software. Library preparation was performed by the Genome Technology Access Center (GTAC) at Washington University. Library preparation used 150 ng of total RNA. ds-cDNA was generated using the Ovation RNA-seq FFPE system (Nugen, per manufacturer’s instructions). cDNA was blunt ended, had an A base added to the 3’ ends, and then had Illumina sequencing adapters ligated to the ends. Ligated fragments were then amplified for 12 cycles using primers incorporating unique index tags.;WUCA-Cont-12_s;Inverse rRNA;TRANSCRIPTOMIC;RNA-Seq;We retrospectively obtained de-identified FFPE tissue from patients who underwent ileo-colic resection surgery at Barnes-Jewish Hospital, St. Louis between 2005 and 2010. CD patient surgical resections were due to complications associated with the disease, whereas control resections were due to adenoma, carcinoma or abdominal trauma. The set of hematoxylin and eosin-stained tissue sections from each resection were obtained and examined by two pathologists (T.C.L. and T.S.S.) to identify the uninvolved proximal margin (terminal ileum) of each resection. These tissue sections were then further evaluated to identify those that met the histological inclusion criteria for this study. The criteria were that the sample had at least 100 well-oriented intestinal crypts (contained crypt lumens that extended from the apex to the base of the crypt) and absent/minimal active or chronic inflammatory disease (e.g., cryptitis, crypt abscess, architectural distortion, pyloric gland metaplasia, etc.).The study protocol was approved by the Institutional Review Board of Washington University. Patients were recruited by the Washington University Digestive Diseases Research Core Center (DDRCC). Written informed consent was obtained from all study participants prior to inclusion in the study. For samples that met the histological inclusion criteria, two fresh, unstained 5-µm FFPE tissue sections on glass microscope slides were obtained. Slides were not baked after cutting. For each sample, the two tissue sections were scraped off of the slides using a clean razor and placed in 1.5 mL Eppendorf tubes. The tubes were briefly centrifuged to place the sample towards the bottoms or sides of the tube. RNA extraction and DNase treatment was performed using the RNeasy FFPE kit (Qiagen) according to the manufacturer’s instructions, using the Xylene protocol for the paraffin removal step and 30 µL RNase-free H2O for the elution step. RNA was initially quantified by NanoDrop. Subsequent total RNA quantification and quality assessment was performed by Bioanalyzer 2100 (Agilent Technologies). Samples were excluded from the study if >20% of the RNA fragments were >200 base pairs in length, as determined with the Bioanalyzer software. Library preparation was performed by the Genome Technology Access Center (GTAC) at Washington University. Library preparation used 150 ng of total RNA. ds-cDNA was generated using the Ovation RNA-seq FFPE system (Nugen, per manufacturer’s instructions). cDNA was blunt ended, had an A base added to the 3’ ends, and then had Illumina sequencing adapters ligated to the ends. Ligated fragments were then amplified for 12 cycles using primers incorporating unique index tags.;SINGLE;;ILLUMINA;;;;;;;;;;Illumina HiSeq 2000 sequencing: RNA-seq of formalin-fixed, paraffin-embedded uninvolved terminal ileal tissue obtained from ileo-colic resection surgeries of Crohn’s disease and control patients;;;Small Intestine - Ileum;;
PRJNA625391;16/04/2020;RNA-seq of matched adjacent normal and primary tumor samples from 33 HCC patients;;SRR11547423;SAMN14599289;Human sample from Homo sapiens;Human sample from Homo sapiens;25;Inverse rRNA;TRANSCRIPTOMIC;RNA-Seq;;PAIRED;;ILLUMINA;;;;;Liver tissue;;normal;;;Illumina HiSeq 2500 sequencing: RNA-Seq of Homo sapiens :liver;;;Liver;;
PRJNA533799;30/10/2019;A Novel LincRNA HERES Epigenetically Regulates Wnt Signaling Pathway via Interaction with EZH2 in Esophageal Squamous Cell Carcinoma;A Novel LincRNA HERES Epigenetically Regulates Wnt Signaling Pathway via Interaction with EZH2 in Esophageal Squamous Cell Carcinoma;SRR10173249;SAMN12828236;Patient_16_normal;Patient_16_normal;0;cDNA;TRANSCRIPTOMIC;RNA-Seq;Total RNA was extracted from ESCC tissues using TRIzol reagent (Invitrogen) for construction of RNA-seq libraries. The sequencing library was prepared from 1 ug of total RNA using Illumina TruSeq Stranded Total RNA Library Prep Kit with Ribo-Zero Human/Mouse/Rat (RS-122-2203).;PAIRED;;ILLUMINA;;;;;ESCC;;;;;Illumina HiSeq 2000 sequencing: GSM4094345: Patient_16_normal Homo sapiens RNA-Seq;;tumor-adjacent;Esophagus;;
PRJNA253002;19/11/2015;Human cortical transcriptome informs brain imaging;Homo sapiens;SRR1424666;SAMN02866061;Human_1581_BA6_10;Human_1581_BA6_10;;cDNA;TRANSCRIPTOMIC;RNA-Seq;All RNA samples were examined for quantity and quality by NanoDrop and Bioanalyzer (Agilent). Samples were randomized for RNA extractions and sequencing. 5ug of total RNA were treated with a Ribominus column according to the manufacturer’s instructions to remove ribosomal RNA. Libraries were prepared using an Illumina TruSeq kit according to the manufacturer’s instructions.;SINGLE;;ILLUMINA;;;;;;;;;;Illumina HiSeq 2000 sequencing: GSM1414939: Human_1581_BA6_10 Homo sapiens RNA-Seq;;;Brain - Motor Cortex;;
PRJNA486023;14/03/2019;Fudan University Shanghai Cancer Center Triple Negative Breast Cancer (FUSCCTNBC);Homo sapiens;SRR8518432;SAMN09836923;Human sample from Homo sapiens;Human sample from Homo sapiens;Lib_FUSCCTNBC032.PT;Inverse rRNA;TRANSCRIPTOMIC;RNA-Seq;;PAIRED;;ILLUMINA;;;;;Paired normal breast tissue;;FUSCCTNBC032;;;HiSeq X Ten sequencing: RNAseq of Homo sapiens: triple negative breast cancer from FUSCCTNBC project;;tumor-adjacent;Breast;;
PRJNA680762;24/09/2021;Identification and evolutionary comparison of circular RNAs in five mammalian species and three organs.;Identification and evolutionary comparison of circular RNAs in five mammalian species and three organs.;SRR13142163;SAMN16912812;rrhs_ce1;rrhs_ce1;;cDNA;TRANSCRIPTOMIC;RNA-Seq;Tissue was dissected at indicated ages (see section ”Samples” in GEO metadata). RNA for mouse, rat, rhesus and human was extracted using the RNeasy protocol from QIAGEN for opossum, a TRIzol/chloroform-based protocol was used. Tissues were stored at -80 C until library preparation. We used 5µg of RNA per tissue as starting material for library preparation, which were treated with RNase R for 1 h at 37 ̊C to degrade linear RNAs, followed by RNA purification with RNA Clean & Concentrator-5 kit (Zymo Research) according to the manufacturer's protocol. Libraries were prepared from the purified RNA with the Illumina TruSeq Stranded Total RNA with Ribo-Zero Gold according to the protocol with the following modifications to select larger fragments: 1). Instead of the recommended 8 min at 68 ̊C for fragmentation, we incubated samples for only 4 min at 68 ̊C to increase the fragment size 2). In the final PCR clean-up after enrichment of the DNA fragments, we changed the 1:1 ratio of DNA to AMPure XP Beads to a 0.7:1 ratio to select for binding of larger fragments. Libraries were analyzed on the fragment analyzer for their quality and sequenced with the Illumina HiSeq 2500 platform.;PAIRED;;ILLUMINA;;;;;Cerebellum;;;;;Illumina HiSeq 2500 sequencing: GSM4943573: rrhs_ce1 Homo sapiens RNA-Seq;;;Brain - Cerebellum;;
PRJNA540989;08/07/2022;Annotation and functional characterization of long noncoding RNAs deregulated in pancreatic adenocarcinoma;Annotation and functional characterization of long noncoding RNAs deregulated in pancreatic adenocarcinoma;SRR9007563;SAMN11569854;Non-tumor 11N;Non-tumor 11N;;cDNA;TRANSCRIPTOMIC;RNA-Seq;Surgical fragments of PDAC and peritumoral nonmalignant tissues were collected and snap frozen in liquid nitrogen. RNA was isolated using the Trizol reagent (ThermoFisher) and purified according to the manufacturer's protocol. RNA-Seq libraries were generated using the Illumina TruSeq Stranded Total RNA LT sample preparation kit with Ribo-Zero Gold (Cat# RS-122-2001) according to the standard manufacturer's protocol (Part no. 15031048 Rev. D April 2013).;PAIRED;;ILLUMINA;;;;;Non-tumor-adjacent pancreatic tissue;;;;;Illumina HiSeq 1500 sequencing: GSM3747778: Non-tumor 11N Homo sapiens RNA-Seq;;tumor-adjacent;Pancreas;;
PRJNA742971;12/11/2022;A resource for integrated genomic analysis of the human liver;A resource for integrated genomic analysis of the human liver;SRR15013637;SAMN19988529;SJLB491;SJLB491;;cDNA;TRANSCRIPTOMIC;RNA-Seq;Total RNA was extracted from tissue homogenized in TRIzol reagent, followed by Qiagen RNAeasy cleanup mRNA libraries were prepared using the Illuminia TruSeq Stranded Total RNA with Ribo-Zero protocol;PAIRED;;ILLUMINA;;;;;liver;;;;;Illumina HiSeq 2000 sequencing: GSM5412272: SJLB491 Homo sapiens RNA-Seq;check ribozero;likely postmportem;Liver;;
PRJNA253002;19/11/2015;Human cortical transcriptome informs brain imaging;Homo sapiens;SRR1424684;SAMN02866075;Human_1905_BA46_8;Human_1905_BA46_8;;cDNA;TRANSCRIPTOMIC;RNA-Seq;All RNA samples were examined for quantity and quality by NanoDrop and Bioanalyzer (Agilent). Samples were randomized for RNA extractions and sequencing. 5ug of total RNA were treated with a Ribominus column according to the manufacturer’s instructions to remove ribosomal RNA. Libraries were prepared using an Illumina TruSeq kit according to the manufacturer’s instructions.;SINGLE;;ILLUMINA;;;;;;;;;;Illumina HiSeq 2000 sequencing: GSM1414957: Human_1905_BA46_8 Homo sapiens RNA-Seq;;;Brain - Middle Frontal Gyrus;;
PRJNA863260;29/07/2023;Pityriasis rubra pilaris transcriptomics implicate IL-17 signaling and correlate with response to IL-17A inhibition;Pityriasis rubra pilaris transcriptomics implicate IL-17 signaling and correlate with response to IL-17A inhibition;SRR20695338;SAMN30025506;ctrl_dermis [n126];ctrl_dermis [n126];GSM6412014;cDNA;TRANSCRIPTOMIC;RNA-Seq;"Qiagen RNA and purification kit ""Illumina Stranded Total RNA Prep, Ligation with Ribo-Zero Plus” using 100ng of total RNA as input and 14 rounds of amplification";PAIRED;;ILLUMINA;;;;;dermis;;;;;Illumina NovaSeq 6000 sequencing: GSM6412014: ctrl_dermis [n126] Homo sapiens RNA-Seq;;;Skin - Dermis;;1
PRJNA901967;02/01/2023;Placental Inflammation Significantly Correlates with Reduced Risk for Retinopathy of Prematurity;Placental Inflammation Significantly Correlates with Reduced Risk for Retinopathy of Prematurity;SRR22301790;SAMN31742743;18942X1 15A_P-1;18942X1 15A_P-1;GSM6733284;cDNA;TRANSCRIPTOMIC;RNA-Seq;RNA was harvested using Qiagen ALL PREP Universal Whole transcriptome expression analysis was performed on fetal surface placental tissues using the Illumina Stranded Total RNA Kit with Ribo-Zero Plus per the standard protocol;PAIRED;;ILLUMINA;;;placental villous tissue;;Placenta;;;;;Illumina NovaSeq 6000 sequencing: GSM6733284: 18942X1 15A_P-1 Homo sapiens RNA-Seq;some retinopathies;healthy;Placenta;;
PRJNA376161;25/01/2018;Coding and noncoding transcriptome sequencing of KRAS mutated colorectal tumors and adjacent tissues from cancer patients and KRAS mutated Aberrant Crypt Foci and matching normal crypts from healthy individuals [RNA-Seq];Homo sapiens;SRR5275294;SAMN06350954;RNA-seq on adjacent normal colon, patient #16;RNA-seq on adjacent normal colon, patient #16;;cDNA;TRANSCRIPTOMIC;RNA-Seq;CRYPTS: Laser Capture Microdissection of ACF and matched normal biopsies: an ArcturusXT Laser Capture Microdissection system was used to isolate a minimum of 1 mm2 of tissue (~10.000 cells) from 12 μm-thick frozen serial sections. For RNA extracted from ACF, depletion of rRNA was done using the RiboZero Magnetic Kit according to the “Protocol for Removal of rRNA from Small Amounts of Total RNA” (Clontech). Subsequently, dscDNA library preparation and amplification were done using the SMARTer Stranded RNA-Seq Kit (Clontech) according to the manufacturer's protocol.;SINGLE;;ILLUMINA;;;;;normal colonic crypt;;;;;Illumina HiSeq 2500 sequencing: GSM2496709: RNA-seq on normal crypts, patient #178 Homo sapiens RNA-Seq;;;Colon - Crypt of Lieberk�hn;;
PRJEB43164;21/05/2023;Bulk RNA-seq of paired human brown and white adipocytes;Bulk RNA-seq of paired human brown and white adipocytes;ERR5320472;SAMEA8103246;92_W_0;Protocols: Human adipose tissue was obtained from the central compartment of the neck, superior to the clavicle and deep to the lateral thyroid lobe either adjacent to the longus colli muscle or to the oesophagus (brown adipose tissue BAT) and more superficially from the subcutaneous neck tissue (white adipose tissue WAT). The stromal vascular fraction was isolated and cultured as described (Ramage, Akyol et al. 2016 doi: 10.1016/j.cmet.2016.06.011). Following differentiation, cells were cultured in serum-stripped medium for 48 hours prior to RNA extraction and subsequent bulk RNA-seq. Sample 91 – age (years): 41 sex: female height (m): 1.52 weight (Kg): 63.5 BMI (kg/m2): 27.48 Sample 92 – age (years): 59 sex: female height (m): 1.57 weight (Kg): 60.4 BMI (kg/m2): 24.50 Sample 93 – age (years): 52 sex: female height (m): 1.70 weight (Kg): 114 BMI (kg/m2): 39.45 Sample 95 – age (years): 50 sex: female height (m): 1.72 weight (Kg): 66 BMI (kg/m2): 22.31 Total RNA samples were assessed on the Agilent Bioanalyser (Agilent Technologies, #G2939AA) with the RNA 6000 Nano Kit (#5067-1511) for quality and integrity of total RNA. Samples were DNase-treated using the TURBO DNA-free™ kit (Thermo Fisher, #AM1907) and then quantified using the Qubit 2.0 Fluorometer (Thermo Fisher Scientific Inc, #Q32866) and the Qubit RNA BR assay kit (#Q10210), and assessed for residual DNA contamination using the Qubit dsDNA HS assay Kit (catalogue # Q32851). Libraries were prepared from each TURBO™ DNase treated total-RNA sample using the TruSeq Stranded Total RNA with Ribo-Zero kit (#RS-122-2201) according to the provided protocol. 100ng of total-RNA was processed to deplete rRNA before being purified, fragmented and primed with random hexamers. Primed RNA fragments were reverse transcribed into first strand cDNA using reverse transcriptase and random primers. RNA templates were removed and a replacement strand synthesised incorporating dUTP in place of dTTP to generate ds cDNA. AMPure XP beads (Beckman Coulter, #A63881) were then used to separate the ds cDNA from the second strand reaction mix, providing blunt-ended cDNA. A single 'A' nucleotide was added to the 3' ends of the blunt fragments to prevent them from ligating to another during the subsequent adapter ligation reaction, and a corresponding single 'T' nucleotide on the 3' end of the adapter provided a complementary overhang for ligating the adapter to the fragment. Multiple indexing adapters were then ligated to the ends of the ds cDNA to prepare them for hybridisation onto a flow cell, before 15 cycles of PCR were used to selectively enrich those DNA fragments that had adapter molecules on both ends and amplify the amount of DNA in the library suitable for sequencing. Libraries were quantified using the Qubit dsDNA HS kit and by PCR using the Kapa Universal Illumina Library Quantification kit complete kit (#KK4824) and assessed for quality using the Agilent Bioanalyser with the DNA HS Kit.;92_W_0_p;RT-PCR;GENOMIC;RNA-Seq;Human adipose tissue was obtained from the central compartment of the neck, superior to the clavicle and deep to the lateral thyroid lobe either adjacent to the longus colli muscle or to the oesophagus (brown adipose tissue BAT) and more superficially from the subcutaneous neck tissue (white adipose tissue WAT). The stromal vascular fraction was isolated and cultured as described (Ramage, Akyol et al. 2016 doi: 10.1016/j.cmet.2016.06.011). Following differentiation, cells were cultured in serum-stripped medium for 48 hours prior to RNA extraction and subsequent bulk RNA-seq. Sample 91 – age (years): 41 sex: female height (m): 1.52 weight (Kg): 63.5 BMI (kg/m2): 27.48 Sample 92 – age (years): 59 sex: female height (m): 1.57 weight (Kg): 60.4 BMI (kg/m2): 24.50 Sample 93 – age (years): 52 sex: female height (m): 1.70 weight (Kg): 114 BMI (kg/m2): 39.45 Sample 95 – age (years): 50 sex: female height (m): 1.72 weight (Kg): 66 BMI (kg/m2): 22.31 Total RNA samples were assessed on the Agilent Bioanalyser (Agilent Technologies, #G2939AA) with the RNA 6000 Nano Kit (#5067-1511) for quality and integrity of total RNA. Samples were DNase-treated using the TURBO DNA-free™ kit (Thermo Fisher, #AM1907) and then quantified using the Qubit 2.0 Fluorometer (Thermo Fisher Scientific Inc, #Q32866) and the Qubit RNA BR assay kit (#Q10210), and assessed for residual DNA contamination using the Qubit dsDNA HS assay Kit (catalogue # Q32851). Libraries were prepared from each TURBO™ DNase treated total-RNA sample using the TruSeq Stranded Total RNA with Ribo-Zero kit (#RS-122-2201) according to the provided protocol. 100ng of total-RNA was processed to deplete rRNA before being purified, fragmented and primed with random hexamers. Primed RNA fragments were reverse transcribed into first strand cDNA using reverse transcriptase and random primers. RNA templates were removed and a replacement strand synthesised incorporating dUTP in place of dTTP to generate ds cDNA. AMPure XP beads (Beckman Coulter, #A63881) were then used to separate the ds cDNA from the second strand reaction mix, providing blunt-ended cDNA. A single 'A' nucleotide was added to the 3' ends of the blunt fragments to prevent them from ligating to another during the subsequent adapter ligation reaction, and a corresponding single 'T' nucleotide on the 3' end of the adapter provided a complementary overhang for ligating the adapter to the fragment. Multiple indexing adapters were then ligated to the ends of the ds cDNA to prepare them for hybridisation onto a flow cell, before 15 cycles of PCR were used to selectively enrich those DNA fragments that had adapter molecules on both ends and amplify the amount of DNA in the library suitable for sequencing. Libraries were quantified using the Qubit dsDNA HS kit and by PCR using the Kapa Universal Illumina Library Quantification kit complete kit (#KK4824) and assessed for quality using the Agilent Bioanalyser with the DNA HS Kit.;PAIRED;;ILLUMINA;;;;;;;;;;NextSeq 550 sequencing: Bulk RNA-seq of paired human brown and white adipocytes;;cultured cells;Adipose - Subcutaneous;;
PRJNA574470;12/05/2020;Hippocampal Subfield Transcriptome Analysis in Schizophrenia Psychosis;Hippocampal Subfield Transcriptome Analysis in Schizophrenia Psychosis;SRR10192640;SAMN12858843;CA1_CTL_0832;CA1_CTL_0832;;1;TRANSCRIPTOMIC;RNA-Seq;Total RNA was extracted and purified using a protocol combining Trizol and chloroform extraction, the GeneJET RNA Purification Kit, and a motorized mini-pestle vibrator for tissue homogenization. RNA purity and concentration were assessed on the Nanodrop spectrophotometer and Agilent2100 Bioanalyzer for RNA Integrity number (RIN) determination. Total RNA was rRNA ribo-depleted, and strand-specific cDNA libraries were synthesized before sequencing on an Illumina HiSeq 2500 sequencer. Stranded, single-end 50-base-pair reads were generated for the preliminary CA3 cohort data. Stranded paired-end 100-base-pair reads were generated for additional cohorts. Libraries and sequencing were performed at the UTSW McDermott Sequencing Core and UTSW Genomics & Microarray Core.;PAIRED;;ILLUMINA;;;;;hippocampus;;;;;Illumina HiSeq 2500 sequencing: GSM4098904: CA1_CTL_0832 Homo sapiens RNA-Seq;;;Brain - Hippocampus;;
PRJNA253002;19/11/2015;Human cortical transcriptome informs brain imaging;Homo sapiens;SRR1424690;SAMN02866084;Human_4915_BA9_1;Human_4915_BA9_1;;cDNA;TRANSCRIPTOMIC;RNA-Seq;All RNA samples were examined for quantity and quality by NanoDrop and Bioanalyzer (Agilent). Samples were randomized for RNA extractions and sequencing. 5ug of total RNA were treated with a Ribominus column according to the manufacturer’s instructions to remove ribosomal RNA. Libraries were prepared using an Illumina TruSeq kit according to the manufacturer’s instructions.;SINGLE;;ILLUMINA;;;;;;;;;;Illumina HiSeq 2000 sequencing: GSM1414963: Human_4915_BA9_1 Homo sapiens RNA-Seq;;;Brain - Dorsolateral Prefrontal Cortex;;
PRJNA533799;30/10/2019;A Novel LincRNA HERES Epigenetically Regulates Wnt Signaling Pathway via Interaction with EZH2 in Esophageal Squamous Cell Carcinoma;A Novel LincRNA HERES Epigenetically Regulates Wnt Signaling Pathway via Interaction with EZH2 in Esophageal Squamous Cell Carcinoma;SRR8931999;SAMN11467200;Patient_07_normal;Patient_07_normal;0;cDNA;TRANSCRIPTOMIC;RNA-Seq;Total RNA was extracted from ESCC tissues using TRIzol reagent (Invitrogen) for construction of RNA-seq libraries. The sequencing library was prepared from 1 ug of total RNA using Illumina TruSeq Stranded Total RNA Library Prep Kit with Ribo-Zero Human/Mouse/Rat (RS-122-2203).;PAIRED;;ILLUMINA;;;;;ESCC;;;;;Illumina HiSeq 2000 sequencing: GSM3731546: Patient_07_normal Homo sapiens RNA-Seq;;tumor-adjacent;Esophagus;;
PRJNA342787;06/10/2016;Transcriptional profiling of Myotonic dystrophy muscle and heart;Homo sapiens;SRR4240786;SAMN05768126;Quad_Control_8;Quad_Control_8;;cDNA;TRANSCRIPTOMIC;RNA-Seq;Frozen tissue samples were lysed using a homogenizer in Trizol. Chloroform was added and mixed, and the aqueous layer was added to isopropanol to precipitate RNA. The RNA was then cleaned up on RNeasy columns (Qiagen) with on column DNase treatment. Strand-specific libraries (using dUTP incorporation during reverse transcription, and USER treatment prior to PCR) were prepared using standard protocols. RNA was first fragmented, and then ribosomal RNA was subtracted using ribo-zero beads from Epicentre Biotechnologies. Reverse transcription was performed using random primers, followed by 2nd strand cDNA synthesis, end repair, adenylation, and ligation of adapters. Products were run on agarose, size selected, and then subjected to 14-18 cycles of PCR.;PAIRED;;ILLUMINA;;;;;Quadriceps muscle;;;;;Illumina HiSeq 2000 sequencing: GSM2309559: Quad_Control_8 Homo sapiens RNA-Seq;;;Muscle - Skeletal;;
PRJNA901967;02/01/2023;Placental Inflammation Significantly Correlates with Reduced Risk for Retinopathy of Prematurity;Placental Inflammation Significantly Correlates with Reduced Risk for Retinopathy of Prematurity;SRR22301788;SAMN31742741;18942X3 26A_P-1;18942X3 26A_P-1;GSM6733286;cDNA;TRANSCRIPTOMIC;RNA-Seq;RNA was harvested using Qiagen ALL PREP Universal Whole transcriptome expression analysis was performed on fetal surface placental tissues using the Illumina Stranded Total RNA Kit with Ribo-Zero Plus per the standard protocol;PAIRED;;ILLUMINA;;;placental villous tissue;;Placenta;;;;;Illumina NovaSeq 6000 sequencing: GSM6733286: 18942X3 26A_P-1 Homo sapiens RNA-Seq;some retinopathies;healthy;Placenta;;
PRJEB34402;23/01/2020;Epigenetically Modulated Gene Expression Changes Result in Enhanced Neoplastic Activity in Oropharyngeal Cancer Patients from North East India;;ERR3549180;SAMEA5970047;Oropharyngeal Cancer Patient;Adjacent Normal;TruSeq;Inverse rRNA selection;TRANSCRIPTOMIC;RNA-Seq;Illumina TruSeq RNA sample preparation;PAIRED;;ILLUMINA;;;;;;;;;oropharynx;Illumina HiSeq 2500 paired end sequencing;;tumor-adjacent;Oropharynx;;
