study_accession;first_public;study_title;project_name;run_accession;sample_accession;sample_title;sample_description;library_name;library_selection;library_source;library_strategy;library_construction_protocol;library_layout;rna_integrity_num;instrument_platform;rt_prep_protocol;cell_line;cell_type;tissue_lib;tissue_type;host_phenotype;isolate;age;host_body_site;description;note;origin;Gtex;;
PRJNA817436;24/12/2023;Exercise-induced Crosstalk between Immune Cells and Adipocytes in Humans: Role of Oncostatin-M;Exercise-induced Crosstalk between Immune Cells and Adipocytes in Humans: Role of Oncostatin-M;SRR18363200;SAMN26788721;63_PRE;63_PRE;GSM5960725;cDNA;TRANSCRIPTOMIC;RNA-Seq;Approximately 30 mg of adipose tissue was used for RNA extraction. Tissues were homogenized using TissueLyser (Qiagen) in 1 mL TRIzol (Sigma-Aldrich). Chloroform was added, samples were mixed, subjected to centrifugation, and the aqueous phase was transferred to a new tube. Thereafter, 1:1 70% ethanol was added, and the total volume was loaded on silica-membrane columns. RNA extraction was performed using a commercially available kit (Rneasy lipid tissue kit, Qiagen). RNA concentration and purity were assessed by absorbance at 260 and 280 nm using NanoDrop One (Thermo Fisher Scientific, Waltham, MA). Aliquots of RNA (300 ng) were analyzed using the Illumina TruSeq Stranded Total RNA with Ribo-Zero Gold protocol (Illumina) as described (ref). Ribosomal RNA was removed from the sample using 35 μl of rRNA removal beads (Illumina) on a magnetic plate followed by cleanup of the ribosomal-depleted RNA with 193 μl of Agencourt RNAClean XP beads (Beckman Coulter), 70% ethanol wash, and elution into 10 μl elution buffer (Illumina). The RNA sample was fragmented for 4 min at 94°C in Elute, Prime, Fragment High Mix (Illumina) and then subjected to first-strand cDNA synthesis with 1 μl of Superscript III reverse transcriptase (Life Technologies) per sample using a thermocycler programmed to 25°C for 10 min, 50°C for 15 min, and 70°C for 15 min. Second-strand cDNA was synthesized by addition of Second-Strand Marking Master Mix, and samples were incubated at 16°C for 60 min. Samples were subjected to another bead cleanup before A-tailing and ligation of adapters as per kit instructions (Illumina). Following a third bead cleanup, samples were enriched for DNA fragments by amplification using the Illumina polymerase chain reaction (PCR) Primer Cocktail and PCR Master Mix, subjected to 98°C for 30 min, followed by a predefined cycle (98°C for 10 s, 60°C for 30 s, and 72°C for 30 s) that was repeated 3 to 15 times, on the basis of each individual sample, and finally incubated for 5 min at 72°C. Samples were cleaned and validated for DNA concentration using the Qubit dsDNA HS assay kit (Invitrogen) and for base pair size and purity using the Agilent High Sensitivity DNA chip and Bioanalyzer instrument. 38-bp paired-end sequencing on a NextSeq500;PAIRED;;ILLUMINA;;;;;Adipose tissue biopsy;;;;;NextSeq 500 sequencing: GSM5960725: 63_PRE Homo sapiens RNA-Seq;;;Adipose;;
PRJNA270632;27/06/2015;Tissue-specific circular RNA induction during human fetal development;Homo sapiens;SRR1721299;SAMN03267772;Kidney_16wk;Kidney_16wk;;cDNA;TRANSCRIPTOMIC;RNA-Seq;Fetal tissue samples <100 mg in size were placed into DNase- and RNase-free 1.5 ml microfuge tubes containing 1 ml of RNAlater RNA Stabilization Reagent (Qiagen) within 1 hour of the pregnancy termination procedure. After storage at room temperature for a period of 24-72 h, excess RNAlater was removed from the microfuge tubes and the samples were placed in the -80oC freezer for storage until RNA isolation was performed. The tissues were lysed in mirVana (Life Technologies) lysis buffer, using a Mini-Beadbeater-16 (Biospec), with agitation for 1 min in the presence of 1 mm zirconia beads. Samples were then centrifuged at maximum speed in a tabletop microcentrifuge for 1 min and the lysed solution was transferred to a fresh microfuge tube. The remainder of the extraction was per the manufacturer's protocol for the mirVana kit (Life Technologies). Following RNA isolation (mirVana miRNA Isolation Kit, Life Technologies, Inc.), the RNA was quantified (Qubit RNA Assay Kit, Life Technologies, Inc.), and quality controlled (RNA6000 Nano Kit and BioAnalyzer 2100, Agilent). 200 ng to 1000 ng was used as input for the Illumina TruSeq Stranded Total RNA with Ribo-Zero Gold sample prep kit (Illumina, Inc.) and sequencing libraries were created according to the manufacturer’s protocol. Briefly, first both cytoplasmic and mitochondrial rRNA was removed by selectively hybridizing biotinylated probes to target sequences and using magnetic beads to capture the bound products. Following rRNA removal, the RNA was fragmented and copied into first strand cDNA using random primers and reverse transcriptase. Next, second strand cDNA synthesis was completed using DNA Polymerase I and RNase H. The cDNA was then ligated to Illumina supplied adapters and enriched with PCR to create the final cDNA libraries. The libraries were then pooled and sequenced on a HiSeq 2000 (Illumina, Inc.) instrument as per manufacturer’s instructions. Sequencing was performed up to 2 X 101 cycles.;PAIRED;;ILLUMINA;;;;;;;;;;Illumina HiSeq 2000 sequencing: GSM1567931: Kidney_16wk Homo sapiens RNA-Seq;;fetal;Kidney;;
PRJNA765370;27/11/2021;RNA-seq of HPV-negative Oral Squamous Cell Carcinoma Patients;RNA-seq of HPV-negative Oral Squamous Cell Carcinoma Patients;SRR16013051;SAMN21555489;OSCC_3-N;OSCC_3-N;;cDNA;TRANSCRIPTOMIC;RNA-Seq;Nucleic acids were extracted fresh frozen OSCC tissue and matched normal (oral mucosa) using the Qiagen AllPrep Kit (Qiagen, Germantown, Maryland, USA) in accordance with the manufacturer's instructions with purification of DNA and RNA from the same sample. TruSeq Stranded Total RNA with Ribo-Zero Gold (Human, Mouse, Rat) ribosomal depletion;PAIRED;;ILLUMINA;;;;;oral mucosa;;;;;Illumina NovaSeq 6000 sequencing: GSM5593751: OSCC_3-N Homo sapiens RNA-Seq;;tumor-adjacent;Mouth - Mucosa;;
PRJNA454694;09/02/2019;Sequencing based maternal whole blood expression changes with gestational age and labor in normal pregnancy;Sequencing based maternal whole blood expression changes with gestational age and labor in normal pregnancy;SRR7094278;SAMN09011918;Sample_25 [RNA-seq];Sample_25 [RNA-seq];;cDNA;TRANSCRIPTOMIC;RNA-Seq;RNA was isolated from  PAXgene® Blood RNA collection tube (BD 762165) as described in the PAXgene® Blood miRNA Kit Handbook (December, 2015). Purified RNA was quantified by UV spectrophotometry using the DropSense96® Microplate Spectrophotometer (Trinean) and quality assessed by microfluidics using the RNA ScreenTape on the Agilent 2200 TapeStation. Starting with 500 ng of total RNA, cDNA library templates were synthesized using the Illumina TruSeq® Stranded Total RNA LT (Set A) Kit with Ribo-Zero Globin rRNA reduction, as described in the TruSeq® Stranded Total RNA Sample Preparation Guide (Rev. E, October 2013). Libraries were validated using the HS D1000 ScreenTape on the Agilent 2200 TapeStation, and quantified on the Qubit® 2.0 Fluorometer by the Qubit® dsDNA HS Assay (ThermoFisher). The Illumina HiSeq 2500 instrument was used to cluster the samples onto the flow cell. The pools were put on at 10pM and run in rapid mode at 2×100 paired end. Illumina HiSeq Rapid PE Cluster kit V2 and HiSeq Rapid SBS kit v2 200 cycles was used.;PAIRED;;ILLUMINA;;;;;;;;;;Illumina HiSeq 2500 sequencing: GSM3124802: Sample_25 [RNA-seq] Homo sapiens RNA-Seq;;;Blood - Whole blood;;
PRJNA496323;27/01/2019;Atopic Dermatitis, Psoriasis and healthy control RNA-seq cohort;Atopic Dermatitis, Psoriasis and healthy control RNA-seq cohort;SRR8052767;SAMN10238609;CTRL_022_healthy;CTRL_022_healthy;;cDNA;TRANSCRIPTOMIC;RNA-Seq;5mm skin punch biopsies were stored in PaxGene tissue containers (PreAnalytiX) at -80°C until isolation of total RNA with the Qiagen AllPrep DNA/RNA Mini Kit preceded by an additional disruption/homogenization step with innuSPEED Lysis Tubes W (Analytik Jena) and Qiagen QIAshredder spin-columns. RNA samples were prepared for sequencing using the Illumina Truseq® Stranded total RNA Protocol in combination with the RiboZero rRNA removal Kit and sequenced on the HiSeq2500 with 2x125bp.;PAIRED;;ILLUMINA;;;;;;;;;;Illumina HiSeq 2500 sequencing: GSM3427927: CTRL_022_healthy Homo sapiens RNA-Seq;;Healthy;Skin;;
PRJNA835414;07/07/2022;Distinctive exercise-induced inflammatory response and exerkine induction in skeletal muscle of people with type 2 diabetes;Distinctive exercise-induced inflammatory response and exerkine induction in skeletal muscle of people with type 2 diabetes;SRR19095764;SAMN28101139;NGT_020_basal [P7401_133];NGT_020_basal [P7401_133];GSM6107935;cDNA;TRANSCRIPTOMIC;RNA-Seq;mRNA was extracted by mirVana miRNA Isolation Kit (ThermoFisher Scientific AM1560). Libraries were generated with TruSeq Stranded total RNA kit (Illumina 20020597) and ribosomal RNA removed with Ribo-Zero Plus rRNA depletion kit (Illumina 20037135);PAIRED;;ILLUMINA;;;;;Vastus Lateralis;;;;;Illumina HiSeq 2500 sequencing: GSM6107935: NGT_020_basal [P7401_133] Homo sapiens RNA-Seq;muscle;;Muscle - Skeletal;;
PRJNA946747;30/03/2023;Transcriptome Profiling of Intact Bowel Wall Reveals that PDE1A and SEMA3D are Possible Markers with Roles in Enteric Smooth Muscle Apoptosis, Proliferative Disorders, and Autonomic Nervous Abnormality in Crohn's Disease.;Transcriptome Profiling of Intact Bowel Wall Reveals that PDE1A and SEMA3D are Possible Markers with Roles in Enteric Smooth Muscle Apoptosis, Proliferative Disorders, and Autonomic Nervous Abnormality in Crohn's Disease.;SRR23920439;SAMN33831180;iCD6, male, 25 years old;iCD6, male, 25 years old;GSM7106755;cDNA;TRANSCRIPTOMIC;RNA-Seq;A. Add 600 μL Lysis/Binding Buffer to the cell or tissue lysate. Then add 30 μL miRNA Homogenate Additive to homogenate, and mix well by vortexing or inverting the tube several times. Leave the mixture on ice for 10 min. B. Add a volume of Acid-Phenol: Chloroform that is equal to the lysate volume before addition of the miRNA Homogenate Additive. Centrifuge for 5 min at maximum speed (10,000 x g) to separate the aqueous and organic phases. Carefully remove the aqueous (upper) phase without disturbing the lower phase, and transfer it to a fresh tube. C. Add 1.25 volumes of room temperature 100% ethanol to the aqueous phase. D. Pipet the lysate/ethanol mixture (from the previous step) onto the Filter Cartridge (Note: Up to 700 μL can be applied to a Filter Cartridge at a time.). Centrifuge for 30 sec at 13,000 rpm to pass the mixture through the filter. Discard the flow-through. E. Apply 350 μL miRNA Wash Solution 1 to the Filter Cartridge and centrifuge for 30 sec at 13,000 rpm. Discard the flow-through from the Collection Tube, and replace the Filter Cartridge into the same Collection Tube. F. The 10 μL DNase I and 70 μL Buffer RDD QIAGEN (#79254) were mixed. Then the mixture was added to the Filter Cartridge. Leave it at the room temperature for 15 min. G. Apply 350 μL miRNA Wash Solution 1 to the Filter Cartridge and centrifuge for 30 sec at 13,000 rpm. Discard the flow-through from the Collection Tube, and replace the Filter Cartridge into the same Collection Tube. H. Apply 500 μL Wash Solution 2/3 and centrifuge for 30 sec at 13,000 rpm. Draw it through the Filter Cartridge as in the previous step. Repeat with a second 500 μL aliquot of Wash Solution 2/3. I. Spin the assembly for 1 min to remove residual fluid from the filter. Transfer the Filter Cartridge into a fresh Collection Tube. Apply 100 μL of pre-heated (95°C) Elution Solution to the center of the filter. Leave it at the room temperature for 2 min. Spin for 20–30 sec at maximum speed to recover the RNA. Collect the eluate (which contains the RNA) and store it at -70°C. 1 Ribo-Zero Deplete and Fragment RNA a. Add 5 μL rRNA Binding Buffer and 5 μL rRNA Removal Mix-Gold to each well with 10 μL total RNA (1 μg). Gently pipette the entire volume up and down 6 times to mix thoroughly. b. Incubate the PCR plate at 68°C for 5 min, and then place at room temperature for 1 min. c. Add 35 μL of rRNA Removal Beads to each well of the new PCR plate. Adjust the pipette to 45 μL, then with the tip of the pipette at the bottom of the well, pipette quickly up and down 20 times to mix thoroughly. Incubate at room temperature for 1 min. Place the PCR plate on the magnetic stand at room temperature for 1 min. Transfer all of the supernatant from each well to the corresponding well of the new PCR plate. d. Add 99 μL of RNAClean XP beads (If starting with degraded total RNA, add 193 μL of RNAClean XP beads to each well) to each well of the PCR plate. Gently pipette the entire volume up and down 10 times to mix thoroughly. Incubate the PCR plate at room temperature for 15 min. e. Place the PCR plate on the magnetic stand at room temperature for 5 min. Remove and discard all of the supernatant from each well of the PCR plate. f. Add 200 μL freshly prepared 70% EtOH to each well. Incubate the PCR plate at room temperature for 30 s, and then remove and discard all of the supernatant from each well. Let the PCR plate stand at room temperature for 15 min to dry. g. Add 11 μL Elution Buffer to each well of the PCR plate. Gently pipette the entire volume up and down 10 times to mix thoroughly. Incubate the PCR plate at room temperature for 2 min. Place the PCR plate on the magnetic stand at room temperature for 5 min. Transfer 8.5 μL supernatant from the PCR plate to the new 0.2 ml tube. h. Add 8.5 μL Elute, Prime, Fragment High Mix to each well of the plate. Gently pipette the entire volume up and down 6 times to mix thoroughly. i. Incubate at 94°C for 8 min, hold at 4°C, and then centrifuge shortly 2 Synthesize First Strand cDNA a. Add 8 μL First Strand Synthesis Act D Mix and SuperScript II Reverse Transcriptase in each well of the PCR plate. Gently pipette the entire volume up and down 6 times to mix thoroughly. b. The mixture was incubated in the following progress: 25°C for 10 min, 42°C for 15 min, 70°C for 15 min, hold at 4°C. 3 Synthesize Second Strand cDNA a. Add 5 μL End Repair Control (2 μL End Repair Control + 98 μL Resuspension Buffer) in each well of the PCR plate. b. Add 20 μL Second Strand Marking Master Mix. Gently pipette the entire volume up and down 6 times to mix thoroughly. c. Incubate at 16°C for 60 min. Remove the plate from the thermal cycler. 4 Purification a. Add 90 μL mixed AMPure XP beads to each well of the plate. Gently pipette the entire volume up and down 10 times to mix thoroughly. Incubate the plate at room temperature for 15 min. b. Place it on the magnetic stand at room temperature for 5 min. c. Remove and discard 135 μL supernatant from each well of the plate. d. With the plate on the magnetic stand, add 200 μL freshly prepared 80% EtOH to each well. Incubate the plate at room temperature for 30 s, and then remove and discard all of the supernatant from each well. e. Repeat step d one time. f. Let the plate stand at room temperature for 15 min to dry, and then remove the plate from the magnetic stand. g. Add 17.5 μL Resuspension Buffer to each well of the plate. Gently pipette the entire volume up and down 10 times to mix thoroughly. h. Incubate the plate at room temperature for 2 min. Then place the plate on the magnetic stand at room temperature for 5 min. i. Transfer 15 μL supernatant from the plate to the new PCR plate. 5 Adenylate 3' Ends a. Add 2.5 μL of diluted A-Tailing Control (1 μL A-Tailing Control + 99 μL Resuspension Buffer) to each well of the plate. b. Add 12.5 μL of A-Tailing Mix to each well of the plate. Gently pipette the entire volume up and down 10 times to mix thoroughly. c. The mixture was incubated in the following progress: 37°C for 30 min, 70°C for 5 min, hold at 4°C. 6 Ligate Adapters a. Add 2.5 μL of diluted Ligation Control (1 μL Ligation Control + 99 μLResuspension Buffer) to each well of the plate. b. Add 2.5 μL of Ligation Mix to each well of the plate. c. Add 2.5 μL of RNA Adapter Index to each well of the plate. Gently pipette the entire volume up and down 10 times to mix thoroughly. d. Incubate at 30°C for 10 min. e. Add 5 μL of Stop Ligation Buffer to each well of the plate. Gently pipette the entire volume up and down 10 times to mix thoroughly. 7 Purification a. Add 42 μL of mixed AMPure XP Beads to each well of the plate. Gently pipette the entire volume up and down 10 times to mix thoroughly. Incubate the plate at room temperature for 15 min. b. Place the plate on the magnetic stand at room temperature for 15 min or until the liquid is clear. c. Remove and discard 79.5 μL supernatant from each well of the plate. d. With the plate on the magnetic stand, add 200 μL freshly prepared 80% EtOH to each well. Incubate the plate at room temperature for 30 s, and then remove and discard all of the supernatant from each well. e. Repeat step d one time for a total of two 80% EtOH washes. f. With the plate on the magnetic stand, let the samples air-dry at room temperature for 15 min. Remove the plate from the magnetic stand. g. Add 52.5 μL Resuspension Buffer to each well of the plate. Gently pipette the entire volume up and down 10 times to mix thoroughly. h. Incubate the plate at room temperature for 2 min. Place the plate on the magnetic stand at room temperature for 5 minutes or until the liquid is clear. i. Transfer 50 μL supernatant from each well of the plate to the corresponding well of the new PCR plate. j. Add 50 μL of mixed AMPure XP Beads to each well of the plate. Gently pipette the entire volume up and down 10 times to mix thoroughly. Incubate the plate at room temperature for 15 min. k. Place the plate on the magnetic stand at room temperature for 15 min or until the liquid is clear. l. Remove and discard 95 μL supernatant from each well of the plate. m. With the plate on the magnetic stand, add 200 μL freshly prepared 80% EtOH to each well. Incubate the plate at room temperature for 30 s, and then remove and discard all of the supernatant from each well. n. Repeat step m one time for a total of two 80% EtOH washes. o. With the plate on the magnetic stand, let the samples air-dry at room temperature for 15 min, and then remove the plate from the magnetic stand. p. Add 22.5 μL Resuspension Buffer to each well of the plate. Gently pipette the entire volume up and down 10 times to mix thoroughly. q. Incubate the plate at room temperature for 2 min. Place the plate on the magnetic stand at room temperature for 5 min or until the liquid is clear. r. Transfer 20 μL supernatant from each well of the plate to the corresponding well of the new PCR plate 8 Enrich DNA Fragments a. Add 5 μL of PCR Primer Cocktail to each well of the PCR plate. b. Add 25 μL of PCR Master Mix to each well of the PCR plate. Gently pipette the entire volume up and down to mix thoroughly. c. The mixture was incubated in the following progress: 1 cycle 98°C for 30 s 15 cycles 98°C for 10 s, 60°C for 30 s, 72°C for 30 s 1 cycle 72°C for 5 min hold at 10°C 9 Purification a. Add 50 μL of the mixed AMPure XP Beads to each well of the PCR plate. Gently pipette the entire volume up and down 10 times to mix thoroughly. Incubate the PCR plate at room temperature for 15 min. b. Place the plate on the magnetic stand at room temperature for 15 min or until the liquid is clear. c. Remove and discard 95 μL supernatant from each well of the PCR plate. d. With the PCR plate on the magnetic stand, add 200 μL freshly prepared 80% EtOH to each well. Incubate the PCR plate at room temperature for 30 s, and then remove and discard all of the supernatant from each well. e. Repeat step d one time for a total of two 80% EtOH washes. f. With the PCR plate on the magnetic stand, let the samples air-dry at room temperature for 15 min, and then remove the plate from the magnetic stand. g. Add 32.5 μL Resuspension Buffer to each well of the PCR plate. Gently pipette the entire volume up and down 10 times to mix thoroughly. h. Incubate the PCR plate at room temperature for 2 min. Place the PCR plate on the magnetic stand at room temperature for 5 min or until the liquid is clear. i. Transfer 30 μL supernatant from each well of the PCR plate to the corresponding well of the new PCR plate 10 Validate library a. Load 1 μL sample on an Agilent Technologies 2100 Bioanalyze. b. Check the size and purity of the sample.;PAIRED;;ILLUMINA;;;;;colon, intact bowel wall;;;;;HiSeq X Ten sequencing: GSM7106755: iCD6, male, 25 years old Homo sapiens RNA-Seq;Crohn's diseas;non-cancer disease;Colon;;
PRJNA374861;17/02/2018;Chemoprevention with COX2 and EGFR inhibition in FAP patients: mRNA signatures of duodenal neoplasia;Homo sapiens;SRR5259629;SAMN06339165;Base_Pt2;Base_Pt2;;cDNA;TRANSCRIPTOMIC;RNA-Seq;Qiagen RNAeasy Mini kit Illumina TruSeq Stranded Total RNA treated with Ribozero Gold, 50 cycle single end reads;SINGLE;;ILLUMINA;;;;;Uninvolved;;;;;Illumina HiSeq 2500 sequencing: GSM2491877: Base_Pt2 Homo sapiens RNA-Seq;;;Small Intestine - Duodenum;;
PRJNA997353;22/12/2023;Race-specific coregulatory and transcriptomic profiles associated with DNA methylation and androgen receptor in prostate cancer [RNA-Seq];Race-specific coregulatory and transcriptomic profiles associated with DNA methylation and androgen receptor in prostate cancer [RNA-Seq];SRR25387905;SAMN36678781;PT-00229031_NT_AA;PT-00229031_NT_AA;GSM7657497;cDNA;TRANSCRIPTOMIC;RNA-Seq;Illumina TruSeq Stranded Total RNA Library Prep Kit with Ribo-Zero Gol RNA libraries were prepared for sequencing using standard Illumina protocols;PAIRED;;ILLUMINA;;;;;prostate;;;;;Illumina HiSeq 2500 sequencing: GSM7657497: PT-00229031_NT_AA Homo sapiens RNA-Seq;;tumor-adjacent;Prostate;;
PRJNA742971;12/11/2022;A resource for integrated genomic analysis of the human liver;A resource for integrated genomic analysis of the human liver;SRR15013518;SAMN19988368;SJLB251;SJLB251;;cDNA;TRANSCRIPTOMIC;RNA-Seq;Total RNA was extracted from tissue homogenized in TRIzol reagent, followed by Qiagen RNAeasy cleanup mRNA libraries were prepared using the Illuminia TruSeq Stranded Total RNA with Ribo-Zero protocol;PAIRED;;ILLUMINA;;;;;liver;;;;;Illumina HiSeq 2000 sequencing: GSM5412175: SJLB251 Homo sapiens RNA-Seq;check ribozero;likely postmportem;Liver;;
PRJNA726237;17/11/2021;Ischemic heart disease selectively modifies the right atrial appendage transcriptome;Ischemic heart disease selectively modifies the right atrial appendage transcriptome;SRR14362364;SAMN18926144;(ICA)-positive IHD undergoing coronary artery bypass surgery, 12-03-15-HSN;(ICA)-positive IHD undergoing coronary artery bypass surgery, 12-03-15-HSN;;cDNA;TRANSCRIPTOMIC;RNA-Seq;During cardiac surgery, a biopsy sample of the RAA was collected from each patient. Tissue samples were collected at the cannulation site, the insertion site of the venous line for the heart–lung machine. Dissected biopsies were briefly washed in ice-cold sterile saline, cut into 0.5 cm thick tissue pieces, and immersed into 3 ml of RNAlater (Sigma Aldrich, Merck KGaA, Darmstadt, Germany) to inactivate RNAses and stabilize RNA. Samples were let to stabilize at +4°C for one day and stored at under -70°C until processing. Total RNA was isolated from RAA biopsies via initial ice-cold tissue homogenization using a Precellys 24 tissue homogenizer equipped with the Cryolys cooling option (Bertin Technologies SAS, Montigny-le-Bretonneux, France) followed by RNA isolation using combined QIAzol / chloroform extraction and Qiagen RNeasy mini spin column purification according to the manufacturer's instructions (Qiagen, Venlo, Netherlands). The sample RNA integrity number (RIN mean 7.95 ± 0.55 range 7.1–9.0) and total quantity (mean 3069.55 ± 1141.08 ng range 867.8–6855.0 ng) was evaluated in the Functional Genomics Unit (FuGU, University of Helsinki, Helsinki, Finland). Isolated total RNA was stored at under -70oC until sequencing. Ribosomal RNA was removed using the Ribo-ZeroTM Magnetic kit (Illumina Inc, San Diego, CA). RNA libraries were prepared for sequencing using standard Illumina protocols;PAIRED;;ILLUMINA;;;;;Heart (Atrial Appendage);;;;;Illumina HiSeq 4000 sequencing: GSM5271541: (ICA)-positive IHD undergoing coronary artery bypass surgery, 12-03-15-HSN Homo sapiens RNA-Seq;;non-cancer disease;Heart - Atrial appendage;;
PRJNA318642;11/08/2016;Transcriptome profiling of the human dorsal striatum in bipolar disorder;Homo sapiens;SRR3393496;SAMN04859347;control-11;control-11;;cDNA;TRANSCRIPTOMIC;RNA-Seq;Frozen postmortem dorsal striatum samples were transferred to RNAlater-ICE (Ambion) and stored at -20C upon receipt. Total RNA was extracted from dissected caudate-putamen tissue by Trizol (Life Technologies), column-purified by the RNeasy Lipid Tissue Kit (Qiagen) and treated with the Turbo DNA-free Kit (Life Technologies). RNA samples were assayed on the BioAnalyzer (Agilent, Santa Clara, CA) to obtain RNA integrity number (RIN) values. Ribosomal RNA (rRNA) was depleted from samples using the RiboMinus Eukaryote Kit v2 (Life Technologies). Strand-specific cDNA libraries were made using the Next Ultra Directional RNA Library Prep Kit (NEB) and sequenced on the Illumina HiSeq2000.;SINGLE;;ILLUMINA;;;;;;;;;;Illumina HiSeq 2000 sequencing: GSM2124742: control-11 Homo sapiens RNA-Seq;;postmortem;Brain - Dorsal Striatum;;
PRJNA625391;16/04/2020;RNA-seq of matched adjacent normal and primary tumor samples from 33 HCC patients;;SRR11547435;SAMN14599278;Human sample from Homo sapiens;Human sample from Homo sapiens;14;Inverse rRNA;TRANSCRIPTOMIC;RNA-Seq;;PAIRED;;ILLUMINA;;;;;Liver tissue;;normal;;;Illumina HiSeq 2500 sequencing: RNA-Seq of Homo sapiens :liver;;;Liver;;
PRJNA695543;01/02/2021;Transcriptome analysis discloses dysregulated genes in normal appearing tumor-adjacent thyroid tissues from patients with papillary thyroid carcinoma;Transcriptome analysis discloses dysregulated genes in normal appearing tumor-adjacent thyroid tissues from patients with papillary thyroid carcinoma;SRR13572929;SAMN17616098;NAT Rep18;NAT Rep18;;cDNA;TRANSCRIPTOMIC;RNA-Seq;Total RNA was isolated using TRIzol reagent (Invitrogen) according to the manufacturer's instructions. The purity of extracted RNA was measured using a NanoDrop ND-1000 spectrophotometer (NanoDrop Technologies, Inc., Wilmington, DE) and the concentration was assessed with Qubit 2.0 Fluorometer (Agilent Technologies, Santa Clara, CA) using an RNA HS Assay Kit. Samples with RNA Integrity Number (RIN) greater than 4 as assessed by a BioAnalyzer (Agilent) with no visible sign of genomic DNA contamination from the HS Nanochip tracings were used for total RNA library generation. RNA-seq libraries were prepared using the Illumina TruSeq Stranded Total RNA Sample Prep Kit with Ribo-Zero Gold (catalog #RS-122-2201) according to the manufacturer protocol. The sequencing was performed in paired end manner, generating 2 X 100 bp paired-end reads using the Illumina HiSeq 2500 system. Pre-alignment data QC were assessed with FastQC. Post-alignment data quality was assessed with an in-house quality control pipeline/database for RNA-seq database (14). RNA-seq data were trimmed for any adapter sequences using Adapter Removal (15).;PAIRED;;ILLUMINA;;;;;"Normal appearing thyroid tissue adjacent to PTC tumor;Thyroid";;;;;Illumina HiSeq 2500 sequencing: GSM5048806: N Rep48 Homo sapiens RNA-Seq;;tumor-adjacent;Thyroid Gland;;
PRJNA908818;25/06/2023;Effect of cigarette smoking on gene expression of peripheral blood B cells and on transcriptome changes by naïve-to-memory B cell shift;Effect of cigarette smoking on gene expression of peripheral blood B cells and on transcriptome changes by naïve-to-memory B cell shift;SRR22532366;SAMN32045259;;;GSM6788595;cDNA;TRANSCRIPTOMIC;RNA-Seq;Granulocytes were isolated directly from whole blood using anti-CD15+ antibody–coated magnetic beads following the protocol (Invitrogen). Density gradient centrifugation using Histopaque-1077 Ficoll medium and Accuspin™ Tubes (Sigma-Aldrich) was used to isolate the mononuclear layer of CD19+ B cells using antibody-coated magnetic beads (Invitrogen). RNA was harvested using RNeasy mini plus kit (Qiagen). Aliquots of RNA (375 ng) were used to generate poly-adenylated RNA libraries with TruSeq Stranded Total RNA Ribo-Zero Human Gold kit (Illumina). Samples were indexed with NEXTfle-96 RNA-Seq Barcodes (Bioo-scientific, Austin, TX).;PAIRED;;ILLUMINA;;;;;;;;;;Illumina NovaSeq 6000 sequencing: GSM6788595: F192-1_Bcell_nonSmoker Homo sapiens RNA-Seq;some smokers;;Blood - Granulocyte;;
PRJNA901461;02/02/2023;COVID-19 patient samples collected by the PREDICT-19 consortium;COVID-19 patient samples collected by the PREDICT-19 consortium;SRR22283278;SAMN31714437;Whole blood, healthy control, rep 57;Whole blood, healthy control, rep 57;;cDNA;TRANSCRIPTOMIC;RNA-Seq;Total RNA was isolated from whole blood samples stored and stabilized in PAXgene RNA tubes according to the manufacturer's guidelines (PreAnalytiX) Libraries were prepared with 300ng of total RNA per sample using the Illumina Stranded Total RNA Prep with Ribo-Zero Plus (RZP) as per manufacturer instructions (Illumina, CA, USA).;PAIRED;;ILLUMINA;;;;;Whole blood;;;;;Illumina NovaSeq 6000 sequencing: GSM7507796: Whole blood, COVID positive, rep 333 Homo sapiens RNA-Seq;;;Blood - Whole Blood;;
PRJNA454694;09/02/2019;Sequencing based maternal whole blood expression changes with gestational age and labor in normal pregnancy;Sequencing based maternal whole blood expression changes with gestational age and labor in normal pregnancy;SRR7094265;SAMN09011925;Sample_18 [RNA-seq];Sample_18 [RNA-seq];;cDNA;TRANSCRIPTOMIC;RNA-Seq;RNA was isolated from  PAXgene® Blood RNA collection tube (BD 762165) as described in the PAXgene® Blood miRNA Kit Handbook (December, 2015). Purified RNA was quantified by UV spectrophotometry using the DropSense96® Microplate Spectrophotometer (Trinean) and quality assessed by microfluidics using the RNA ScreenTape on the Agilent 2200 TapeStation. Starting with 500 ng of total RNA, cDNA library templates were synthesized using the Illumina TruSeq® Stranded Total RNA LT (Set A) Kit with Ribo-Zero Globin rRNA reduction, as described in the TruSeq® Stranded Total RNA Sample Preparation Guide (Rev. E, October 2013). Libraries were validated using the HS D1000 ScreenTape on the Agilent 2200 TapeStation, and quantified on the Qubit® 2.0 Fluorometer by the Qubit® dsDNA HS Assay (ThermoFisher). The Illumina HiSeq 2500 instrument was used to cluster the samples onto the flow cell. The pools were put on at 10pM and run in rapid mode at 2×100 paired end. Illumina HiSeq Rapid PE Cluster kit V2 and HiSeq Rapid SBS kit v2 200 cycles was used.;PAIRED;;ILLUMINA;;;;;;;;;;Illumina HiSeq 2500 sequencing: GSM3124795: Sample_18 [RNA-seq] Homo sapiens RNA-Seq;;;Blood - Whole blood;;
PRJNA326252;04/08/2016;Genome-wide expression screening discloses long noncoding RNAs involved in thyroid carcinogenesis;Homo sapiens;SRR3703035;SAMN05272491;Case11_N;Case11_N;;cDNA;TRANSCRIPTOMIC;RNA-Seq;Total RNA was isolated using TRIzol reagent (Invitrogen) according to the manufacturer's instructions. The purity of extracted RNA was measured using a NanoDrop ND- 1000 spectrophotometer (NanoDrop Technologies, Inc., Wilmington, DE) and the concentration was assessed with Qubit 2.0 Fluorometer (Agilent Technologies, Santa Clara, CA) using an RNA HS Assay Kit. Samples with RNA Integrity Number (RIN) greater than 4 as assessed by a BioAnalyzer (Agilent) with no visible sign of genomic DNA contamination from the HS Nanochip tracings were used for total RNA library generation. Used the Illumina TruSeq Stranded Total RNA Sample Prep Kit with Ribo-Zero Gold (catalog #RS-122-2201), which transformed RNA into cDNA. This kit employed Ribo-Zero to remove rRNA and mitochondrial RNA prior to library preparation. The protocol consisted of random primer and stranded RNA extraction, RNA fragmentation, reverse transcription, and 100bp paired-125 end sequencing using the Illumina HiSeq 2500 system.;PAIRED;;ILLUMINA;;;;;Noncancerous tissue;;;;;Illumina HiSeq 2500 sequencing: GSM2205863: Case11_N Homo sapiens RNA-Seq;;;Thyroid Gland;;
PRJNA448679;26/06/2018;Time series integrative analysis of RNA-Seq and miRNA expression data reveals key biologic pathways during keloid formation;;SRR6937800;SAMN08863057;K5-1st;Keloid data set RNA-Seq;605;Inverse rRNA;TRANSCRIPTOMIC;RNA-Seq;;PAIRED;;ILLUMINA;;;;;skin;;K5;;;Illumina HiSeq 2500 sequencing: RNA Seq of Keloid skin;;;Skin;;
PRJNA885014;05/10/2022;Transcriptomic analyses of normal-appearing CNS white matter from multiple sclerosis donors reveal subtype-specific molecular signatures of disease;Transcriptomic analyses of normal-appearing CNS white matter from multiple sclerosis donors reveal subtype-specific molecular signatures of disease;SRR21736658;SAMN31062711;CTL_NAWM_03;CTL_NAWM_03;GSM6604338;cDNA;TRANSCRIPTOMIC;RNA-Seq;Normal-appearing white matter was dissected from the obtained tissue block and total RNA was subsequently harvested using the TriReagent RNA extraction protocol. 1ug of total RNA per sample was subsequently used for the contructio of the sequencing library. Library preparation was performed at the Ramaciotti Centre for Genomics (Sydney,NSW) using Illumina® Stranded Total RNA with Ribo-Zero Plus.;SINGLE;;ILLUMINA;;;;;Brain white matter;;;;;Illumina NovaSeq 6000 sequencing: GSM6604338: CTL_NAWM_03 Homo sapiens RNA-Seq;;;Brain - White matter;;
PRJNA533799;30/10/2019;A Novel LincRNA HERES Epigenetically Regulates Wnt Signaling Pathway via Interaction with EZH2 in Esophageal Squamous Cell Carcinoma;A Novel LincRNA HERES Epigenetically Regulates Wnt Signaling Pathway via Interaction with EZH2 in Esophageal Squamous Cell Carcinoma;SRR8931999;SAMN11467200;Patient_07_normal;Patient_07_normal;0;cDNA;TRANSCRIPTOMIC;RNA-Seq;Total RNA was extracted from ESCC tissues using TRIzol reagent (Invitrogen) for construction of RNA-seq libraries. The sequencing library was prepared from 1 ug of total RNA using Illumina TruSeq Stranded Total RNA Library Prep Kit with Ribo-Zero Human/Mouse/Rat (RS-122-2203).;PAIRED;;ILLUMINA;;;;;ESCC;;;;;Illumina HiSeq 2000 sequencing: GSM3731546: Patient_07_normal Homo sapiens RNA-Seq;;tumor-adjacent;Esophagus;;
PRJNA742971;12/11/2022;A resource for integrated genomic analysis of the human liver;A resource for integrated genomic analysis of the human liver;SRR15013552;SAMN19988420;SJLB338;SJLB338;;cDNA;TRANSCRIPTOMIC;RNA-Seq;Total RNA was extracted from tissue homogenized in TRIzol reagent, followed by Qiagen RNAeasy cleanup mRNA libraries were prepared using the Illuminia TruSeq Stranded Total RNA with Ribo-Zero protocol;PAIRED;;ILLUMINA;;;;;liver;;;;;Illumina HiSeq 2000 sequencing: GSM5412191: SJLB338 Homo sapiens RNA-Seq;check ribozero;likely postmportem;Liver;;
PRJNA486023;14/03/2019;Fudan University Shanghai Cancer Center Triple Negative Breast Cancer (FUSCCTNBC);Homo sapiens;SRR8518269;SAMN09836997;Human sample from Homo sapiens;Human sample from Homo sapiens;Lib_FUSCCTNBC125.PT;Inverse rRNA;TRANSCRIPTOMIC;RNA-Seq;;PAIRED;;ILLUMINA;;;;;Paired normal breast tissue;;FUSCCTNBC125;;;HiSeq X Ten sequencing: RNAseq of Homo sapiens: triple negative breast cancer from FUSCCTNBC project;;tumor-adjacent;Breast;;
PRJNA454694;09/02/2019;Sequencing based maternal whole blood expression changes with gestational age and labor in normal pregnancy;Sequencing based maternal whole blood expression changes with gestational age and labor in normal pregnancy;SRR7094279;SAMN09011918;Sample_25 [RNA-seq];Sample_25 [RNA-seq];;cDNA;TRANSCRIPTOMIC;RNA-Seq;RNA was isolated from  PAXgene® Blood RNA collection tube (BD 762165) as described in the PAXgene® Blood miRNA Kit Handbook (December, 2015). Purified RNA was quantified by UV spectrophotometry using the DropSense96® Microplate Spectrophotometer (Trinean) and quality assessed by microfluidics using the RNA ScreenTape on the Agilent 2200 TapeStation. Starting with 500 ng of total RNA, cDNA library templates were synthesized using the Illumina TruSeq® Stranded Total RNA LT (Set A) Kit with Ribo-Zero Globin rRNA reduction, as described in the TruSeq® Stranded Total RNA Sample Preparation Guide (Rev. E, October 2013). Libraries were validated using the HS D1000 ScreenTape on the Agilent 2200 TapeStation, and quantified on the Qubit® 2.0 Fluorometer by the Qubit® dsDNA HS Assay (ThermoFisher). The Illumina HiSeq 2500 instrument was used to cluster the samples onto the flow cell. The pools were put on at 10pM and run in rapid mode at 2×100 paired end. Illumina HiSeq Rapid PE Cluster kit V2 and HiSeq Rapid SBS kit v2 200 cycles was used.;PAIRED;;ILLUMINA;;;;;;;;;;Illumina HiSeq 2500 sequencing: GSM3124802: Sample_25 [RNA-seq] Homo sapiens RNA-Seq;;;Blood - Whole blood;;
PRJNA478051;21/02/2020;Dynamics of the transcriptional landscape during human gonad development during fetal life;Dynamics of the transcriptional landscape during human gonad development during fetal life;SRR7430750;SAMN09495537;XX_17GW_p0_PF236;XX_17GW_p0_PF236;;cDNA;TRANSCRIPTOMIC;RNA-Seq;Total RNA were extracted from tissues using the RNeasy mini Kit (Qiagen), quantified using a NanoDrop™ 8000 spectrophotometer (Thermo Scientific) and quality controlled using a 2100 Electrophoresis Bioanalyzer (Agilent). Libraries of template molecules suitable for strand specific high throughput DNA sequencing were created using “TruSeq Stranded Total RNA with Ribo-Zero Gold Prep Kit” (catalog # RS-122-2301, Illumina Inc.). Briefly, the removal of cytoplasmic and mitochondrial ribosomal RNA (rRNA) was performed from 500 ng of total RNA using biotinylated, target-specific oligos combined with Ribo-Zero rRNA removal beads. Following purification, the RNA was fragmented using divalent cations under elevated temperature. The cleaved RNA fragments were copied into first strand cDNA using reverse transcriptase and random primers, followed by second strand cDNA synthesis using DNA Polymerase I and RNase H. The double stranded cDNA fragments were blunted using T4 DNA polymerase, Klenow DNA polymerase and T4 PNK. A single 'A' nucleotide was added to the 3' ends of the blunt DNA fragments using a Klenow fragment (3' to 5'exo minus) enzyme. The cDNA fragments were ligated to double stranded adapters using T4 DNA Ligase. The ligated products were enriched by PCR amplification (30 sec at 98°C [10 sec at 98°C, 30 sec at 60°C, 30 sec at 72°C] x 12 cycles 5 min at 72°C). Excess of PCR primers was removed by purification using AMPure XP beads (Agencourt Biosciences Corporation). Final cDNA libraries were quality-checked and quantified using a 2100 Electrophoresis Bioanalyzer (Agilent). The libraries were loaded in the flow cell at 7pM concentration and clusters were generated in the Cbot and sequenced in the Illumina Hiseq 2500 as paired-end 2x50 base reads following Illumina's instructions. Image analysis and base calling were performed using RTA 1.17.20 and CASAVA 1.8.2.;PAIRED;;ILLUMINA;;;;;Ovary;;;;;Illumina HiSeq 2500 sequencing: GSM3223701: XX_17GW_p0_PF236 Homo sapiens RNA-Seq;;;Ovary;;
PRJEB40695;29/10/2020;RNA-Seq of cultivated (i) bulk human thymic epithelial cells (hTECs) (ii) cortical hTECs (iii) medullary hTECs (iv) human thymic interstitial cells (hTICs);RNA-Seq of cultivated (i) bulk human thymic epithelial cells (hTECs) (ii) cortical hTECs (iii) medullary hTECs (iv) human thymic interstitial cells (hTICs);ERR4659273;SAMEA7377127;19PBR239;Protocols: detachment of cells from 2d dish, freezing of cultivated cells into RNAlater. TECs: growth onto irradiated 3T3-J2 feeder layer. TICs: cultuvation in MegaCell medium in 2d dish. RNeasy Plus Micro Kit, Qiagen. TruSeq® Stranded Total RNA.;19PBR239_p;Inverse rRNA;TRANSCRIPTOMIC;RNA-Seq;detachment of cells from 2d dish, freezing of cultivated cells into RNAlater. TECs: growth onto irradiated 3T3-J2 feeder layer. TICs: cultuvation in MegaCell medium in 2d dish. RNeasy Plus Micro Kit, Qiagen. TruSeq® Stranded Total RNA.;PAIRED;;ILLUMINA;;;thymic interstitial cell;;;;;;;Illumina NovaSeq 6000 sequencing: RNA-Seq of cultivated (i) bulk human thymic epithelial cells (hTECs) (ii) cortical hTECs (iii) medullary hTECs (iv) human thymic interstitial cells (hTICs);;;Thymus;;
PRJNA768868;06/01/2022;Transcriptomics of receptive endometrium in women with sonographic features of adenomyosis;Transcriptomics of receptive endometrium in women with sonographic features of adenomyosis;SRR16212318;SAMN22068489;K23;K23;;cDNA;TRANSCRIPTOMIC;RNA-Seq;Retrieved endometrial samples were immediately placed in RNAlater solution (Thermo Fisher Scientific Baltics UAB, Vilnius, Lithuania), stored overnight at +4 °C and then transferred to –80 °C. Total RNA was isolated using the miRNeasy Mini Kit (Qiagen GmbH, Hilden, Germany) according to the manufacturer's instructions. Each whole-tissue endometrial sample was first disrupted with a Bullet Blender Storm Pro homogenizer (Next Advance, lnc., Troy, NY, USA) using 1 mm zirconium oxide beads in 700 µL of QIAzol Lysis Reagent from the miRNeasy Mini Kit. Both lncRNA and mRNA 150 bp paired-end libraries were constructed and subsequently sequenced by Novogene Bioinformatics Technology Co., Ltd. (Hong Kong, China). Briefly, a total amount of 2 µg of RNA per sample was used for cDNA sequencing library preparation. Ribosomal RNA (rRNA) was removed using the Epicentre Ribo-zeroTM rRNA Removal Kit (Epicentre, Brooklyn, NY, USA), and the remaining RNA was used for library generation by the NEBNext® UltraTM Directional RNA Library Prep Kit for Illumina® (NEB, Ipswich, MA, USA). First, rRNA-depleted RNA samples were fragmented followed by first- and second-strand cDNA synthesis. The sequencing adaptors were ligated, and library fragments were purified to obtain cDNA fragments 150~200 bp in length. Polymerase chain reaction (PCR) amplification of size-selected, adaptor-ligated cDNA was performed using universal PCR primers and index primers. Index-coded samples were clustered by Illumina TruSeq PE Cluster Kit v3-cBot-Hs. Libraries were sequenced on an Illumina NovaSeq 6000 platform, which generated 150 bp paired-end reads.;PAIRED;;ILLUMINA;;;;;;;;;;Illumina NovaSeq 6000 sequencing: GSM5613999: K23 Homo sapiens RNA-Seq;;;Uterus - Endometrium;;
PRJNA742971;12/11/2022;A resource for integrated genomic analysis of the human liver;A resource for integrated genomic analysis of the human liver;SRR15013467;SAMN19988502;SJLB765;SJLB765;;cDNA;TRANSCRIPTOMIC;RNA-Seq;Total RNA was extracted from tissue homogenized in TRIzol reagent, followed by Qiagen RNAeasy cleanup mRNA libraries were prepared using the Illuminia TruSeq Stranded Total RNA with Ribo-Zero protocol;PAIRED;;ILLUMINA;;;;;liver;;;;;Illumina HiSeq 2000 sequencing: GSM5412324: SJLB765 Homo sapiens RNA-Seq;check ribozero;likely postmportem;Liver;;
PRJNA742971;12/11/2022;A resource for integrated genomic analysis of the human liver;A resource for integrated genomic analysis of the human liver;SRR15013504;SAMN19988380;SJLB175;SJLB175;;cDNA;TRANSCRIPTOMIC;RNA-Seq;Total RNA was extracted from tissue homogenized in TRIzol reagent, followed by Qiagen RNAeasy cleanup mRNA libraries were prepared using the Illuminia TruSeq Stranded Total RNA with Ribo-Zero protocol;PAIRED;;ILLUMINA;;;;;liver;;;;;Illumina HiSeq 2000 sequencing: GSM5412163: SJLB175 Homo sapiens RNA-Seq;check ribozero;likely postmportem;Liver;;
PRJNA901461;02/02/2023;COVID-19 patient samples collected by the PREDICT-19 consortium;COVID-19 patient samples collected by the PREDICT-19 consortium;SRR22283288;SAMN31714389;Whole blood, healthy control, rep 67;Whole blood, healthy control, rep 67;;cDNA;TRANSCRIPTOMIC;RNA-Seq;Total RNA was isolated from whole blood samples stored and stabilized in PAXgene RNA tubes according to the manufacturer's guidelines (PreAnalytiX) Libraries were prepared with 300ng of total RNA per sample using the Illumina Stranded Total RNA Prep with Ribo-Zero Plus (RZP) as per manufacturer instructions (Illumina, CA, USA).;PAIRED;;ILLUMINA;;;;;Whole blood;;;;;Illumina NovaSeq 6000 sequencing: GSM7507826: Whole blood, COVID positive, rep 363 Homo sapiens RNA-Seq;;;Blood - Whole Blood;;
PRJNA232669;05/05/2016;RNAseq in Alzheimer's Disease patients;Homo sapiens;SRR2422923;SAMN04090361;RNAseq_Ctrl_6;RNAseq_Ctrl_6;;cDNA;TRANSCRIPTOMIC;RNA-Seq;Trizol extraction Illumina High-throughput TruSeq RNA Sample preparation: ribominus selection (Invitrogen) and size selection: 50 - 200bp;PAIRED;;ILLUMINA;;;;;brain;;;;;Illumina HiSeq 2500 sequencing: GSM1885085: RNAseq_Ctrl_6 Homo sapiens RNA-Seq;;;Brain - Prefrontal Cortex;;
PRJNA817436;24/12/2023;Exercise-induced Crosstalk between Immune Cells and Adipocytes in Humans: Role of Oncostatin-M;Exercise-induced Crosstalk between Immune Cells and Adipocytes in Humans: Role of Oncostatin-M;SRR18363159;SAMN26788736;58_PRE;58_PRE;GSM5960710;cDNA;TRANSCRIPTOMIC;RNA-Seq;Approximately 30 mg of adipose tissue was used for RNA extraction. Tissues were homogenized using TissueLyser (Qiagen) in 1 mL TRIzol (Sigma-Aldrich). Chloroform was added, samples were mixed, subjected to centrifugation, and the aqueous phase was transferred to a new tube. Thereafter, 1:1 70% ethanol was added, and the total volume was loaded on silica-membrane columns. RNA extraction was performed using a commercially available kit (Rneasy lipid tissue kit, Qiagen). RNA concentration and purity were assessed by absorbance at 260 and 280 nm using NanoDrop One (Thermo Fisher Scientific, Waltham, MA). Aliquots of RNA (300 ng) were analyzed using the Illumina TruSeq Stranded Total RNA with Ribo-Zero Gold protocol (Illumina) as described (ref). Ribosomal RNA was removed from the sample using 35 μl of rRNA removal beads (Illumina) on a magnetic plate followed by cleanup of the ribosomal-depleted RNA with 193 μl of Agencourt RNAClean XP beads (Beckman Coulter), 70% ethanol wash, and elution into 10 μl elution buffer (Illumina). The RNA sample was fragmented for 4 min at 94°C in Elute, Prime, Fragment High Mix (Illumina) and then subjected to first-strand cDNA synthesis with 1 μl of Superscript III reverse transcriptase (Life Technologies) per sample using a thermocycler programmed to 25°C for 10 min, 50°C for 15 min, and 70°C for 15 min. Second-strand cDNA was synthesized by addition of Second-Strand Marking Master Mix, and samples were incubated at 16°C for 60 min. Samples were subjected to another bead cleanup before A-tailing and ligation of adapters as per kit instructions (Illumina). Following a third bead cleanup, samples were enriched for DNA fragments by amplification using the Illumina polymerase chain reaction (PCR) Primer Cocktail and PCR Master Mix, subjected to 98°C for 30 min, followed by a predefined cycle (98°C for 10 s, 60°C for 30 s, and 72°C for 30 s) that was repeated 3 to 15 times, on the basis of each individual sample, and finally incubated for 5 min at 72°C. Samples were cleaned and validated for DNA concentration using the Qubit dsDNA HS assay kit (Invitrogen) and for base pair size and purity using the Agilent High Sensitivity DNA chip and Bioanalyzer instrument. 38-bp paired-end sequencing on a NextSeq500;PAIRED;;ILLUMINA;;;;;Adipose tissue biopsy;;;;;NextSeq 500 sequencing: GSM5960710: 58_PRE Homo sapiens RNA-Seq;;;Adipose;;
PRJNA342787;06/10/2016;Transcriptional profiling of Myotonic dystrophy muscle and heart;Homo sapiens;SRR4240818;SAMN05768094;Tibialis_Control_5;Tibialis_Control_5;;cDNA;TRANSCRIPTOMIC;RNA-Seq;Frozen tissue samples were lysed using a homogenizer in Trizol. Chloroform was added and mixed, and the aqueous layer was added to isopropanol to precipitate RNA. The RNA was then cleaned up on RNeasy columns (Qiagen) with on column DNase treatment. Strand-specific libraries (using dUTP incorporation during reverse transcription, and USER treatment prior to PCR) were prepared using standard protocols. RNA was first fragmented, and then ribosomal RNA was subtracted using ribo-zero beads from Epicentre Biotechnologies. Reverse transcription was performed using random primers, followed by 2nd strand cDNA synthesis, end repair, adenylation, and ligation of adapters. Products were run on agarose, size selected, and then subjected to 14-18 cycles of PCR.;PAIRED;;ILLUMINA;;;;;Tibialis anterior muscle;;;;;Illumina HiSeq 2000 sequencing: GSM2309591: Tibialis_Control_5 Homo sapiens RNA-Seq;;;Muscle - Skeletal;;
PRJNA454694;09/02/2019;Sequencing based maternal whole blood expression changes with gestational age and labor in normal pregnancy;Sequencing based maternal whole blood expression changes with gestational age and labor in normal pregnancy;SRR7094252;SAMN09011931;Sample_10 [RNA-seq];Sample_10 [RNA-seq];;cDNA;TRANSCRIPTOMIC;RNA-Seq;RNA was isolated from  PAXgene® Blood RNA collection tube (BD 762165) as described in the PAXgene® Blood miRNA Kit Handbook (December, 2015). Purified RNA was quantified by UV spectrophotometry using the DropSense96® Microplate Spectrophotometer (Trinean) and quality assessed by microfluidics using the RNA ScreenTape on the Agilent 2200 TapeStation. Starting with 500 ng of total RNA, cDNA library templates were synthesized using the Illumina TruSeq® Stranded Total RNA LT (Set A) Kit with Ribo-Zero Globin rRNA reduction, as described in the TruSeq® Stranded Total RNA Sample Preparation Guide (Rev. E, October 2013). Libraries were validated using the HS D1000 ScreenTape on the Agilent 2200 TapeStation, and quantified on the Qubit® 2.0 Fluorometer by the Qubit® dsDNA HS Assay (ThermoFisher). The Illumina HiSeq 2500 instrument was used to cluster the samples onto the flow cell. The pools were put on at 10pM and run in rapid mode at 2×100 paired end. Illumina HiSeq Rapid PE Cluster kit V2 and HiSeq Rapid SBS kit v2 200 cycles was used.;PAIRED;;ILLUMINA;;;;;;;;;;Illumina HiSeq 2500 sequencing: GSM3124789: Sample_10 [RNA-seq] Homo sapiens RNA-Seq;;;Blood - Whole blood;;
PRJNA633861;01/07/2020;Transcriptomic changes of sigmoidal gut biopsies in psoriasis patients and healthy subjects;Transcriptomic changes of sigmoidal gut biopsies in psoriasis patients and healthy subjects;SRR11812193;SAMN14972282;7369: Healthy.11;7369: Healthy.11;;cDNA;TRANSCRIPTOMIC;RNA-Seq;RNA was isolated using the RNeasy Plus Universal Kits (Qiagen) and processed as per manufacturer's instructions. libraries were prepared using the TruSeq Stranded Total RNA Library Prep kit (Illumina) with Ribo-Zero Gold, according to the manufacturer's instructions.;PAIRED;;ILLUMINA;;;;;sigmoidal colon;;;;;Illumina HiSeq 4000 sequencing: GSM4559712: 7369: Healthy.11 Homo sapiens RNA-Seq;;;Colon, Sigmoid colon;;
PRJEB21619;04/07/2017;Intergenic Disease-associated Regions are Abundant in Novel Regulatory Transcripts;Intergenic Disease-associated Regions are Abundant in Novel Regulatory Transcripts;ERR2022828;SAMEA104150459;Brain;Protocols: Normal human tissue RNA was obtained from the FirstChoice Tissue Panel (Ambion AM6000) and Human Breast Total RNA (Ambion AM6952). Melanoma RNA was obtained from patient cell lines, including 3 originating from metastasized stage IV melanoma (A-series) and 10 originating from resected lymph nodes from patients with stage 3 disease (C-series. RNA was extracted with RNeasy columns (Qiagen). RNA was extracted with RNeasy columns (Qiagen). RNA was DNAse treated with TurboDNase (Life Technologies), confirmed DNA-free, RNA integrity was confirmed by Agilent 2100 Bioanalyzer (Agilent Technologies). rRNA depletion (Ribo-Zero™ (Epicentre)) was performed on 5μg of total RNA. ERCC RNA Spike-In Control mix 1 or mix 2 (Life Technologies) were added to ribodepleted RNA to a final dilution of 1/100. Libraries were prepared with the TruSeq Stranded mRNA Sample Preparation Kit (Illumina) and 9-12 cycles of pre-capture LM-PCR performed as required. Multiplex library pools were created by mixing equal amounts of 5 pre-capture sample libraries and capture hybridization performed on 1 μg of the pooled library. Melanoma A-series samples were each randomly assigned to one of three capture hybridizations to ensure any expression differences between the A and C-series samples were not due to an A-series batch effect. Post-capture LMPCR was performed for 17 cycles.;Brain_p;RANDOM PCR;TRANSCRIPTOMIC;RNA-Seq;Normal human tissue RNA was obtained from the FirstChoice Tissue Panel (Ambion AM6000) and Human Breast Total RNA (Ambion AM6952). Melanoma RNA was obtained from patient cell lines, including 3 originating from metastasized stage IV melanoma (A-series) and 10 originating from resected lymph nodes from patients with stage 3 disease (C-series. RNA was extracted with RNeasy columns (Qiagen). RNA was extracted with RNeasy columns (Qiagen). RNA was DNAse treated with TurboDNase (Life Technologies), confirmed DNA-free, RNA integrity was confirmed by Agilent 2100 Bioanalyzer (Agilent Technologies). rRNA depletion (Ribo-Zero™ (Epicentre)) was performed on 5μg of total RNA. ERCC RNA Spike-In Control mix 1 or mix 2 (Life Technologies) were added to ribodepleted RNA to a final dilution of 1/100. Libraries were prepared with the TruSeq Stranded mRNA Sample Preparation Kit (Illumina) and 9-12 cycles of pre-capture LM-PCR performed as required. Multiplex library pools were created by mixing equal amounts of 5 pre-capture sample libraries and capture hybridization performed on 1 μg of the pooled library. Melanoma A-series samples were each randomly assigned to one of three capture hybridizations to ensure any expression differences between the A and C-series samples were not due to an A-series batch effect. Post-capture LMPCR was performed for 17 cycles.;PAIRED;;ILLUMINA;;;;;;;;;;Illumina HiSeq 2000 paired end sequencing: Intergenic Disease-associated Regions are Abundant in Novel Regulatory Transcripts;;;Brain;;
PRJNA997353;22/12/2023;Race-specific coregulatory and transcriptomic profiles associated with DNA methylation and androgen receptor in prostate cancer [RNA-Seq];Race-specific coregulatory and transcriptomic profiles associated with DNA methylation and androgen receptor in prostate cancer [RNA-Seq];SRR25387948;SAMN36678740;PT-00197815_NT_EA;PT-00197815_NT_EA;GSM7657538;cDNA;TRANSCRIPTOMIC;RNA-Seq;Illumina TruSeq Stranded Total RNA Library Prep Kit with Ribo-Zero Gol RNA libraries were prepared for sequencing using standard Illumina protocols;PAIRED;;ILLUMINA;;;;;prostate;;;;;Illumina HiSeq 2500 sequencing: GSM7657538: PT-00197815_NT_EA Homo sapiens RNA-Seq;;tumor-adjacent;Prostate;;
PRJNA574470;12/05/2020;Hippocampal Subfield Transcriptome Analysis in Schizophrenia Psychosis;Hippocampal Subfield Transcriptome Analysis in Schizophrenia Psychosis;SRR10192694;SAMN12858877;DG_CTL_0852;DG_CTL_0852;;1;TRANSCRIPTOMIC;RNA-Seq;Total RNA was extracted and purified using a protocol combining Trizol and chloroform extraction, the GeneJET RNA Purification Kit, and a motorized mini-pestle vibrator for tissue homogenization. RNA purity and concentration were assessed on the Nanodrop spectrophotometer and Agilent2100 Bioanalyzer for RNA Integrity number (RIN) determination. Total RNA was rRNA ribo-depleted, and strand-specific cDNA libraries were synthesized before sequencing on an Illumina HiSeq 2500 sequencer. Stranded, single-end 50-base-pair reads were generated for the preliminary CA3 cohort data. Stranded paired-end 100-base-pair reads were generated for additional cohorts. Libraries and sequencing were performed at the UTSW McDermott Sequencing Core and UTSW Genomics & Microarray Core.;PAIRED;;ILLUMINA;;;;;hippocampus;;;;;Illumina HiSeq 2500 sequencing: GSM4098958: DG_CTL_0852 Homo sapiens RNA-Seq;;;Brain - Hippocampus;;
PRJNA742971;12/11/2022;A resource for integrated genomic analysis of the human liver;A resource for integrated genomic analysis of the human liver;SRR15013479;SAMN19988492;SJLB786;SJLB786;;cDNA;TRANSCRIPTOMIC;RNA-Seq;Total RNA was extracted from tissue homogenized in TRIzol reagent, followed by Qiagen RNAeasy cleanup mRNA libraries were prepared using the Illuminia TruSeq Stranded Total RNA with Ribo-Zero protocol;PAIRED;;ILLUMINA;;;;;liver;;;;;Illumina HiSeq 2000 sequencing: GSM5412333: SJLB786 Homo sapiens RNA-Seq;check ribozero;likely postmportem;Liver;;
PRJNA908818;25/06/2023;Effect of cigarette smoking on gene expression of peripheral blood B cells and on transcriptome changes by naïve-to-memory B cell shift;Effect of cigarette smoking on gene expression of peripheral blood B cells and on transcriptome changes by naïve-to-memory B cell shift;SRR22532373;SAMN32045266;;;GSM6788588;cDNA;TRANSCRIPTOMIC;RNA-Seq;Granulocytes were isolated directly from whole blood using anti-CD15+ antibody–coated magnetic beads following the protocol (Invitrogen). Density gradient centrifugation using Histopaque-1077 Ficoll medium and Accuspin™ Tubes (Sigma-Aldrich) was used to isolate the mononuclear layer of CD19+ B cells using antibody-coated magnetic beads (Invitrogen). RNA was harvested using RNeasy mini plus kit (Qiagen). Aliquots of RNA (375 ng) were used to generate poly-adenylated RNA libraries with TruSeq Stranded Total RNA Ribo-Zero Human Gold kit (Illumina). Samples were indexed with NEXTfle-96 RNA-Seq Barcodes (Bioo-scientific, Austin, TX).;PAIRED;;ILLUMINA;;;;;;;;;;Illumina NovaSeq 6000 sequencing: GSM6788588: F148-1_Bcell_Smoker Homo sapiens RNA-Seq;some smokers;;Blood - Granulocyte;;
PRJNA742971;12/11/2022;A resource for integrated genomic analysis of the human liver;A resource for integrated genomic analysis of the human liver;SRR15013671;SAMN19988462;SJLB722;SJLB722;;cDNA;TRANSCRIPTOMIC;RNA-Seq;Total RNA was extracted from tissue homogenized in TRIzol reagent, followed by Qiagen RNAeasy cleanup mRNA libraries were prepared using the Illuminia TruSeq Stranded Total RNA with Ribo-Zero protocol;PAIRED;;ILLUMINA;;;;;liver;;;;;Illumina HiSeq 2000 sequencing: GSM5412303: SJLB722 Homo sapiens RNA-Seq;check ribozero;likely postmportem;Liver;;
PRJNA454694;09/02/2019;Sequencing based maternal whole blood expression changes with gestational age and labor in normal pregnancy;Sequencing based maternal whole blood expression changes with gestational age and labor in normal pregnancy;SRR7094294;SAMN09011910;Sample_34 [RNA-seq];Sample_34 [RNA-seq];;cDNA;TRANSCRIPTOMIC;RNA-Seq;RNA was isolated from  PAXgene® Blood RNA collection tube (BD 762165) as described in the PAXgene® Blood miRNA Kit Handbook (December, 2015). Purified RNA was quantified by UV spectrophotometry using the DropSense96® Microplate Spectrophotometer (Trinean) and quality assessed by microfluidics using the RNA ScreenTape on the Agilent 2200 TapeStation. Starting with 500 ng of total RNA, cDNA library templates were synthesized using the Illumina TruSeq® Stranded Total RNA LT (Set A) Kit with Ribo-Zero Globin rRNA reduction, as described in the TruSeq® Stranded Total RNA Sample Preparation Guide (Rev. E, October 2013). Libraries were validated using the HS D1000 ScreenTape on the Agilent 2200 TapeStation, and quantified on the Qubit® 2.0 Fluorometer by the Qubit® dsDNA HS Assay (ThermoFisher). The Illumina HiSeq 2500 instrument was used to cluster the samples onto the flow cell. The pools were put on at 10pM and run in rapid mode at 2×100 paired end. Illumina HiSeq Rapid PE Cluster kit V2 and HiSeq Rapid SBS kit v2 200 cycles was used.;PAIRED;;ILLUMINA;;;;;;;;;;Illumina HiSeq 2500 sequencing: GSM3124810: Sample_34 [RNA-seq] Homo sapiens RNA-Seq;;;Blood - Whole blood;;
PRJNA374861;17/02/2018;Chemoprevention with COX2 and EGFR inhibition in FAP patients: mRNA signatures of duodenal neoplasia;Homo sapiens;SRR5259641;SAMN06339155;Base_Pt15;Base_Pt15;;cDNA;TRANSCRIPTOMIC;RNA-Seq;Qiagen RNAeasy Mini kit Illumina TruSeq Stranded Total RNA treated with Ribozero Gold, 50 cycle single end reads;SINGLE;;ILLUMINA;;;;;Uninvolved;;;;;Illumina HiSeq 2500 sequencing: GSM2491889: Base_Pt15 Homo sapiens RNA-Seq;;;Small Intestine - Duodenum;;
PRJNA450481;18/12/2018;High-throughput RNA sequencing on circular RNA profiles of human triple-negative breast cancer and adjacent normal tissues;High-throughput RNA sequencing on circular RNA profiles of human triple-negative breast cancer and adjacent normal tissues;SRR7012371;SAMN08939816;Normal 3;Normal 3;;cDNA;TRANSCRIPTOMIC;RNA-Seq;Breast tissues were surgically removed, flash frozen on dry ice, and total RNA was harvested using Trizol reagent and treated with the RiboMinus Eukaryote Kit (Qiagen, Valencia, CA) to remove rRNA before constructing the RNA-seq libraries. RNA libraries were prepared for sequencing using standard Illumina protocols.;PAIRED;;ILLUMINA;;;;;"Fresh frozen;adjacent normal tissue";;;;;Illumina HiSeq 3000 sequencing: GSM3100611: Normal 3 Homo sapiens RNA-Seq;;tumor-adjacent;Breast;;
PRJNA835414;07/07/2022;Distinctive exercise-induced inflammatory response and exerkine induction in skeletal muscle of people with type 2 diabetes;Distinctive exercise-induced inflammatory response and exerkine induction in skeletal muscle of people with type 2 diabetes;SRR19095697;SAMN28101106;T2D_030_basal [P7401_166];T2D_030_basal [P7401_166];GSM6107968;cDNA;TRANSCRIPTOMIC;RNA-Seq;mRNA was extracted by mirVana miRNA Isolation Kit (ThermoFisher Scientific AM1560). Libraries were generated with TruSeq Stranded total RNA kit (Illumina 20020597) and ribosomal RNA removed with Ribo-Zero Plus rRNA depletion kit (Illumina 20037135);PAIRED;;ILLUMINA;;;;;Vastus Lateralis;;;;;Illumina HiSeq 2500 sequencing: GSM6107968: T2D_030_basal [P7401_166] Homo sapiens RNA-Seq;muscle;;Muscle - Skeletal;;
PRJNA318642;11/08/2016;Transcriptome profiling of the human dorsal striatum in bipolar disorder;Homo sapiens;SRR3393497;SAMN04859348;control-12;control-12;;cDNA;TRANSCRIPTOMIC;RNA-Seq;Frozen postmortem dorsal striatum samples were transferred to RNAlater-ICE (Ambion) and stored at -20C upon receipt. Total RNA was extracted from dissected caudate-putamen tissue by Trizol (Life Technologies), column-purified by the RNeasy Lipid Tissue Kit (Qiagen) and treated with the Turbo DNA-free Kit (Life Technologies). RNA samples were assayed on the BioAnalyzer (Agilent, Santa Clara, CA) to obtain RNA integrity number (RIN) values. Ribosomal RNA (rRNA) was depleted from samples using the RiboMinus Eukaryote Kit v2 (Life Technologies). Strand-specific cDNA libraries were made using the Next Ultra Directional RNA Library Prep Kit (NEB) and sequenced on the Illumina HiSeq2000.;SINGLE;;ILLUMINA;;;;;;;;;;Illumina HiSeq 2000 sequencing: GSM2124743: control-12 Homo sapiens RNA-Seq;;postmortem;Brain - Dorsal Striatum;;
PRJNA352076;21/06/2017;RNAseq study of synovial biopsies;Homo sapiens;SRR4785813;SAMN05963947;healthy tissue 2;healthy tissue 2;;cDNA;TRANSCRIPTOMIC;RNA-Seq;Total RNA was extracted from RA synovial samples and the quality of all RNA samples was evaluated using an Agilent Bioanalyzer Sequencing libraries were prepared using TruSeq Stranded Total RNA RiboZero protocol from Illumina. Libraries were pooled and sequenced with an Illumina HiSeq 2000 with paired-end 100 bp flow cells. Raw read quality was evaluated using FastQC.;PAIRED;;ILLUMINA;;;;;;;;;;Illumina HiSeq 2000 sequencing: GSM2370971: healthy tissue 2 Homo sapiens RNA-Seq;;;Synovial Fluid;;
PRJNA318642;11/08/2016;Transcriptome profiling of the human dorsal striatum in bipolar disorder;Homo sapiens;SRR3393509;SAMN04859287;control-39;control-39;;cDNA;TRANSCRIPTOMIC;RNA-Seq;Frozen postmortem dorsal striatum samples were transferred to RNAlater-ICE (Ambion) and stored at -20C upon receipt. Total RNA was extracted from dissected caudate-putamen tissue by Trizol (Life Technologies), column-purified by the RNeasy Lipid Tissue Kit (Qiagen) and treated with the Turbo DNA-free Kit (Life Technologies). RNA samples were assayed on the BioAnalyzer (Agilent, Santa Clara, CA) to obtain RNA integrity number (RIN) values. Ribosomal RNA (rRNA) was depleted from samples using the RiboMinus Eukaryote Kit v2 (Life Technologies). Strand-specific cDNA libraries were made using the Next Ultra Directional RNA Library Prep Kit (NEB) and sequenced on the Illumina HiSeq2000.;SINGLE;;ILLUMINA;;;;;;;;;;Illumina HiSeq 2000 sequencing: GSM2124755: control-39 Homo sapiens RNA-Seq;;postmortem;Brain - Dorsal Striatum;;
PRJNA342787;06/10/2016;Transcriptional profiling of Myotonic dystrophy muscle and heart;Homo sapiens;SRR4240784;SAMN05768128;Quad_Control_6;Quad_Control_6;;cDNA;TRANSCRIPTOMIC;RNA-Seq;Frozen tissue samples were lysed using a homogenizer in Trizol. Chloroform was added and mixed, and the aqueous layer was added to isopropanol to precipitate RNA. The RNA was then cleaned up on RNeasy columns (Qiagen) with on column DNase treatment. Strand-specific libraries (using dUTP incorporation during reverse transcription, and USER treatment prior to PCR) were prepared using standard protocols. RNA was first fragmented, and then ribosomal RNA was subtracted using ribo-zero beads from Epicentre Biotechnologies. Reverse transcription was performed using random primers, followed by 2nd strand cDNA synthesis, end repair, adenylation, and ligation of adapters. Products were run on agarose, size selected, and then subjected to 14-18 cycles of PCR.;PAIRED;;ILLUMINA;;;;;Quadriceps muscle;;;;;Illumina HiSeq 2000 sequencing: GSM2309557: Quad_Control_6 Homo sapiens RNA-Seq;;;Muscle - Skeletal;;
PRJNA742971;12/11/2022;A resource for integrated genomic analysis of the human liver;A resource for integrated genomic analysis of the human liver;SRR15013677;SAMN19988519;SJLB732;SJLB732;;cDNA;TRANSCRIPTOMIC;RNA-Seq;Total RNA was extracted from tissue homogenized in TRIzol reagent, followed by Qiagen RNAeasy cleanup mRNA libraries were prepared using the Illuminia TruSeq Stranded Total RNA with Ribo-Zero protocol;PAIRED;;ILLUMINA;;;;;liver;;;;;Illumina HiSeq 2000 sequencing: GSM5412309: SJLB732 Homo sapiens RNA-Seq;check ribozero;likely postmportem;Liver;;
PRJNA939148;30/07/2023;Transcriptomes of human primary skin fibroblasts reveal age-associated mRNAs and long noncoding RNAs;Transcriptomes of human primary skin fibroblasts reveal age-associated mRNAs and long noncoding RNAs;SRR23630242;SAMN33458045;SKIN_AGE60_M_GR3_Gt013;SKIN_AGE60_M_GR3_Gt013;GSM7067614;cDNA;TRANSCRIPTOMIC;RNA-Seq;After expansion, total RNA was isolated using the Direct-zolTM RNA MiniPrep kit (Zymo Research) following the manufacturer's instruction. Ribo-RNA depletion with Low Input RiboMinus Eukaryote System v2 (Thermo Fisher Scientific). Ribo-RNA-depleted samples were then used for cDNA synthesis with Ovation® RNA-Seq System V2 (Nugen) following the manufacturer's protocol. Following cDNA fragmentation and size selection, libraries were prepared using Illumina TruSeq ChIP Library Preparation Kit (Illumina) according to manufacturer's protocol.;PAIRED;;ILLUMINA;;;primary skin fibroblasts;;;;;;;Illumina NovaSeq 6000 sequencing: GSM7067614: SKIN_AGE60_M_GR3_Gt013 Homo sapiens RNA-Seq;;;Cells - Cultured fibroblasts;;
PRJNA901461;02/02/2023;COVID-19 patient samples collected by the PREDICT-19 consortium;COVID-19 patient samples collected by the PREDICT-19 consortium;SRR22283226;SAMN31714272;Whole blood, healthy control, rep 5;Whole blood, healthy control, rep 5;;cDNA;TRANSCRIPTOMIC;RNA-Seq;Total RNA was isolated from whole blood samples stored and stabilized in PAXgene RNA tubes according to the manufacturer's guidelines (PreAnalytiX) Libraries were prepared with 300ng of total RNA per sample using the Illumina Stranded Total RNA Prep with Ribo-Zero Plus (RZP) as per manufacturer instructions (Illumina, CA, USA).;PAIRED;;ILLUMINA;;;;;Whole blood;;;;;Illumina NovaSeq 6000 sequencing: GSM7507787: Whole blood, COVID positive, rep 324 Homo sapiens RNA-Seq;;;Blood - Whole Blood;;
PRJNA742971;12/11/2022;A resource for integrated genomic analysis of the human liver;A resource for integrated genomic analysis of the human liver;SRR15013601;SAMN19988435;SJLB411;SJLB411;;cDNA;TRANSCRIPTOMIC;RNA-Seq;Total RNA was extracted from tissue homogenized in TRIzol reagent, followed by Qiagen RNAeasy cleanup mRNA libraries were prepared using the Illuminia TruSeq Stranded Total RNA with Ribo-Zero protocol;PAIRED;;ILLUMINA;;;;;liver;;;;;Illumina HiSeq 2000 sequencing: GSM5412236: SJLB411 Homo sapiens RNA-Seq;check ribozero;likely postmportem;Liver;;
PRJNA901963;13/01/2023;Human IRF1 governs phagocytic IFN-gamma immunity to mycobacteria;Human IRF1 governs phagocytic IFN-gamma immunity to mycobacteria;SRR22302252;SAMN31742871;MDM non-stimulated HC1;MDM non-stimulated HC1;GSM6733170;cDNA;TRANSCRIPTOMIC;RNA-Seq;Total RNA was extracted from cells with the Quick-RNA MicroPrep kit (#R1051, Zymo Research), and treated with DNAse (Zymo) to remove residual genomic DNA. Ribosomal RNA (rRNA) and mitochondrial RNA (mRNA) were depleted. RNA-seq libraries were prepared with the Illumina RiboZero TruSeq Stranded Total RNA Library Prep Kit (Illumina) Libraries were sequenced using NovaSeq in the 100 or 150-nt, paired-end configuration;PAIRED;;ILLUMINA;;;Monocyte-derived macrophages;;;;;;;Illumina NovaSeq 6000 sequencing: GSM6733170: MDM non-stimulated HC1 Homo sapiens RNA-Seq;;;Blood - Marcophage;;
PRJEB21050;22/05/2018;RNA-seq of formalin-fixed, paraffin-embedded uninvolved terminal ileal tissue obtained from ileo-colic resection surgeries of Crohn’s disease and control patients;RNA-seq of formalin-fixed, paraffin-embedded uninvolved terminal ileal tissue obtained from ileo-colic resection surgeries of Crohn’s disease and control patients;ERR1993153;SAMEA104101950;WUCA-Cont-12;Protocols: We retrospectively obtained de-identified FFPE tissue from patients who underwent ileo-colic resection surgery at Barnes-Jewish Hospital, St. Louis between 2005 and 2010. CD patient surgical resections were due to complications associated with the disease, whereas control resections were due to adenoma, carcinoma or abdominal trauma. The set of hematoxylin and eosin-stained tissue sections from each resection were obtained and examined by two pathologists (T.C.L. and T.S.S.) to identify the uninvolved proximal margin (terminal ileum) of each resection. These tissue sections were then further evaluated to identify those that met the histological inclusion criteria for this study. The criteria were that the sample had at least 100 well-oriented intestinal crypts (contained crypt lumens that extended from the apex to the base of the crypt) and absent/minimal active or chronic inflammatory disease (e.g., cryptitis, crypt abscess, architectural distortion, pyloric gland metaplasia, etc.).The study protocol was approved by the Institutional Review Board of Washington University. Patients were recruited by the Washington University Digestive Diseases Research Core Center (DDRCC). Written informed consent was obtained from all study participants prior to inclusion in the study. For samples that met the histological inclusion criteria, two fresh, unstained 5-µm FFPE tissue sections on glass microscope slides were obtained. Slides were not baked after cutting. For each sample, the two tissue sections were scraped off of the slides using a clean razor and placed in 1.5 mL Eppendorf tubes. The tubes were briefly centrifuged to place the sample towards the bottoms or sides of the tube. RNA extraction and DNase treatment was performed using the RNeasy FFPE kit (Qiagen) according to the manufacturer’s instructions, using the Xylene protocol for the paraffin removal step and 30 µL RNase-free H2O for the elution step. RNA was initially quantified by NanoDrop. Subsequent total RNA quantification and quality assessment was performed by Bioanalyzer 2100 (Agilent Technologies). Samples were excluded from the study if >20% of the RNA fragments were >200 base pairs in length, as determined with the Bioanalyzer software. Library preparation was performed by the Genome Technology Access Center (GTAC) at Washington University. Library preparation used 150 ng of total RNA. ds-cDNA was generated using the Ovation RNA-seq FFPE system (Nugen, per manufacturer’s instructions). cDNA was blunt ended, had an A base added to the 3’ ends, and then had Illumina sequencing adapters ligated to the ends. Ligated fragments were then amplified for 12 cycles using primers incorporating unique index tags.;WUCA-Cont-12_s;Inverse rRNA;TRANSCRIPTOMIC;RNA-Seq;We retrospectively obtained de-identified FFPE tissue from patients who underwent ileo-colic resection surgery at Barnes-Jewish Hospital, St. Louis between 2005 and 2010. CD patient surgical resections were due to complications associated with the disease, whereas control resections were due to adenoma, carcinoma or abdominal trauma. The set of hematoxylin and eosin-stained tissue sections from each resection were obtained and examined by two pathologists (T.C.L. and T.S.S.) to identify the uninvolved proximal margin (terminal ileum) of each resection. These tissue sections were then further evaluated to identify those that met the histological inclusion criteria for this study. The criteria were that the sample had at least 100 well-oriented intestinal crypts (contained crypt lumens that extended from the apex to the base of the crypt) and absent/minimal active or chronic inflammatory disease (e.g., cryptitis, crypt abscess, architectural distortion, pyloric gland metaplasia, etc.).The study protocol was approved by the Institutional Review Board of Washington University. Patients were recruited by the Washington University Digestive Diseases Research Core Center (DDRCC). Written informed consent was obtained from all study participants prior to inclusion in the study. For samples that met the histological inclusion criteria, two fresh, unstained 5-µm FFPE tissue sections on glass microscope slides were obtained. Slides were not baked after cutting. For each sample, the two tissue sections were scraped off of the slides using a clean razor and placed in 1.5 mL Eppendorf tubes. The tubes were briefly centrifuged to place the sample towards the bottoms or sides of the tube. RNA extraction and DNase treatment was performed using the RNeasy FFPE kit (Qiagen) according to the manufacturer’s instructions, using the Xylene protocol for the paraffin removal step and 30 µL RNase-free H2O for the elution step. RNA was initially quantified by NanoDrop. Subsequent total RNA quantification and quality assessment was performed by Bioanalyzer 2100 (Agilent Technologies). Samples were excluded from the study if >20% of the RNA fragments were >200 base pairs in length, as determined with the Bioanalyzer software. Library preparation was performed by the Genome Technology Access Center (GTAC) at Washington University. Library preparation used 150 ng of total RNA. ds-cDNA was generated using the Ovation RNA-seq FFPE system (Nugen, per manufacturer’s instructions). cDNA was blunt ended, had an A base added to the 3’ ends, and then had Illumina sequencing adapters ligated to the ends. Ligated fragments were then amplified for 12 cycles using primers incorporating unique index tags.;SINGLE;;ILLUMINA;;;;;;;;;;Illumina HiSeq 2000 sequencing: RNA-seq of formalin-fixed, paraffin-embedded uninvolved terminal ileal tissue obtained from ileo-colic resection surgeries of Crohn’s disease and control patients;;;Small Intestine - Ileum;;
PRJNA742971;12/11/2022;A resource for integrated genomic analysis of the human liver;A resource for integrated genomic analysis of the human liver;SRR15013657;SAMN19988476;SJLB642;SJLB642;;cDNA;TRANSCRIPTOMIC;RNA-Seq;Total RNA was extracted from tissue homogenized in TRIzol reagent, followed by Qiagen RNAeasy cleanup mRNA libraries were prepared using the Illuminia TruSeq Stranded Total RNA with Ribo-Zero protocol;PAIRED;;ILLUMINA;;;;;liver;;;;;Illumina HiSeq 2000 sequencing: GSM5412289: SJLB642 Homo sapiens RNA-Seq;check ribozero;likely postmportem;Liver;;
PRJNA270632;27/06/2015;Tissue-specific circular RNA induction during human fetal development;Homo sapiens;SRR1721309;SAMN03267774;Stomach_16wk;Stomach_16wk;;cDNA;TRANSCRIPTOMIC;RNA-Seq;Fetal tissue samples <100 mg in size were placed into DNase- and RNase-free 1.5 ml microfuge tubes containing 1 ml of RNAlater RNA Stabilization Reagent (Qiagen) within 1 hour of the pregnancy termination procedure. After storage at room temperature for a period of 24-72 h, excess RNAlater was removed from the microfuge tubes and the samples were placed in the -80oC freezer for storage until RNA isolation was performed. The tissues were lysed in mirVana (Life Technologies) lysis buffer, using a Mini-Beadbeater-16 (Biospec), with agitation for 1 min in the presence of 1 mm zirconia beads. Samples were then centrifuged at maximum speed in a tabletop microcentrifuge for 1 min and the lysed solution was transferred to a fresh microfuge tube. The remainder of the extraction was per the manufacturer's protocol for the mirVana kit (Life Technologies). Following RNA isolation (mirVana miRNA Isolation Kit, Life Technologies, Inc.), the RNA was quantified (Qubit RNA Assay Kit, Life Technologies, Inc.), and quality controlled (RNA6000 Nano Kit and BioAnalyzer 2100, Agilent). 200 ng to 1000 ng was used as input for the Illumina TruSeq Stranded Total RNA with Ribo-Zero Gold sample prep kit (Illumina, Inc.) and sequencing libraries were created according to the manufacturer’s protocol. Briefly, first both cytoplasmic and mitochondrial rRNA was removed by selectively hybridizing biotinylated probes to target sequences and using magnetic beads to capture the bound products. Following rRNA removal, the RNA was fragmented and copied into first strand cDNA using random primers and reverse transcriptase. Next, second strand cDNA synthesis was completed using DNA Polymerase I and RNase H. The cDNA was then ligated to Illumina supplied adapters and enriched with PCR to create the final cDNA libraries. The libraries were then pooled and sequenced on a HiSeq 2000 (Illumina, Inc.) instrument as per manufacturer’s instructions. Sequencing was performed up to 2 X 101 cycles.;PAIRED;;ILLUMINA;;;;;;;;;;Illumina HiSeq 2000 sequencing: GSM1567941: Stomach_16wk Homo sapiens RNA-Seq;;fetal;Stomach;;
PRJNA997353;22/12/2023;Race-specific coregulatory and transcriptomic profiles associated with DNA methylation and androgen receptor in prostate cancer [RNA-Seq];Race-specific coregulatory and transcriptomic profiles associated with DNA methylation and androgen receptor in prostate cancer [RNA-Seq];SRR25387928;SAMN36678720;PT-00231030_NT_EA;PT-00231030_NT_EA;GSM7657558;cDNA;TRANSCRIPTOMIC;RNA-Seq;Illumina TruSeq Stranded Total RNA Library Prep Kit with Ribo-Zero Gol RNA libraries were prepared for sequencing using standard Illumina protocols;PAIRED;;ILLUMINA;;;;;prostate;;;;;Illumina HiSeq 2500 sequencing: GSM7657558: PT-00231030_NT_EA Homo sapiens RNA-Seq;;tumor-adjacent;Prostate;;
PRJNA908818;25/06/2023;Effect of cigarette smoking on gene expression of peripheral blood B cells and on transcriptome changes by naïve-to-memory B cell shift;Effect of cigarette smoking on gene expression of peripheral blood B cells and on transcriptome changes by naïve-to-memory B cell shift;SRR22532397;SAMN32045289;;;GSM6788565;cDNA;TRANSCRIPTOMIC;RNA-Seq;Granulocytes were isolated directly from whole blood using anti-CD15+ antibody–coated magnetic beads following the protocol (Invitrogen). Density gradient centrifugation using Histopaque-1077 Ficoll medium and Accuspin™ Tubes (Sigma-Aldrich) was used to isolate the mononuclear layer of CD19+ B cells using antibody-coated magnetic beads (Invitrogen). RNA was harvested using RNeasy mini plus kit (Qiagen). Aliquots of RNA (375 ng) were used to generate poly-adenylated RNA libraries with TruSeq Stranded Total RNA Ribo-Zero Human Gold kit (Illumina). Samples were indexed with NEXTfle-96 RNA-Seq Barcodes (Bioo-scientific, Austin, TX).;PAIRED;;ILLUMINA;;;;;;;;;;Illumina NovaSeq 6000 sequencing: GSM6788565: F007-2_Bcell_Smoker Homo sapiens RNA-Seq;some smokers;;Blood - Granulocyte;;
PRJNA448679;26/06/2018;Time series integrative analysis of RNA-Seq and miRNA expression data reveals key biologic pathways during keloid formation;;SRR6937784;SAMN08863005;K6-1st;Keloid data set RNA-Seq;544;Inverse rRNA;TRANSCRIPTOMIC;RNA-Seq;;PAIRED;;ILLUMINA;;;;;skin;;K6;;;Illumina HiSeq 3000 sequencing: RNA Seq of Keloid skin;;;Skin;;
PRJNA742971;12/11/2022;A resource for integrated genomic analysis of the human liver;A resource for integrated genomic analysis of the human liver;SRR15013520;SAMN19988367;SJLB253;SJLB253;;cDNA;TRANSCRIPTOMIC;RNA-Seq;Total RNA was extracted from tissue homogenized in TRIzol reagent, followed by Qiagen RNAeasy cleanup mRNA libraries were prepared using the Illuminia TruSeq Stranded Total RNA with Ribo-Zero protocol;PAIRED;;ILLUMINA;;;;;liver;;;;;Illumina HiSeq 2000 sequencing: GSM5412176: SJLB253 Homo sapiens RNA-Seq;check ribozero;likely postmportem;Liver;;
PRJNA637378;27/01/2021;Non-CG methylation and multiple epigenetic layers associate child abuse with immune and small GTPase dysregulation;Non-CG methylation and multiple epigenetic layers associate child abuse with immune and small GTPase dysregulation;SRR13485948;SAMN17384641;Anterior Cingulate cortex, sbb25, RNAseq;Anterior Cingulate cortex, sbb25, RNAseq;;cDNA;TRANSCRIPTOMIC;RNA-Seq;TrueSeq Stranded Total RNA Sample Preparation + Ribo-Zero Gold kits (Illumina);PAIRED;;ILLUMINA;;;;;Anterior Cingulate cortex (human brain tissue);;;;;Illumina HiSeq 2000 sequencing: GSM5026572: Anterior Cingulate cortex, sbb25, RNAseq Homo sapiens RNA-Seq;;;Brain - Anterior cingulate cortex;;
PRJEB21619;04/07/2017;Intergenic Disease-associated Regions are Abundant in Novel Regulatory Transcripts;Intergenic Disease-associated Regions are Abundant in Novel Regulatory Transcripts;ERR2022830;SAMEA104150461;Colon;Protocols: Normal human tissue RNA was obtained from the FirstChoice Tissue Panel (Ambion AM6000) and Human Breast Total RNA (Ambion AM6952). Melanoma RNA was obtained from patient cell lines, including 3 originating from metastasized stage IV melanoma (A-series) and 10 originating from resected lymph nodes from patients with stage 3 disease (C-series. RNA was extracted with RNeasy columns (Qiagen). RNA was extracted with RNeasy columns (Qiagen). RNA was DNAse treated with TurboDNase (Life Technologies), confirmed DNA-free, RNA integrity was confirmed by Agilent 2100 Bioanalyzer (Agilent Technologies). rRNA depletion (Ribo-Zero™ (Epicentre)) was performed on 5μg of total RNA. ERCC RNA Spike-In Control mix 1 or mix 2 (Life Technologies) were added to ribodepleted RNA to a final dilution of 1/100. Libraries were prepared with the TruSeq Stranded mRNA Sample Preparation Kit (Illumina) and 9-12 cycles of pre-capture LM-PCR performed as required. Multiplex library pools were created by mixing equal amounts of 5 pre-capture sample libraries and capture hybridization performed on 1 μg of the pooled library. Melanoma A-series samples were each randomly assigned to one of three capture hybridizations to ensure any expression differences between the A and C-series samples were not due to an A-series batch effect. Post-capture LMPCR was performed for 17 cycles.;Colon_p;RANDOM PCR;TRANSCRIPTOMIC;RNA-Seq;Normal human tissue RNA was obtained from the FirstChoice Tissue Panel (Ambion AM6000) and Human Breast Total RNA (Ambion AM6952). Melanoma RNA was obtained from patient cell lines, including 3 originating from metastasized stage IV melanoma (A-series) and 10 originating from resected lymph nodes from patients with stage 3 disease (C-series. RNA was extracted with RNeasy columns (Qiagen). RNA was extracted with RNeasy columns (Qiagen). RNA was DNAse treated with TurboDNase (Life Technologies), confirmed DNA-free, RNA integrity was confirmed by Agilent 2100 Bioanalyzer (Agilent Technologies). rRNA depletion (Ribo-Zero™ (Epicentre)) was performed on 5μg of total RNA. ERCC RNA Spike-In Control mix 1 or mix 2 (Life Technologies) were added to ribodepleted RNA to a final dilution of 1/100. Libraries were prepared with the TruSeq Stranded mRNA Sample Preparation Kit (Illumina) and 9-12 cycles of pre-capture LM-PCR performed as required. Multiplex library pools were created by mixing equal amounts of 5 pre-capture sample libraries and capture hybridization performed on 1 μg of the pooled library. Melanoma A-series samples were each randomly assigned to one of three capture hybridizations to ensure any expression differences between the A and C-series samples were not due to an A-series batch effect. Post-capture LMPCR was performed for 17 cycles.;PAIRED;;ILLUMINA;;;;;;;;;;Illumina HiSeq 2000 paired end sequencing: Intergenic Disease-associated Regions are Abundant in Novel Regulatory Transcripts;;;Colon;;
PRJNA454694;09/02/2019;Sequencing based maternal whole blood expression changes with gestational age and labor in normal pregnancy;Sequencing based maternal whole blood expression changes with gestational age and labor in normal pregnancy;SRR7094284;SAMN09011915;Sample_28 [RNA-seq];Sample_28 [RNA-seq];;cDNA;TRANSCRIPTOMIC;RNA-Seq;RNA was isolated from  PAXgene® Blood RNA collection tube (BD 762165) as described in the PAXgene® Blood miRNA Kit Handbook (December, 2015). Purified RNA was quantified by UV spectrophotometry using the DropSense96® Microplate Spectrophotometer (Trinean) and quality assessed by microfluidics using the RNA ScreenTape on the Agilent 2200 TapeStation. Starting with 500 ng of total RNA, cDNA library templates were synthesized using the Illumina TruSeq® Stranded Total RNA LT (Set A) Kit with Ribo-Zero Globin rRNA reduction, as described in the TruSeq® Stranded Total RNA Sample Preparation Guide (Rev. E, October 2013). Libraries were validated using the HS D1000 ScreenTape on the Agilent 2200 TapeStation, and quantified on the Qubit® 2.0 Fluorometer by the Qubit® dsDNA HS Assay (ThermoFisher). The Illumina HiSeq 2500 instrument was used to cluster the samples onto the flow cell. The pools were put on at 10pM and run in rapid mode at 2×100 paired end. Illumina HiSeq Rapid PE Cluster kit V2 and HiSeq Rapid SBS kit v2 200 cycles was used.;PAIRED;;ILLUMINA;;;;;;;;;;Illumina HiSeq 2500 sequencing: GSM3124805: Sample_28 [RNA-seq] Homo sapiens RNA-Seq;;;Blood - Whole blood;;
PRJNA742971;12/11/2022;A resource for integrated genomic analysis of the human liver;A resource for integrated genomic analysis of the human liver;SRR15013488;SAMN19988456;SJLB796;SJLB796;;cDNA;TRANSCRIPTOMIC;RNA-Seq;Total RNA was extracted from tissue homogenized in TRIzol reagent, followed by Qiagen RNAeasy cleanup mRNA libraries were prepared using the Illuminia TruSeq Stranded Total RNA with Ribo-Zero protocol;PAIRED;;ILLUMINA;;;;;liver;;;;;Illumina HiSeq 2000 sequencing: GSM5412339: SJLB796 Homo sapiens RNA-Seq;check ribozero;likely postmportem;Liver;;
PRJNA448679;26/06/2018;Time series integrative analysis of RNA-Seq and miRNA expression data reveals key biologic pathways during keloid formation;;SRR6937808;SAMN08863065;N1-1st;Keloid data set RNA-Seq;613;Inverse rRNA;TRANSCRIPTOMIC;RNA-Seq;;PAIRED;;ILLUMINA;;;;;skin;;N1;;;Illumina HiSeq 2500 sequencing: RNA Seq of Keloid skin;;;Skin;;
PRJNA726237;17/11/2021;Ischemic heart disease selectively modifies the right atrial appendage transcriptome;Ischemic heart disease selectively modifies the right atrial appendage transcriptome;SRR14362368;SAMN18926140;(ICA)-positive IHD undergoing coronary artery bypass surgery, 18-09-15-AM;(ICA)-positive IHD undergoing coronary artery bypass surgery, 18-09-15-AM;;cDNA;TRANSCRIPTOMIC;RNA-Seq;During cardiac surgery, a biopsy sample of the RAA was collected from each patient. Tissue samples were collected at the cannulation site, the insertion site of the venous line for the heart–lung machine. Dissected biopsies were briefly washed in ice-cold sterile saline, cut into 0.5 cm thick tissue pieces, and immersed into 3 ml of RNAlater (Sigma Aldrich, Merck KGaA, Darmstadt, Germany) to inactivate RNAses and stabilize RNA. Samples were let to stabilize at +4°C for one day and stored at under -70°C until processing. Total RNA was isolated from RAA biopsies via initial ice-cold tissue homogenization using a Precellys 24 tissue homogenizer equipped with the Cryolys cooling option (Bertin Technologies SAS, Montigny-le-Bretonneux, France) followed by RNA isolation using combined QIAzol / chloroform extraction and Qiagen RNeasy mini spin column purification according to the manufacturer's instructions (Qiagen, Venlo, Netherlands). The sample RNA integrity number (RIN mean 7.95 ± 0.55 range 7.1–9.0) and total quantity (mean 3069.55 ± 1141.08 ng range 867.8–6855.0 ng) was evaluated in the Functional Genomics Unit (FuGU, University of Helsinki, Helsinki, Finland). Isolated total RNA was stored at under -70oC until sequencing. Ribosomal RNA was removed using the Ribo-ZeroTM Magnetic kit (Illumina Inc, San Diego, CA). RNA libraries were prepared for sequencing using standard Illumina protocols;PAIRED;;ILLUMINA;;;;;Heart (Atrial Appendage);;;;;Illumina HiSeq 4000 sequencing: GSM5271545: (ICA)-positive IHD undergoing coronary artery bypass surgery, 18-09-15-AM Homo sapiens RNA-Seq;;non-cancer disease;Heart - Atrial appendage;;
PRJNA726237;17/11/2021;Ischemic heart disease selectively modifies the right atrial appendage transcriptome;Ischemic heart disease selectively modifies the right atrial appendage transcriptome;SRR14362361;SAMN18926147;(ICA)-positive IHD undergoing coronary artery bypass surgery, 11-02-15-SJ;(ICA)-positive IHD undergoing coronary artery bypass surgery, 11-02-15-SJ;;cDNA;TRANSCRIPTOMIC;RNA-Seq;During cardiac surgery, a biopsy sample of the RAA was collected from each patient. Tissue samples were collected at the cannulation site, the insertion site of the venous line for the heart–lung machine. Dissected biopsies were briefly washed in ice-cold sterile saline, cut into 0.5 cm thick tissue pieces, and immersed into 3 ml of RNAlater (Sigma Aldrich, Merck KGaA, Darmstadt, Germany) to inactivate RNAses and stabilize RNA. Samples were let to stabilize at +4°C for one day and stored at under -70°C until processing. Total RNA was isolated from RAA biopsies via initial ice-cold tissue homogenization using a Precellys 24 tissue homogenizer equipped with the Cryolys cooling option (Bertin Technologies SAS, Montigny-le-Bretonneux, France) followed by RNA isolation using combined QIAzol / chloroform extraction and Qiagen RNeasy mini spin column purification according to the manufacturer's instructions (Qiagen, Venlo, Netherlands). The sample RNA integrity number (RIN mean 7.95 ± 0.55 range 7.1–9.0) and total quantity (mean 3069.55 ± 1141.08 ng range 867.8–6855.0 ng) was evaluated in the Functional Genomics Unit (FuGU, University of Helsinki, Helsinki, Finland). Isolated total RNA was stored at under -70oC until sequencing. Ribosomal RNA was removed using the Ribo-ZeroTM Magnetic kit (Illumina Inc, San Diego, CA). RNA libraries were prepared for sequencing using standard Illumina protocols;PAIRED;;ILLUMINA;;;;;Heart (Atrial Appendage);;;;;Illumina HiSeq 4000 sequencing: GSM5271538: (ICA)-positive IHD undergoing coronary artery bypass surgery, 11-02-15-SJ Homo sapiens RNA-Seq;;non-cancer disease;Heart - Atrial appendage;;
PRJNA975585;08/09/2023;Whole genome transcriptomics of upper extremity veins from end-stage kidney disease patients and non-kidney disease organ donors;Whole genome transcriptomics of upper extremity veins from end-stage kidney disease patients and non-kidney disease organ donors;SRR24709859;SAMN35340240;S037,Basilic vein,Healthy,NA;S037,Basilic vein,Healthy,NA;GSM7418754;cDNA;TRANSCRIPTOMIC;RNA-Seq;RNAlater-preserved samples were ground in liquid nitrogen and isolated with Trizol (Thermo Fisher Scientific) followed by column purification (EZNA Total RNA Kit I, Omega Bio-tek). 500 ng of total RNA was used as input for the Illumina TruSeq Stranded Total RNA Library Prep Kit with Ribo-Zero to generate ribosomal RNA-depleted sequencing libraries. Each sample had a unique barcode to allow multiplexing, and was sequenced to >40 million raw reads in a single end 75 bp sequencing run on the Illumina NextSeq500.;SINGLE;;ILLUMINA;;;;;Basilic vein;;;;;NextSeq 500 sequencing: GSM7418754: S037,Basilic vein,Healthy,NA Homo sapiens RNA-Seq;;;Blood Vessel;;
PRJEB14688;06/01/2017;RNASeq of musculoskeletal ageing using human mesenchymal stem cells and their tissue constructs;RNASeq of musculoskeletal ageing using human mesenchymal stem cells and their tissue constructs;ERR1514472;SAMEA4062970;Sample 6;Protocols: MScs purchased from young and old human donors miRNAeasy kit for RNA extraction Total RNA samples were ribosomal RNA depleted using the Human, mouse, rat low inputRibozero kit from Epicentre. 1ug of RNA (or the max amount available) was mixed with the low input kit baits and allowed to anneal. This was then mixed with the magnetic microspheres which bind the ribosomal complexes and subsequently pulled out with a magnet. The remaining RNA was purified with RNA clean beads and analysed with the Agilent Bioanalyser with a RNA pico chip. Recovery was generally less than 1% of the original starting material. All of this material was used in the script seq reaction (Epicentre). Samples were denatured and annealed to cDNA primers and cDNA was generated. This was amplified with indexed primers for 15 cycles to make the library for sequencing. Libraries were checked on the Agilent Bioanalyser with a High sensitivity chip and quantities determined with Qubit DNA High sensitivity reagents.;Sample 6_p;PCR;TRANSCRIPTOMIC;RNA-Seq;MScs purchased from young and old human donors miRNAeasy kit for RNA extraction Total RNA samples were ribosomal RNA depleted using the Human, mouse, rat low inputRibozero kit from Epicentre. 1ug of RNA (or the max amount available) was mixed with the low input kit baits and allowed to anneal. This was then mixed with the magnetic microspheres which bind the ribosomal complexes and subsequently pulled out with a magnet. The remaining RNA was purified with RNA clean beads and analysed with the Agilent Bioanalyser with a RNA pico chip. Recovery was generally less than 1% of the original starting material. All of this material was used in the script seq reaction (Epicentre). Samples were denatured and annealed to cDNA primers and cDNA was generated. This was amplified with indexed primers for 15 cycles to make the library for sequencing. Libraries were checked on the Agilent Bioanalyser with a High sensitivity chip and quantities determined with Qubit DNA High sensitivity reagents.;PAIRED;;ILLUMINA;;;osteocyte;;;;;;;Illumina HiSeq 2000 paired end sequencing: RNASeq of musculoskeletal ageing using human mesenchymal stem cells and their tissue constructs;some aged donors;;Bone - Osteocyte;;
PRJNA680762;24/09/2021;Identification and evolutionary comparison of circular RNAs in five mammalian species and three organs.;Identification and evolutionary comparison of circular RNAs in five mammalian species and three organs.;SRR13142169;SAMN16912806;rrhs_ts1;rrhs_ts1;;cDNA;TRANSCRIPTOMIC;RNA-Seq;Tissue was dissected at indicated ages (see section ”Samples” in GEO metadata). RNA for mouse, rat, rhesus and human was extracted using the RNeasy protocol from QIAGEN for opossum, a TRIzol/chloroform-based protocol was used. Tissues were stored at -80 C until library preparation. We used 5µg of RNA per tissue as starting material for library preparation, which were treated with RNase R for 1 h at 37 ̊C to degrade linear RNAs, followed by RNA purification with RNA Clean & Concentrator-5 kit (Zymo Research) according to the manufacturer's protocol. Libraries were prepared from the purified RNA with the Illumina TruSeq Stranded Total RNA with Ribo-Zero Gold according to the protocol with the following modifications to select larger fragments: 1). Instead of the recommended 8 min at 68 ̊C for fragmentation, we incubated samples for only 4 min at 68 ̊C to increase the fragment size 2). In the final PCR clean-up after enrichment of the DNA fragments, we changed the 1:1 ratio of DNA to AMPure XP Beads to a 0.7:1 ratio to select for binding of larger fragments. Libraries were analyzed on the fragment analyzer for their quality and sequenced with the Illumina HiSeq 2500 platform.;PAIRED;;ILLUMINA;;;;;Testis;;;;;Illumina HiSeq 2500 sequencing: GSM4943579: rrhs_ts1 Homo sapiens RNA-Seq;;;Testis;;
PRJNA901967;02/01/2023;Placental Inflammation Significantly Correlates with Reduced Risk for Retinopathy of Prematurity;Placental Inflammation Significantly Correlates with Reduced Risk for Retinopathy of Prematurity;SRR22301780;SAMN31742733;18942X11 38A_P;18942X11 38A_P;GSM6733294;cDNA;TRANSCRIPTOMIC;RNA-Seq;RNA was harvested using Qiagen ALL PREP Universal Whole transcriptome expression analysis was performed on fetal surface placental tissues using the Illumina Stranded Total RNA Kit with Ribo-Zero Plus per the standard protocol;PAIRED;;ILLUMINA;;;placental villous tissue;;Placenta;;;;;Illumina NovaSeq 6000 sequencing: GSM6733294: 18942X11 38A_P Homo sapiens RNA-Seq;some retinopathies;healthy;Placenta;;
PRJNA574470;12/05/2020;Hippocampal Subfield Transcriptome Analysis in Schizophrenia Psychosis;Hippocampal Subfield Transcriptome Analysis in Schizophrenia Psychosis;SRR10192689;SAMN12858882;DG_CTL_0844;DG_CTL_0844;;1;TRANSCRIPTOMIC;RNA-Seq;Total RNA was extracted and purified using a protocol combining Trizol and chloroform extraction, the GeneJET RNA Purification Kit, and a motorized mini-pestle vibrator for tissue homogenization. RNA purity and concentration were assessed on the Nanodrop spectrophotometer and Agilent2100 Bioanalyzer for RNA Integrity number (RIN) determination. Total RNA was rRNA ribo-depleted, and strand-specific cDNA libraries were synthesized before sequencing on an Illumina HiSeq 2500 sequencer. Stranded, single-end 50-base-pair reads were generated for the preliminary CA3 cohort data. Stranded paired-end 100-base-pair reads were generated for additional cohorts. Libraries and sequencing were performed at the UTSW McDermott Sequencing Core and UTSW Genomics & Microarray Core.;PAIRED;;ILLUMINA;;;;;hippocampus;;;;;Illumina HiSeq 2500 sequencing: GSM4098953: DG_CTL_0844 Homo sapiens RNA-Seq;;;Brain - Hippocampus;;
PRJNA901963;13/01/2023;Human IRF1 governs phagocytic IFN-gamma immunity to mycobacteria;Human IRF1 governs phagocytic IFN-gamma immunity to mycobacteria;SRR22302323;SAMN31742942;Fibroblast non-stimulated 11980;Fibroblast non-stimulated 11980;GSM6733099;cDNA;TRANSCRIPTOMIC;RNA-Seq;Total RNA was extracted from cells with the Quick-RNA MicroPrep kit (#R1051, Zymo Research), and treated with DNAse (Zymo) to remove residual genomic DNA. Ribosomal RNA (rRNA) and mitochondrial RNA (mRNA) were depleted. RNA-seq libraries were prepared with the Illumina RiboZero TruSeq Stranded Total RNA Library Prep Kit (Illumina) Libraries were sequenced using NovaSeq in the 100 or 150-nt, paired-end configuration;PAIRED;;ILLUMINA;;;primary fibroblast;;;;;;;Illumina NovaSeq 6000 sequencing: GSM6733099: Fibroblast non-stimulated 11980 Homo sapiens RNA-Seq;;;Cells - Cultured fibroblast;;
PRJEB21619;04/07/2017;Intergenic Disease-associated Regions are Abundant in Novel Regulatory Transcripts;Intergenic Disease-associated Regions are Abundant in Novel Regulatory Transcripts;ERR2022845;SAMEA104150476;Bladder;Protocols: Normal human tissue RNA was obtained from the FirstChoice Tissue Panel (Ambion AM6000) and Human Breast Total RNA (Ambion AM6952). Melanoma RNA was obtained from patient cell lines, including 3 originating from metastasized stage IV melanoma (A-series) and 10 originating from resected lymph nodes from patients with stage 3 disease (C-series. RNA was extracted with RNeasy columns (Qiagen). RNA was extracted with RNeasy columns (Qiagen). RNA was DNAse treated with TurboDNase (Life Technologies), confirmed DNA-free, RNA integrity was confirmed by Agilent 2100 Bioanalyzer (Agilent Technologies). rRNA depletion (Ribo-Zero™ (Epicentre)) was performed on 5μg of total RNA. ERCC RNA Spike-In Control mix 1 or mix 2 (Life Technologies) were added to ribodepleted RNA to a final dilution of 1/100. Libraries were prepared with the TruSeq Stranded mRNA Sample Preparation Kit (Illumina) and 9-12 cycles of pre-capture LM-PCR performed as required. Multiplex library pools were created by mixing equal amounts of 5 pre-capture sample libraries and capture hybridization performed on 1 μg of the pooled library. Melanoma A-series samples were each randomly assigned to one of three capture hybridizations to ensure any expression differences between the A and C-series samples were not due to an A-series batch effect. Post-capture LMPCR was performed for 17 cycles.;Bladder_p;RANDOM PCR;TRANSCRIPTOMIC;RNA-Seq;Normal human tissue RNA was obtained from the FirstChoice Tissue Panel (Ambion AM6000) and Human Breast Total RNA (Ambion AM6952). Melanoma RNA was obtained from patient cell lines, including 3 originating from metastasized stage IV melanoma (A-series) and 10 originating from resected lymph nodes from patients with stage 3 disease (C-series. RNA was extracted with RNeasy columns (Qiagen). RNA was extracted with RNeasy columns (Qiagen). RNA was DNAse treated with TurboDNase (Life Technologies), confirmed DNA-free, RNA integrity was confirmed by Agilent 2100 Bioanalyzer (Agilent Technologies). rRNA depletion (Ribo-Zero™ (Epicentre)) was performed on 5μg of total RNA. ERCC RNA Spike-In Control mix 1 or mix 2 (Life Technologies) were added to ribodepleted RNA to a final dilution of 1/100. Libraries were prepared with the TruSeq Stranded mRNA Sample Preparation Kit (Illumina) and 9-12 cycles of pre-capture LM-PCR performed as required. Multiplex library pools were created by mixing equal amounts of 5 pre-capture sample libraries and capture hybridization performed on 1 μg of the pooled library. Melanoma A-series samples were each randomly assigned to one of three capture hybridizations to ensure any expression differences between the A and C-series samples were not due to an A-series batch effect. Post-capture LMPCR was performed for 17 cycles.;PAIRED;;ILLUMINA;;;;;;;;;;Illumina HiSeq 2000 paired end sequencing: Intergenic Disease-associated Regions are Abundant in Novel Regulatory Transcripts;;;Bladder;;
PRJNA914646;24/12/2023;Integrated Unbiased Multiomics Defines Disease-Independent Placental Clusters in Common Obstetrical Syndromes;;SRR22925389;SAMN32490986;Human sample from Homo sapiens;Human sample from Homo sapiens;TP20.B317;Inverse rRNA;TRANSCRIPTOMIC;RNA-Seq;;PAIRED;;ILLUMINA;;;;;Placenta;;Control;;;Illumina NovaSeq 6000 sequencing: Control;;healthy;Placenta;;
PRJEB43164;21/05/2023;Bulk RNA-seq of paired human brown and white adipocytes;Bulk RNA-seq of paired human brown and white adipocytes;ERR5320476;SAMEA8103247;93_B_0_;Protocols: Human adipose tissue was obtained from the central compartment of the neck, superior to the clavicle and deep to the lateral thyroid lobe either adjacent to the longus colli muscle or to the oesophagus (brown adipose tissue BAT) and more superficially from the subcutaneous neck tissue (white adipose tissue WAT). The stromal vascular fraction was isolated and cultured as described (Ramage, Akyol et al. 2016 doi: 10.1016/j.cmet.2016.06.011). Following differentiation, cells were cultured in serum-stripped medium for 48 hours prior to RNA extraction and subsequent bulk RNA-seq. Sample 91 – age (years): 41 sex: female height (m): 1.52 weight (Kg): 63.5 BMI (kg/m2): 27.48 Sample 92 – age (years): 59 sex: female height (m): 1.57 weight (Kg): 60.4 BMI (kg/m2): 24.50 Sample 93 – age (years): 52 sex: female height (m): 1.70 weight (Kg): 114 BMI (kg/m2): 39.45 Sample 95 – age (years): 50 sex: female height (m): 1.72 weight (Kg): 66 BMI (kg/m2): 22.31 Total RNA samples were assessed on the Agilent Bioanalyser (Agilent Technologies, #G2939AA) with the RNA 6000 Nano Kit (#5067-1511) for quality and integrity of total RNA. Samples were DNase-treated using the TURBO DNA-free™ kit (Thermo Fisher, #AM1907) and then quantified using the Qubit 2.0 Fluorometer (Thermo Fisher Scientific Inc, #Q32866) and the Qubit RNA BR assay kit (#Q10210), and assessed for residual DNA contamination using the Qubit dsDNA HS assay Kit (catalogue # Q32851). Libraries were prepared from each TURBO™ DNase treated total-RNA sample using the TruSeq Stranded Total RNA with Ribo-Zero kit (#RS-122-2201) according to the provided protocol. 100ng of total-RNA was processed to deplete rRNA before being purified, fragmented and primed with random hexamers. Primed RNA fragments were reverse transcribed into first strand cDNA using reverse transcriptase and random primers. RNA templates were removed and a replacement strand synthesised incorporating dUTP in place of dTTP to generate ds cDNA. AMPure XP beads (Beckman Coulter, #A63881) were then used to separate the ds cDNA from the second strand reaction mix, providing blunt-ended cDNA. A single 'A' nucleotide was added to the 3' ends of the blunt fragments to prevent them from ligating to another during the subsequent adapter ligation reaction, and a corresponding single 'T' nucleotide on the 3' end of the adapter provided a complementary overhang for ligating the adapter to the fragment. Multiple indexing adapters were then ligated to the ends of the ds cDNA to prepare them for hybridisation onto a flow cell, before 15 cycles of PCR were used to selectively enrich those DNA fragments that had adapter molecules on both ends and amplify the amount of DNA in the library suitable for sequencing. Libraries were quantified using the Qubit dsDNA HS kit and by PCR using the Kapa Universal Illumina Library Quantification kit complete kit (#KK4824) and assessed for quality using the Agilent Bioanalyser with the DNA HS Kit.;93_B_0__p;RT-PCR;GENOMIC;RNA-Seq;Human adipose tissue was obtained from the central compartment of the neck, superior to the clavicle and deep to the lateral thyroid lobe either adjacent to the longus colli muscle or to the oesophagus (brown adipose tissue BAT) and more superficially from the subcutaneous neck tissue (white adipose tissue WAT). The stromal vascular fraction was isolated and cultured as described (Ramage, Akyol et al. 2016 doi: 10.1016/j.cmet.2016.06.011). Following differentiation, cells were cultured in serum-stripped medium for 48 hours prior to RNA extraction and subsequent bulk RNA-seq. Sample 91 – age (years): 41 sex: female height (m): 1.52 weight (Kg): 63.5 BMI (kg/m2): 27.48 Sample 92 – age (years): 59 sex: female height (m): 1.57 weight (Kg): 60.4 BMI (kg/m2): 24.50 Sample 93 – age (years): 52 sex: female height (m): 1.70 weight (Kg): 114 BMI (kg/m2): 39.45 Sample 95 – age (years): 50 sex: female height (m): 1.72 weight (Kg): 66 BMI (kg/m2): 22.31 Total RNA samples were assessed on the Agilent Bioanalyser (Agilent Technologies, #G2939AA) with the RNA 6000 Nano Kit (#5067-1511) for quality and integrity of total RNA. Samples were DNase-treated using the TURBO DNA-free™ kit (Thermo Fisher, #AM1907) and then quantified using the Qubit 2.0 Fluorometer (Thermo Fisher Scientific Inc, #Q32866) and the Qubit RNA BR assay kit (#Q10210), and assessed for residual DNA contamination using the Qubit dsDNA HS assay Kit (catalogue # Q32851). Libraries were prepared from each TURBO™ DNase treated total-RNA sample using the TruSeq Stranded Total RNA with Ribo-Zero kit (#RS-122-2201) according to the provided protocol. 100ng of total-RNA was processed to deplete rRNA before being purified, fragmented and primed with random hexamers. Primed RNA fragments were reverse transcribed into first strand cDNA using reverse transcriptase and random primers. RNA templates were removed and a replacement strand synthesised incorporating dUTP in place of dTTP to generate ds cDNA. AMPure XP beads (Beckman Coulter, #A63881) were then used to separate the ds cDNA from the second strand reaction mix, providing blunt-ended cDNA. A single 'A' nucleotide was added to the 3' ends of the blunt fragments to prevent them from ligating to another during the subsequent adapter ligation reaction, and a corresponding single 'T' nucleotide on the 3' end of the adapter provided a complementary overhang for ligating the adapter to the fragment. Multiple indexing adapters were then ligated to the ends of the ds cDNA to prepare them for hybridisation onto a flow cell, before 15 cycles of PCR were used to selectively enrich those DNA fragments that had adapter molecules on both ends and amplify the amount of DNA in the library suitable for sequencing. Libraries were quantified using the Qubit dsDNA HS kit and by PCR using the Kapa Universal Illumina Library Quantification kit complete kit (#KK4824) and assessed for quality using the Agilent Bioanalyser with the DNA HS Kit.;PAIRED;;ILLUMINA;;;;;;;;;;NextSeq 550 sequencing: Bulk RNA-seq of paired human brown and white adipocytes;;cultured cells;Adipose - Subcutaneous;;
PRJNA901967;02/01/2023;Placental Inflammation Significantly Correlates with Reduced Risk for Retinopathy of Prematurity;Placental Inflammation Significantly Correlates with Reduced Risk for Retinopathy of Prematurity;SRR22301782;SAMN31742735;18942X9 639;18942X9 639;GSM6733292;cDNA;TRANSCRIPTOMIC;RNA-Seq;RNA was harvested using Qiagen ALL PREP Universal Whole transcriptome expression analysis was performed on fetal surface placental tissues using the Illumina Stranded Total RNA Kit with Ribo-Zero Plus per the standard protocol;PAIRED;;ILLUMINA;;;placental villous tissue;;Placenta;;;;;Illumina NovaSeq 6000 sequencing: GSM6733292: 18942X9 639 Homo sapiens RNA-Seq;some retinopathies;healthy;Placenta;;
PRJNA1046163;15/12/2023;Idiopathic inflammatory myopathy model sequencing;;SRR26974282;SAMN38477163;Human sample from Homo sapiens;Human sample from Homo sapiens;Ctrl_3;Inverse rRNA;TRANSCRIPTOMIC;RNA-Seq;;PAIRED;;ILLUMINA;;;;;muscle;;Ctrl_3;;;Illumina NovaSeq 6000 sequencing: RNA-Seq of muscle: healthy control sample;;;Muscle;;
PRJNA914646;24/12/2023;Integrated Unbiased Multiomics Defines Disease-Independent Placental Clusters in Common Obstetrical Syndromes;;SRR22925347;SAMN32490892;Human sample from Homo sapiens;Human sample from Homo sapiens;TP19.B2749;Inverse rRNA;TRANSCRIPTOMIC;RNA-Seq;;PAIRED;;ILLUMINA;;;;;Placenta;;Control;;;Illumina NovaSeq 6000 sequencing: Control;;healthy;Placenta;;
PRJNA742971;12/11/2022;A resource for integrated genomic analysis of the human liver;A resource for integrated genomic analysis of the human liver;SRR15013666;SAMN19988467;SJLB687;SJLB687;;cDNA;TRANSCRIPTOMIC;RNA-Seq;Total RNA was extracted from tissue homogenized in TRIzol reagent, followed by Qiagen RNAeasy cleanup mRNA libraries were prepared using the Illuminia TruSeq Stranded Total RNA with Ribo-Zero protocol;PAIRED;;ILLUMINA;;;;;liver;;;;;Illumina HiSeq 2000 sequencing: GSM5412298: SJLB687 Homo sapiens RNA-Seq;check ribozero;likely postmportem;Liver;;
PRJNA742971;12/11/2022;A resource for integrated genomic analysis of the human liver;A resource for integrated genomic analysis of the human liver;SRR15013683;SAMN19988511;SJLB749;SJLB749;;cDNA;TRANSCRIPTOMIC;RNA-Seq;Total RNA was extracted from tissue homogenized in TRIzol reagent, followed by Qiagen RNAeasy cleanup mRNA libraries were prepared using the Illuminia TruSeq Stranded Total RNA with Ribo-Zero protocol;PAIRED;;ILLUMINA;;;;;liver;;;;;Illumina HiSeq 2000 sequencing: GSM5412315: SJLB749 Homo sapiens RNA-Seq;check ribozero;likely postmportem;Liver;;
PRJNA1029930;29/10/2023;Transcriptomic profiling of lymphocytic colitis highlights distinct diarrhoeal pathomechanisms;Transcriptomic profiling of lymphocytic colitis highlights distinct diarrhoeal pathomechanisms;SRR26436577;SAMN37882018;Hc10;Hc10;GSM7848746;cDNA;TRANSCRIPTOMIC;RNA-Seq;Biopsies preserved in AllProtect were homogenized in RLT buffer from RNeasy Mini Kit supplemented with 1% 2-mercaptoethanol in a TissueLyser II instrument (all from Qiagen, Hilden, Germany). Total RNA from homogenized biopsy samples was isolated using RNeasy Mini Kit (Qiagen) following the manufacturer's instructions. TruSeq ribozero gold kit;PAIRED;;ILLUMINA;;;;;Colon, whole mucosa;;;;;Illumina NovaSeq 6000 sequencing: GSM7848746: Hc10 Homo sapiens RNA-Seq;;;Colon, Mucosa;;
PRJNA742971;12/11/2022;A resource for integrated genomic analysis of the human liver;A resource for integrated genomic analysis of the human liver;SRR15013573;SAMN19988403;SJLB357;SJLB357;;cDNA;TRANSCRIPTOMIC;RNA-Seq;Total RNA was extracted from tissue homogenized in TRIzol reagent, followed by Qiagen RNAeasy cleanup mRNA libraries were prepared using the Illuminia TruSeq Stranded Total RNA with Ribo-Zero protocol;PAIRED;;ILLUMINA;;;;;liver;;;;;Illumina HiSeq 2000 sequencing: GSM5412208: SJLB357 Homo sapiens RNA-Seq;check ribozero;likely postmportem;Liver;;
PRJNA454694;09/02/2019;Sequencing based maternal whole blood expression changes with gestational age and labor in normal pregnancy;Sequencing based maternal whole blood expression changes with gestational age and labor in normal pregnancy;SRR7094260;SAMN09011927;Sample_14 [RNA-seq];Sample_14 [RNA-seq];;cDNA;TRANSCRIPTOMIC;RNA-Seq;RNA was isolated from  PAXgene® Blood RNA collection tube (BD 762165) as described in the PAXgene® Blood miRNA Kit Handbook (December, 2015). Purified RNA was quantified by UV spectrophotometry using the DropSense96® Microplate Spectrophotometer (Trinean) and quality assessed by microfluidics using the RNA ScreenTape on the Agilent 2200 TapeStation. Starting with 500 ng of total RNA, cDNA library templates were synthesized using the Illumina TruSeq® Stranded Total RNA LT (Set A) Kit with Ribo-Zero Globin rRNA reduction, as described in the TruSeq® Stranded Total RNA Sample Preparation Guide (Rev. E, October 2013). Libraries were validated using the HS D1000 ScreenTape on the Agilent 2200 TapeStation, and quantified on the Qubit® 2.0 Fluorometer by the Qubit® dsDNA HS Assay (ThermoFisher). The Illumina HiSeq 2500 instrument was used to cluster the samples onto the flow cell. The pools were put on at 10pM and run in rapid mode at 2×100 paired end. Illumina HiSeq Rapid PE Cluster kit V2 and HiSeq Rapid SBS kit v2 200 cycles was used.;PAIRED;;ILLUMINA;;;;;;;;;;Illumina HiSeq 2500 sequencing: GSM3124793: Sample_14 [RNA-seq] Homo sapiens RNA-Seq;;;Blood - Whole blood;;
PRJNA768868;06/01/2022;Transcriptomics of receptive endometrium in women with sonographic features of adenomyosis;Transcriptomics of receptive endometrium in women with sonographic features of adenomyosis;SRR16212317;SAMN22068488;K22;K22;;cDNA;TRANSCRIPTOMIC;RNA-Seq;Retrieved endometrial samples were immediately placed in RNAlater solution (Thermo Fisher Scientific Baltics UAB, Vilnius, Lithuania), stored overnight at +4 °C and then transferred to –80 °C. Total RNA was isolated using the miRNeasy Mini Kit (Qiagen GmbH, Hilden, Germany) according to the manufacturer's instructions. Each whole-tissue endometrial sample was first disrupted with a Bullet Blender Storm Pro homogenizer (Next Advance, lnc., Troy, NY, USA) using 1 mm zirconium oxide beads in 700 µL of QIAzol Lysis Reagent from the miRNeasy Mini Kit. Both lncRNA and mRNA 150 bp paired-end libraries were constructed and subsequently sequenced by Novogene Bioinformatics Technology Co., Ltd. (Hong Kong, China). Briefly, a total amount of 2 µg of RNA per sample was used for cDNA sequencing library preparation. Ribosomal RNA (rRNA) was removed using the Epicentre Ribo-zeroTM rRNA Removal Kit (Epicentre, Brooklyn, NY, USA), and the remaining RNA was used for library generation by the NEBNext® UltraTM Directional RNA Library Prep Kit for Illumina® (NEB, Ipswich, MA, USA). First, rRNA-depleted RNA samples were fragmented followed by first- and second-strand cDNA synthesis. The sequencing adaptors were ligated, and library fragments were purified to obtain cDNA fragments 150~200 bp in length. Polymerase chain reaction (PCR) amplification of size-selected, adaptor-ligated cDNA was performed using universal PCR primers and index primers. Index-coded samples were clustered by Illumina TruSeq PE Cluster Kit v3-cBot-Hs. Libraries were sequenced on an Illumina NovaSeq 6000 platform, which generated 150 bp paired-end reads.;PAIRED;;ILLUMINA;;;;;;;;;;Illumina NovaSeq 6000 sequencing: GSM5613998: K22 Homo sapiens RNA-Seq;;;Uterus - Endometrium;;
PRJNA742971;12/11/2022;A resource for integrated genomic analysis of the human liver;A resource for integrated genomic analysis of the human liver;SRR15013478;SAMN19988493;SJLB783;SJLB783;;cDNA;TRANSCRIPTOMIC;RNA-Seq;Total RNA was extracted from tissue homogenized in TRIzol reagent, followed by Qiagen RNAeasy cleanup mRNA libraries were prepared using the Illuminia TruSeq Stranded Total RNA with Ribo-Zero protocol;PAIRED;;ILLUMINA;;;;;liver;;;;;Illumina HiSeq 2000 sequencing: GSM5412332: SJLB783 Homo sapiens RNA-Seq;check ribozero;likely postmportem;Liver;;
PRJNA488467;26/09/2018;Determination of the Forkhead box A2 (FOXA2) Cistrome in the Human Endometrium;Determination of the Forkhead box A2 (FOXA2) Cistrome in the Human Endometrium;SRR7767510;SAMN09934019;THPR001A;THPR001A;;cDNA;TRANSCRIPTOMIC;RNA-Seq;Qiagen rneasy kit Illumina Tru-seq Stranded Ribo-zero;PAIRED;;ILLUMINA;;;;;endometrium;;;;;Illumina HiSeq 2500 sequencing: GSM3360747: THPR001A Homo sapiens RNA-Seq;;;Uterus - Endometrium;;
PRJNA716181;27/02/2023;Transcriptome sequencing data of tumors and paired adjacent tissues from HCC patients;Transcriptome sequencing data of tumors and paired adjacent tissues from HCC patients;SRR14027924;SAMN18397086;RNA_P11PN;RNA_P11PN;;cDNA;TRANSCRIPTOMIC;RNA-Seq;Samples were treated with 1mL TRIzol reagent according to manufacturer's instructions. Nanodrop ND-1000 was used for RNA density/purity detection. Agilent BioAnalyzer 2100 was used for RNA quality control. rRNA depletion was conducted before RNA-seq library preparation using TruSeq Stranded Total RNA Library Prep Kit. The libraries were constructed using TruSeq Stranded Total RNA with Ribo-Zero Gold according to the manufacturer's instructions.;PAIRED;;ILLUMINA;;;;;Adjacent tissue;;;;;Illumina HiSeq 2500 sequencing: GSM5194566: RNA_P11PN Homo sapiens RNA-Seq;;tumor-adjacent;Liver;;
PRJEB43164;21/05/2023;Bulk RNA-seq of paired human brown and white adipocytes;Bulk RNA-seq of paired human brown and white adipocytes;ERR5320465;SAMEA8103244;91_W_01;Protocols: Human adipose tissue was obtained from the central compartment of the neck, superior to the clavicle and deep to the lateral thyroid lobe either adjacent to the longus colli muscle or to the oesophagus (brown adipose tissue BAT) and more superficially from the subcutaneous neck tissue (white adipose tissue WAT). The stromal vascular fraction was isolated and cultured as described (Ramage, Akyol et al. 2016 doi: 10.1016/j.cmet.2016.06.011). Following differentiation, cells were cultured in serum-stripped medium for 48 hours prior to RNA extraction and subsequent bulk RNA-seq. Sample 91 – age (years): 41 sex: female height (m): 1.52 weight (Kg): 63.5 BMI (kg/m2): 27.48 Sample 92 – age (years): 59 sex: female height (m): 1.57 weight (Kg): 60.4 BMI (kg/m2): 24.50 Sample 93 – age (years): 52 sex: female height (m): 1.70 weight (Kg): 114 BMI (kg/m2): 39.45 Sample 95 – age (years): 50 sex: female height (m): 1.72 weight (Kg): 66 BMI (kg/m2): 22.31 Total RNA samples were assessed on the Agilent Bioanalyser (Agilent Technologies, #G2939AA) with the RNA 6000 Nano Kit (#5067-1511) for quality and integrity of total RNA. Samples were DNase-treated using the TURBO DNA-free™ kit (Thermo Fisher, #AM1907) and then quantified using the Qubit 2.0 Fluorometer (Thermo Fisher Scientific Inc, #Q32866) and the Qubit RNA BR assay kit (#Q10210), and assessed for residual DNA contamination using the Qubit dsDNA HS assay Kit (catalogue # Q32851). Libraries were prepared from each TURBO™ DNase treated total-RNA sample using the TruSeq Stranded Total RNA with Ribo-Zero kit (#RS-122-2201) according to the provided protocol. 100ng of total-RNA was processed to deplete rRNA before being purified, fragmented and primed with random hexamers. Primed RNA fragments were reverse transcribed into first strand cDNA using reverse transcriptase and random primers. RNA templates were removed and a replacement strand synthesised incorporating dUTP in place of dTTP to generate ds cDNA. AMPure XP beads (Beckman Coulter, #A63881) were then used to separate the ds cDNA from the second strand reaction mix, providing blunt-ended cDNA. A single 'A' nucleotide was added to the 3' ends of the blunt fragments to prevent them from ligating to another during the subsequent adapter ligation reaction, and a corresponding single 'T' nucleotide on the 3' end of the adapter provided a complementary overhang for ligating the adapter to the fragment. Multiple indexing adapters were then ligated to the ends of the ds cDNA to prepare them for hybridisation onto a flow cell, before 15 cycles of PCR were used to selectively enrich those DNA fragments that had adapter molecules on both ends and amplify the amount of DNA in the library suitable for sequencing. Libraries were quantified using the Qubit dsDNA HS kit and by PCR using the Kapa Universal Illumina Library Quantification kit complete kit (#KK4824) and assessed for quality using the Agilent Bioanalyser with the DNA HS Kit.;91_W_01_p;RT-PCR;GENOMIC;RNA-Seq;Human adipose tissue was obtained from the central compartment of the neck, superior to the clavicle and deep to the lateral thyroid lobe either adjacent to the longus colli muscle or to the oesophagus (brown adipose tissue BAT) and more superficially from the subcutaneous neck tissue (white adipose tissue WAT). The stromal vascular fraction was isolated and cultured as described (Ramage, Akyol et al. 2016 doi: 10.1016/j.cmet.2016.06.011). Following differentiation, cells were cultured in serum-stripped medium for 48 hours prior to RNA extraction and subsequent bulk RNA-seq. Sample 91 – age (years): 41 sex: female height (m): 1.52 weight (Kg): 63.5 BMI (kg/m2): 27.48 Sample 92 – age (years): 59 sex: female height (m): 1.57 weight (Kg): 60.4 BMI (kg/m2): 24.50 Sample 93 – age (years): 52 sex: female height (m): 1.70 weight (Kg): 114 BMI (kg/m2): 39.45 Sample 95 – age (years): 50 sex: female height (m): 1.72 weight (Kg): 66 BMI (kg/m2): 22.31 Total RNA samples were assessed on the Agilent Bioanalyser (Agilent Technologies, #G2939AA) with the RNA 6000 Nano Kit (#5067-1511) for quality and integrity of total RNA. Samples were DNase-treated using the TURBO DNA-free™ kit (Thermo Fisher, #AM1907) and then quantified using the Qubit 2.0 Fluorometer (Thermo Fisher Scientific Inc, #Q32866) and the Qubit RNA BR assay kit (#Q10210), and assessed for residual DNA contamination using the Qubit dsDNA HS assay Kit (catalogue # Q32851). Libraries were prepared from each TURBO™ DNase treated total-RNA sample using the TruSeq Stranded Total RNA with Ribo-Zero kit (#RS-122-2201) according to the provided protocol. 100ng of total-RNA was processed to deplete rRNA before being purified, fragmented and primed with random hexamers. Primed RNA fragments were reverse transcribed into first strand cDNA using reverse transcriptase and random primers. RNA templates were removed and a replacement strand synthesised incorporating dUTP in place of dTTP to generate ds cDNA. AMPure XP beads (Beckman Coulter, #A63881) were then used to separate the ds cDNA from the second strand reaction mix, providing blunt-ended cDNA. A single 'A' nucleotide was added to the 3' ends of the blunt fragments to prevent them from ligating to another during the subsequent adapter ligation reaction, and a corresponding single 'T' nucleotide on the 3' end of the adapter provided a complementary overhang for ligating the adapter to the fragment. Multiple indexing adapters were then ligated to the ends of the ds cDNA to prepare them for hybridisation onto a flow cell, before 15 cycles of PCR were used to selectively enrich those DNA fragments that had adapter molecules on both ends and amplify the amount of DNA in the library suitable for sequencing. Libraries were quantified using the Qubit dsDNA HS kit and by PCR using the Kapa Universal Illumina Library Quantification kit complete kit (#KK4824) and assessed for quality using the Agilent Bioanalyser with the DNA HS Kit.;PAIRED;;ILLUMINA;;;;;;;;;;NextSeq 550 sequencing: Bulk RNA-seq of paired human brown and white adipocytes;;cultured cells;Adipose - Subcutaneous;;
PRJNA716181;27/02/2023;Transcriptome sequencing data of tumors and paired adjacent tissues from HCC patients;Transcriptome sequencing data of tumors and paired adjacent tissues from HCC patients;SRR14027920;SAMN18397167;RNA_P9N;RNA_P9N;;cDNA;TRANSCRIPTOMIC;RNA-Seq;Samples were treated with 1mL TRIzol reagent according to manufacturer's instructions. Nanodrop ND-1000 was used for RNA density/purity detection. Agilent BioAnalyzer 2100 was used for RNA quality control. rRNA depletion was conducted before RNA-seq library preparation using TruSeq Stranded Total RNA Library Prep Kit. The libraries were constructed using TruSeq Stranded Total RNA with Ribo-Zero Gold according to the manufacturer's instructions.;PAIRED;;ILLUMINA;;;;;Adjacent tissue;;;;;Illumina HiSeq 2500 sequencing: GSM5194562: RNA_P9N Homo sapiens RNA-Seq;;tumor-adjacent;Liver;;
PRJNA742971;12/11/2022;A resource for integrated genomic analysis of the human liver;A resource for integrated genomic analysis of the human liver;SRR15013587;SAMN19988449;SJLB380;SJLB380;;cDNA;TRANSCRIPTOMIC;RNA-Seq;Total RNA was extracted from tissue homogenized in TRIzol reagent, followed by Qiagen RNAeasy cleanup mRNA libraries were prepared using the Illuminia TruSeq Stranded Total RNA with Ribo-Zero protocol;PAIRED;;ILLUMINA;;;;;liver;;;;;Illumina HiSeq 2000 sequencing: GSM5412222: SJLB380 Homo sapiens RNA-Seq;check ribozero;likely postmportem;Liver;;
PRJNA997353;22/12/2023;Race-specific coregulatory and transcriptomic profiles associated with DNA methylation and androgen receptor in prostate cancer [RNA-Seq];Race-specific coregulatory and transcriptomic profiles associated with DNA methylation and androgen receptor in prostate cancer [RNA-Seq];SRR25387955;SAMN36678803;PT-00195907_NT_AA;PT-00195907_NT_AA;GSM7657475;cDNA;TRANSCRIPTOMIC;RNA-Seq;Illumina TruSeq Stranded Total RNA Library Prep Kit with Ribo-Zero Gol RNA libraries were prepared for sequencing using standard Illumina protocols;PAIRED;;ILLUMINA;;;;;prostate;;;;;Illumina HiSeq 2500 sequencing: GSM7657475: PT-00195907_NT_AA Homo sapiens RNA-Seq;;tumor-adjacent;Prostate;;
PRJNA374861;17/02/2018;Chemoprevention with COX2 and EGFR inhibition in FAP patients: mRNA signatures of duodenal neoplasia;Homo sapiens;SRR5259631;SAMN06339127;Base_Pt4;Base_Pt4;;cDNA;TRANSCRIPTOMIC;RNA-Seq;Qiagen RNAeasy Mini kit Illumina TruSeq Stranded Total RNA treated with Ribozero Gold, 50 cycle single end reads;SINGLE;;ILLUMINA;;;;;Uninvolved;;;;;Illumina HiSeq 2500 sequencing: GSM2491879: Base_Pt4 Homo sapiens RNA-Seq;;;Small Intestine - Duodenum;;
PRJNA574470;12/05/2020;Hippocampal Subfield Transcriptome Analysis in Schizophrenia Psychosis;Hippocampal Subfield Transcriptome Analysis in Schizophrenia Psychosis;SRR10192640;SAMN12858843;CA1_CTL_0832;CA1_CTL_0832;;1;TRANSCRIPTOMIC;RNA-Seq;Total RNA was extracted and purified using a protocol combining Trizol and chloroform extraction, the GeneJET RNA Purification Kit, and a motorized mini-pestle vibrator for tissue homogenization. RNA purity and concentration were assessed on the Nanodrop spectrophotometer and Agilent2100 Bioanalyzer for RNA Integrity number (RIN) determination. Total RNA was rRNA ribo-depleted, and strand-specific cDNA libraries were synthesized before sequencing on an Illumina HiSeq 2500 sequencer. Stranded, single-end 50-base-pair reads were generated for the preliminary CA3 cohort data. Stranded paired-end 100-base-pair reads were generated for additional cohorts. Libraries and sequencing were performed at the UTSW McDermott Sequencing Core and UTSW Genomics & Microarray Core.;PAIRED;;ILLUMINA;;;;;hippocampus;;;;;Illumina HiSeq 2500 sequencing: GSM4098904: CA1_CTL_0832 Homo sapiens RNA-Seq;;;Brain - Hippocampus;;
PRJNA253002;19/11/2015;Human cortical transcriptome informs brain imaging;Homo sapiens;SRR1424669;SAMN02866058;Human_1581_BA39_9;Human_1581_BA39_9;;cDNA;TRANSCRIPTOMIC;RNA-Seq;All RNA samples were examined for quantity and quality by NanoDrop and Bioanalyzer (Agilent). Samples were randomized for RNA extractions and sequencing. 5ug of total RNA were treated with a Ribominus column according to the manufacturer’s instructions to remove ribosomal RNA. Libraries were prepared using an Illumina TruSeq kit according to the manufacturer’s instructions.;SINGLE;;ILLUMINA;;;;;;;;;;Illumina HiSeq 2000 sequencing: GSM1414942: Human_1581_BA39_9 Homo sapiens RNA-Seq;;;Brain - Angular Gyrus;;
PRJNA666441;03/10/2020;Long non-coding RNAs ENST00000429730.1 and MSTRG.93125.4 associate with metabolic activity in tuberculosis lesions of sputum-negative tuberculosis patients;Long non-coding RNAs ENST00000429730.1 and MSTRG.93125.4 associate with metabolic activity in tuberculosis lesions of sputum-negative tuberculosis patients;SRR12743486;SAMN16293836;lung tissue L4;lung tissue L4;;cDNA;TRANSCRIPTOMIC;RNA-Seq;Total RNA of each lung sample was extracted by using TRIzol Reagent (Invitrogen, US) and further purified using the RNeasy Mini Kit (Qiagen, Germany) according to the manufacturer's instructions. Total RNA of each sample was quantified and qualified by Agilent 2100 Bioanalyzer (Agilent Technologies, USA), NanoDrop (Thermo Fisher Scientific Inc., USA) and 1% agarose gel. Total RNA (1 μg) with the value of RNA integrity number (RIN) > 7 was used for library preparation of the following next generation sequencing, with the NEBNext Ultra II Directional RNA Library Prep. Kit for Illumina. The rRNA was depleted from total RNA using Ribo-Zero™ rRNA removal Kit (Illumina, USA), and cDNA libraries were generated following manufacture's protocols. Then, libraries with different indices were multiplexed and loaded on Illumina HiSeq instrument (Illumina, USA) for 2 × 150 paired-end sequencing according to manufacturer's instructions.;PAIRED;;ILLUMINA;;;;;;;;;;Illumina NovaSeq 6000 sequencing: GSM4810287: lung tissue L4 Homo sapiens RNA-Seq;possible TB;;Lung;;
PRJNA849660;19/08/2022;The novel circle-RNA ZNF208 regulates the proliferation of cervical cancer fibroblasts through a ceRNA network;The novel circle-RNA ZNF208 regulates the proliferation of cervical cancer fibroblasts through a ceRNA network;SRR19666460;SAMN29126916;CP_273233;CP_273233;GSM6246340;cDNA;TRANSCRIPTOMIC;RNA-Seq;After the samples are qualified, the total RNA library preparation and library inspection are carried out according to the following experimental steps: (1) rRNA removal: Ribo-zero kit was used to remove rRNA, followed by high temperature and metal ions. (2) Synthesis and purification of cDNA: using RNA as a template, a six-base random primer is used to synthesize a strand of cDNA,Then add buffer, dNTPs, and enzyme to synthesize double-stranded cDNA, and then use VAHTSTM DNA Clean Beads Purification of double-stranded cDNA (3) Fragment screening: the purified double-stranded cDNA is first subjected to end repair, A-tail, and sequencing ligation head, followed by fragment screening with VAHTSTM DNA Clean Beads (4) PCR enrichment: UDG enzyme degrades the second strand of cDNA containing U, and performs PCR enrichment, Finally, use VAHTSTM DNA Clean eads to purify the PCR product (5) Library inspection: use Qubit to accurately quantify the library concentration, and Agilent 2100 Bioanalyzer to determine Library fragment size distribution to assess suitability for onboarding. Ribo-zero kit for rRNA removal One-stranded cDNA was synthesized using RNA as a template and six-base random primers The second-stranded cDNA was synthesised by adding buffer, dNTPs and enzymes, followed by purification of the double-stranded cDNA using VAHTSTM DNA Clean Beads. purification of double-stranded cDNA Accurate quantification of library concentrations with Qubit, determination of library fragment size distribution with Agilent 2100 Bioanalyzer;PAIRED;;ILLUMINA;;;;;"paracancerous tissue;Cervical";;;;;Illumina HiSeq 4000 sequencing: GSM6246340: CP_273233 Homo sapiens RNA-Seq;;tumor-adjacent;Cervix;;
PRJNA742971;12/11/2022;A resource for integrated genomic analysis of the human liver;A resource for integrated genomic analysis of the human liver;SRR15013611;SAMN19988559;SJLB424;SJLB424;;cDNA;TRANSCRIPTOMIC;RNA-Seq;Total RNA was extracted from tissue homogenized in TRIzol reagent, followed by Qiagen RNAeasy cleanup mRNA libraries were prepared using the Illuminia TruSeq Stranded Total RNA with Ribo-Zero protocol;PAIRED;;ILLUMINA;;;;;liver;;;;;Illumina HiSeq 2000 sequencing: GSM5412246: SJLB424 Homo sapiens RNA-Seq;check ribozero;likely postmportem;Liver;;
PRJNA478051;21/02/2020;Dynamics of the transcriptional landscape during human gonad development during fetal life;Dynamics of the transcriptional landscape during human gonad development during fetal life;SRR7430729;SAMN09495530;XY_l7GW_p5_EH868_bis;XY_l7GW_p5_EH868_bis;;cDNA;TRANSCRIPTOMIC;RNA-Seq;Total RNA were extracted from tissues using the RNeasy mini Kit (Qiagen), quantified using a NanoDrop™ 8000 spectrophotometer (Thermo Scientific) and quality controlled using a 2100 Electrophoresis Bioanalyzer (Agilent). Libraries of template molecules suitable for strand specific high throughput DNA sequencing were created using “TruSeq Stranded Total RNA with Ribo-Zero Gold Prep Kit” (catalog # RS-122-2301, Illumina Inc.). Briefly, the removal of cytoplasmic and mitochondrial ribosomal RNA (rRNA) was performed from 500 ng of total RNA using biotinylated, target-specific oligos combined with Ribo-Zero rRNA removal beads. Following purification, the RNA was fragmented using divalent cations under elevated temperature. The cleaved RNA fragments were copied into first strand cDNA using reverse transcriptase and random primers, followed by second strand cDNA synthesis using DNA Polymerase I and RNase H. The double stranded cDNA fragments were blunted using T4 DNA polymerase, Klenow DNA polymerase and T4 PNK. A single 'A' nucleotide was added to the 3' ends of the blunt DNA fragments using a Klenow fragment (3' to 5'exo minus) enzyme. The cDNA fragments were ligated to double stranded adapters using T4 DNA Ligase. The ligated products were enriched by PCR amplification (30 sec at 98°C [10 sec at 98°C, 30 sec at 60°C, 30 sec at 72°C] x 12 cycles 5 min at 72°C). Excess of PCR primers was removed by purification using AMPure XP beads (Agencourt Biosciences Corporation). Final cDNA libraries were quality-checked and quantified using a 2100 Electrophoresis Bioanalyzer (Agilent). The libraries were loaded in the flow cell at 7pM concentration and clusters were generated in the Cbot and sequenced in the Illumina Hiseq 2500 as paired-end 2x50 base reads following Illumina's instructions. Image analysis and base calling were performed using RTA 1.17.20 and CASAVA 1.8.2.;PAIRED;;ILLUMINA;;;;;Testis;;;;;Illumina HiSeq 2500 sequencing: GSM3223680: XY_l7GW_p5_EH868_bis Homo sapiens RNA-Seq;;;Testis;;
PRJNA637378;23/09/2020;Non-CG methylation and multiple epigenetic layers associate child abuse with immune and small GTPase dysregulation;Non-CG methylation and multiple epigenetic layers associate child abuse with immune and small GTPase dysregulation;SRR11927151;SAMN15104839;Lateral amygdala, S20, RNAseq;Lateral amygdala, S20, RNAseq;;cDNA;TRANSCRIPTOMIC;RNA-Seq;TrueSeq Stranded Total RNA Sample Preparation + Ribo-Zero Gold kits (Illumina);PAIRED;;ILLUMINA;;;;;Lateral Amygdala (human brain tissue);;;;;Illumina HiSeq 2000 sequencing: GSM4591832: Lateral amygdala, S20, RNAseq Homo sapiens RNA-Seq;;;Brain - Amygdala;;
PRJNA496323;27/01/2019;Atopic Dermatitis, Psoriasis and healthy control RNA-seq cohort;Atopic Dermatitis, Psoriasis and healthy control RNA-seq cohort;SRR8052766;SAMN10238612;CTRL_020_healthy;CTRL_020_healthy;;cDNA;TRANSCRIPTOMIC;RNA-Seq;5mm skin punch biopsies were stored in PaxGene tissue containers (PreAnalytiX) at -80°C until isolation of total RNA with the Qiagen AllPrep DNA/RNA Mini Kit preceded by an additional disruption/homogenization step with innuSPEED Lysis Tubes W (Analytik Jena) and Qiagen QIAshredder spin-columns. RNA samples were prepared for sequencing using the Illumina Truseq® Stranded total RNA Protocol in combination with the RiboZero rRNA removal Kit and sequenced on the HiSeq2500 with 2x125bp.;PAIRED;;ILLUMINA;;;;;;;;;;Illumina HiSeq 2500 sequencing: GSM3427926: CTRL_020_healthy Homo sapiens RNA-Seq;;Healthy;Skin;;
PRJNA253002;19/11/2015;Human cortical transcriptome informs brain imaging;Homo sapiens;SRR1424705;SAMN02866094;Human_4924_BA22_3;Human_4924_BA22_3;;cDNA;TRANSCRIPTOMIC;RNA-Seq;All RNA samples were examined for quantity and quality by NanoDrop and Bioanalyzer (Agilent). Samples were randomized for RNA extractions and sequencing. 5ug of total RNA were treated with a Ribominus column according to the manufacturer’s instructions to remove ribosomal RNA. Libraries were prepared using an Illumina TruSeq kit according to the manufacturer’s instructions.;SINGLE;;ILLUMINA;;;;;;;;;;Illumina HiSeq 2000 sequencing: GSM1414978: Human_4924_BA22_3 Homo sapiens RNA-Seq;;;Brain - Superior Temporal Gyrus;;
PRJNA742971;12/11/2022;A resource for integrated genomic analysis of the human liver;A resource for integrated genomic analysis of the human liver;SRR15013615;SAMN19988425;SJLB434;SJLB434;;cDNA;TRANSCRIPTOMIC;RNA-Seq;Total RNA was extracted from tissue homogenized in TRIzol reagent, followed by Qiagen RNAeasy cleanup mRNA libraries were prepared using the Illuminia TruSeq Stranded Total RNA with Ribo-Zero protocol;PAIRED;;ILLUMINA;;;;;liver;;;;;Illumina HiSeq 2000 sequencing: GSM5412250: SJLB434 Homo sapiens RNA-Seq;check ribozero;likely postmportem;Liver;;
PRJNA574470;12/05/2020;Hippocampal Subfield Transcriptome Analysis in Schizophrenia Psychosis;Hippocampal Subfield Transcriptome Analysis in Schizophrenia Psychosis;SRR10192663;SAMN12858889;CA3_CTL_0879;CA3_CTL_0879;;1;TRANSCRIPTOMIC;RNA-Seq;Total RNA was extracted and purified using a protocol combining Trizol and chloroform extraction, the GeneJET RNA Purification Kit, and a motorized mini-pestle vibrator for tissue homogenization. RNA purity and concentration were assessed on the Nanodrop spectrophotometer and Agilent2100 Bioanalyzer for RNA Integrity number (RIN) determination. Total RNA was rRNA ribo-depleted, and strand-specific cDNA libraries were synthesized before sequencing on an Illumina HiSeq 2500 sequencer. Stranded, single-end 50-base-pair reads were generated for the preliminary CA3 cohort data. Stranded paired-end 100-base-pair reads were generated for additional cohorts. Libraries and sequencing were performed at the UTSW McDermott Sequencing Core and UTSW Genomics & Microarray Core.;PAIRED;;ILLUMINA;;;;;hippocampus;;;;;Illumina HiSeq 2500 sequencing: GSM4098927: CA3_CTL_0879 Homo sapiens RNA-Seq;;;Brain - Hippocampus;;
PRJEB42969;21/03/2022;This study was conducted to understand the genomics of progression of oral precancerous lesion (leukoplakia) to malignant oral tumor.;Genomic study of gingivobuccal oral cancer progression from oral precancerous lesion.;ERR5285493;SAMEA8045502;Adjacent normal;Adjacent normal;Truseq;Inverse rRNA selection;TRANSCRIPTOMIC;RNA-Seq;Illumina Truseq RNA sample preparation;PAIRED;;ILLUMINA;;;;;;;;;;Illumina HiSeq 2500 paired end sequencing;;tumor-adjacent;Mouth;;
PRJNA387704;23/02/2018;Comparsion of the transcriptome profiles in normal and age-related macular degneration in retina and RPE-Choroid-Scleral (RCS) tissues;Homo sapiens;SRR5591601;SAMN07161009;Normal_PR_2.TR03;Normal_PR_2.TR03;;cDNA;TRANSCRIPTOMIC;RNA-Seq;collection protocol: For each donor eye, the retina (PR) and RPE-Choroid-Sclera (PRCS) samples were dissected from the peripheral region of the posterior eye globes using a 10mm-biopsy punch followed by a 8mm-punch in the middle of the 10mm-punch to minimize the sample contamination. A total of 32 RNA samples were prepared using the AllPrep DNA/RNA Mini kit (Qiagen). Library preparation and sequencing was done using the TruSeq Stranded total RNA with RiboZero Gold kit (Illumina, CA) protocol with a total RNA (800ng) as the starting material.;PAIRED;;ILLUMINA;;;;;Peripheral RPE-Choroid-Sclera;;;;;Illumina HiSeq 2000 sequencing: GSM2638044: Normal_PRC_5.TR10 Homo sapiens RNA-Seq;;;Eye;;
PRJNA939148;09/07/2023;Transcriptomes of human primary skin fibroblasts reveal age-associated mRNAs and long noncoding RNAs;Transcriptomes of human primary skin fibroblasts reveal age-associated mRNAs and long noncoding RNAs;SRR23630234;SAMN33458037;SKIN_AGE67_F_GR4_Gt080;SKIN_AGE67_F_GR4_Gt080;GSM7067622;cDNA;TRANSCRIPTOMIC;RNA-Seq;After expansion, total RNA was isolated using the Direct-zolTM RNA MiniPrep kit (Zymo Research) following the manufacturer's instruction. Ribo-RNA depletion with Low Input RiboMinus Eukaryote System v2 (Thermo Fisher Scientific). Ribo-RNA-depleted samples were then used for cDNA synthesis with Ovation® RNA-Seq System V2 (Nugen) following the manufacturer's protocol. Following cDNA fragmentation and size selection, libraries were prepared using Illumina TruSeq ChIP Library Preparation Kit (Illumina) according to manufacturer's protocol.;PAIRED;;ILLUMINA;;;primary skin fibroblasts;;;;;;;Illumina NovaSeq 6000 sequencing: GSM7067622: SKIN_AGE67_F_GR4_Gt080 Homo sapiens RNA-Seq;;;Cells - Cultured fibroblasts;;
PRJNA326252;04/08/2016;Genome-wide expression screening discloses long noncoding RNAs involved in thyroid carcinogenesis;Homo sapiens;SRR3703027;SAMN05272484;Case7_N;Case7_N;;cDNA;TRANSCRIPTOMIC;RNA-Seq;Total RNA was isolated using TRIzol reagent (Invitrogen) according to the manufacturer's instructions. The purity of extracted RNA was measured using a NanoDrop ND- 1000 spectrophotometer (NanoDrop Technologies, Inc., Wilmington, DE) and the concentration was assessed with Qubit 2.0 Fluorometer (Agilent Technologies, Santa Clara, CA) using an RNA HS Assay Kit. Samples with RNA Integrity Number (RIN) greater than 4 as assessed by a BioAnalyzer (Agilent) with no visible sign of genomic DNA contamination from the HS Nanochip tracings were used for total RNA library generation. Used the Illumina TruSeq Stranded Total RNA Sample Prep Kit with Ribo-Zero Gold (catalog #RS-122-2201), which transformed RNA into cDNA. This kit employed Ribo-Zero to remove rRNA and mitochondrial RNA prior to library preparation. The protocol consisted of random primer and stranded RNA extraction, RNA fragmentation, reverse transcription, and 100bp paired-125 end sequencing using the Illumina HiSeq 2500 system.;PAIRED;;ILLUMINA;;;;;Noncancerous tissue;;;;;Illumina HiSeq 2500 sequencing: GSM2205855: Case7_N Homo sapiens RNA-Seq;;;Thyroid Gland;;
PRJNA342787;06/10/2016;Transcriptional profiling of Myotonic dystrophy muscle and heart;Homo sapiens;SRR4240816;SAMN05768096;Tibialis_Control_3;Tibialis_Control_3;;cDNA;TRANSCRIPTOMIC;RNA-Seq;Frozen tissue samples were lysed using a homogenizer in Trizol. Chloroform was added and mixed, and the aqueous layer was added to isopropanol to precipitate RNA. The RNA was then cleaned up on RNeasy columns (Qiagen) with on column DNase treatment. Strand-specific libraries (using dUTP incorporation during reverse transcription, and USER treatment prior to PCR) were prepared using standard protocols. RNA was first fragmented, and then ribosomal RNA was subtracted using ribo-zero beads from Epicentre Biotechnologies. Reverse transcription was performed using random primers, followed by 2nd strand cDNA synthesis, end repair, adenylation, and ligation of adapters. Products were run on agarose, size selected, and then subjected to 14-18 cycles of PCR.;PAIRED;;ILLUMINA;;;;;Tibialis anterior muscle;;;;;Illumina HiSeq 2000 sequencing: GSM2309589: Tibialis_Control_3 Homo sapiens RNA-Seq;;;Muscle - Skeletal;;
PRJNA496323;27/01/2019;Atopic Dermatitis, Psoriasis and healthy control RNA-seq cohort;Atopic Dermatitis, Psoriasis and healthy control RNA-seq cohort;SRR8052771;SAMN10238607;CTRL_029_healthy;CTRL_029_healthy;;cDNA;TRANSCRIPTOMIC;RNA-Seq;5mm skin punch biopsies were stored in PaxGene tissue containers (PreAnalytiX) at -80°C until isolation of total RNA with the Qiagen AllPrep DNA/RNA Mini Kit preceded by an additional disruption/homogenization step with innuSPEED Lysis Tubes W (Analytik Jena) and Qiagen QIAshredder spin-columns. RNA samples were prepared for sequencing using the Illumina Truseq® Stranded total RNA Protocol in combination with the RiboZero rRNA removal Kit and sequenced on the HiSeq2500 with 2x125bp.;PAIRED;;ILLUMINA;;;;;;;;;;Illumina HiSeq 2500 sequencing: GSM3427931: CTRL_029_healthy Homo sapiens RNA-Seq;;Healthy;Skin;;
PRJNA486023;14/03/2019;Fudan University Shanghai Cancer Center Triple Negative Breast Cancer (FUSCCTNBC);Homo sapiens;SRR8518206;SAMN09837084;Human sample from Homo sapiens;Human sample from Homo sapiens;Lib_FUSCCTNBC215.PT;Inverse rRNA;TRANSCRIPTOMIC;RNA-Seq;;PAIRED;;ILLUMINA;;;;;Paired normal breast tissue;;FUSCCTNBC215;;;HiSeq X Ten sequencing: RNAseq of Homo sapiens: triple negative breast cancer from FUSCCTNBC project;;tumor-adjacent;Breast;;
PRJNA625391;16/04/2020;RNA-seq of matched adjacent normal and primary tumor samples from 33 HCC patients;;SRR11547377;SAMN14599272;Human sample from Homo sapiens;Human sample from Homo sapiens;8;Inverse rRNA;TRANSCRIPTOMIC;RNA-Seq;;PAIRED;;ILLUMINA;;;;;Liver tissue;;normal;;;Illumina HiSeq 2500 sequencing: RNA-Seq of Homo sapiens :liver;;;Liver;;
PRJNA918345;27/02/2023;Rhinoviruses and enterovirus-D68 replicate more robustly in respiratory tissues originating from asthmatic patients compared to non-asthmatic controls;Rhinoviruses and enterovirus-D68 replicate more robustly in respiratory tissues originating from asthmatic patients compared to non-asthmatic controls;SRR22966249;SAMN32574182;C15_Asthma_2_L2;C15_Asthma_2_L2;GSM6915330;cDNA;TRANSCRIPTOMIC;RNA-Seq;human airway epithlia from healthy versus asthmatic donors have been infected or not with rhinoviruses. Infected and non-infected tissues were lysed in 800l of trizol (Ambion, 5596018) and RNA was extracted according to manufacturer's instruction. The TruSeq Stranded total RNA kit with Ribo-Zero Gold was used for the library preparation with 150 ng of total RNA as input. The 18 libraries were pooled at equimolarity and loaded at 8.5 pM for clustering on a single-read Illumina Flow cell. All 100-base sequencing was performed using the TruSeq SBS HS v3 chemistry on an Illumina HiSeq 2500 sequencer;SINGLE;;ILLUMINA;;differentiated primary cells;epitheial;;airway epithelia;;;;;Illumina HiSeq 2500 sequencing: GSM6915330: C15_Asthma_2_L2 Homo sapiens RNA-Seq;;;Respiratory tract epithelium;;
PRJEB21050;22/05/2018;RNA-seq of formalin-fixed, paraffin-embedded uninvolved terminal ileal tissue obtained from ileo-colic resection surgeries of Crohn’s disease and control patients;RNA-seq of formalin-fixed, paraffin-embedded uninvolved terminal ileal tissue obtained from ileo-colic resection surgeries of Crohn’s disease and control patients;ERR1993158;SAMEA104101955;WUCA-Cont-17;Protocols: We retrospectively obtained de-identified FFPE tissue from patients who underwent ileo-colic resection surgery at Barnes-Jewish Hospital, St. Louis between 2005 and 2010. CD patient surgical resections were due to complications associated with the disease, whereas control resections were due to adenoma, carcinoma or abdominal trauma. The set of hematoxylin and eosin-stained tissue sections from each resection were obtained and examined by two pathologists (T.C.L. and T.S.S.) to identify the uninvolved proximal margin (terminal ileum) of each resection. These tissue sections were then further evaluated to identify those that met the histological inclusion criteria for this study. The criteria were that the sample had at least 100 well-oriented intestinal crypts (contained crypt lumens that extended from the apex to the base of the crypt) and absent/minimal active or chronic inflammatory disease (e.g., cryptitis, crypt abscess, architectural distortion, pyloric gland metaplasia, etc.).The study protocol was approved by the Institutional Review Board of Washington University. Patients were recruited by the Washington University Digestive Diseases Research Core Center (DDRCC). Written informed consent was obtained from all study participants prior to inclusion in the study. For samples that met the histological inclusion criteria, two fresh, unstained 5-µm FFPE tissue sections on glass microscope slides were obtained. Slides were not baked after cutting. For each sample, the two tissue sections were scraped off of the slides using a clean razor and placed in 1.5 mL Eppendorf tubes. The tubes were briefly centrifuged to place the sample towards the bottoms or sides of the tube. RNA extraction and DNase treatment was performed using the RNeasy FFPE kit (Qiagen) according to the manufacturer’s instructions, using the Xylene protocol for the paraffin removal step and 30 µL RNase-free H2O for the elution step. RNA was initially quantified by NanoDrop. Subsequent total RNA quantification and quality assessment was performed by Bioanalyzer 2100 (Agilent Technologies). Samples were excluded from the study if >20% of the RNA fragments were >200 base pairs in length, as determined with the Bioanalyzer software. Library preparation was performed by the Genome Technology Access Center (GTAC) at Washington University. Library preparation used 150 ng of total RNA. ds-cDNA was generated using the Ovation RNA-seq FFPE system (Nugen, per manufacturer’s instructions). cDNA was blunt ended, had an A base added to the 3’ ends, and then had Illumina sequencing adapters ligated to the ends. Ligated fragments were then amplified for 12 cycles using primers incorporating unique index tags.;WUCA-Cont-17_s;Inverse rRNA;TRANSCRIPTOMIC;RNA-Seq;We retrospectively obtained de-identified FFPE tissue from patients who underwent ileo-colic resection surgery at Barnes-Jewish Hospital, St. Louis between 2005 and 2010. CD patient surgical resections were due to complications associated with the disease, whereas control resections were due to adenoma, carcinoma or abdominal trauma. The set of hematoxylin and eosin-stained tissue sections from each resection were obtained and examined by two pathologists (T.C.L. and T.S.S.) to identify the uninvolved proximal margin (terminal ileum) of each resection. These tissue sections were then further evaluated to identify those that met the histological inclusion criteria for this study. The criteria were that the sample had at least 100 well-oriented intestinal crypts (contained crypt lumens that extended from the apex to the base of the crypt) and absent/minimal active or chronic inflammatory disease (e.g., cryptitis, crypt abscess, architectural distortion, pyloric gland metaplasia, etc.).The study protocol was approved by the Institutional Review Board of Washington University. Patients were recruited by the Washington University Digestive Diseases Research Core Center (DDRCC). Written informed consent was obtained from all study participants prior to inclusion in the study. For samples that met the histological inclusion criteria, two fresh, unstained 5-µm FFPE tissue sections on glass microscope slides were obtained. Slides were not baked after cutting. For each sample, the two tissue sections were scraped off of the slides using a clean razor and placed in 1.5 mL Eppendorf tubes. The tubes were briefly centrifuged to place the sample towards the bottoms or sides of the tube. RNA extraction and DNase treatment was performed using the RNeasy FFPE kit (Qiagen) according to the manufacturer’s instructions, using the Xylene protocol for the paraffin removal step and 30 µL RNase-free H2O for the elution step. RNA was initially quantified by NanoDrop. Subsequent total RNA quantification and quality assessment was performed by Bioanalyzer 2100 (Agilent Technologies). Samples were excluded from the study if >20% of the RNA fragments were >200 base pairs in length, as determined with the Bioanalyzer software. Library preparation was performed by the Genome Technology Access Center (GTAC) at Washington University. Library preparation used 150 ng of total RNA. ds-cDNA was generated using the Ovation RNA-seq FFPE system (Nugen, per manufacturer’s instructions). cDNA was blunt ended, had an A base added to the 3’ ends, and then had Illumina sequencing adapters ligated to the ends. Ligated fragments were then amplified for 12 cycles using primers incorporating unique index tags.;SINGLE;;ILLUMINA;;;;;;;;;;Illumina HiSeq 2000 sequencing: RNA-seq of formalin-fixed, paraffin-embedded uninvolved terminal ileal tissue obtained from ileo-colic resection surgeries of Crohn’s disease and control patients;;;Small Intestine - Ileum;;
PRJNA478051;21/02/2020;Dynamics of the transcriptional landscape during human gonad development during fetal life;Dynamics of the transcriptional landscape during human gonad development during fetal life;SRR7430706;SAMN09495494;XX_6GW_p2_EH323_OK;XX_6GW_p2_EH323_OK;;cDNA;TRANSCRIPTOMIC;RNA-Seq;Total RNA were extracted from tissues using the RNeasy mini Kit (Qiagen), quantified using a NanoDrop™ 8000 spectrophotometer (Thermo Scientific) and quality controlled using a 2100 Electrophoresis Bioanalyzer (Agilent). Libraries of template molecules suitable for strand specific high throughput DNA sequencing were created using “TruSeq Stranded Total RNA with Ribo-Zero Gold Prep Kit” (catalog # RS-122-2301, Illumina Inc.). Briefly, the removal of cytoplasmic and mitochondrial ribosomal RNA (rRNA) was performed from 500 ng of total RNA using biotinylated, target-specific oligos combined with Ribo-Zero rRNA removal beads. Following purification, the RNA was fragmented using divalent cations under elevated temperature. The cleaved RNA fragments were copied into first strand cDNA using reverse transcriptase and random primers, followed by second strand cDNA synthesis using DNA Polymerase I and RNase H. The double stranded cDNA fragments were blunted using T4 DNA polymerase, Klenow DNA polymerase and T4 PNK. A single 'A' nucleotide was added to the 3' ends of the blunt DNA fragments using a Klenow fragment (3' to 5'exo minus) enzyme. The cDNA fragments were ligated to double stranded adapters using T4 DNA Ligase. The ligated products were enriched by PCR amplification (30 sec at 98°C [10 sec at 98°C, 30 sec at 60°C, 30 sec at 72°C] x 12 cycles 5 min at 72°C). Excess of PCR primers was removed by purification using AMPure XP beads (Agencourt Biosciences Corporation). Final cDNA libraries were quality-checked and quantified using a 2100 Electrophoresis Bioanalyzer (Agilent). The libraries were loaded in the flow cell at 7pM concentration and clusters were generated in the Cbot and sequenced in the Illumina Hiseq 2500 as paired-end 2x50 base reads following Illumina's instructions. Image analysis and base calling were performed using RTA 1.17.20 and CASAVA 1.8.2.;PAIRED;;ILLUMINA;;;;;Ovary;;;;;Illumina HiSeq 2500 sequencing: GSM3223657: XX_6GW_p2_EH323_OK Homo sapiens RNA-Seq;;;Ovary;;
PRJNA914646;24/12/2023;Integrated Unbiased Multiomics Defines Disease-Independent Placental Clusters in Common Obstetrical Syndromes;;SRR22925262;SAMN32490815;Human sample from Homo sapiens;Human sample from Homo sapiens;TP18.B1992;Inverse rRNA;TRANSCRIPTOMIC;RNA-Seq;;PAIRED;;ILLUMINA;;;;;Placenta;;Control;;;Illumina NovaSeq 6000 sequencing: Control;;healthy;Placenta;;
PRJNA270632;27/06/2015;Tissue-specific circular RNA induction during human fetal development;Homo sapiens;SRR1721287;SAMN03267751;Heart_18wk;Heart_18wk;;cDNA;TRANSCRIPTOMIC;RNA-Seq;Fetal tissue samples <100 mg in size were placed into DNase- and RNase-free 1.5 ml microfuge tubes containing 1 ml of RNAlater RNA Stabilization Reagent (Qiagen) within 1 hour of the pregnancy termination procedure. After storage at room temperature for a period of 24-72 h, excess RNAlater was removed from the microfuge tubes and the samples were placed in the -80oC freezer for storage until RNA isolation was performed. The tissues were lysed in mirVana (Life Technologies) lysis buffer, using a Mini-Beadbeater-16 (Biospec), with agitation for 1 min in the presence of 1 mm zirconia beads. Samples were then centrifuged at maximum speed in a tabletop microcentrifuge for 1 min and the lysed solution was transferred to a fresh microfuge tube. The remainder of the extraction was per the manufacturer's protocol for the mirVana kit (Life Technologies). Following RNA isolation (mirVana miRNA Isolation Kit, Life Technologies, Inc.), the RNA was quantified (Qubit RNA Assay Kit, Life Technologies, Inc.), and quality controlled (RNA6000 Nano Kit and BioAnalyzer 2100, Agilent). 200 ng to 1000 ng was used as input for the Illumina TruSeq Stranded Total RNA with Ribo-Zero Gold sample prep kit (Illumina, Inc.) and sequencing libraries were created according to the manufacturer’s protocol. Briefly, first both cytoplasmic and mitochondrial rRNA was removed by selectively hybridizing biotinylated probes to target sequences and using magnetic beads to capture the bound products. Following rRNA removal, the RNA was fragmented and copied into first strand cDNA using random primers and reverse transcriptase. Next, second strand cDNA synthesis was completed using DNA Polymerase I and RNase H. The cDNA was then ligated to Illumina supplied adapters and enriched with PCR to create the final cDNA libraries. The libraries were then pooled and sequenced on a HiSeq 2000 (Illumina, Inc.) instrument as per manufacturer’s instructions. Sequencing was performed up to 2 X 101 cycles.;PAIRED;;ILLUMINA;;;;;;;;;;Illumina HiSeq 2000 sequencing: GSM1567919: Heart_18wk Homo sapiens RNA-Seq;;fetal;Heart;;
PRJNA253002;19/11/2015;Human cortical transcriptome informs brain imaging;Homo sapiens;SRR1424658;SAMN02866057;Human_1029_BA47_11;Human_1029_BA47_11;;cDNA;TRANSCRIPTOMIC;RNA-Seq;All RNA samples were examined for quantity and quality by NanoDrop and Bioanalyzer (Agilent). Samples were randomized for RNA extractions and sequencing. 5ug of total RNA were treated with a Ribominus column according to the manufacturer’s instructions to remove ribosomal RNA. Libraries were prepared using an Illumina TruSeq kit according to the manufacturer’s instructions.;SINGLE;;ILLUMINA;;;;;;;;;;Illumina HiSeq 2000 sequencing: GSM1414931: Human_1029_BA47_11 Homo sapiens RNA-Seq;;;Brain - Pars Orbitalis;;
PRJNA901963;13/01/2023;Human IRF1 governs phagocytic IFN-gamma immunity to mycobacteria;Human IRF1 governs phagocytic IFN-gamma immunity to mycobacteria;SRR22302246;SAMN31742865;MDM non-stimulated HC3;MDM non-stimulated HC3;GSM6733176;cDNA;TRANSCRIPTOMIC;RNA-Seq;Total RNA was extracted from cells with the Quick-RNA MicroPrep kit (#R1051, Zymo Research), and treated with DNAse (Zymo) to remove residual genomic DNA. Ribosomal RNA (rRNA) and mitochondrial RNA (mRNA) were depleted. RNA-seq libraries were prepared with the Illumina RiboZero TruSeq Stranded Total RNA Library Prep Kit (Illumina) Libraries were sequenced using NovaSeq in the 100 or 150-nt, paired-end configuration;PAIRED;;ILLUMINA;;;Monocyte-derived macrophages;;;;;;;Illumina NovaSeq 6000 sequencing: GSM6733176: MDM non-stimulated HC3 Homo sapiens RNA-Seq;;;Blood - Marcophage;;
PRJNA918345;27/02/2023;Rhinoviruses and enterovirus-D68 replicate more robustly in respiratory tissues originating from asthmatic patients compared to non-asthmatic controls;Rhinoviruses and enterovirus-D68 replicate more robustly in respiratory tissues originating from asthmatic patients compared to non-asthmatic controls;SRR22966254;SAMN32574151;M_Healthy_3_L3;M_Healthy_3_L3;GSM6915361;cDNA;TRANSCRIPTOMIC;RNA-Seq;human airway epithlia from healthy versus asthmatic donors have been infected or not with rhinoviruses. Infected and non-infected tissues were lysed in 800l of trizol (Ambion, 5596018) and RNA was extracted according to manufacturer's instruction. The TruSeq Stranded total RNA kit with Ribo-Zero Gold was used for the library preparation with 150 ng of total RNA as input. The 18 libraries were pooled at equimolarity and loaded at 8.5 pM for clustering on a single-read Illumina Flow cell. All 100-base sequencing was performed using the TruSeq SBS HS v3 chemistry on an Illumina HiSeq 2500 sequencer;SINGLE;;ILLUMINA;;differentiated primary cells;epitheial;;airway epithelia;;;;;Illumina HiSeq 2500 sequencing: GSM6915361: M_Healthy_3_L3 Homo sapiens RNA-Seq;;;Respiratory tract epithelium;;
PRJNA901461;02/02/2023;COVID-19 patient samples collected by the PREDICT-19 consortium;COVID-19 patient samples collected by the PREDICT-19 consortium;SRR22283223;SAMN31714267;Whole blood, healthy control, rep 2;Whole blood, healthy control, rep 2;;cDNA;TRANSCRIPTOMIC;RNA-Seq;Total RNA was isolated from whole blood samples stored and stabilized in PAXgene RNA tubes according to the manufacturer's guidelines (PreAnalytiX) Libraries were prepared with 300ng of total RNA per sample using the Illumina Stranded Total RNA Prep with Ribo-Zero Plus (RZP) as per manufacturer instructions (Illumina, CA, USA).;PAIRED;;ILLUMINA;;;;;Whole blood;;;;;Illumina NovaSeq 6000 sequencing: GSM7507687: Whole blood, COVID positive, rep 224 Homo sapiens RNA-Seq;;;Blood - Whole Blood;;
PRJNA637378;23/09/2020;Non-CG methylation and multiple epigenetic layers associate child abuse with immune and small GTPase dysregulation;Non-CG methylation and multiple epigenetic layers associate child abuse with immune and small GTPase dysregulation;SRR11927147;SAMN15104750;Lateral amygdala, S16, RNAseq;Lateral amygdala, S16, RNAseq;;cDNA;TRANSCRIPTOMIC;RNA-Seq;TrueSeq Stranded Total RNA Sample Preparation + Ribo-Zero Gold kits (Illumina);PAIRED;;ILLUMINA;;;;;Lateral Amygdala (human brain tissue);;;;;Illumina HiSeq 2000 sequencing: GSM4591828: Lateral amygdala, S16, RNAseq Homo sapiens RNA-Seq;;;Brain - Amygdala;;
PRJNA901461;02/02/2023;COVID-19 patient samples collected by the PREDICT-19 consortium;COVID-19 patient samples collected by the PREDICT-19 consortium;SRR22283257;SAMN31714416;Whole blood, healthy control, rep 36;Whole blood, healthy control, rep 36;;cDNA;TRANSCRIPTOMIC;RNA-Seq;Total RNA was isolated from whole blood samples stored and stabilized in PAXgene RNA tubes according to the manufacturer's guidelines (PreAnalytiX) Libraries were prepared with 300ng of total RNA per sample using the Illumina Stranded Total RNA Prep with Ribo-Zero Plus (RZP) as per manufacturer instructions (Illumina, CA, USA).;PAIRED;;ILLUMINA;;;;;Whole blood;;;;;Illumina NovaSeq 6000 sequencing: GSM7507745: Whole blood, COVID positive, rep 282 Homo sapiens RNA-Seq;;;Blood - Whole Blood;;
PRJNA496323;27/01/2019;Atopic Dermatitis, Psoriasis and healthy control RNA-seq cohort;Atopic Dermatitis, Psoriasis and healthy control RNA-seq cohort;SRR8052756;SAMN10238622;CTRL_009_healthy;CTRL_009_healthy;;cDNA;TRANSCRIPTOMIC;RNA-Seq;5mm skin punch biopsies were stored in PaxGene tissue containers (PreAnalytiX) at -80°C until isolation of total RNA with the Qiagen AllPrep DNA/RNA Mini Kit preceded by an additional disruption/homogenization step with innuSPEED Lysis Tubes W (Analytik Jena) and Qiagen QIAshredder spin-columns. RNA samples were prepared for sequencing using the Illumina Truseq® Stranded total RNA Protocol in combination with the RiboZero rRNA removal Kit and sequenced on the HiSeq2500 with 2x125bp.;PAIRED;;ILLUMINA;;;;;;;;;;Illumina HiSeq 2500 sequencing: GSM3427916: CTRL_009_healthy Homo sapiens RNA-Seq;;Healthy;Skin;;
PRJNA742971;12/11/2022;A resource for integrated genomic analysis of the human liver;A resource for integrated genomic analysis of the human liver;SRR15013598;SAMN19988438;SJLB404;SJLB404;;cDNA;TRANSCRIPTOMIC;RNA-Seq;Total RNA was extracted from tissue homogenized in TRIzol reagent, followed by Qiagen RNAeasy cleanup mRNA libraries were prepared using the Illuminia TruSeq Stranded Total RNA with Ribo-Zero protocol;PAIRED;;ILLUMINA;;;;;liver;;;;;Illumina HiSeq 2000 sequencing: GSM5412233: SJLB404 Homo sapiens RNA-Seq;check ribozero;likely postmportem;Liver;;
PRJNA478051;21/02/2020;Dynamics of the transcriptional landscape during human gonad development during fetal life;Dynamics of the transcriptional landscape during human gonad development during fetal life;SRR7430735;SAMN09495552;XY_9GW_p3_EH319;XY_9GW_p3_EH319;;cDNA;TRANSCRIPTOMIC;RNA-Seq;Total RNA were extracted from tissues using the RNeasy mini Kit (Qiagen), quantified using a NanoDrop™ 8000 spectrophotometer (Thermo Scientific) and quality controlled using a 2100 Electrophoresis Bioanalyzer (Agilent). Libraries of template molecules suitable for strand specific high throughput DNA sequencing were created using “TruSeq Stranded Total RNA with Ribo-Zero Gold Prep Kit” (catalog # RS-122-2301, Illumina Inc.). Briefly, the removal of cytoplasmic and mitochondrial ribosomal RNA (rRNA) was performed from 500 ng of total RNA using biotinylated, target-specific oligos combined with Ribo-Zero rRNA removal beads. Following purification, the RNA was fragmented using divalent cations under elevated temperature. The cleaved RNA fragments were copied into first strand cDNA using reverse transcriptase and random primers, followed by second strand cDNA synthesis using DNA Polymerase I and RNase H. The double stranded cDNA fragments were blunted using T4 DNA polymerase, Klenow DNA polymerase and T4 PNK. A single 'A' nucleotide was added to the 3' ends of the blunt DNA fragments using a Klenow fragment (3' to 5'exo minus) enzyme. The cDNA fragments were ligated to double stranded adapters using T4 DNA Ligase. The ligated products were enriched by PCR amplification (30 sec at 98°C [10 sec at 98°C, 30 sec at 60°C, 30 sec at 72°C] x 12 cycles 5 min at 72°C). Excess of PCR primers was removed by purification using AMPure XP beads (Agencourt Biosciences Corporation). Final cDNA libraries were quality-checked and quantified using a 2100 Electrophoresis Bioanalyzer (Agilent). The libraries were loaded in the flow cell at 7pM concentration and clusters were generated in the Cbot and sequenced in the Illumina Hiseq 2500 as paired-end 2x50 base reads following Illumina's instructions. Image analysis and base calling were performed using RTA 1.17.20 and CASAVA 1.8.2.;PAIRED;;ILLUMINA;;;;;Testis;;;;;Illumina HiSeq 2500 sequencing: GSM3223686: XY_9GW_p3_EH319 Homo sapiens RNA-Seq;;;Testis;;
PRJNA669882;24/10/2020;SMA cases and postnatal controls from spinal cord, diaphragm and iliopsoas tissues;SMA cases and postnatal controls from spinal cord, diaphragm and iliopsoas tissues;SRR12844808;SAMN16480209;CNTL90-08-SC;CNTL90-08-SC;;cDNA;TRANSCRIPTOMIC;RNA-Seq;The total RNA was then extracted RNeasy Plus Mini Kit according to manufacturer's instructions The RNA-seq libraries were prepared using TruSeq Stranded Total RNA Library Prep Kit with Ribo-Zero Gold;PAIRED;;ILLUMINA;;;;;Spinal Cord;;;;;Illumina HiSeq 2500 sequencing: GSM4836570: CNTL90-08-SC Homo sapiens RNA-Seq;;;Brain - Spinal cord;;
PRJEB14688;06/01/2017;RNASeq of musculoskeletal ageing using human mesenchymal stem cells and their tissue constructs;RNASeq of musculoskeletal ageing using human mesenchymal stem cells and their tissue constructs;ERR1514456;SAMEA4062954;Sample 20;Protocols: MScs purchased from young and old human donors miRNAeasy kit for RNA extraction Total RNA samples were ribosomal RNA depleted using the Human, mouse, rat low inputRibozero kit from Epicentre. 1ug of RNA (or the max amount available) was mixed with the low input kit baits and allowed to anneal. This was then mixed with the magnetic microspheres which bind the ribosomal complexes and subsequently pulled out with a magnet. The remaining RNA was purified with RNA clean beads and analysed with the Agilent Bioanalyser with a RNA pico chip. Recovery was generally less than 1% of the original starting material. All of this material was used in the script seq reaction (Epicentre). Samples were denatured and annealed to cDNA primers and cDNA was generated. This was amplified with indexed primers for 15 cycles to make the library for sequencing. Libraries were checked on the Agilent Bioanalyser with a High sensitivity chip and quantities determined with Qubit DNA High sensitivity reagents.;Sample 20_p;PCR;TRANSCRIPTOMIC;RNA-Seq;MScs purchased from young and old human donors miRNAeasy kit for RNA extraction Total RNA samples were ribosomal RNA depleted using the Human, mouse, rat low inputRibozero kit from Epicentre. 1ug of RNA (or the max amount available) was mixed with the low input kit baits and allowed to anneal. This was then mixed with the magnetic microspheres which bind the ribosomal complexes and subsequently pulled out with a magnet. The remaining RNA was purified with RNA clean beads and analysed with the Agilent Bioanalyser with a RNA pico chip. Recovery was generally less than 1% of the original starting material. All of this material was used in the script seq reaction (Epicentre). Samples were denatured and annealed to cDNA primers and cDNA was generated. This was amplified with indexed primers for 15 cycles to make the library for sequencing. Libraries were checked on the Agilent Bioanalyser with a High sensitivity chip and quantities determined with Qubit DNA High sensitivity reagents.;PAIRED;;ILLUMINA;;;tenocyte;;;;;;;Illumina HiSeq 2000 paired end sequencing: RNASeq of musculoskeletal ageing using human mesenchymal stem cells and their tissue constructs;some aged donors;cultured cells;Tendon - tenocyte;;
PRJNA716181;27/02/2023;Transcriptome sequencing data of tumors and paired adjacent tissues from HCC patients;Transcriptome sequencing data of tumors and paired adjacent tissues from HCC patients;SRR14027948;SAMN18397173;RNA_P6N;RNA_P6N;;cDNA;TRANSCRIPTOMIC;RNA-Seq;Samples were treated with 1mL TRIzol reagent according to manufacturer's instructions. Nanodrop ND-1000 was used for RNA density/purity detection. Agilent BioAnalyzer 2100 was used for RNA quality control. rRNA depletion was conducted before RNA-seq library preparation using TruSeq Stranded Total RNA Library Prep Kit. The libraries were constructed using TruSeq Stranded Total RNA with Ribo-Zero Gold according to the manufacturer's instructions.;PAIRED;;ILLUMINA;;;;;Adjacent tissue;;;;;Illumina HiSeq 2500 sequencing: GSM5194556: RNA_P6N Homo sapiens RNA-Seq;;tumor-adjacent;Liver;;
PRJNA939148;12/07/2023;Transcriptomes of human primary skin fibroblasts reveal age-associated mRNAs and long noncoding RNAs;Transcriptomes of human primary skin fibroblasts reveal age-associated mRNAs and long noncoding RNAs;SRR23630196;SAMN33458049;SKIN_AGE55_M_GR3_Gt136;SKIN_AGE55_M_GR3_Gt136;GSM7067610;cDNA;TRANSCRIPTOMIC;RNA-Seq;After expansion, total RNA was isolated using the Direct-zolTM RNA MiniPrep kit (Zymo Research) following the manufacturer's instruction. Ribo-RNA depletion with Low Input RiboMinus Eukaryote System v2 (Thermo Fisher Scientific). Ribo-RNA-depleted samples were then used for cDNA synthesis with Ovation® RNA-Seq System V2 (Nugen) following the manufacturer's protocol. Following cDNA fragmentation and size selection, libraries were prepared using Illumina TruSeq ChIP Library Preparation Kit (Illumina) according to manufacturer's protocol.;PAIRED;;ILLUMINA;;;primary skin fibroblasts;;;;;;;Illumina NovaSeq 6000 sequencing: GSM7067610: SKIN_AGE55_M_GR3_Gt136 Homo sapiens RNA-Seq;;;Cells - Cultured fibroblasts;;
PRJNA997353;22/12/2023;Race-specific coregulatory and transcriptomic profiles associated with DNA methylation and androgen receptor in prostate cancer [RNA-Seq];Race-specific coregulatory and transcriptomic profiles associated with DNA methylation and androgen receptor in prostate cancer [RNA-Seq];SRR25387977;SAMN36678825;PT-00153875_NT_AA;PT-00153875_NT_AA;GSM7657453;cDNA;TRANSCRIPTOMIC;RNA-Seq;Illumina TruSeq Stranded Total RNA Library Prep Kit with Ribo-Zero Gol RNA libraries were prepared for sequencing using standard Illumina protocols;PAIRED;;ILLUMINA;;;;;prostate;;;;;Illumina HiSeq 2500 sequencing: GSM7657453: PT-00153875_NT_AA Homo sapiens RNA-Seq;;tumor-adjacent;Prostate;;
PRJNA819837;20/01/2023;Homo sapiens Raw sequence reads;Homo sapiens;SRR18572062;SAMN27020239;Human sample from Homo sapiens;Human sample from Homo sapiens;GSM5994496;cDNA;TRANSCRIPTOMIC;RNA-Seq;IPF patients were diagnosed based on multidisciplinary review and published criteria. Non-IPF donor lungs not suitable for transplantation were obtained from the Regional Organ Bank of Illinois. IPF lungs were grossly examined within 6-12 hours from the time of explant, and multiple 1cm3 biopsies were obtained from visibly non-fibrotic central (IPF.C) and fibrotic peripheral (IPF.P) areas. Non-IPF donor lung biopsies of central (CTR.C) and peripheral (CTR.P) were similarly obtained. H&E-stained biopsies were reviewed and confirmed by two clinical pathologists Total RNA was isolated using TRIzol (Invitrogen) following manufacturer's protocol. All RNA samples displayed RNA Integrity Number (RIN) >7. RNAseq including cDNA library preparation was processed at the Genomics Core Facility of University of Chicago (https://fgf.uchicago.edu/). Total RNA in the amount of 100-500µg per sample was depleted of ribosomal RNA using the Ribo-Zero kit (Epicentre, Madison, WI). The directional (first strand) cDNA libraries were prepared following the guide of TruSeq Stranded Total RNA Sample Preparation kit.;PAIRED;;ILLUMINA;;;;;lung;;D1C;;;Illumina HiSeq 4000 sequencing: GSM5994496: SmaC1C Homo sapiens RNA-Seq;Non fibrotic;healthy;Lung;;
PRJNA742971;12/11/2022;A resource for integrated genomic analysis of the human liver;A resource for integrated genomic analysis of the human liver;SRR15013528;SAMN19988364;SJLB320;SJLB320;;cDNA;TRANSCRIPTOMIC;RNA-Seq;Total RNA was extracted from tissue homogenized in TRIzol reagent, followed by Qiagen RNAeasy cleanup mRNA libraries were prepared using the Illuminia TruSeq Stranded Total RNA with Ribo-Zero protocol;PAIRED;;ILLUMINA;;;;;liver;;;;;Illumina HiSeq 2000 sequencing: GSM5412179: SJLB320 Homo sapiens RNA-Seq;check ribozero;likely postmportem;Liver;;
PRJNA374861;17/02/2018;Chemoprevention with COX2 and EGFR inhibition in FAP patients: mRNA signatures of duodenal neoplasia;Homo sapiens;SRR5259635;SAMN06339161;Base_Pt9;Base_Pt9;;cDNA;TRANSCRIPTOMIC;RNA-Seq;Qiagen RNAeasy Mini kit Illumina TruSeq Stranded Total RNA treated with Ribozero Gold, 50 cycle single end reads;SINGLE;;ILLUMINA;;;;;Uninvolved;;;;;Illumina HiSeq 2500 sequencing: GSM2491883: Base_Pt9 Homo sapiens RNA-Seq;;;Small Intestine - Duodenum;;
PRJEB14688;06/01/2017;RNASeq of musculoskeletal ageing using human mesenchymal stem cells and their tissue constructs;RNASeq of musculoskeletal ageing using human mesenchymal stem cells and their tissue constructs;ERR1514464;SAMEA4062962;Sample 28;Protocols: MScs purchased from young and old human donors miRNAeasy kit for RNA extraction Total RNA samples were ribosomal RNA depleted using the Human, mouse, rat low inputRibozero kit from Epicentre. 1ug of RNA (or the max amount available) was mixed with the low input kit baits and allowed to anneal. This was then mixed with the magnetic microspheres which bind the ribosomal complexes and subsequently pulled out with a magnet. The remaining RNA was purified with RNA clean beads and analysed with the Agilent Bioanalyser with a RNA pico chip. Recovery was generally less than 1% of the original starting material. All of this material was used in the script seq reaction (Epicentre). Samples were denatured and annealed to cDNA primers and cDNA was generated. This was amplified with indexed primers for 15 cycles to make the library for sequencing. Libraries were checked on the Agilent Bioanalyser with a High sensitivity chip and quantities determined with Qubit DNA High sensitivity reagents.;Sample 28_p;PCR;TRANSCRIPTOMIC;RNA-Seq;MScs purchased from young and old human donors miRNAeasy kit for RNA extraction Total RNA samples were ribosomal RNA depleted using the Human, mouse, rat low inputRibozero kit from Epicentre. 1ug of RNA (or the max amount available) was mixed with the low input kit baits and allowed to anneal. This was then mixed with the magnetic microspheres which bind the ribosomal complexes and subsequently pulled out with a magnet. The remaining RNA was purified with RNA clean beads and analysed with the Agilent Bioanalyser with a RNA pico chip. Recovery was generally less than 1% of the original starting material. All of this material was used in the script seq reaction (Epicentre). Samples were denatured and annealed to cDNA primers and cDNA was generated. This was amplified with indexed primers for 15 cycles to make the library for sequencing. Libraries were checked on the Agilent Bioanalyser with a High sensitivity chip and quantities determined with Qubit DNA High sensitivity reagents.;PAIRED;;ILLUMINA;;;mesenchymal stem cell;;;;;;;Illumina HiSeq 2000 paired end sequencing: RNASeq of musculoskeletal ageing using human mesenchymal stem cells and their tissue constructs;some aged donors;cultured cells;Connective Tissue - Mesenchymal stem cell;;
PRJNA637378;23/09/2020;Non-CG methylation and multiple epigenetic layers associate child abuse with immune and small GTPase dysregulation;Non-CG methylation and multiple epigenetic layers associate child abuse with immune and small GTPase dysregulation;SRR11927146;SAMN15104751;Lateral amygdala, S15, RNAseq;Lateral amygdala, S15, RNAseq;;cDNA;TRANSCRIPTOMIC;RNA-Seq;TrueSeq Stranded Total RNA Sample Preparation + Ribo-Zero Gold kits (Illumina);PAIRED;;ILLUMINA;;;;;Lateral Amygdala (human brain tissue);;;;;Illumina HiSeq 2000 sequencing: GSM4591827: Lateral amygdala, S15, RNAseq Homo sapiens RNA-Seq;;;Brain - Amygdala;;
PRJNA726237;17/11/2021;Ischemic heart disease selectively modifies the right atrial appendage transcriptome;Ischemic heart disease selectively modifies the right atrial appendage transcriptome;SRR14362378;SAMN18926158;(ICA)-positive IHD undergoing coronary artery bypass surgery, 28-01-15-AP;(ICA)-positive IHD undergoing coronary artery bypass surgery, 28-01-15-AP;;cDNA;TRANSCRIPTOMIC;RNA-Seq;During cardiac surgery, a biopsy sample of the RAA was collected from each patient. Tissue samples were collected at the cannulation site, the insertion site of the venous line for the heart–lung machine. Dissected biopsies were briefly washed in ice-cold sterile saline, cut into 0.5 cm thick tissue pieces, and immersed into 3 ml of RNAlater (Sigma Aldrich, Merck KGaA, Darmstadt, Germany) to inactivate RNAses and stabilize RNA. Samples were let to stabilize at +4°C for one day and stored at under -70°C until processing. Total RNA was isolated from RAA biopsies via initial ice-cold tissue homogenization using a Precellys 24 tissue homogenizer equipped with the Cryolys cooling option (Bertin Technologies SAS, Montigny-le-Bretonneux, France) followed by RNA isolation using combined QIAzol / chloroform extraction and Qiagen RNeasy mini spin column purification according to the manufacturer's instructions (Qiagen, Venlo, Netherlands). The sample RNA integrity number (RIN mean 7.95 ± 0.55 range 7.1–9.0) and total quantity (mean 3069.55 ± 1141.08 ng range 867.8–6855.0 ng) was evaluated in the Functional Genomics Unit (FuGU, University of Helsinki, Helsinki, Finland). Isolated total RNA was stored at under -70oC until sequencing. Ribosomal RNA was removed using the Ribo-ZeroTM Magnetic kit (Illumina Inc, San Diego, CA). RNA libraries were prepared for sequencing using standard Illumina protocols;PAIRED;;ILLUMINA;;;;;Heart (Atrial Appendage);;;;;Illumina HiSeq 4000 sequencing: GSM5271555: (ICA)-positive IHD undergoing coronary artery bypass surgery, 28-01-15-AP Homo sapiens RNA-Seq;;non-cancer disease;Heart - Atrial appendage;;
PRJEB42969;21/03/2022;This study was conducted to understand the genomics of progression of oral precancerous lesion (leukoplakia) to malignant oral tumor.;Genomic study of gingivobuccal oral cancer progression from oral precancerous lesion.;ERR5285526;SAMEA8045537;Adjacent normal;Adjacent normal;Truseq;Inverse rRNA selection;TRANSCRIPTOMIC;RNA-Seq;Illumina Truseq RNA sample preparation;PAIRED;;ILLUMINA;;;;;;;;;;Illumina HiSeq 2500 paired end sequencing;;tumor-adjacent;Mouth;;
PRJNA209081;15/04/2014;RNA-seq identifies novel transcript elements and transcript processing in the normal and failing hearts;Homo sapiens;SRR915768;SAMN02209930;control rep5;control rep5;;cDNA;TRANSCRIPTOMIC;RNA-Seq;RNA was extracted with Trizol (Invitrogen) and further purified on RNeasy columns (Qiagen) with on column DNase digestion. Ribosomal RNA was depleted using the RiboMinus kit (Invitrogen). 1 µg rRNA-depleted RNA was used for the construction of sequencing libraries Illumina RNA-seq libraries were prepared from rRNA-depleted samples using the standard Illumina protocol. SOLiD RNA-seq libraries were prepared from a pool of all of 15 ICM samples and a pool of all of 15 Ctrl samples using the standard SOLiD strand-specific library protocol.;PAIRED;;ILLUMINA;;;;;heart;;;;;Illumina Genome Analyzer II sequencing: GSM1171550: control rep2 Homo sapiens RNA-Seq;;;Heart;;
PRJEB40695;29/10/2020;RNA-Seq of cultivated (i) bulk human thymic epithelial cells (hTECs) (ii) cortical hTECs (iii) medullary hTECs (iv) human thymic interstitial cells (hTICs);RNA-Seq of cultivated (i) bulk human thymic epithelial cells (hTECs) (ii) cortical hTECs (iii) medullary hTECs (iv) human thymic interstitial cells (hTICs);ERR4659269;SAMEA7377125;19PBR237;Protocols: detachment of cells from 2d dish, freezing of cultivated cells into RNAlater. TECs: growth onto irradiated 3T3-J2 feeder layer. TICs: cultuvation in MegaCell medium in 2d dish. RNeasy Plus Micro Kit, Qiagen. TruSeq® Stranded Total RNA.;19PBR237_p;Inverse rRNA;TRANSCRIPTOMIC;RNA-Seq;detachment of cells from 2d dish, freezing of cultivated cells into RNAlater. TECs: growth onto irradiated 3T3-J2 feeder layer. TICs: cultuvation in MegaCell medium in 2d dish. RNeasy Plus Micro Kit, Qiagen. TruSeq® Stranded Total RNA.;PAIRED;;ILLUMINA;;;thymic interstitial cell;;;;;;;Illumina NovaSeq 6000 sequencing: RNA-Seq of cultivated (i) bulk human thymic epithelial cells (hTECs) (ii) cortical hTECs (iii) medullary hTECs (iv) human thymic interstitial cells (hTICs);;;Thymus;;
PRJNA448679;26/06/2018;Time series integrative analysis of RNA-Seq and miRNA expression data reveals key biologic pathways during keloid formation;;SRR6937778;SAMN08863107;K6-1st;Keloid data set RNA-Seq;703;Inverse rRNA;TRANSCRIPTOMIC;RNA-Seq;;PAIRED;;ILLUMINA;;;;;skin;;K6;;;Illumina HiSeq 3000 sequencing: RNA Seq of Keloid skin;;;Skin;;
PRJNA352076;21/06/2017;RNAseq study of synovial biopsies;Homo sapiens;SRR4785837;SAMN05963923;healthy tissue 26;healthy tissue 26;;cDNA;TRANSCRIPTOMIC;RNA-Seq;Total RNA was extracted from RA synovial samples and the quality of all RNA samples was evaluated using an Agilent Bioanalyzer Sequencing libraries were prepared using TruSeq Stranded Total RNA RiboZero protocol from Illumina. Libraries were pooled and sequenced with an Illumina HiSeq 2000 with paired-end 100 bp flow cells. Raw read quality was evaluated using FastQC.;PAIRED;;ILLUMINA;;;;;;;;;;Illumina HiSeq 2000 sequencing: GSM2370995: healthy tissue 26 Homo sapiens RNA-Seq;;;Synovial Fluid;;
PRJEB21050;22/05/2018;RNA-seq of formalin-fixed, paraffin-embedded uninvolved terminal ileal tissue obtained from ileo-colic resection surgeries of Crohn’s disease and control patients;RNA-seq of formalin-fixed, paraffin-embedded uninvolved terminal ileal tissue obtained from ileo-colic resection surgeries of Crohn’s disease and control patients;ERR1993156;SAMEA104101953;WUCA-Cont-15;Protocols: We retrospectively obtained de-identified FFPE tissue from patients who underwent ileo-colic resection surgery at Barnes-Jewish Hospital, St. Louis between 2005 and 2010. CD patient surgical resections were due to complications associated with the disease, whereas control resections were due to adenoma, carcinoma or abdominal trauma. The set of hematoxylin and eosin-stained tissue sections from each resection were obtained and examined by two pathologists (T.C.L. and T.S.S.) to identify the uninvolved proximal margin (terminal ileum) of each resection. These tissue sections were then further evaluated to identify those that met the histological inclusion criteria for this study. The criteria were that the sample had at least 100 well-oriented intestinal crypts (contained crypt lumens that extended from the apex to the base of the crypt) and absent/minimal active or chronic inflammatory disease (e.g., cryptitis, crypt abscess, architectural distortion, pyloric gland metaplasia, etc.).The study protocol was approved by the Institutional Review Board of Washington University. Patients were recruited by the Washington University Digestive Diseases Research Core Center (DDRCC). Written informed consent was obtained from all study participants prior to inclusion in the study. For samples that met the histological inclusion criteria, two fresh, unstained 5-µm FFPE tissue sections on glass microscope slides were obtained. Slides were not baked after cutting. For each sample, the two tissue sections were scraped off of the slides using a clean razor and placed in 1.5 mL Eppendorf tubes. The tubes were briefly centrifuged to place the sample towards the bottoms or sides of the tube. RNA extraction and DNase treatment was performed using the RNeasy FFPE kit (Qiagen) according to the manufacturer’s instructions, using the Xylene protocol for the paraffin removal step and 30 µL RNase-free H2O for the elution step. RNA was initially quantified by NanoDrop. Subsequent total RNA quantification and quality assessment was performed by Bioanalyzer 2100 (Agilent Technologies). Samples were excluded from the study if >20% of the RNA fragments were >200 base pairs in length, as determined with the Bioanalyzer software. Library preparation was performed by the Genome Technology Access Center (GTAC) at Washington University. Library preparation used 150 ng of total RNA. ds-cDNA was generated using the Ovation RNA-seq FFPE system (Nugen, per manufacturer’s instructions). cDNA was blunt ended, had an A base added to the 3’ ends, and then had Illumina sequencing adapters ligated to the ends. Ligated fragments were then amplified for 12 cycles using primers incorporating unique index tags.;WUCA-Cont-15_s;Inverse rRNA;TRANSCRIPTOMIC;RNA-Seq;We retrospectively obtained de-identified FFPE tissue from patients who underwent ileo-colic resection surgery at Barnes-Jewish Hospital, St. Louis between 2005 and 2010. CD patient surgical resections were due to complications associated with the disease, whereas control resections were due to adenoma, carcinoma or abdominal trauma. The set of hematoxylin and eosin-stained tissue sections from each resection were obtained and examined by two pathologists (T.C.L. and T.S.S.) to identify the uninvolved proximal margin (terminal ileum) of each resection. These tissue sections were then further evaluated to identify those that met the histological inclusion criteria for this study. The criteria were that the sample had at least 100 well-oriented intestinal crypts (contained crypt lumens that extended from the apex to the base of the crypt) and absent/minimal active or chronic inflammatory disease (e.g., cryptitis, crypt abscess, architectural distortion, pyloric gland metaplasia, etc.).The study protocol was approved by the Institutional Review Board of Washington University. Patients were recruited by the Washington University Digestive Diseases Research Core Center (DDRCC). Written informed consent was obtained from all study participants prior to inclusion in the study. For samples that met the histological inclusion criteria, two fresh, unstained 5-µm FFPE tissue sections on glass microscope slides were obtained. Slides were not baked after cutting. For each sample, the two tissue sections were scraped off of the slides using a clean razor and placed in 1.5 mL Eppendorf tubes. The tubes were briefly centrifuged to place the sample towards the bottoms or sides of the tube. RNA extraction and DNase treatment was performed using the RNeasy FFPE kit (Qiagen) according to the manufacturer’s instructions, using the Xylene protocol for the paraffin removal step and 30 µL RNase-free H2O for the elution step. RNA was initially quantified by NanoDrop. Subsequent total RNA quantification and quality assessment was performed by Bioanalyzer 2100 (Agilent Technologies). Samples were excluded from the study if >20% of the RNA fragments were >200 base pairs in length, as determined with the Bioanalyzer software. Library preparation was performed by the Genome Technology Access Center (GTAC) at Washington University. Library preparation used 150 ng of total RNA. ds-cDNA was generated using the Ovation RNA-seq FFPE system (Nugen, per manufacturer’s instructions). cDNA was blunt ended, had an A base added to the 3’ ends, and then had Illumina sequencing adapters ligated to the ends. Ligated fragments were then amplified for 12 cycles using primers incorporating unique index tags.;SINGLE;;ILLUMINA;;;;;;;;;;Illumina HiSeq 2000 sequencing: RNA-seq of formalin-fixed, paraffin-embedded uninvolved terminal ileal tissue obtained from ileo-colic resection surgeries of Crohn’s disease and control patients;;;Small Intestine - Ileum;;
PRJNA901461;02/02/2023;COVID-19 patient samples collected by the PREDICT-19 consortium;COVID-19 patient samples collected by the PREDICT-19 consortium;SRR22283231;SAMN31714280;Whole blood, healthy control, rep 10;Whole blood, healthy control, rep 10;;cDNA;TRANSCRIPTOMIC;RNA-Seq;Total RNA was isolated from whole blood samples stored and stabilized in PAXgene RNA tubes according to the manufacturer's guidelines (PreAnalytiX) Libraries were prepared with 300ng of total RNA per sample using the Illumina Stranded Total RNA Prep with Ribo-Zero Plus (RZP) as per manufacturer instructions (Illumina, CA, USA).;PAIRED;;ILLUMINA;;;;;Whole blood;;;;;Illumina NovaSeq 6000 sequencing: GSM7507667: Whole blood, COVID positive, rep 204 Homo sapiens RNA-Seq;;;Blood - Whole Blood;;
PRJNA263196;23/03/2015;RNA-Seq of the corpus callosum from 12 individuals;Homo sapiens;SRR1603663;SAMN03097501;RNA-seq of the corpus callosum #4727;RNA-seq of the corpus callosum #4727;;cDNA;TRANSCRIPTOMIC;RNA-Seq;Tissue blocks were provided from NICHD brain bank. Total RNA was extracted from flash frozen tissue samples using Trizol reagent. Then the total RNA was treated with RNase-Free DNase (Qiagen) followed by purification with RNeasy MinElute Cleanup Kit (Qiagen) following the manufacturer’s instructions. 2 µg of total RNA each sample was subject to RNA-seq library preparation with ScriptSeq™ Complete Gold Kit from Epicentre (Cat. # SCL24EP, Madison, WI) following the manufacturer’s instructions. In brief, ribosomal RNA was depleted from total RNA using Ribo-Zero magnetic beads, then the ribosomal RNA depleted RNA was purified and fragmented. Random primer tailed with Illumina adaptor was used to perform reverse transcription to get cDNA library. Adaptor sequence was added to the other end of cDNA library with a Terminal-Tagging step. cDNA library was amplified with Illumina primers provided with this kit. The product was size selected (350~500 bp) from 2% agarose E-gels (Invitrogen) and sequenced in 1 lane per sample on Illumina’s HiSeq 2000 platform.;PAIRED;;ILLUMINA;;;;;frozen postmortem brain from NICHD;;;;;Illumina HiSeq 2000 sequencing: GSM1519618: RNA-seq of the corpus callosum #4727 Homo sapiens RNA-Seq;;postmortem;Brain - Corpus Callosum;;
PRJNA695543;01/02/2021;Transcriptome analysis discloses dysregulated genes in normal appearing tumor-adjacent thyroid tissues from patients with papillary thyroid carcinoma;Transcriptome analysis discloses dysregulated genes in normal appearing tumor-adjacent thyroid tissues from patients with papillary thyroid carcinoma;SRR13572947;SAMN17616035;NAT Rep36;NAT Rep36;;cDNA;TRANSCRIPTOMIC;RNA-Seq;Total RNA was isolated using TRIzol reagent (Invitrogen) according to the manufacturer's instructions. The purity of extracted RNA was measured using a NanoDrop ND-1000 spectrophotometer (NanoDrop Technologies, Inc., Wilmington, DE) and the concentration was assessed with Qubit 2.0 Fluorometer (Agilent Technologies, Santa Clara, CA) using an RNA HS Assay Kit. Samples with RNA Integrity Number (RIN) greater than 4 as assessed by a BioAnalyzer (Agilent) with no visible sign of genomic DNA contamination from the HS Nanochip tracings were used for total RNA library generation. RNA-seq libraries were prepared using the Illumina TruSeq Stranded Total RNA Sample Prep Kit with Ribo-Zero Gold (catalog #RS-122-2201) according to the manufacturer protocol. The sequencing was performed in paired end manner, generating 2 X 100 bp paired-end reads using the Illumina HiSeq 2500 system. Pre-alignment data QC were assessed with FastQC. Post-alignment data quality was assessed with an in-house quality control pipeline/database for RNA-seq database (14). RNA-seq data were trimmed for any adapter sequences using Adapter Removal (15).;PAIRED;;ILLUMINA;;;;;"Normal;Thyroid";;;;;Illumina HiSeq 2500 sequencing: GSM5048800: NAT Rep42 Homo sapiens RNA-Seq;;;Thyroid Gland;;
PRJNA742971;12/11/2022;A resource for integrated genomic analysis of the human liver;A resource for integrated genomic analysis of the human liver;SRR15013630;SAMN19988538;SJLB466;SJLB466;;cDNA;TRANSCRIPTOMIC;RNA-Seq;Total RNA was extracted from tissue homogenized in TRIzol reagent, followed by Qiagen RNAeasy cleanup mRNA libraries were prepared using the Illuminia TruSeq Stranded Total RNA with Ribo-Zero protocol;PAIRED;;ILLUMINA;;;;;liver;;;;;Illumina HiSeq 2000 sequencing: GSM5412265: SJLB466 Homo sapiens RNA-Seq;check ribozero;likely postmportem;Liver;;
PRJNA318642;11/08/2016;Transcriptome profiling of the human dorsal striatum in bipolar disorder;Homo sapiens;SRR3393505;SAMN04859290;control-32;control-32;;cDNA;TRANSCRIPTOMIC;RNA-Seq;Frozen postmortem dorsal striatum samples were transferred to RNAlater-ICE (Ambion) and stored at -20C upon receipt. Total RNA was extracted from dissected caudate-putamen tissue by Trizol (Life Technologies), column-purified by the RNeasy Lipid Tissue Kit (Qiagen) and treated with the Turbo DNA-free Kit (Life Technologies). RNA samples were assayed on the BioAnalyzer (Agilent, Santa Clara, CA) to obtain RNA integrity number (RIN) values. Ribosomal RNA (rRNA) was depleted from samples using the RiboMinus Eukaryote Kit v2 (Life Technologies). Strand-specific cDNA libraries were made using the Next Ultra Directional RNA Library Prep Kit (NEB) and sequenced on the Illumina HiSeq2000.;SINGLE;;ILLUMINA;;;;;;;;;;Illumina HiSeq 2000 sequencing: GSM2124751: control-32 Homo sapiens RNA-Seq;;postmortem;Brain - Dorsal Striatum;;
PRJNA901461;02/02/2023;COVID-19 patient samples collected by the PREDICT-19 consortium;COVID-19 patient samples collected by the PREDICT-19 consortium;SRR22283256;SAMN31714415;Whole blood, healthy control, rep 35;Whole blood, healthy control, rep 35;;cDNA;TRANSCRIPTOMIC;RNA-Seq;Total RNA was isolated from whole blood samples stored and stabilized in PAXgene RNA tubes according to the manufacturer's guidelines (PreAnalytiX) Libraries were prepared with 300ng of total RNA per sample using the Illumina Stranded Total RNA Prep with Ribo-Zero Plus (RZP) as per manufacturer instructions (Illumina, CA, USA).;PAIRED;;ILLUMINA;;;;;Whole blood;;;;;Illumina NovaSeq 6000 sequencing: GSM7507740: Whole blood, COVID positive, rep 277 Homo sapiens RNA-Seq;;;Blood - Whole Blood;;
PRJNA742971;12/11/2022;A resource for integrated genomic analysis of the human liver;A resource for integrated genomic analysis of the human liver;SRR15013470;SAMN19988499;SJLB773;SJLB773;;cDNA;TRANSCRIPTOMIC;RNA-Seq;Total RNA was extracted from tissue homogenized in TRIzol reagent, followed by Qiagen RNAeasy cleanup mRNA libraries were prepared using the Illuminia TruSeq Stranded Total RNA with Ribo-Zero protocol;PAIRED;;ILLUMINA;;;;;liver;;;;;Illumina HiSeq 2000 sequencing: GSM5412327: SJLB773 Homo sapiens RNA-Seq;check ribozero;likely postmportem;Liver;;
PRJNA704389;01/03/2021;Using lncRNA sequencing to reveal a putative lncRNA-mRNA correlation network and potential role of PCBP1-AS1 in pathogenesis of cervical cancer;Using lncRNA sequencing to reveal a putative lncRNA-mRNA correlation network and potential role of PCBP1-AS1 in pathogenesis of cervical cancer;SRR13771797;SAMN18039494;XHXZC;XHXZC;;cDNA;TRANSCRIPTOMIC;RNA-Seq;Cervical cancer tissues and adjacent tissues were removed, flash frozen on dry ice, and RNA was harvested using Trizol reagent (Thermo). Illumina TruSeq Stranded Total RNA with Ribo-Zero (Cat# 20020612) was used with 1 ug of total RNA for the construction of sequencing libraries. RNA libraries were prepared for sequencing using standard Illumina protocols;PAIRED;;ILLUMINA;;;;;adjacent tissue;;;;;Illumina NovaSeq 6000 sequencing: GSM5102897: XHXZC Homo sapiens RNA-Seq;;tumor-adjacent;Cervix;;
PRJNA901461;02/02/2023;COVID-19 patient samples collected by the PREDICT-19 consortium;COVID-19 patient samples collected by the PREDICT-19 consortium;SRR22283291;SAMN31714392;Whole blood, healthy control, rep 70;Whole blood, healthy control, rep 70;;cDNA;TRANSCRIPTOMIC;RNA-Seq;Total RNA was isolated from whole blood samples stored and stabilized in PAXgene RNA tubes according to the manufacturer's guidelines (PreAnalytiX) Libraries were prepared with 300ng of total RNA per sample using the Illumina Stranded Total RNA Prep with Ribo-Zero Plus (RZP) as per manufacturer instructions (Illumina, CA, USA).;PAIRED;;ILLUMINA;;;;;Whole blood;;;;;Illumina NovaSeq 6000 sequencing: GSM7507836: Whole blood, COVID positive, rep 373 Homo sapiens RNA-Seq;;;Blood - Whole Blood;;
PRJNA450481;18/12/2018;High-throughput RNA sequencing on circular RNA profiles of human triple-negative breast cancer and adjacent normal tissues;High-throughput RNA sequencing on circular RNA profiles of human triple-negative breast cancer and adjacent normal tissues;SRR7012370;SAMN08939817;Normal 2;Normal 2;;cDNA;TRANSCRIPTOMIC;RNA-Seq;Breast tissues were surgically removed, flash frozen on dry ice, and total RNA was harvested using Trizol reagent and treated with the RiboMinus Eukaryote Kit (Qiagen, Valencia, CA) to remove rRNA before constructing the RNA-seq libraries. RNA libraries were prepared for sequencing using standard Illumina protocols.;PAIRED;;ILLUMINA;;;;;"Fresh frozen;adjacent normal tissue";;;;;Illumina HiSeq 3000 sequencing: GSM3100610: Normal 2 Homo sapiens RNA-Seq;;tumor-adjacent;Breast;;
PRJNA726237;17/11/2021;Ischemic heart disease selectively modifies the right atrial appendage transcriptome;Ischemic heart disease selectively modifies the right atrial appendage transcriptome;SRR14362371;SAMN18926137;(ICA)-positive IHD undergoing coronary artery bypass surgery, 20-02-15-PA;(ICA)-positive IHD undergoing coronary artery bypass surgery, 20-02-15-PA;;cDNA;TRANSCRIPTOMIC;RNA-Seq;During cardiac surgery, a biopsy sample of the RAA was collected from each patient. Tissue samples were collected at the cannulation site, the insertion site of the venous line for the heart–lung machine. Dissected biopsies were briefly washed in ice-cold sterile saline, cut into 0.5 cm thick tissue pieces, and immersed into 3 ml of RNAlater (Sigma Aldrich, Merck KGaA, Darmstadt, Germany) to inactivate RNAses and stabilize RNA. Samples were let to stabilize at +4°C for one day and stored at under -70°C until processing. Total RNA was isolated from RAA biopsies via initial ice-cold tissue homogenization using a Precellys 24 tissue homogenizer equipped with the Cryolys cooling option (Bertin Technologies SAS, Montigny-le-Bretonneux, France) followed by RNA isolation using combined QIAzol / chloroform extraction and Qiagen RNeasy mini spin column purification according to the manufacturer's instructions (Qiagen, Venlo, Netherlands). The sample RNA integrity number (RIN mean 7.95 ± 0.55 range 7.1–9.0) and total quantity (mean 3069.55 ± 1141.08 ng range 867.8–6855.0 ng) was evaluated in the Functional Genomics Unit (FuGU, University of Helsinki, Helsinki, Finland). Isolated total RNA was stored at under -70oC until sequencing. Ribosomal RNA was removed using the Ribo-ZeroTM Magnetic kit (Illumina Inc, San Diego, CA). RNA libraries were prepared for sequencing using standard Illumina protocols;PAIRED;;ILLUMINA;;;;;Heart (Atrial Appendage);;;;;Illumina HiSeq 4000 sequencing: GSM5271548: (ICA)-positive IHD undergoing coronary artery bypass surgery, 20-02-15-PA Homo sapiens RNA-Seq;;non-cancer disease;Heart - Atrial appendage;;
PRJEB14688;06/01/2017;RNASeq of musculoskeletal ageing using human mesenchymal stem cells and their tissue constructs;RNASeq of musculoskeletal ageing using human mesenchymal stem cells and their tissue constructs;ERR1514452;SAMEA4062950;Sample 17;Protocols: MScs purchased from young and old human donors miRNAeasy kit for RNA extraction Total RNA samples were ribosomal RNA depleted using the Human, mouse, rat low inputRibozero kit from Epicentre. 1ug of RNA (or the max amount available) was mixed with the low input kit baits and allowed to anneal. This was then mixed with the magnetic microspheres which bind the ribosomal complexes and subsequently pulled out with a magnet. The remaining RNA was purified with RNA clean beads and analysed with the Agilent Bioanalyser with a RNA pico chip. Recovery was generally less than 1% of the original starting material. All of this material was used in the script seq reaction (Epicentre). Samples were denatured and annealed to cDNA primers and cDNA was generated. This was amplified with indexed primers for 15 cycles to make the library for sequencing. Libraries were checked on the Agilent Bioanalyser with a High sensitivity chip and quantities determined with Qubit DNA High sensitivity reagents.;Sample 17_p;PCR;TRANSCRIPTOMIC;RNA-Seq;MScs purchased from young and old human donors miRNAeasy kit for RNA extraction Total RNA samples were ribosomal RNA depleted using the Human, mouse, rat low inputRibozero kit from Epicentre. 1ug of RNA (or the max amount available) was mixed with the low input kit baits and allowed to anneal. This was then mixed with the magnetic microspheres which bind the ribosomal complexes and subsequently pulled out with a magnet. The remaining RNA was purified with RNA clean beads and analysed with the Agilent Bioanalyser with a RNA pico chip. Recovery was generally less than 1% of the original starting material. All of this material was used in the script seq reaction (Epicentre). Samples were denatured and annealed to cDNA primers and cDNA was generated. This was amplified with indexed primers for 15 cycles to make the library for sequencing. Libraries were checked on the Agilent Bioanalyser with a High sensitivity chip and quantities determined with Qubit DNA High sensitivity reagents.;PAIRED;;ILLUMINA;;;tenocyte;;;;;;;Illumina HiSeq 2000 paired end sequencing: RNASeq of musculoskeletal ageing using human mesenchymal stem cells and their tissue constructs;some aged donors;cultured cells;Tendon - tenocyte;;
PRJNA312169;07/02/2017;Transcriptome profiling of human keratoconus corneas through RNA sequencing identifies collagen synthesis disruption and downregulation of core elements of TGF-ß, Hippo, and Wnt pathways;Homo sapiens;SRR3170178;SAMN04504390;KR_08;KR_08;;cDNA;TRANSCRIPTOMIC;RNA-Seq;The corneas were transferred to 400 µl of lysis solution (Norgen Biotek, Thorold, ON, Canada) in a 2-mL microtube with Lysing Matrix D (MP Biomedicals, Irvine, CA, USA) and homogenized using a FastPrep®-24 Instrument (MP Biomedicals). Further total RNA extraction and purification steps were performed according to the manufacturer’s instructions supplied with a Total RNA Purification Kit (Norgen Biotek). To maximize the removal of residual DNA that could affect downstream analyses, an on-column DNase I (Zymo Research, Irvine, CA, USA) treatment was performed. Libraries were prepared with a TruSeq Stranded Total RNA LT with Ribo-Zero™ Human/Mouse/Rat Kit (Illumina, San Diego, CA, USA) according to the manufacturer’s protocol, with slight modifications.;PAIRED;;ILLUMINA;;;;;cornea;;;;;Illumina HiSeq 1500 sequencing: GSM2061711: KR_08 Homo sapiens RNA-Seq;;;Eye - Cornea;;
PRJNA270632;27/06/2015;Tissue-specific circular RNA induction during human fetal development;Homo sapiens;SRR1721305;SAMN03267768;Lung_20wkA;Lung_20wkA;;cDNA;TRANSCRIPTOMIC;RNA-Seq;Fetal tissue samples <100 mg in size were placed into DNase- and RNase-free 1.5 ml microfuge tubes containing 1 ml of RNAlater RNA Stabilization Reagent (Qiagen) within 1 hour of the pregnancy termination procedure. After storage at room temperature for a period of 24-72 h, excess RNAlater was removed from the microfuge tubes and the samples were placed in the -80oC freezer for storage until RNA isolation was performed. The tissues were lysed in mirVana (Life Technologies) lysis buffer, using a Mini-Beadbeater-16 (Biospec), with agitation for 1 min in the presence of 1 mm zirconia beads. Samples were then centrifuged at maximum speed in a tabletop microcentrifuge for 1 min and the lysed solution was transferred to a fresh microfuge tube. The remainder of the extraction was per the manufacturer's protocol for the mirVana kit (Life Technologies). Following RNA isolation (mirVana miRNA Isolation Kit, Life Technologies, Inc.), the RNA was quantified (Qubit RNA Assay Kit, Life Technologies, Inc.), and quality controlled (RNA6000 Nano Kit and BioAnalyzer 2100, Agilent). 200 ng to 1000 ng was used as input for the Illumina TruSeq Stranded Total RNA with Ribo-Zero Gold sample prep kit (Illumina, Inc.) and sequencing libraries were created according to the manufacturer’s protocol. Briefly, first both cytoplasmic and mitochondrial rRNA was removed by selectively hybridizing biotinylated probes to target sequences and using magnetic beads to capture the bound products. Following rRNA removal, the RNA was fragmented and copied into first strand cDNA using random primers and reverse transcriptase. Next, second strand cDNA synthesis was completed using DNA Polymerase I and RNase H. The cDNA was then ligated to Illumina supplied adapters and enriched with PCR to create the final cDNA libraries. The libraries were then pooled and sequenced on a HiSeq 2000 (Illumina, Inc.) instrument as per manufacturer’s instructions. Sequencing was performed up to 2 X 101 cycles.;PAIRED;;ILLUMINA;;;;;;;;;;Illumina HiSeq 2000 sequencing: GSM1567937: Lung_20wkA Homo sapiens RNA-Seq;;fetal;Lung;;
PRJNA939148;10/07/2023;Transcriptomes of human primary skin fibroblasts reveal age-associated mRNAs and long noncoding RNAs;Transcriptomes of human primary skin fibroblasts reveal age-associated mRNAs and long noncoding RNAs;SRR23630258;SAMN33458093;SKIN_AGE22_M_GR1_Gt073;SKIN_AGE22_M_GR1_Gt073;GSM7067566;cDNA;TRANSCRIPTOMIC;RNA-Seq;After expansion, total RNA was isolated using the Direct-zolTM RNA MiniPrep kit (Zymo Research) following the manufacturer's instruction. Ribo-RNA depletion with Low Input RiboMinus Eukaryote System v2 (Thermo Fisher Scientific). Ribo-RNA-depleted samples were then used for cDNA synthesis with Ovation® RNA-Seq System V2 (Nugen) following the manufacturer's protocol. Following cDNA fragmentation and size selection, libraries were prepared using Illumina TruSeq ChIP Library Preparation Kit (Illumina) according to manufacturer's protocol.;PAIRED;;ILLUMINA;;;primary skin fibroblasts;;;;;;;Illumina NovaSeq 6000 sequencing: GSM7067566: SKIN_AGE22_M_GR1_Gt073 Homo sapiens RNA-Seq;;;Cells - Cultured fibroblasts;;
PRJNA901967;02/01/2023;Placental Inflammation Significantly Correlates with Reduced Risk for Retinopathy of Prematurity;Placental Inflammation Significantly Correlates with Reduced Risk for Retinopathy of Prematurity;SRR22301772;SAMN31742725;18942X19 35A_P-2;18942X19 35A_P-2;GSM6733302;cDNA;TRANSCRIPTOMIC;RNA-Seq;RNA was harvested using Qiagen ALL PREP Universal Whole transcriptome expression analysis was performed on fetal surface placental tissues using the Illumina Stranded Total RNA Kit with Ribo-Zero Plus per the standard protocol;PAIRED;;ILLUMINA;;;placental villous tissue;;Placenta;;;;;Illumina NovaSeq 6000 sequencing: GSM6733302: 18942X19 35A_P-2 Homo sapiens RNA-Seq;some retinopathies;healthy;Placenta;;
PRJNA742971;12/11/2022;A resource for integrated genomic analysis of the human liver;A resource for integrated genomic analysis of the human liver;SRR15013462;SAMN19988507;SJLB754;SJLB754;;cDNA;TRANSCRIPTOMIC;RNA-Seq;Total RNA was extracted from tissue homogenized in TRIzol reagent, followed by Qiagen RNAeasy cleanup mRNA libraries were prepared using the Illuminia TruSeq Stranded Total RNA with Ribo-Zero protocol;PAIRED;;ILLUMINA;;;;;liver;;;;;Illumina HiSeq 2000 sequencing: GSM5412319: SJLB754 Homo sapiens RNA-Seq;check ribozero;likely postmportem;Liver;;
PRJNA742971;12/11/2022;A resource for integrated genomic analysis of the human liver;A resource for integrated genomic analysis of the human liver;SRR15013669;SAMN19988464;SJLB716;SJLB716;;cDNA;TRANSCRIPTOMIC;RNA-Seq;Total RNA was extracted from tissue homogenized in TRIzol reagent, followed by Qiagen RNAeasy cleanup mRNA libraries were prepared using the Illuminia TruSeq Stranded Total RNA with Ribo-Zero protocol;PAIRED;;ILLUMINA;;;;;liver;;;;;Illumina HiSeq 2000 sequencing: GSM5412301: SJLB716 Homo sapiens RNA-Seq;check ribozero;likely postmportem;Liver;;
PRJNA253002;19/11/2015;Human cortical transcriptome informs brain imaging;Homo sapiens;SRR1424704;SAMN02866104;Human_4924_BA47_7;Human_4924_BA47_7;;cDNA;TRANSCRIPTOMIC;RNA-Seq;All RNA samples were examined for quantity and quality by NanoDrop and Bioanalyzer (Agilent). Samples were randomized for RNA extractions and sequencing. 5ug of total RNA were treated with a Ribominus column according to the manufacturer’s instructions to remove ribosomal RNA. Libraries were prepared using an Illumina TruSeq kit according to the manufacturer’s instructions.;SINGLE;;ILLUMINA;;;;;;;;;;Illumina HiSeq 2000 sequencing: GSM1414977: Human_4924_BA47_7 Homo sapiens RNA-Seq;;;Brain - Pars Orbitalis;;
PRJNA324260;18/10/2016;Human liver RNA-seq data corresponding to uninfected non-malignant, HCV infected non-malignant, and HCV+ HCC tissue;Homo sapiens;SRR3621786;SAMN05199326;L11-26-NonTumor_RNA-seq;L11-26-NonTumor_RNA-seq;;cDNA;TRANSCRIPTOMIC;RNA-Seq;We extracted total RNA from homogenized liver samples with 0.2 ml of chloroform and 1 ml of TRIZOL Reagent. After precipitation and washing, the RNA was dissolved in RNase-free water and given DNase treatment. DNase-treated, rRNA-depleted (Ribozero, Epicentre) RNA was used as a template for SuperScript III first-strand cDNA synthesis (Invitrogen), using oligo-dT as well as random hexamers. Actinomycin D was added to the reaction to prevent any possible amplification from contaminating genomic DNA. During second-strand synthesis, a dU/VTP mix was used to create directional libraries. cDNA samples were fragmented with Covaris to 300-bp fragments. The samples were then end-filled, 3 terminal A extended and ligated to preannealed TruSeq-indexed Illumina adapters. Uracil-DNAglycosylase UDG) treatment preceded the PCR reaction to amplify exclusively the originally oriented transcripts. Libraries were amplified using P5 and P7 Illumina primers and gel-extracted for size selection and primer-dimer removal. Before sequencing, libraries were tested using the BioAnalyzer to assure library quality, in terms of size and primer-dimer depletion. Indexed libraries were multiplexed for 100-bp single-end sequencing on the Illumina HiSeq 2000 platform.;SINGLE;;ILLUMINA;;;;;liver;;;;;Illumina HiSeq 2000 sequencing: GSM2185674: L11-26-NonTumor_RNA-seq Homo sapiens RNA-Seq;;;Liver;;
PRJNA975585;08/09/2023;Whole genome transcriptomics of upper extremity veins from end-stage kidney disease patients and non-kidney disease organ donors;Whole genome transcriptomics of upper extremity veins from end-stage kidney disease patients and non-kidney disease organ donors;SRR24709858;SAMN35340239;S039,Basilic vein,Healthy,NA;S039,Basilic vein,Healthy,NA;GSM7418755;cDNA;TRANSCRIPTOMIC;RNA-Seq;RNAlater-preserved samples were ground in liquid nitrogen and isolated with Trizol (Thermo Fisher Scientific) followed by column purification (EZNA Total RNA Kit I, Omega Bio-tek). 500 ng of total RNA was used as input for the Illumina TruSeq Stranded Total RNA Library Prep Kit with Ribo-Zero to generate ribosomal RNA-depleted sequencing libraries. Each sample had a unique barcode to allow multiplexing, and was sequenced to >40 million raw reads in a single end 75 bp sequencing run on the Illumina NextSeq500.;SINGLE;;ILLUMINA;;;;;Basilic vein;;;;;NextSeq 500 sequencing: GSM7418755: S039,Basilic vein,Healthy,NA Homo sapiens RNA-Seq;;;Blood Vessel;;
PRJNA765370;27/11/2021;RNA-seq of HPV-negative Oral Squamous Cell Carcinoma Patients;RNA-seq of HPV-negative Oral Squamous Cell Carcinoma Patients;SRR16013049;SAMN21555487;OSCC_2-N;OSCC_2-N;;cDNA;TRANSCRIPTOMIC;RNA-Seq;Nucleic acids were extracted fresh frozen OSCC tissue and matched normal (oral mucosa) using the Qiagen AllPrep Kit (Qiagen, Germantown, Maryland, USA) in accordance with the manufacturer's instructions with purification of DNA and RNA from the same sample. TruSeq Stranded Total RNA with Ribo-Zero Gold (Human, Mouse, Rat) ribosomal depletion;PAIRED;;ILLUMINA;;;;;oral mucosa;;;;;Illumina NovaSeq 6000 sequencing: GSM5593749: OSCC_2-N Homo sapiens RNA-Seq;;tumor-adjacent;Mouth - Mucosa;;
PRJNA270632;27/06/2015;Tissue-specific circular RNA induction during human fetal development;Homo sapiens;SRR1721313;SAMN03267765;Stomach_20wkC;Stomach_20wkC;;cDNA;TRANSCRIPTOMIC;RNA-Seq;Fetal tissue samples <100 mg in size were placed into DNase- and RNase-free 1.5 ml microfuge tubes containing 1 ml of RNAlater RNA Stabilization Reagent (Qiagen) within 1 hour of the pregnancy termination procedure. After storage at room temperature for a period of 24-72 h, excess RNAlater was removed from the microfuge tubes and the samples were placed in the -80oC freezer for storage until RNA isolation was performed. The tissues were lysed in mirVana (Life Technologies) lysis buffer, using a Mini-Beadbeater-16 (Biospec), with agitation for 1 min in the presence of 1 mm zirconia beads. Samples were then centrifuged at maximum speed in a tabletop microcentrifuge for 1 min and the lysed solution was transferred to a fresh microfuge tube. The remainder of the extraction was per the manufacturer's protocol for the mirVana kit (Life Technologies). Following RNA isolation (mirVana miRNA Isolation Kit, Life Technologies, Inc.), the RNA was quantified (Qubit RNA Assay Kit, Life Technologies, Inc.), and quality controlled (RNA6000 Nano Kit and BioAnalyzer 2100, Agilent). 200 ng to 1000 ng was used as input for the Illumina TruSeq Stranded Total RNA with Ribo-Zero Gold sample prep kit (Illumina, Inc.) and sequencing libraries were created according to the manufacturer’s protocol. Briefly, first both cytoplasmic and mitochondrial rRNA was removed by selectively hybridizing biotinylated probes to target sequences and using magnetic beads to capture the bound products. Following rRNA removal, the RNA was fragmented and copied into first strand cDNA using random primers and reverse transcriptase. Next, second strand cDNA synthesis was completed using DNA Polymerase I and RNase H. The cDNA was then ligated to Illumina supplied adapters and enriched with PCR to create the final cDNA libraries. The libraries were then pooled and sequenced on a HiSeq 2000 (Illumina, Inc.) instrument as per manufacturer’s instructions. Sequencing was performed up to 2 X 101 cycles.;PAIRED;;ILLUMINA;;;;;;;;;;Illumina HiSeq 2000 sequencing: GSM1567945: Stomach_20wkC Homo sapiens RNA-Seq;;fetal;Stomach;;
PRJNA253002;19/11/2015;Human cortical transcriptome informs brain imaging;Homo sapiens;SRR1424675;SAMN02866077;Human_1581_BA45_12;Human_1581_BA45_12;;cDNA;TRANSCRIPTOMIC;RNA-Seq;All RNA samples were examined for quantity and quality by NanoDrop and Bioanalyzer (Agilent). Samples were randomized for RNA extractions and sequencing. 5ug of total RNA were treated with a Ribominus column according to the manufacturer’s instructions to remove ribosomal RNA. Libraries were prepared using an Illumina TruSeq kit according to the manufacturer’s instructions.;SINGLE;;ILLUMINA;;;;;;;;;;Illumina HiSeq 2000 sequencing: GSM1414948: Human_1581_BA45_12 Homo sapiens RNA-Seq;;;Brain - Pars Triangularis;;
PRJNA533799;30/10/2019;A Novel LincRNA HERES Epigenetically Regulates Wnt Signaling Pathway via Interaction with EZH2 in Esophageal Squamous Cell Carcinoma;A Novel LincRNA HERES Epigenetically Regulates Wnt Signaling Pathway via Interaction with EZH2 in Esophageal Squamous Cell Carcinoma;SRR8932009;SAMN11467224;Patient_12_normal;Patient_12_normal;0;cDNA;TRANSCRIPTOMIC;RNA-Seq;Total RNA was extracted from ESCC tissues using TRIzol reagent (Invitrogen) for construction of RNA-seq libraries. The sequencing library was prepared from 1 ug of total RNA using Illumina TruSeq Stranded Total RNA Library Prep Kit with Ribo-Zero Human/Mouse/Rat (RS-122-2203).;PAIRED;;ILLUMINA;;;;;ESCC;;;;;Illumina HiSeq 2000 sequencing: GSM3731556: Patient_12_normal Homo sapiens RNA-Seq;;tumor-adjacent;Esophagus;;
PRJNA973632;05/06/2023;Combined Proteomics and Transcriptomics Identifies Serpin Family C Member 1 Associated Protein as a Biomarker of Endometriosis;Combined Proteomics and Transcriptomics Identifies Serpin Family C Member 1 Associated Protein as a Biomarker of Endometriosis;SRR24630284;SAMN35136949;YQ0037;YQ0037;GSM7372219;cDNA;TRANSCRIPTOMIC;RNA-Seq;Total RNA was extracted from epithelial cells using the TRIzol method according to standard protocols (Life Technologies, Inc., Gaithersburg, MD, USA). The purified products were evaluated using the Agilent 2200 TapeStation and diluted to 10 pM for cluster generation in situ on the HiSeq2500single-end flow cell followed by sequencing (1 × 50 bp) on the HiSeq 2500. rRNAs were removed from total RNA using an EpicentreRibo-Zero rRNA Removal Kit (Illumina, USA). Then, the PCR products were size-selected by polyacrylamide gel electrophoresis according to the instructions of the NEBNext® Multiplex mRNA/LncRNA Library Prep Set for Illumina® and Chain specific library sequencing was performed using the UNG enzymatic method (New England Biolabs, Inc., Ipswich, MA, USA).;PAIRED;;ILLUMINA;;;;;endometrium;;;;;Illumina HiSeq 2500 sequencing: GSM7372219: YQ0037 Homo sapiens RNA-Seq;;;Uterus - Endometrium;;
PRJNA533799;30/10/2019;A Novel LincRNA HERES Epigenetically Regulates Wnt Signaling Pathway via Interaction with EZH2 in Esophageal Squamous Cell Carcinoma;A Novel LincRNA HERES Epigenetically Regulates Wnt Signaling Pathway via Interaction with EZH2 in Esophageal Squamous Cell Carcinoma;SRR10173253;SAMN12828238;Patient_18_normal;Patient_18_normal;0;cDNA;TRANSCRIPTOMIC;RNA-Seq;Total RNA was extracted from ESCC tissues using TRIzol reagent (Invitrogen) for construction of RNA-seq libraries. The sequencing library was prepared from 1 ug of total RNA using Illumina TruSeq Stranded Total RNA Library Prep Kit with Ribo-Zero Human/Mouse/Rat (RS-122-2203).;PAIRED;;ILLUMINA;;;;;ESCC;;;;;Illumina HiSeq 2000 sequencing: GSM4094349: Patient_18_normal Homo sapiens RNA-Seq;;tumor-adjacent;Esophagus;;
PRJNA454694;09/02/2019;Sequencing based maternal whole blood expression changes with gestational age and labor in normal pregnancy;Sequencing based maternal whole blood expression changes with gestational age and labor in normal pregnancy;SRR7094272;SAMN09011921;Sample_22 [RNA-seq];Sample_22 [RNA-seq];;cDNA;TRANSCRIPTOMIC;RNA-Seq;RNA was isolated from  PAXgene® Blood RNA collection tube (BD 762165) as described in the PAXgene® Blood miRNA Kit Handbook (December, 2015). Purified RNA was quantified by UV spectrophotometry using the DropSense96® Microplate Spectrophotometer (Trinean) and quality assessed by microfluidics using the RNA ScreenTape on the Agilent 2200 TapeStation. Starting with 500 ng of total RNA, cDNA library templates were synthesized using the Illumina TruSeq® Stranded Total RNA LT (Set A) Kit with Ribo-Zero Globin rRNA reduction, as described in the TruSeq® Stranded Total RNA Sample Preparation Guide (Rev. E, October 2013). Libraries were validated using the HS D1000 ScreenTape on the Agilent 2200 TapeStation, and quantified on the Qubit® 2.0 Fluorometer by the Qubit® dsDNA HS Assay (ThermoFisher). The Illumina HiSeq 2500 instrument was used to cluster the samples onto the flow cell. The pools were put on at 10pM and run in rapid mode at 2×100 paired end. Illumina HiSeq Rapid PE Cluster kit V2 and HiSeq Rapid SBS kit v2 200 cycles was used.;PAIRED;;ILLUMINA;;;;;;;;;;Illumina HiSeq 2500 sequencing: GSM3124799: Sample_22 [RNA-seq] Homo sapiens RNA-Seq;;;Blood - Whole blood;;
PRJEB40695;29/10/2020;RNA-Seq of cultivated (i) bulk human thymic epithelial cells (hTECs) (ii) cortical hTECs (iii) medullary hTECs (iv) human thymic interstitial cells (hTICs);RNA-Seq of cultivated (i) bulk human thymic epithelial cells (hTECs) (ii) cortical hTECs (iii) medullary hTECs (iv) human thymic interstitial cells (hTICs);ERR4659290;SAMEA7377137;hTECs40;Protocols: detachment of cells from 2d dish, freezing of cultivated cells into RNAlater. TECs: growth onto irradiated 3T3-J2 feeder layer. TICs: cultuvation in MegaCell medium in 2d dish. RNeasy Plus Micro Kit, Qiagen. TruSeq® Stranded Total RNA.;hTECs40_p;Inverse rRNA;TRANSCRIPTOMIC;RNA-Seq;detachment of cells from 2d dish, freezing of cultivated cells into RNAlater. TECs: growth onto irradiated 3T3-J2 feeder layer. TICs: cultuvation in MegaCell medium in 2d dish. RNeasy Plus Micro Kit, Qiagen. TruSeq® Stranded Total RNA.;PAIRED;;ILLUMINA;;;epithelial cell of thymus;;;;;;;Illumina NovaSeq 6000 sequencing: RNA-Seq of cultivated (i) bulk human thymic epithelial cells (hTECs) (ii) cortical hTECs (iii) medullary hTECs (iv) human thymic interstitial cells (hTICs);;;Thymus - Epithelial cell;;
PRJNA973632;05/06/2023;Combined Proteomics and Transcriptomics Identifies Serpin Family C Member 1 Associated Protein as a Biomarker of Endometriosis;Combined Proteomics and Transcriptomics Identifies Serpin Family C Member 1 Associated Protein as a Biomarker of Endometriosis;SRR24630282;SAMN35136947;YQ0057;YQ0057;GSM7372221;cDNA;TRANSCRIPTOMIC;RNA-Seq;Total RNA was extracted from epithelial cells using the TRIzol method according to standard protocols (Life Technologies, Inc., Gaithersburg, MD, USA). The purified products were evaluated using the Agilent 2200 TapeStation and diluted to 10 pM for cluster generation in situ on the HiSeq2500single-end flow cell followed by sequencing (1 × 50 bp) on the HiSeq 2500. rRNAs were removed from total RNA using an EpicentreRibo-Zero rRNA Removal Kit (Illumina, USA). Then, the PCR products were size-selected by polyacrylamide gel electrophoresis according to the instructions of the NEBNext® Multiplex mRNA/LncRNA Library Prep Set for Illumina® and Chain specific library sequencing was performed using the UNG enzymatic method (New England Biolabs, Inc., Ipswich, MA, USA).;PAIRED;;ILLUMINA;;;;;endometrium;;;;;Illumina HiSeq 2500 sequencing: GSM7372221: YQ0057 Homo sapiens RNA-Seq;;;Uterus - Endometrium;;
PRJNA742971;12/11/2022;A resource for integrated genomic analysis of the human liver;A resource for integrated genomic analysis of the human liver;SRR15013497;SAMN19988386;SJLB151;SJLB151;;cDNA;TRANSCRIPTOMIC;RNA-Seq;Total RNA was extracted from tissue homogenized in TRIzol reagent, followed by Qiagen RNAeasy cleanup mRNA libraries were prepared using the Illuminia TruSeq Stranded Total RNA with Ribo-Zero protocol;PAIRED;;ILLUMINA;;;;;liver;;;;;Illumina HiSeq 2000 sequencing: GSM5412156: SJLB151 Homo sapiens RNA-Seq;check ribozero;likely postmportem;Liver;;
PRJNA918345;27/02/2023;Rhinoviruses and enterovirus-D68 replicate more robustly in respiratory tissues originating from asthmatic patients compared to non-asthmatic controls;Rhinoviruses and enterovirus-D68 replicate more robustly in respiratory tissues originating from asthmatic patients compared to non-asthmatic controls;SRR22966273;SAMN32574201;B48_Asthma_1_L5;B48_Asthma_1_L5;GSM6915311;cDNA;TRANSCRIPTOMIC;RNA-Seq;human airway epithlia from healthy versus asthmatic donors have been infected or not with rhinoviruses. Infected and non-infected tissues were lysed in 800l of trizol (Ambion, 5596018) and RNA was extracted according to manufacturer's instruction. The TruSeq Stranded total RNA kit with Ribo-Zero Gold was used for the library preparation with 150 ng of total RNA as input. The 18 libraries were pooled at equimolarity and loaded at 8.5 pM for clustering on a single-read Illumina Flow cell. All 100-base sequencing was performed using the TruSeq SBS HS v3 chemistry on an Illumina HiSeq 2500 sequencer;SINGLE;;ILLUMINA;;differentiated primary cells;epitheial;;airway epithelia;;;;;Illumina HiSeq 2500 sequencing: GSM6915311: B48_Asthma_1_L5 Homo sapiens RNA-Seq;;;Respiratory tract epithelium;;
PRJNA326252;04/08/2016;Genome-wide expression screening discloses long noncoding RNAs involved in thyroid carcinogenesis;Homo sapiens;SRR3703033;SAMN05272489;Case10_N;Case10_N;;cDNA;TRANSCRIPTOMIC;RNA-Seq;Total RNA was isolated using TRIzol reagent (Invitrogen) according to the manufacturer's instructions. The purity of extracted RNA was measured using a NanoDrop ND- 1000 spectrophotometer (NanoDrop Technologies, Inc., Wilmington, DE) and the concentration was assessed with Qubit 2.0 Fluorometer (Agilent Technologies, Santa Clara, CA) using an RNA HS Assay Kit. Samples with RNA Integrity Number (RIN) greater than 4 as assessed by a BioAnalyzer (Agilent) with no visible sign of genomic DNA contamination from the HS Nanochip tracings were used for total RNA library generation. Used the Illumina TruSeq Stranded Total RNA Sample Prep Kit with Ribo-Zero Gold (catalog #RS-122-2201), which transformed RNA into cDNA. This kit employed Ribo-Zero to remove rRNA and mitochondrial RNA prior to library preparation. The protocol consisted of random primer and stranded RNA extraction, RNA fragmentation, reverse transcription, and 100bp paired-125 end sequencing using the Illumina HiSeq 2500 system.;PAIRED;;ILLUMINA;;;;;Noncancerous tissue;;;;;Illumina HiSeq 2500 sequencing: GSM2205861: Case10_N Homo sapiens RNA-Seq;;;Thyroid Gland;;
PRJNA625391;15/04/2020;RNA-seq of matched adjacent normal and primary tumor samples from 33 HCC patients;;SRR11547396;SAMN14599314;Human sample from Homo sapiens;Human sample from Homo sapiens;50;Inverse rRNA;TRANSCRIPTOMIC;RNA-Seq;;PAIRED;;ILLUMINA;;;;;Liver tissue;;normal;;;Illumina HiSeq 2500 sequencing: RNA-Seq of Homo sapiens :liver;;;Liver;;
PRJNA863260;29/07/2023;Pityriasis rubra pilaris transcriptomics implicate IL-17 signaling and correlate with response to IL-17A inhibition;Pityriasis rubra pilaris transcriptomics implicate IL-17 signaling and correlate with response to IL-17A inhibition;SRR20695360;SAMN30025528;ctrl_dermis [n100];ctrl_dermis [n100];GSM6411992;cDNA;TRANSCRIPTOMIC;RNA-Seq;"Qiagen RNA and purification kit ""Illumina Stranded Total RNA Prep, Ligation with Ribo-Zero Plus” using 100ng of total RNA as input and 14 rounds of amplification";PAIRED;;ILLUMINA;;;;;dermis;;;;;Illumina NovaSeq 6000 sequencing: GSM6411992: ctrl_dermis [n100] Homo sapiens RNA-Seq;;;Skin - Dermis;;1
PRJNA835414;07/07/2022;Distinctive exercise-induced inflammatory response and exerkine induction in skeletal muscle of people with type 2 diabetes;Distinctive exercise-induced inflammatory response and exerkine induction in skeletal muscle of people with type 2 diabetes;SRR19095724;SAMN28101071;NGT_127_basal [P7401_210];NGT_127_basal [P7401_210];GSM6108003;cDNA;TRANSCRIPTOMIC;RNA-Seq;mRNA was extracted by mirVana miRNA Isolation Kit (ThermoFisher Scientific AM1560). Libraries were generated with TruSeq Stranded total RNA kit (Illumina 20020597) and ribosomal RNA removed with Ribo-Zero Plus rRNA depletion kit (Illumina 20037135);PAIRED;;ILLUMINA;;;;;Vastus Lateralis;;;;;Illumina HiSeq 2500 sequencing: GSM6108003: NGT_127_basal [P7401_210] Homo sapiens RNA-Seq;muscle;;Muscle - Skeletal;;
PRJNA270632;27/06/2015;Tissue-specific circular RNA induction during human fetal development;Homo sapiens;SRR1721302;SAMN03267770;Lung_10wkB;Lung_10wkB;;cDNA;TRANSCRIPTOMIC;RNA-Seq;Fetal tissue samples <100 mg in size were placed into DNase- and RNase-free 1.5 ml microfuge tubes containing 1 ml of RNAlater RNA Stabilization Reagent (Qiagen) within 1 hour of the pregnancy termination procedure. After storage at room temperature for a period of 24-72 h, excess RNAlater was removed from the microfuge tubes and the samples were placed in the -80oC freezer for storage until RNA isolation was performed. The tissues were lysed in mirVana (Life Technologies) lysis buffer, using a Mini-Beadbeater-16 (Biospec), with agitation for 1 min in the presence of 1 mm zirconia beads. Samples were then centrifuged at maximum speed in a tabletop microcentrifuge for 1 min and the lysed solution was transferred to a fresh microfuge tube. The remainder of the extraction was per the manufacturer's protocol for the mirVana kit (Life Technologies). Following RNA isolation (mirVana miRNA Isolation Kit, Life Technologies, Inc.), the RNA was quantified (Qubit RNA Assay Kit, Life Technologies, Inc.), and quality controlled (RNA6000 Nano Kit and BioAnalyzer 2100, Agilent). 200 ng to 1000 ng was used as input for the Illumina TruSeq Stranded Total RNA with Ribo-Zero Gold sample prep kit (Illumina, Inc.) and sequencing libraries were created according to the manufacturer’s protocol. Briefly, first both cytoplasmic and mitochondrial rRNA was removed by selectively hybridizing biotinylated probes to target sequences and using magnetic beads to capture the bound products. Following rRNA removal, the RNA was fragmented and copied into first strand cDNA using random primers and reverse transcriptase. Next, second strand cDNA synthesis was completed using DNA Polymerase I and RNase H. The cDNA was then ligated to Illumina supplied adapters and enriched with PCR to create the final cDNA libraries. The libraries were then pooled and sequenced on a HiSeq 2000 (Illumina, Inc.) instrument as per manufacturer’s instructions. Sequencing was performed up to 2 X 101 cycles.;PAIRED;;ILLUMINA;;;;;;;;;;Illumina HiSeq 2000 sequencing: GSM1567934: Lung_10wkB Homo sapiens RNA-Seq;;fetal;Lung;;
PRJNA666441;03/10/2020;Long non-coding RNAs ENST00000429730.1 and MSTRG.93125.4 associate with metabolic activity in tuberculosis lesions of sputum-negative tuberculosis patients;Long non-coding RNAs ENST00000429730.1 and MSTRG.93125.4 associate with metabolic activity in tuberculosis lesions of sputum-negative tuberculosis patients;SRR12743482;SAMN16293840;lung tissue L2;lung tissue L2;;cDNA;TRANSCRIPTOMIC;RNA-Seq;Total RNA of each lung sample was extracted by using TRIzol Reagent (Invitrogen, US) and further purified using the RNeasy Mini Kit (Qiagen, Germany) according to the manufacturer's instructions. Total RNA of each sample was quantified and qualified by Agilent 2100 Bioanalyzer (Agilent Technologies, USA), NanoDrop (Thermo Fisher Scientific Inc., USA) and 1% agarose gel. Total RNA (1 μg) with the value of RNA integrity number (RIN) > 7 was used for library preparation of the following next generation sequencing, with the NEBNext Ultra II Directional RNA Library Prep. Kit for Illumina. The rRNA was depleted from total RNA using Ribo-Zero™ rRNA removal Kit (Illumina, USA), and cDNA libraries were generated following manufacture's protocols. Then, libraries with different indices were multiplexed and loaded on Illumina HiSeq instrument (Illumina, USA) for 2 × 150 paired-end sequencing according to manufacturer's instructions.;PAIRED;;ILLUMINA;;;;;;;;;;Illumina NovaSeq 6000 sequencing: GSM4810283: lung tissue L2 Homo sapiens RNA-Seq;possible TB;;Lung;;
PRJNA742971;12/11/2022;A resource for integrated genomic analysis of the human liver;A resource for integrated genomic analysis of the human liver;SRR15013588;SAMN19988448;SJLB381;SJLB381;;cDNA;TRANSCRIPTOMIC;RNA-Seq;Total RNA was extracted from tissue homogenized in TRIzol reagent, followed by Qiagen RNAeasy cleanup mRNA libraries were prepared using the Illuminia TruSeq Stranded Total RNA with Ribo-Zero protocol;PAIRED;;ILLUMINA;;;;;liver;;;;;Illumina HiSeq 2000 sequencing: GSM5412223: SJLB381 Homo sapiens RNA-Seq;check ribozero;likely postmportem;Liver;;
PRJNA901967;02/01/2023;Placental Inflammation Significantly Correlates with Reduced Risk for Retinopathy of Prematurity;Placental Inflammation Significantly Correlates with Reduced Risk for Retinopathy of Prematurity;SRR22301789;SAMN31742742;18942X2 15A_P-2;18942X2 15A_P-2;GSM6733285;cDNA;TRANSCRIPTOMIC;RNA-Seq;RNA was harvested using Qiagen ALL PREP Universal Whole transcriptome expression analysis was performed on fetal surface placental tissues using the Illumina Stranded Total RNA Kit with Ribo-Zero Plus per the standard protocol;PAIRED;;ILLUMINA;;;placental villous tissue;;Placenta;;;;;Illumina NovaSeq 6000 sequencing: GSM6733285: 18942X2 15A_P-2 Homo sapiens RNA-Seq;some retinopathies;healthy;Placenta;;
PRJEB40695;29/10/2020;RNA-Seq of cultivated (i) bulk human thymic epithelial cells (hTECs) (ii) cortical hTECs (iii) medullary hTECs (iv) human thymic interstitial cells (hTICs);RNA-Seq of cultivated (i) bulk human thymic epithelial cells (hTECs) (ii) cortical hTECs (iii) medullary hTECs (iv) human thymic interstitial cells (hTICs);ERR4659289;SAMEA7377136;hTECs33;Protocols: detachment of cells from 2d dish, freezing of cultivated cells into RNAlater. TECs: growth onto irradiated 3T3-J2 feeder layer. TICs: cultuvation in MegaCell medium in 2d dish. RNeasy Plus Micro Kit, Qiagen. TruSeq® Stranded Total RNA.;hTECs33_p;Inverse rRNA;TRANSCRIPTOMIC;RNA-Seq;detachment of cells from 2d dish, freezing of cultivated cells into RNAlater. TECs: growth onto irradiated 3T3-J2 feeder layer. TICs: cultuvation in MegaCell medium in 2d dish. RNeasy Plus Micro Kit, Qiagen. TruSeq® Stranded Total RNA.;PAIRED;;ILLUMINA;;;epithelial cell of thymus;;;;;;;Illumina NovaSeq 6000 sequencing: RNA-Seq of cultivated (i) bulk human thymic epithelial cells (hTECs) (ii) cortical hTECs (iii) medullary hTECs (iv) human thymic interstitial cells (hTICs);;;Thymus - Epithelial cell;;
PRJNA318642;11/08/2016;Transcriptome profiling of the human dorsal striatum in bipolar disorder;Homo sapiens;SRR3393521;SAMN04859304;bipolar-25;bipolar-25;;cDNA;TRANSCRIPTOMIC;RNA-Seq;Frozen postmortem dorsal striatum samples were transferred to RNAlater-ICE (Ambion) and stored at -20C upon receipt. Total RNA was extracted from dissected caudate-putamen tissue by Trizol (Life Technologies), column-purified by the RNeasy Lipid Tissue Kit (Qiagen) and treated with the Turbo DNA-free Kit (Life Technologies). RNA samples were assayed on the BioAnalyzer (Agilent, Santa Clara, CA) to obtain RNA integrity number (RIN) values. Ribosomal RNA (rRNA) was depleted from samples using the RiboMinus Eukaryote Kit v2 (Life Technologies). Strand-specific cDNA libraries were made using the Next Ultra Directional RNA Library Prep Kit (NEB) and sequenced on the Illumina HiSeq2000.;SINGLE;;ILLUMINA;;;;;;;;;;Illumina HiSeq 2000 sequencing: GSM2124767: bipolar-25 Homo sapiens RNA-Seq;;postmortem;Brain - Dorsal Striatum;;
PRJNA694010;08/08/2023;Comprehensively analysis of alternative splicing variations in Chinese colorectal cancer by using next-generation sequencing;;SRR13518181;SAMN17371036;adjacent non-tumor tissue 05;adjacent non-tumor tissue 05;CRC_NAT_05;Inverse rRNA;TRANSCRIPTOMIC;RNA-Seq;;PAIRED;;ILLUMINA;;;;;colon;;NAT_05;;;Illumina NovaSeq 6000 sequencing: adjacent non-tumor tissue 05;;tumor-adjacent;Colon;;
PRJNA997353;22/12/2023;Race-specific coregulatory and transcriptomic profiles associated with DNA methylation and androgen receptor in prostate cancer [RNA-Seq];Race-specific coregulatory and transcriptomic profiles associated with DNA methylation and androgen receptor in prostate cancer [RNA-Seq];SRR25387871;SAMN36678756;PT-00193228_NT_EA;PT-00193228_NT_EA;GSM7657522;cDNA;TRANSCRIPTOMIC;RNA-Seq;Illumina TruSeq Stranded Total RNA Library Prep Kit with Ribo-Zero Gol RNA libraries were prepared for sequencing using standard Illumina protocols;PAIRED;;ILLUMINA;;;;;prostate;;;;;Illumina HiSeq 2500 sequencing: GSM7657522: PT-00193228_NT_EA Homo sapiens RNA-Seq;;tumor-adjacent;Prostate;;
PRJNA637378;23/09/2020;Non-CG methylation and multiple epigenetic layers associate child abuse with immune and small GTPase dysregulation;Non-CG methylation and multiple epigenetic layers associate child abuse with immune and small GTPase dysregulation;SRR11927142;SAMN15104801;Lateral amygdala, S11, RNAseq;Lateral amygdala, S11, RNAseq;;cDNA;TRANSCRIPTOMIC;RNA-Seq;TrueSeq Stranded Total RNA Sample Preparation + Ribo-Zero Gold kits (Illumina);PAIRED;;ILLUMINA;;;;;Lateral Amygdala (human brain tissue);;;;;Illumina HiSeq 2000 sequencing: GSM4591823: Lateral amygdala, S11, RNAseq Homo sapiens RNA-Seq;;;Brain - Amygdala;;
PRJNA666441;03/10/2020;Long non-coding RNAs ENST00000429730.1 and MSTRG.93125.4 associate with metabolic activity in tuberculosis lesions of sputum-negative tuberculosis patients;Long non-coding RNAs ENST00000429730.1 and MSTRG.93125.4 associate with metabolic activity in tuberculosis lesions of sputum-negative tuberculosis patients;SRR12743479;SAMN16293843;lung tissue H1;lung tissue H1;;cDNA;TRANSCRIPTOMIC;RNA-Seq;Total RNA of each lung sample was extracted by using TRIzol Reagent (Invitrogen, US) and further purified using the RNeasy Mini Kit (Qiagen, Germany) according to the manufacturer's instructions. Total RNA of each sample was quantified and qualified by Agilent 2100 Bioanalyzer (Agilent Technologies, USA), NanoDrop (Thermo Fisher Scientific Inc., USA) and 1% agarose gel. Total RNA (1 μg) with the value of RNA integrity number (RIN) > 7 was used for library preparation of the following next generation sequencing, with the NEBNext Ultra II Directional RNA Library Prep. Kit for Illumina. The rRNA was depleted from total RNA using Ribo-Zero™ rRNA removal Kit (Illumina, USA), and cDNA libraries were generated following manufacture's protocols. Then, libraries with different indices were multiplexed and loaded on Illumina HiSeq instrument (Illumina, USA) for 2 × 150 paired-end sequencing according to manufacturer's instructions.;PAIRED;;ILLUMINA;;;;;;;;;;Illumina NovaSeq 6000 sequencing: GSM4810280: lung tissue H1 Homo sapiens RNA-Seq;possible TB;;Lung;;
PRJNA742971;12/11/2022;A resource for integrated genomic analysis of the human liver;A resource for integrated genomic analysis of the human liver;SRR15013524;SAMN19988365;SJLB319;SJLB319;;cDNA;TRANSCRIPTOMIC;RNA-Seq;Total RNA was extracted from tissue homogenized in TRIzol reagent, followed by Qiagen RNAeasy cleanup mRNA libraries were prepared using the Illuminia TruSeq Stranded Total RNA with Ribo-Zero protocol;PAIRED;;ILLUMINA;;;;;liver;;;;;Illumina HiSeq 2000 sequencing: GSM5412178: SJLB319 Homo sapiens RNA-Seq;check ribozero;likely postmportem;Liver;;
PRJNA773413;04/04/2022;Compartment-specific total RNA profile of Hippocampal and Cortical cells from Mesial Temporal Lobe Epilepsy tissue;Compartment-specific total RNA profile of Hippocampal and Cortical cells from Mesial Temporal Lobe Epilepsy tissue;SRR16522667;SAMN22483723;Cortex_nucleus_control4 [Cx_nuc_S02-071];Cortex_nucleus_control4 [Cx_nuc_S02-071];;cDNA;TRANSCRIPTOMIC;RNA-Seq;Complete details can be found on manuscripts methods section. Briefly, subcellular fractionation was performed isolating pure cytosolic and nuclei cell compartments. Isolated cytoplasmic and nuclei samples were stored in Qiazol (Qiagen) at -80oC until RNA extraction was performed. Total RNA was extracted using miRNeasy kit (Qiagen), according to manufacturer's protocol. A total of 2 ug of RNA per sample in a 5 ul volume was rRNA-depleted using the Ribo-Zero Magnetic Kit (human/mouse/rat Illumina) before library preparation. Stranded, paired-end sequencing libraries were prepared using the ScriptSeq v2 (Epicentre), after which samples were subjected to quality control on the 2100 Bioanalyzer (Agilent). Sequencing was performed as paired end 100 bp reads on an Illumina HiSeq 4000 sequencer at the Beijing Genomics Institute (BGI) (Hongkong, China).;PAIRED;;ILLUMINA;;;;;Cortex;;;;;Illumina HiSeq 4000 sequencing: GSM5643924: Cortex_nucleus_control4 [Cx_nuc_S02-071] Homo sapiens RNA-Seq;nucleus;non-cancer disease;Brain - Cortex;;
PRJNA454694;09/02/2019;Sequencing based maternal whole blood expression changes with gestational age and labor in normal pregnancy;Sequencing based maternal whole blood expression changes with gestational age and labor in normal pregnancy;SRR7094264;SAMN09011925;Sample_18 [RNA-seq];Sample_18 [RNA-seq];;cDNA;TRANSCRIPTOMIC;RNA-Seq;RNA was isolated from  PAXgene® Blood RNA collection tube (BD 762165) as described in the PAXgene® Blood miRNA Kit Handbook (December, 2015). Purified RNA was quantified by UV spectrophotometry using the DropSense96® Microplate Spectrophotometer (Trinean) and quality assessed by microfluidics using the RNA ScreenTape on the Agilent 2200 TapeStation. Starting with 500 ng of total RNA, cDNA library templates were synthesized using the Illumina TruSeq® Stranded Total RNA LT (Set A) Kit with Ribo-Zero Globin rRNA reduction, as described in the TruSeq® Stranded Total RNA Sample Preparation Guide (Rev. E, October 2013). Libraries were validated using the HS D1000 ScreenTape on the Agilent 2200 TapeStation, and quantified on the Qubit® 2.0 Fluorometer by the Qubit® dsDNA HS Assay (ThermoFisher). The Illumina HiSeq 2500 instrument was used to cluster the samples onto the flow cell. The pools were put on at 10pM and run in rapid mode at 2×100 paired end. Illumina HiSeq Rapid PE Cluster kit V2 and HiSeq Rapid SBS kit v2 200 cycles was used.;PAIRED;;ILLUMINA;;;;;;;;;;Illumina HiSeq 2500 sequencing: GSM3124795: Sample_18 [RNA-seq] Homo sapiens RNA-Seq;;;Blood - Whole blood;;
PRJNA914646;24/12/2023;Integrated Unbiased Multiomics Defines Disease-Independent Placental Clusters in Common Obstetrical Syndromes;;SRR22925402;SAMN32490797;Human sample from Homo sapiens;Human sample from Homo sapiens;TP18.B1378;Inverse rRNA;TRANSCRIPTOMIC;RNA-Seq;;PAIRED;;ILLUMINA;;;;;Placenta;;Control;;;Illumina NovaSeq 6000 sequencing: Control;;healthy;Placenta;;
PRJNA533799;30/10/2019;A Novel LincRNA HERES Epigenetically Regulates Wnt Signaling Pathway via Interaction with EZH2 in Esophageal Squamous Cell Carcinoma;A Novel LincRNA HERES Epigenetically Regulates Wnt Signaling Pathway via Interaction with EZH2 in Esophageal Squamous Cell Carcinoma;SRR8932005;SAMN11467194;Patient_10_normal;Patient_10_normal;0;cDNA;TRANSCRIPTOMIC;RNA-Seq;Total RNA was extracted from ESCC tissues using TRIzol reagent (Invitrogen) for construction of RNA-seq libraries. The sequencing library was prepared from 1 ug of total RNA using Illumina TruSeq Stranded Total RNA Library Prep Kit with Ribo-Zero Human/Mouse/Rat (RS-122-2203).;PAIRED;;ILLUMINA;;;;;ESCC;;;;;Illumina HiSeq 2000 sequencing: GSM3731552: Patient_10_normal Homo sapiens RNA-Seq;;tumor-adjacent;Esophagus;;
PRJNA263196;23/03/2015;RNA-Seq of the corpus callosum from 12 individuals;Homo sapiens;SRR1603670;SAMN03097508;RNA-seq of the corpus callosum #4999;RNA-seq of the corpus callosum #4999;;cDNA;TRANSCRIPTOMIC;RNA-Seq;Tissue blocks were provided from NICHD brain bank. Total RNA was extracted from flash frozen tissue samples using Trizol reagent. Then the total RNA was treated with RNase-Free DNase (Qiagen) followed by purification with RNeasy MinElute Cleanup Kit (Qiagen) following the manufacturer’s instructions. 2 µg of total RNA each sample was subject to RNA-seq library preparation with ScriptSeq™ Complete Gold Kit from Epicentre (Cat. # SCL24EP, Madison, WI) following the manufacturer’s instructions. In brief, ribosomal RNA was depleted from total RNA using Ribo-Zero magnetic beads, then the ribosomal RNA depleted RNA was purified and fragmented. Random primer tailed with Illumina adaptor was used to perform reverse transcription to get cDNA library. Adaptor sequence was added to the other end of cDNA library with a Terminal-Tagging step. cDNA library was amplified with Illumina primers provided with this kit. The product was size selected (350~500 bp) from 2% agarose E-gels (Invitrogen) and sequenced in 1 lane per sample on Illumina’s HiSeq 2000 platform.;PAIRED;;ILLUMINA;;;;;frozen postmortem brain from NICHD;;;;;Illumina HiSeq 2000 sequencing: GSM1519625: RNA-seq of the corpus callosum #4999 Homo sapiens RNA-Seq;;postmortem;Brain - Corpus Callosum;;
PRJNA901963;13/01/2023;Human IRF1 governs phagocytic IFN-gamma immunity to mycobacteria;Human IRF1 governs phagocytic IFN-gamma immunity to mycobacteria;SRR22302267;SAMN31742886;Fibroblast non-stimulated 9844;Fibroblast non-stimulated 9844;GSM6733155;cDNA;TRANSCRIPTOMIC;RNA-Seq;Total RNA was extracted from cells with the Quick-RNA MicroPrep kit (#R1051, Zymo Research), and treated with DNAse (Zymo) to remove residual genomic DNA. Ribosomal RNA (rRNA) and mitochondrial RNA (mRNA) were depleted. RNA-seq libraries were prepared with the Illumina RiboZero TruSeq Stranded Total RNA Library Prep Kit (Illumina) Libraries were sequenced using NovaSeq in the 100 or 150-nt, paired-end configuration;PAIRED;;ILLUMINA;;;primary fibroblast;;;;;;;Illumina NovaSeq 6000 sequencing: GSM6733155: Fibroblast non-stimulated 9844 Homo sapiens RNA-Seq;;;Cells - Cultured fibroblast;;
PRJNA742971;12/11/2022;A resource for integrated genomic analysis of the human liver;A resource for integrated genomic analysis of the human liver;SRR15013639;SAMN19988526;SJLB493;SJLB493;;cDNA;TRANSCRIPTOMIC;RNA-Seq;Total RNA was extracted from tissue homogenized in TRIzol reagent, followed by Qiagen RNAeasy cleanup mRNA libraries were prepared using the Illuminia TruSeq Stranded Total RNA with Ribo-Zero protocol;PAIRED;;ILLUMINA;;;;;liver;;;;;Illumina HiSeq 2000 sequencing: GSM5412274: SJLB493 Homo sapiens RNA-Seq;check ribozero;likely postmportem;Liver;;
PRJNA637378;23/09/2020;Non-CG methylation and multiple epigenetic layers associate child abuse with immune and small GTPase dysregulation;Non-CG methylation and multiple epigenetic layers associate child abuse with immune and small GTPase dysregulation;SRR11927149;SAMN15104796;Lateral amygdala, S18, RNAseq;Lateral amygdala, S18, RNAseq;;cDNA;TRANSCRIPTOMIC;RNA-Seq;TrueSeq Stranded Total RNA Sample Preparation + Ribo-Zero Gold kits (Illumina);PAIRED;;ILLUMINA;;;;;Lateral Amygdala (human brain tissue);;;;;Illumina HiSeq 2000 sequencing: GSM4591830: Lateral amygdala, S18, RNAseq Homo sapiens RNA-Seq;;;Brain - Amygdala;;
PRJNA200727;19/07/2013;Whole transcriptome RNA-seq of undiseased human prefrontal cortex;Homo sapiens;SRR836285;SAMN02087660;Normal Brain 1;Normal Brain 1;;other;TRANSCRIPTOMIC;RNA-Seq;RNA was harvested from frozen brain tissue using Trizol reagent. Illumina small RNA Sample Prep kit (#FC-102-1009) was used to construct libraries from 30ug total RNA. Instead of initial size fractionation, rRNAs were depleted by one round of Ribominus (Invitrogen).;SINGLE;;ILLUMINA;;;;;brain;;;;;Illumina HiSeq 2000 sequencing: GSM1131743: Normal Brain 1 Homo sapiens RNA-Seq;;;Brain - Prefrontal Cortex;;
