study_accession;first_public;study_title;project_name;run_accession;sample_accession;sample_title;sample_description;library_name;library_selection;library_source;library_strategy;library_construction_protocol;library_layout;rna_integrity_num;instrument_platform;rt_prep_protocol;cell_line;cell_type;tissue_lib;tissue_type;host_phenotype;isolate;age;host_body_site;description;note;origin;Gtex;;
PRJNA324260;18/10/2016;Human liver RNA-seq data corresponding to uninfected non-malignant, HCV infected non-malignant, and HCV+ HCC tissue;Homo sapiens;SRR3621790;SAMN05199328;L11-27-Control_RNA-seq;L11-27-Control_RNA-seq;;cDNA;TRANSCRIPTOMIC;RNA-Seq;We extracted total RNA from homogenized liver samples with 0.2 ml of chloroform and 1 ml of TRIZOL Reagent. After precipitation and washing, the RNA was dissolved in RNase-free water and given DNase treatment. DNase-treated, rRNA-depleted (Ribozero, Epicentre) RNA was used as a template for SuperScript III first-strand cDNA synthesis (Invitrogen), using oligo-dT as well as random hexamers. Actinomycin D was added to the reaction to prevent any possible amplification from contaminating genomic DNA. During second-strand synthesis, a dU/VTP mix was used to create directional libraries. cDNA samples were fragmented with Covaris to 300-bp fragments. The samples were then end-filled, 3 terminal A extended and ligated to preannealed TruSeq-indexed Illumina adapters. Uracil-DNAglycosylase UDG) treatment preceded the PCR reaction to amplify exclusively the originally oriented transcripts. Libraries were amplified using P5 and P7 Illumina primers and gel-extracted for size selection and primer-dimer removal. Before sequencing, libraries were tested using the BioAnalyzer to assure library quality, in terms of size and primer-dimer depletion. Indexed libraries were multiplexed for 100-bp single-end sequencing on the Illumina HiSeq 2000 platform.;SINGLE;;ILLUMINA;;;;;liver;;;;;Illumina HiSeq 2000 sequencing: GSM2185676: L11-27-Control_RNA-seq Homo sapiens RNA-Seq;;;Liver;;
PRJNA939148;09/07/2023;Transcriptomes of human primary skin fibroblasts reveal age-associated mRNAs and long noncoding RNAs;Transcriptomes of human primary skin fibroblasts reveal age-associated mRNAs and long noncoding RNAs;SRR23630184;SAMN33458021;SKIN_AGE78_F_GR4_Gt035;SKIN_AGE78_F_GR4_Gt035;GSM7067638;cDNA;TRANSCRIPTOMIC;RNA-Seq;After expansion, total RNA was isolated using the Direct-zolTM RNA MiniPrep kit (Zymo Research) following the manufacturer's instruction. Ribo-RNA depletion with Low Input RiboMinus Eukaryote System v2 (Thermo Fisher Scientific). Ribo-RNA-depleted samples were then used for cDNA synthesis with Ovation® RNA-Seq System V2 (Nugen) following the manufacturer's protocol. Following cDNA fragmentation and size selection, libraries were prepared using Illumina TruSeq ChIP Library Preparation Kit (Illumina) according to manufacturer's protocol.;PAIRED;;ILLUMINA;;;primary skin fibroblasts;;;;;;;Illumina NovaSeq 6000 sequencing: GSM7067638: SKIN_AGE78_F_GR4_Gt035 Homo sapiens RNA-Seq;;;Cells - Cultured fibroblasts;;
PRJEB21050;22/05/2018;RNA-seq of formalin-fixed, paraffin-embedded uninvolved terminal ileal tissue obtained from ileo-colic resection surgeries of Crohn’s disease and control patients;RNA-seq of formalin-fixed, paraffin-embedded uninvolved terminal ileal tissue obtained from ileo-colic resection surgeries of Crohn’s disease and control patients;ERR1993152;SAMEA104101949;WUCA-Cont-11;Protocols: We retrospectively obtained de-identified FFPE tissue from patients who underwent ileo-colic resection surgery at Barnes-Jewish Hospital, St. Louis between 2005 and 2010. CD patient surgical resections were due to complications associated with the disease, whereas control resections were due to adenoma, carcinoma or abdominal trauma. The set of hematoxylin and eosin-stained tissue sections from each resection were obtained and examined by two pathologists (T.C.L. and T.S.S.) to identify the uninvolved proximal margin (terminal ileum) of each resection. These tissue sections were then further evaluated to identify those that met the histological inclusion criteria for this study. The criteria were that the sample had at least 100 well-oriented intestinal crypts (contained crypt lumens that extended from the apex to the base of the crypt) and absent/minimal active or chronic inflammatory disease (e.g., cryptitis, crypt abscess, architectural distortion, pyloric gland metaplasia, etc.).The study protocol was approved by the Institutional Review Board of Washington University. Patients were recruited by the Washington University Digestive Diseases Research Core Center (DDRCC). Written informed consent was obtained from all study participants prior to inclusion in the study. For samples that met the histological inclusion criteria, two fresh, unstained 5-µm FFPE tissue sections on glass microscope slides were obtained. Slides were not baked after cutting. For each sample, the two tissue sections were scraped off of the slides using a clean razor and placed in 1.5 mL Eppendorf tubes. The tubes were briefly centrifuged to place the sample towards the bottoms or sides of the tube. RNA extraction and DNase treatment was performed using the RNeasy FFPE kit (Qiagen) according to the manufacturer’s instructions, using the Xylene protocol for the paraffin removal step and 30 µL RNase-free H2O for the elution step. RNA was initially quantified by NanoDrop. Subsequent total RNA quantification and quality assessment was performed by Bioanalyzer 2100 (Agilent Technologies). Samples were excluded from the study if >20% of the RNA fragments were >200 base pairs in length, as determined with the Bioanalyzer software. Library preparation was performed by the Genome Technology Access Center (GTAC) at Washington University. Library preparation used 150 ng of total RNA. ds-cDNA was generated using the Ovation RNA-seq FFPE system (Nugen, per manufacturer’s instructions). cDNA was blunt ended, had an A base added to the 3’ ends, and then had Illumina sequencing adapters ligated to the ends. Ligated fragments were then amplified for 12 cycles using primers incorporating unique index tags.;WUCA-Cont-11_s;Inverse rRNA;TRANSCRIPTOMIC;RNA-Seq;We retrospectively obtained de-identified FFPE tissue from patients who underwent ileo-colic resection surgery at Barnes-Jewish Hospital, St. Louis between 2005 and 2010. CD patient surgical resections were due to complications associated with the disease, whereas control resections were due to adenoma, carcinoma or abdominal trauma. The set of hematoxylin and eosin-stained tissue sections from each resection were obtained and examined by two pathologists (T.C.L. and T.S.S.) to identify the uninvolved proximal margin (terminal ileum) of each resection. These tissue sections were then further evaluated to identify those that met the histological inclusion criteria for this study. The criteria were that the sample had at least 100 well-oriented intestinal crypts (contained crypt lumens that extended from the apex to the base of the crypt) and absent/minimal active or chronic inflammatory disease (e.g., cryptitis, crypt abscess, architectural distortion, pyloric gland metaplasia, etc.).The study protocol was approved by the Institutional Review Board of Washington University. Patients were recruited by the Washington University Digestive Diseases Research Core Center (DDRCC). Written informed consent was obtained from all study participants prior to inclusion in the study. For samples that met the histological inclusion criteria, two fresh, unstained 5-µm FFPE tissue sections on glass microscope slides were obtained. Slides were not baked after cutting. For each sample, the two tissue sections were scraped off of the slides using a clean razor and placed in 1.5 mL Eppendorf tubes. The tubes were briefly centrifuged to place the sample towards the bottoms or sides of the tube. RNA extraction and DNase treatment was performed using the RNeasy FFPE kit (Qiagen) according to the manufacturer’s instructions, using the Xylene protocol for the paraffin removal step and 30 µL RNase-free H2O for the elution step. RNA was initially quantified by NanoDrop. Subsequent total RNA quantification and quality assessment was performed by Bioanalyzer 2100 (Agilent Technologies). Samples were excluded from the study if >20% of the RNA fragments were >200 base pairs in length, as determined with the Bioanalyzer software. Library preparation was performed by the Genome Technology Access Center (GTAC) at Washington University. Library preparation used 150 ng of total RNA. ds-cDNA was generated using the Ovation RNA-seq FFPE system (Nugen, per manufacturer’s instructions). cDNA was blunt ended, had an A base added to the 3’ ends, and then had Illumina sequencing adapters ligated to the ends. Ligated fragments were then amplified for 12 cycles using primers incorporating unique index tags.;SINGLE;;ILLUMINA;;;;;;;;;;Illumina HiSeq 2000 sequencing: RNA-seq of formalin-fixed, paraffin-embedded uninvolved terminal ileal tissue obtained from ileo-colic resection surgeries of Crohn’s disease and control patients;;;Small Intestine - Ileum;;
PRJNA773413;04/04/2022;Compartment-specific total RNA profile of Hippocampal and Cortical cells from Mesial Temporal Lobe Epilepsy tissue;Compartment-specific total RNA profile of Hippocampal and Cortical cells from Mesial Temporal Lobe Epilepsy tissue;SRR16522643;SAMN22483697;Cortex_cytoplasm_control4 [Cx_cyt_S02-071];Cortex_cytoplasm_control4 [Cx_cyt_S02-071];;cDNA;TRANSCRIPTOMIC;RNA-Seq;Complete details can be found on manuscripts methods section. Briefly, subcellular fractionation was performed isolating pure cytosolic and nuclei cell compartments. Isolated cytoplasmic and nuclei samples were stored in Qiazol (Qiagen) at -80oC until RNA extraction was performed. Total RNA was extracted using miRNeasy kit (Qiagen), according to manufacturer's protocol. A total of 2 ug of RNA per sample in a 5 ul volume was rRNA-depleted using the Ribo-Zero Magnetic Kit (human/mouse/rat Illumina) before library preparation. Stranded, paired-end sequencing libraries were prepared using the ScriptSeq v2 (Epicentre), after which samples were subjected to quality control on the 2100 Bioanalyzer (Agilent). Sequencing was performed as paired end 100 bp reads on an Illumina HiSeq 4000 sequencer at the Beijing Genomics Institute (BGI) (Hongkong, China).;PAIRED;;ILLUMINA;;;;;Cortex;;;;;Illumina HiSeq 4000 sequencing: GSM5643900: Cortex_cytoplasm_control4 [Cx_cyt_S02-071] Homo sapiens RNA-Seq;cytoplasm;non-cancer disease;Brain - Cortex;;
PRJNA997353;22/12/2023;Race-specific coregulatory and transcriptomic profiles associated with DNA methylation and androgen receptor in prostate cancer [RNA-Seq];Race-specific coregulatory and transcriptomic profiles associated with DNA methylation and androgen receptor in prostate cancer [RNA-Seq];SRR25387932;SAMN36678724;PT-00225395_NT_EA;PT-00225395_NT_EA;GSM7657554;cDNA;TRANSCRIPTOMIC;RNA-Seq;Illumina TruSeq Stranded Total RNA Library Prep Kit with Ribo-Zero Gol RNA libraries were prepared for sequencing using standard Illumina protocols;PAIRED;;ILLUMINA;;;;;prostate;;;;;Illumina HiSeq 2500 sequencing: GSM7657554: PT-00225395_NT_EA Homo sapiens RNA-Seq;;tumor-adjacent;Prostate;;
PRJNA742971;12/11/2022;A resource for integrated genomic analysis of the human liver;A resource for integrated genomic analysis of the human liver;SRR15013666;SAMN19988467;SJLB687;SJLB687;;cDNA;TRANSCRIPTOMIC;RNA-Seq;Total RNA was extracted from tissue homogenized in TRIzol reagent, followed by Qiagen RNAeasy cleanup mRNA libraries were prepared using the Illuminia TruSeq Stranded Total RNA with Ribo-Zero protocol;PAIRED;;ILLUMINA;;;;;liver;;;;;Illumina HiSeq 2000 sequencing: GSM5412298: SJLB687 Homo sapiens RNA-Seq;check ribozero;likely postmportem;Liver;;
PRJNA454694;09/02/2019;Sequencing based maternal whole blood expression changes with gestational age and labor in normal pregnancy;Sequencing based maternal whole blood expression changes with gestational age and labor in normal pregnancy;SRR7094304;SAMN09011905;Sample_4 [RNA-seq];Sample_4 [RNA-seq];;cDNA;TRANSCRIPTOMIC;RNA-Seq;RNA was isolated from  PAXgene® Blood RNA collection tube (BD 762165) as described in the PAXgene® Blood miRNA Kit Handbook (December, 2015). Purified RNA was quantified by UV spectrophotometry using the DropSense96® Microplate Spectrophotometer (Trinean) and quality assessed by microfluidics using the RNA ScreenTape on the Agilent 2200 TapeStation. Starting with 500 ng of total RNA, cDNA library templates were synthesized using the Illumina TruSeq® Stranded Total RNA LT (Set A) Kit with Ribo-Zero Globin rRNA reduction, as described in the TruSeq® Stranded Total RNA Sample Preparation Guide (Rev. E, October 2013). Libraries were validated using the HS D1000 ScreenTape on the Agilent 2200 TapeStation, and quantified on the Qubit® 2.0 Fluorometer by the Qubit® dsDNA HS Assay (ThermoFisher). The Illumina HiSeq 2500 instrument was used to cluster the samples onto the flow cell. The pools were put on at 10pM and run in rapid mode at 2×100 paired end. Illumina HiSeq Rapid PE Cluster kit V2 and HiSeq Rapid SBS kit v2 200 cycles was used.;PAIRED;;ILLUMINA;;;;;;;;;;Illumina HiSeq 2500 sequencing: GSM3124815: Sample_4 [RNA-seq] Homo sapiens RNA-Seq;;;Blood - Whole blood;;
PRJNA454694;09/02/2019;Sequencing based maternal whole blood expression changes with gestational age and labor in normal pregnancy;Sequencing based maternal whole blood expression changes with gestational age and labor in normal pregnancy;SRR7094305;SAMN09011905;Sample_4 [RNA-seq];Sample_4 [RNA-seq];;cDNA;TRANSCRIPTOMIC;RNA-Seq;RNA was isolated from  PAXgene® Blood RNA collection tube (BD 762165) as described in the PAXgene® Blood miRNA Kit Handbook (December, 2015). Purified RNA was quantified by UV spectrophotometry using the DropSense96® Microplate Spectrophotometer (Trinean) and quality assessed by microfluidics using the RNA ScreenTape on the Agilent 2200 TapeStation. Starting with 500 ng of total RNA, cDNA library templates were synthesized using the Illumina TruSeq® Stranded Total RNA LT (Set A) Kit with Ribo-Zero Globin rRNA reduction, as described in the TruSeq® Stranded Total RNA Sample Preparation Guide (Rev. E, October 2013). Libraries were validated using the HS D1000 ScreenTape on the Agilent 2200 TapeStation, and quantified on the Qubit® 2.0 Fluorometer by the Qubit® dsDNA HS Assay (ThermoFisher). The Illumina HiSeq 2500 instrument was used to cluster the samples onto the flow cell. The pools were put on at 10pM and run in rapid mode at 2×100 paired end. Illumina HiSeq Rapid PE Cluster kit V2 and HiSeq Rapid SBS kit v2 200 cycles was used.;PAIRED;;ILLUMINA;;;;;;;;;;Illumina HiSeq 2500 sequencing: GSM3124815: Sample_4 [RNA-seq] Homo sapiens RNA-Seq;;;Blood - Whole blood;;
PRJNA914646;24/12/2023;Integrated Unbiased Multiomics Defines Disease-Independent Placental Clusters in Common Obstetrical Syndromes;;SRR22925235;SAMN32490912;Human sample from Homo sapiens;Human sample from Homo sapiens;TP19.B3472;Inverse rRNA;TRANSCRIPTOMIC;RNA-Seq;;PAIRED;;ILLUMINA;;;;;Placenta;;Control;;;Illumina NovaSeq 6000 sequencing: Control;;healthy;Placenta;;
PRJNA768868;06/01/2022;Transcriptomics of receptive endometrium in women with sonographic features of adenomyosis;Transcriptomics of receptive endometrium in women with sonographic features of adenomyosis;SRR16212318;SAMN22068489;K23;K23;;cDNA;TRANSCRIPTOMIC;RNA-Seq;Retrieved endometrial samples were immediately placed in RNAlater solution (Thermo Fisher Scientific Baltics UAB, Vilnius, Lithuania), stored overnight at +4 °C and then transferred to –80 °C. Total RNA was isolated using the miRNeasy Mini Kit (Qiagen GmbH, Hilden, Germany) according to the manufacturer's instructions. Each whole-tissue endometrial sample was first disrupted with a Bullet Blender Storm Pro homogenizer (Next Advance, lnc., Troy, NY, USA) using 1 mm zirconium oxide beads in 700 µL of QIAzol Lysis Reagent from the miRNeasy Mini Kit. Both lncRNA and mRNA 150 bp paired-end libraries were constructed and subsequently sequenced by Novogene Bioinformatics Technology Co., Ltd. (Hong Kong, China). Briefly, a total amount of 2 µg of RNA per sample was used for cDNA sequencing library preparation. Ribosomal RNA (rRNA) was removed using the Epicentre Ribo-zeroTM rRNA Removal Kit (Epicentre, Brooklyn, NY, USA), and the remaining RNA was used for library generation by the NEBNext® UltraTM Directional RNA Library Prep Kit for Illumina® (NEB, Ipswich, MA, USA). First, rRNA-depleted RNA samples were fragmented followed by first- and second-strand cDNA synthesis. The sequencing adaptors were ligated, and library fragments were purified to obtain cDNA fragments 150~200 bp in length. Polymerase chain reaction (PCR) amplification of size-selected, adaptor-ligated cDNA was performed using universal PCR primers and index primers. Index-coded samples were clustered by Illumina TruSeq PE Cluster Kit v3-cBot-Hs. Libraries were sequenced on an Illumina NovaSeq 6000 platform, which generated 150 bp paired-end reads.;PAIRED;;ILLUMINA;;;;;;;;;;Illumina NovaSeq 6000 sequencing: GSM5613999: K23 Homo sapiens RNA-Seq;;;Uterus - Endometrium;;
PRJEB40695;29/10/2020;RNA-Seq of cultivated (i) bulk human thymic epithelial cells (hTECs) (ii) cortical hTECs (iii) medullary hTECs (iv) human thymic interstitial cells (hTICs);RNA-Seq of cultivated (i) bulk human thymic epithelial cells (hTECs) (ii) cortical hTECs (iii) medullary hTECs (iv) human thymic interstitial cells (hTICs);ERR4659290;SAMEA7377137;hTECs40;Protocols: detachment of cells from 2d dish, freezing of cultivated cells into RNAlater. TECs: growth onto irradiated 3T3-J2 feeder layer. TICs: cultuvation in MegaCell medium in 2d dish. RNeasy Plus Micro Kit, Qiagen. TruSeq® Stranded Total RNA.;hTECs40_p;Inverse rRNA;TRANSCRIPTOMIC;RNA-Seq;detachment of cells from 2d dish, freezing of cultivated cells into RNAlater. TECs: growth onto irradiated 3T3-J2 feeder layer. TICs: cultuvation in MegaCell medium in 2d dish. RNeasy Plus Micro Kit, Qiagen. TruSeq® Stranded Total RNA.;PAIRED;;ILLUMINA;;;epithelial cell of thymus;;;;;;;Illumina NovaSeq 6000 sequencing: RNA-Seq of cultivated (i) bulk human thymic epithelial cells (hTECs) (ii) cortical hTECs (iii) medullary hTECs (iv) human thymic interstitial cells (hTICs);;;Thymus - Epithelial cell;;
PRJNA742971;12/11/2022;A resource for integrated genomic analysis of the human liver;A resource for integrated genomic analysis of the human liver;SRR15013641;SAMN19988523;SJLB618;SJLB618;;cDNA;TRANSCRIPTOMIC;RNA-Seq;Total RNA was extracted from tissue homogenized in TRIzol reagent, followed by Qiagen RNAeasy cleanup mRNA libraries were prepared using the Illuminia TruSeq Stranded Total RNA with Ribo-Zero protocol;PAIRED;;ILLUMINA;;;;;liver;;;;;Illumina HiSeq 2000 sequencing: GSM5412276: SJLB618 Homo sapiens RNA-Seq;check ribozero;likely postmportem;Liver;;
PRJNA209081;15/04/2014;RNA-seq identifies novel transcript elements and transcript processing in the normal and failing hearts;Homo sapiens;SRR915767;SAMN02209931;control rep4;control rep4;;cDNA;TRANSCRIPTOMIC;RNA-Seq;RNA was extracted with Trizol (Invitrogen) and further purified on RNeasy columns (Qiagen) with on column DNase digestion. Ribosomal RNA was depleted using the RiboMinus kit (Invitrogen). 1 µg rRNA-depleted RNA was used for the construction of sequencing libraries Illumina RNA-seq libraries were prepared from rRNA-depleted samples using the standard Illumina protocol. SOLiD RNA-seq libraries were prepared from a pool of all of 15 ICM samples and a pool of all of 15 Ctrl samples using the standard SOLiD strand-specific library protocol.;PAIRED;;ILLUMINA;;;;;heart;;;;;Illumina Genome Analyzer II sequencing: GSM1171576: ICM replicate12 Homo sapiens RNA-Seq;;;Heart;;
PRJNA901461;02/02/2023;COVID-19 patient samples collected by the PREDICT-19 consortium;COVID-19 patient samples collected by the PREDICT-19 consortium;SRR22283236;SAMN31714287;Whole blood, healthy control, rep 15;Whole blood, healthy control, rep 15;;cDNA;TRANSCRIPTOMIC;RNA-Seq;Total RNA was isolated from whole blood samples stored and stabilized in PAXgene RNA tubes according to the manufacturer's guidelines (PreAnalytiX) Libraries were prepared with 300ng of total RNA per sample using the Illumina Stranded Total RNA Prep with Ribo-Zero Plus (RZP) as per manufacturer instructions (Illumina, CA, USA).;PAIRED;;ILLUMINA;;;;;Whole blood;;;;;Illumina NovaSeq 6000 sequencing: GSM7507677: Whole blood, COVID positive, rep 214 Homo sapiens RNA-Seq;;;Blood - Whole Blood;;
PRJNA742971;12/11/2022;A resource for integrated genomic analysis of the human liver;A resource for integrated genomic analysis of the human liver;SRR15013518;SAMN19988368;SJLB251;SJLB251;;cDNA;TRANSCRIPTOMIC;RNA-Seq;Total RNA was extracted from tissue homogenized in TRIzol reagent, followed by Qiagen RNAeasy cleanup mRNA libraries were prepared using the Illuminia TruSeq Stranded Total RNA with Ribo-Zero protocol;PAIRED;;ILLUMINA;;;;;liver;;;;;Illumina HiSeq 2000 sequencing: GSM5412175: SJLB251 Homo sapiens RNA-Seq;check ribozero;likely postmportem;Liver;;
PRJNA914646;24/12/2023;Integrated Unbiased Multiomics Defines Disease-Independent Placental Clusters in Common Obstetrical Syndromes;;SRR22925398;SAMN32490935;Human sample from Homo sapiens;Human sample from Homo sapiens;TP19.B4353;Inverse rRNA;TRANSCRIPTOMIC;RNA-Seq;;PAIRED;;ILLUMINA;;;;;Placenta;;Control;;;Illumina NovaSeq 6000 sequencing: Control;;healthy;Placenta;;
PRJNA478051;21/02/2020;Dynamics of the transcriptional landscape during human gonad development during fetal life;Dynamics of the transcriptional landscape during human gonad development during fetal life;SRR7430732;SAMN09495527;XX_9GW_p5_EH727;XX_9GW_p5_EH727;;cDNA;TRANSCRIPTOMIC;RNA-Seq;Total RNA were extracted from tissues using the RNeasy mini Kit (Qiagen), quantified using a NanoDrop™ 8000 spectrophotometer (Thermo Scientific) and quality controlled using a 2100 Electrophoresis Bioanalyzer (Agilent). Libraries of template molecules suitable for strand specific high throughput DNA sequencing were created using “TruSeq Stranded Total RNA with Ribo-Zero Gold Prep Kit” (catalog # RS-122-2301, Illumina Inc.). Briefly, the removal of cytoplasmic and mitochondrial ribosomal RNA (rRNA) was performed from 500 ng of total RNA using biotinylated, target-specific oligos combined with Ribo-Zero rRNA removal beads. Following purification, the RNA was fragmented using divalent cations under elevated temperature. The cleaved RNA fragments were copied into first strand cDNA using reverse transcriptase and random primers, followed by second strand cDNA synthesis using DNA Polymerase I and RNase H. The double stranded cDNA fragments were blunted using T4 DNA polymerase, Klenow DNA polymerase and T4 PNK. A single 'A' nucleotide was added to the 3' ends of the blunt DNA fragments using a Klenow fragment (3' to 5'exo minus) enzyme. The cDNA fragments were ligated to double stranded adapters using T4 DNA Ligase. The ligated products were enriched by PCR amplification (30 sec at 98°C [10 sec at 98°C, 30 sec at 60°C, 30 sec at 72°C] x 12 cycles 5 min at 72°C). Excess of PCR primers was removed by purification using AMPure XP beads (Agencourt Biosciences Corporation). Final cDNA libraries were quality-checked and quantified using a 2100 Electrophoresis Bioanalyzer (Agilent). The libraries were loaded in the flow cell at 7pM concentration and clusters were generated in the Cbot and sequenced in the Illumina Hiseq 2500 as paired-end 2x50 base reads following Illumina's instructions. Image analysis and base calling were performed using RTA 1.17.20 and CASAVA 1.8.2.;PAIRED;;ILLUMINA;;;;;Ovary;;;;;Illumina HiSeq 2500 sequencing: GSM3223683: XX_9GW_p5_EH727 Homo sapiens RNA-Seq;;;Ovary;;
PRJNA817436;24/12/2023;Exercise-induced Crosstalk between Immune Cells and Adipocytes in Humans: Role of Oncostatin-M;Exercise-induced Crosstalk between Immune Cells and Adipocytes in Humans: Role of Oncostatin-M;SRR18363171;SAMN26788796;26_PRE;26_PRE;GSM5960650;cDNA;TRANSCRIPTOMIC;RNA-Seq;Approximately 30 mg of adipose tissue was used for RNA extraction. Tissues were homogenized using TissueLyser (Qiagen) in 1 mL TRIzol (Sigma-Aldrich). Chloroform was added, samples were mixed, subjected to centrifugation, and the aqueous phase was transferred to a new tube. Thereafter, 1:1 70% ethanol was added, and the total volume was loaded on silica-membrane columns. RNA extraction was performed using a commercially available kit (Rneasy lipid tissue kit, Qiagen). RNA concentration and purity were assessed by absorbance at 260 and 280 nm using NanoDrop One (Thermo Fisher Scientific, Waltham, MA). Aliquots of RNA (300 ng) were analyzed using the Illumina TruSeq Stranded Total RNA with Ribo-Zero Gold protocol (Illumina) as described (ref). Ribosomal RNA was removed from the sample using 35 μl of rRNA removal beads (Illumina) on a magnetic plate followed by cleanup of the ribosomal-depleted RNA with 193 μl of Agencourt RNAClean XP beads (Beckman Coulter), 70% ethanol wash, and elution into 10 μl elution buffer (Illumina). The RNA sample was fragmented for 4 min at 94°C in Elute, Prime, Fragment High Mix (Illumina) and then subjected to first-strand cDNA synthesis with 1 μl of Superscript III reverse transcriptase (Life Technologies) per sample using a thermocycler programmed to 25°C for 10 min, 50°C for 15 min, and 70°C for 15 min. Second-strand cDNA was synthesized by addition of Second-Strand Marking Master Mix, and samples were incubated at 16°C for 60 min. Samples were subjected to another bead cleanup before A-tailing and ligation of adapters as per kit instructions (Illumina). Following a third bead cleanup, samples were enriched for DNA fragments by amplification using the Illumina polymerase chain reaction (PCR) Primer Cocktail and PCR Master Mix, subjected to 98°C for 30 min, followed by a predefined cycle (98°C for 10 s, 60°C for 30 s, and 72°C for 30 s) that was repeated 3 to 15 times, on the basis of each individual sample, and finally incubated for 5 min at 72°C. Samples were cleaned and validated for DNA concentration using the Qubit dsDNA HS assay kit (Invitrogen) and for base pair size and purity using the Agilent High Sensitivity DNA chip and Bioanalyzer instrument. 38-bp paired-end sequencing on a NextSeq500;PAIRED;;ILLUMINA;;;;;Adipose tissue biopsy;;;;;NextSeq 500 sequencing: GSM5960650: 26_PRE Homo sapiens RNA-Seq;;;Adipose;;
PRJNA726237;17/11/2021;Ischemic heart disease selectively modifies the right atrial appendage transcriptome;Ischemic heart disease selectively modifies the right atrial appendage transcriptome;SRR14362380;SAMN18926156;(ICA)-positive IHD undergoing coronary artery bypass surgery, 29-12-14-JK;(ICA)-positive IHD undergoing coronary artery bypass surgery, 29-12-14-JK;;cDNA;TRANSCRIPTOMIC;RNA-Seq;During cardiac surgery, a biopsy sample of the RAA was collected from each patient. Tissue samples were collected at the cannulation site, the insertion site of the venous line for the heart–lung machine. Dissected biopsies were briefly washed in ice-cold sterile saline, cut into 0.5 cm thick tissue pieces, and immersed into 3 ml of RNAlater (Sigma Aldrich, Merck KGaA, Darmstadt, Germany) to inactivate RNAses and stabilize RNA. Samples were let to stabilize at +4°C for one day and stored at under -70°C until processing. Total RNA was isolated from RAA biopsies via initial ice-cold tissue homogenization using a Precellys 24 tissue homogenizer equipped with the Cryolys cooling option (Bertin Technologies SAS, Montigny-le-Bretonneux, France) followed by RNA isolation using combined QIAzol / chloroform extraction and Qiagen RNeasy mini spin column purification according to the manufacturer's instructions (Qiagen, Venlo, Netherlands). The sample RNA integrity number (RIN mean 7.95 ± 0.55 range 7.1–9.0) and total quantity (mean 3069.55 ± 1141.08 ng range 867.8–6855.0 ng) was evaluated in the Functional Genomics Unit (FuGU, University of Helsinki, Helsinki, Finland). Isolated total RNA was stored at under -70oC until sequencing. Ribosomal RNA was removed using the Ribo-ZeroTM Magnetic kit (Illumina Inc, San Diego, CA). RNA libraries were prepared for sequencing using standard Illumina protocols;PAIRED;;ILLUMINA;;;;;Heart (Atrial Appendage);;;;;Illumina HiSeq 4000 sequencing: GSM5271557: (ICA)-positive IHD undergoing coronary artery bypass surgery, 29-12-14-JK Homo sapiens RNA-Seq;;non-cancer disease;Heart - Atrial appendage;;
PRJNA574470;12/05/2020;Hippocampal Subfield Transcriptome Analysis in Schizophrenia Psychosis;Hippocampal Subfield Transcriptome Analysis in Schizophrenia Psychosis;SRR10192661;SAMN12858891;CA3_CTL_0877;CA3_CTL_0877;;1;TRANSCRIPTOMIC;RNA-Seq;Total RNA was extracted and purified using a protocol combining Trizol and chloroform extraction, the GeneJET RNA Purification Kit, and a motorized mini-pestle vibrator for tissue homogenization. RNA purity and concentration were assessed on the Nanodrop spectrophotometer and Agilent2100 Bioanalyzer for RNA Integrity number (RIN) determination. Total RNA was rRNA ribo-depleted, and strand-specific cDNA libraries were synthesized before sequencing on an Illumina HiSeq 2500 sequencer. Stranded, single-end 50-base-pair reads were generated for the preliminary CA3 cohort data. Stranded paired-end 100-base-pair reads were generated for additional cohorts. Libraries and sequencing were performed at the UTSW McDermott Sequencing Core and UTSW Genomics & Microarray Core.;PAIRED;;ILLUMINA;;;;;hippocampus;;;;;Illumina HiSeq 2500 sequencing: GSM4098925: CA3_CTL_0877 Homo sapiens RNA-Seq;;;Brain - Hippocampus;;
PRJNA387704;23/02/2018;Comparsion of the transcriptome profiles in normal and age-related macular degneration in retina and RPE-Choroid-Scleral (RCS) tissues;Homo sapiens;SRR5591606;SAMN07161004;Normal_PR_5.TR09;Normal_PR_5.TR09;;cDNA;TRANSCRIPTOMIC;RNA-Seq;collection protocol: For each donor eye, the retina (PR) and RPE-Choroid-Sclera (PRCS) samples were dissected from the peripheral region of the posterior eye globes using a 10mm-biopsy punch followed by a 8mm-punch in the middle of the 10mm-punch to minimize the sample contamination. A total of 32 RNA samples were prepared using the AllPrep DNA/RNA Mini kit (Qiagen). Library preparation and sequencing was done using the TruSeq Stranded total RNA with RiboZero Gold kit (Illumina, CA) protocol with a total RNA (800ng) as the starting material.;PAIRED;;ILLUMINA;;;;;Peripheral RPE-Choroid-Sclera;;;;;Illumina HiSeq 2000 sequencing: GSM2638066: AMD_PRC_8.TR-32 Homo sapiens RNA-Seq;;;Eye;;
PRJNA997353;22/12/2023;Race-specific coregulatory and transcriptomic profiles associated with DNA methylation and androgen receptor in prostate cancer [RNA-Seq];Race-specific coregulatory and transcriptomic profiles associated with DNA methylation and androgen receptor in prostate cancer [RNA-Seq];SRR25387977;SAMN36678825;PT-00153875_NT_AA;PT-00153875_NT_AA;GSM7657453;cDNA;TRANSCRIPTOMIC;RNA-Seq;Illumina TruSeq Stranded Total RNA Library Prep Kit with Ribo-Zero Gol RNA libraries were prepared for sequencing using standard Illumina protocols;PAIRED;;ILLUMINA;;;;;prostate;;;;;Illumina HiSeq 2500 sequencing: GSM7657453: PT-00153875_NT_AA Homo sapiens RNA-Seq;;tumor-adjacent;Prostate;;
PRJNA625391;16/04/2020;RNA-seq of matched adjacent normal and primary tumor samples from 33 HCC patients;;SRR11547389;SAMN14599320;Human sample from Homo sapiens;Human sample from Homo sapiens;56;Inverse rRNA;TRANSCRIPTOMIC;RNA-Seq;;PAIRED;;ILLUMINA;;;;;Liver tissue;;normal;;;Illumina HiSeq 2500 sequencing: RNA-Seq of Homo sapiens :liver;;;Liver;;
PRJNA742971;12/11/2022;A resource for integrated genomic analysis of the human liver;A resource for integrated genomic analysis of the human liver;SRR15013578;SAMN19988398;SJLB365;SJLB365;;cDNA;TRANSCRIPTOMIC;RNA-Seq;Total RNA was extracted from tissue homogenized in TRIzol reagent, followed by Qiagen RNAeasy cleanup mRNA libraries were prepared using the Illuminia TruSeq Stranded Total RNA with Ribo-Zero protocol;PAIRED;;ILLUMINA;;;;;liver;;;;;Illumina HiSeq 2000 sequencing: GSM5412213: SJLB365 Homo sapiens RNA-Seq;check ribozero;likely postmportem;Liver;;
PRJNA914646;24/12/2023;Integrated Unbiased Multiomics Defines Disease-Independent Placental Clusters in Common Obstetrical Syndromes;;SRR22925307;SAMN32490790;Human sample from Homo sapiens;Human sample from Homo sapiens;TP18.B1233;Inverse rRNA;TRANSCRIPTOMIC;RNA-Seq;;PAIRED;;ILLUMINA;;;;;Placenta;;Control;;;Illumina NovaSeq 6000 sequencing: Control;;healthy;Placenta;;
PRJNA997353;22/12/2023;Race-specific coregulatory and transcriptomic profiles associated with DNA methylation and androgen receptor in prostate cancer [RNA-Seq];Race-specific coregulatory and transcriptomic profiles associated with DNA methylation and androgen receptor in prostate cancer [RNA-Seq];SRR25387899;SAMN36678775;PT-00237623_NT_AA;PT-00237623_NT_AA;GSM7657503;cDNA;TRANSCRIPTOMIC;RNA-Seq;Illumina TruSeq Stranded Total RNA Library Prep Kit with Ribo-Zero Gol RNA libraries were prepared for sequencing using standard Illumina protocols;PAIRED;;ILLUMINA;;;;;prostate;;;;;Illumina HiSeq 2500 sequencing: GSM7657503: PT-00237623_NT_AA Homo sapiens RNA-Seq;;tumor-adjacent;Prostate;;
PRJNA975585;08/09/2023;Whole genome transcriptomics of upper extremity veins from end-stage kidney disease patients and non-kidney disease organ donors;Whole genome transcriptomics of upper extremity veins from end-stage kidney disease patients and non-kidney disease organ donors;SRR24709844;SAMN35340225;S061,Basilic vein,Healthy,NA;S061,Basilic vein,Healthy,NA;GSM7418771;cDNA;TRANSCRIPTOMIC;RNA-Seq;RNAlater-preserved samples were ground in liquid nitrogen and isolated with Trizol (Thermo Fisher Scientific) followed by column purification (EZNA Total RNA Kit I, Omega Bio-tek). 500 ng of total RNA was used as input for the Illumina TruSeq Stranded Total RNA Library Prep Kit with Ribo-Zero to generate ribosomal RNA-depleted sequencing libraries. Each sample had a unique barcode to allow multiplexing, and was sequenced to >40 million raw reads in a single end 75 bp sequencing run on the Illumina NextSeq500.;SINGLE;;ILLUMINA;;;;;Basilic vein;;;;;NextSeq 500 sequencing: GSM7418771: S061,Basilic vein,Healthy,NA Homo sapiens RNA-Seq;;;Blood Vessel;;
PRJEB21050;22/05/2018;RNA-seq of formalin-fixed, paraffin-embedded uninvolved terminal ileal tissue obtained from ileo-colic resection surgeries of Crohn’s disease and control patients;RNA-seq of formalin-fixed, paraffin-embedded uninvolved terminal ileal tissue obtained from ileo-colic resection surgeries of Crohn’s disease and control patients;ERR1993171;SAMEA104101968;WUCA-Cont-29;Protocols: We retrospectively obtained de-identified FFPE tissue from patients who underwent ileo-colic resection surgery at Barnes-Jewish Hospital, St. Louis between 2005 and 2010. CD patient surgical resections were due to complications associated with the disease, whereas control resections were due to adenoma, carcinoma or abdominal trauma. The set of hematoxylin and eosin-stained tissue sections from each resection were obtained and examined by two pathologists (T.C.L. and T.S.S.) to identify the uninvolved proximal margin (terminal ileum) of each resection. These tissue sections were then further evaluated to identify those that met the histological inclusion criteria for this study. The criteria were that the sample had at least 100 well-oriented intestinal crypts (contained crypt lumens that extended from the apex to the base of the crypt) and absent/minimal active or chronic inflammatory disease (e.g., cryptitis, crypt abscess, architectural distortion, pyloric gland metaplasia, etc.).The study protocol was approved by the Institutional Review Board of Washington University. Patients were recruited by the Washington University Digestive Diseases Research Core Center (DDRCC). Written informed consent was obtained from all study participants prior to inclusion in the study. For samples that met the histological inclusion criteria, two fresh, unstained 5-µm FFPE tissue sections on glass microscope slides were obtained. Slides were not baked after cutting. For each sample, the two tissue sections were scraped off of the slides using a clean razor and placed in 1.5 mL Eppendorf tubes. The tubes were briefly centrifuged to place the sample towards the bottoms or sides of the tube. RNA extraction and DNase treatment was performed using the RNeasy FFPE kit (Qiagen) according to the manufacturer’s instructions, using the Xylene protocol for the paraffin removal step and 30 µL RNase-free H2O for the elution step. RNA was initially quantified by NanoDrop. Subsequent total RNA quantification and quality assessment was performed by Bioanalyzer 2100 (Agilent Technologies). Samples were excluded from the study if >20% of the RNA fragments were >200 base pairs in length, as determined with the Bioanalyzer software. Library preparation was performed by the Genome Technology Access Center (GTAC) at Washington University. Library preparation used 150 ng of total RNA. ds-cDNA was generated using the Ovation RNA-seq FFPE system (Nugen, per manufacturer’s instructions). cDNA was blunt ended, had an A base added to the 3’ ends, and then had Illumina sequencing adapters ligated to the ends. Ligated fragments were then amplified for 12 cycles using primers incorporating unique index tags.;WUCA-Cont-29_s;Inverse rRNA;TRANSCRIPTOMIC;RNA-Seq;We retrospectively obtained de-identified FFPE tissue from patients who underwent ileo-colic resection surgery at Barnes-Jewish Hospital, St. Louis between 2005 and 2010. CD patient surgical resections were due to complications associated with the disease, whereas control resections were due to adenoma, carcinoma or abdominal trauma. The set of hematoxylin and eosin-stained tissue sections from each resection were obtained and examined by two pathologists (T.C.L. and T.S.S.) to identify the uninvolved proximal margin (terminal ileum) of each resection. These tissue sections were then further evaluated to identify those that met the histological inclusion criteria for this study. The criteria were that the sample had at least 100 well-oriented intestinal crypts (contained crypt lumens that extended from the apex to the base of the crypt) and absent/minimal active or chronic inflammatory disease (e.g., cryptitis, crypt abscess, architectural distortion, pyloric gland metaplasia, etc.).The study protocol was approved by the Institutional Review Board of Washington University. Patients were recruited by the Washington University Digestive Diseases Research Core Center (DDRCC). Written informed consent was obtained from all study participants prior to inclusion in the study. For samples that met the histological inclusion criteria, two fresh, unstained 5-µm FFPE tissue sections on glass microscope slides were obtained. Slides were not baked after cutting. For each sample, the two tissue sections were scraped off of the slides using a clean razor and placed in 1.5 mL Eppendorf tubes. The tubes were briefly centrifuged to place the sample towards the bottoms or sides of the tube. RNA extraction and DNase treatment was performed using the RNeasy FFPE kit (Qiagen) according to the manufacturer’s instructions, using the Xylene protocol for the paraffin removal step and 30 µL RNase-free H2O for the elution step. RNA was initially quantified by NanoDrop. Subsequent total RNA quantification and quality assessment was performed by Bioanalyzer 2100 (Agilent Technologies). Samples were excluded from the study if >20% of the RNA fragments were >200 base pairs in length, as determined with the Bioanalyzer software. Library preparation was performed by the Genome Technology Access Center (GTAC) at Washington University. Library preparation used 150 ng of total RNA. ds-cDNA was generated using the Ovation RNA-seq FFPE system (Nugen, per manufacturer’s instructions). cDNA was blunt ended, had an A base added to the 3’ ends, and then had Illumina sequencing adapters ligated to the ends. Ligated fragments were then amplified for 12 cycles using primers incorporating unique index tags.;SINGLE;;ILLUMINA;;;;;;;;;;Illumina HiSeq 2000 sequencing: RNA-seq of formalin-fixed, paraffin-embedded uninvolved terminal ileal tissue obtained from ileo-colic resection surgeries of Crohn’s disease and control patients;;;Small Intestine - Ileum;;
PRJNA668929;18/06/2021;Effect of age on human retinal pigment epithelium (RPE) transcriptome;Effect of age on human retinal pigment epithelium (RPE) transcriptome;SRR12817269;SAMN16427602;donor9;donor9;;cDNA;TRANSCRIPTOMIC;RNA-Seq;RNeasy Plus Mini kit Ribosomal RNA was depleted from total RNA using the Ribo-Zero rRNA Removal kit. Library preparation performed using Illumina HiSeq 2000.;PAIRED;;ILLUMINA;;;;;;;;;;Illumina HiSeq 2000 sequencing: GSM4829770: donor9 Homo sapiens RNA-Seq;;;Eye - Retina;;
PRJNA726237;17/11/2021;Ischemic heart disease selectively modifies the right atrial appendage transcriptome;Ischemic heart disease selectively modifies the right atrial appendage transcriptome;SRR14362360;SAMN18926148;(ICA)-positive IHD undergoing coronary artery bypass surgery, 11-02-15-AV;(ICA)-positive IHD undergoing coronary artery bypass surgery, 11-02-15-AV;;cDNA;TRANSCRIPTOMIC;RNA-Seq;During cardiac surgery, a biopsy sample of the RAA was collected from each patient. Tissue samples were collected at the cannulation site, the insertion site of the venous line for the heart–lung machine. Dissected biopsies were briefly washed in ice-cold sterile saline, cut into 0.5 cm thick tissue pieces, and immersed into 3 ml of RNAlater (Sigma Aldrich, Merck KGaA, Darmstadt, Germany) to inactivate RNAses and stabilize RNA. Samples were let to stabilize at +4°C for one day and stored at under -70°C until processing. Total RNA was isolated from RAA biopsies via initial ice-cold tissue homogenization using a Precellys 24 tissue homogenizer equipped with the Cryolys cooling option (Bertin Technologies SAS, Montigny-le-Bretonneux, France) followed by RNA isolation using combined QIAzol / chloroform extraction and Qiagen RNeasy mini spin column purification according to the manufacturer's instructions (Qiagen, Venlo, Netherlands). The sample RNA integrity number (RIN mean 7.95 ± 0.55 range 7.1–9.0) and total quantity (mean 3069.55 ± 1141.08 ng range 867.8–6855.0 ng) was evaluated in the Functional Genomics Unit (FuGU, University of Helsinki, Helsinki, Finland). Isolated total RNA was stored at under -70oC until sequencing. Ribosomal RNA was removed using the Ribo-ZeroTM Magnetic kit (Illumina Inc, San Diego, CA). RNA libraries were prepared for sequencing using standard Illumina protocols;PAIRED;;ILLUMINA;;;;;Heart (Atrial Appendage);;;;;Illumina HiSeq 4000 sequencing: GSM5271537: (ICA)-positive IHD undergoing coronary artery bypass surgery, 11-02-15-AV Homo sapiens RNA-Seq;;non-cancer disease;Heart - Atrial appendage;;
PRJNA448679;26/06/2018;Time series integrative analysis of RNA-Seq and miRNA expression data reveals key biologic pathways during keloid formation;;SRR6937786;SAMN08863009;K8-1st;Keloid data set RNA-Seq;548;Inverse rRNA;TRANSCRIPTOMIC;RNA-Seq;;PAIRED;;ILLUMINA;;;;;skin;;K8;;;Illumina HiSeq 3000 sequencing: RNA Seq of Keloid skin;;;Skin;;
PRJNA637378;23/09/2020;Non-CG methylation and multiple epigenetic layers associate child abuse with immune and small GTPase dysregulation;Non-CG methylation and multiple epigenetic layers associate child abuse with immune and small GTPase dysregulation;SRR11927166;SAMN15104728;Lateral amygdala, S35, RNAseq;Lateral amygdala, S35, RNAseq;;cDNA;TRANSCRIPTOMIC;RNA-Seq;TrueSeq Stranded Total RNA Sample Preparation + Ribo-Zero Gold kits (Illumina);PAIRED;;ILLUMINA;;;;;Lateral Amygdala (human brain tissue);;;;;Illumina HiSeq 2000 sequencing: GSM4591847: Lateral amygdala, S35, RNAseq Homo sapiens RNA-Seq;;;Brain - Amygdala;;
PRJNA726237;17/11/2021;Ischemic heart disease selectively modifies the right atrial appendage transcriptome;Ischemic heart disease selectively modifies the right atrial appendage transcriptome;SRR14362386;SAMN18926149;ICA-negative for IHD (non-IHD) undergoing valvular surgery, 10-03-15-JVL;ICA-negative for IHD (non-IHD) undergoing valvular surgery, 10-03-15-JVL;;cDNA;TRANSCRIPTOMIC;RNA-Seq;During cardiac surgery, a biopsy sample of the RAA was collected from each patient. Tissue samples were collected at the cannulation site, the insertion site of the venous line for the heart–lung machine. Dissected biopsies were briefly washed in ice-cold sterile saline, cut into 0.5 cm thick tissue pieces, and immersed into 3 ml of RNAlater (Sigma Aldrich, Merck KGaA, Darmstadt, Germany) to inactivate RNAses and stabilize RNA. Samples were let to stabilize at +4°C for one day and stored at under -70°C until processing. Total RNA was isolated from RAA biopsies via initial ice-cold tissue homogenization using a Precellys 24 tissue homogenizer equipped with the Cryolys cooling option (Bertin Technologies SAS, Montigny-le-Bretonneux, France) followed by RNA isolation using combined QIAzol / chloroform extraction and Qiagen RNeasy mini spin column purification according to the manufacturer's instructions (Qiagen, Venlo, Netherlands). The sample RNA integrity number (RIN mean 7.95 ± 0.55 range 7.1–9.0) and total quantity (mean 3069.55 ± 1141.08 ng range 867.8–6855.0 ng) was evaluated in the Functional Genomics Unit (FuGU, University of Helsinki, Helsinki, Finland). Isolated total RNA was stored at under -70oC until sequencing. Ribosomal RNA was removed using the Ribo-ZeroTM Magnetic kit (Illumina Inc, San Diego, CA). RNA libraries were prepared for sequencing using standard Illumina protocols;PAIRED;;ILLUMINA;;;;;Heart (Atrial Appendage);;;;;Illumina HiSeq 4000 sequencing: GSM5271563: ICA-negative for IHD (non-IHD) undergoing valvular surgery, 10-03-15-JVL Homo sapiens RNA-Seq;;non-cancer disease;Heart - Atrial appendage;;
PRJNA773413;04/04/2022;Compartment-specific total RNA profile of Hippocampal and Cortical cells from Mesial Temporal Lobe Epilepsy tissue;Compartment-specific total RNA profile of Hippocampal and Cortical cells from Mesial Temporal Lobe Epilepsy tissue;SRR16522641;SAMN22483695;Cortex_cytoplasm_control1 [Cx_cyt_C02-05];Cortex_cytoplasm_control1 [Cx_cyt_C02-05];;cDNA;TRANSCRIPTOMIC;RNA-Seq;Complete details can be found on manuscripts methods section. Briefly, subcellular fractionation was performed isolating pure cytosolic and nuclei cell compartments. Isolated cytoplasmic and nuclei samples were stored in Qiazol (Qiagen) at -80oC until RNA extraction was performed. Total RNA was extracted using miRNeasy kit (Qiagen), according to manufacturer's protocol. A total of 2 ug of RNA per sample in a 5 ul volume was rRNA-depleted using the Ribo-Zero Magnetic Kit (human/mouse/rat Illumina) before library preparation. Stranded, paired-end sequencing libraries were prepared using the ScriptSeq v2 (Epicentre), after which samples were subjected to quality control on the 2100 Bioanalyzer (Agilent). Sequencing was performed as paired end 100 bp reads on an Illumina HiSeq 4000 sequencer at the Beijing Genomics Institute (BGI) (Hongkong, China).;PAIRED;;ILLUMINA;;;;;Cortex;;;;;Illumina HiSeq 4000 sequencing: GSM5643898: Cortex_cytoplasm_control1 [Cx_cyt_C02-05] Homo sapiens RNA-Seq;cytoplasm;non-cancer disease;Brain - Cortex;;
PRJNA835414;07/07/2022;Distinctive exercise-induced inflammatory response and exerkine induction in skeletal muscle of people with type 2 diabetes;Distinctive exercise-induced inflammatory response and exerkine induction in skeletal muscle of people with type 2 diabetes;SRR19095911;SAMN28101168;T2D_001_basal [P7401_101];T2D_001_basal [P7401_101];GSM6107906;cDNA;TRANSCRIPTOMIC;RNA-Seq;mRNA was extracted by mirVana miRNA Isolation Kit (ThermoFisher Scientific AM1560). Libraries were generated with TruSeq Stranded total RNA kit (Illumina 20020597) and ribosomal RNA removed with Ribo-Zero Plus rRNA depletion kit (Illumina 20037135);PAIRED;;ILLUMINA;;;;;Vastus Lateralis;;;;;Illumina HiSeq 2500 sequencing: GSM6107906: T2D_001_basal [P7401_101] Homo sapiens RNA-Seq;muscle;;Muscle - Skeletal;;
PRJNA742971;12/11/2022;A resource for integrated genomic analysis of the human liver;A resource for integrated genomic analysis of the human liver;SRR15013642;SAMN19988521;SJLB619;SJLB619;;cDNA;TRANSCRIPTOMIC;RNA-Seq;Total RNA was extracted from tissue homogenized in TRIzol reagent, followed by Qiagen RNAeasy cleanup mRNA libraries were prepared using the Illuminia TruSeq Stranded Total RNA with Ribo-Zero protocol;PAIRED;;ILLUMINA;;;;;liver;;;;;Illumina HiSeq 2000 sequencing: GSM5412277: SJLB619 Homo sapiens RNA-Seq;check ribozero;likely postmportem;Liver;;
PRJNA253002;19/11/2015;Human cortical transcriptome informs brain imaging;Homo sapiens;SRR1424698;SAMN02866101;Human_4924_BA21_8;Human_4924_BA21_8;;cDNA;TRANSCRIPTOMIC;RNA-Seq;All RNA samples were examined for quantity and quality by NanoDrop and Bioanalyzer (Agilent). Samples were randomized for RNA extractions and sequencing. 5ug of total RNA were treated with a Ribominus column according to the manufacturer’s instructions to remove ribosomal RNA. Libraries were prepared using an Illumina TruSeq kit according to the manufacturer’s instructions.;SINGLE;;ILLUMINA;;;;;;;;;;Illumina HiSeq 2000 sequencing: GSM1414971: Human_4924_BA21_8 Homo sapiens RNA-Seq;;;Brain - Middle Temporal Gyrus;;
PRJNA989574;03/07/2023;Effect of pulmonary hypertension due to left heart disease on gene expression in pulmonary arteries;Effect of pulmonary hypertension due to left heart disease on gene expression in pulmonary arteries;SRR25098110;SAMN36175544;;;GSM7520377;cDNA;TRANSCRIPTOMIC;RNA-Seq;Snap-frozen PA specimens were subjected to TRIzol-RNA extraction. RNA quality was assessed by measuring the RNA integrity number (RIN) using a Fragment Analyzer HS Total RNA Kit (Advanced Analytical Technologies, Inc.). Library preparation for total RNA-Seq was performed using TruSeq™ Stranded Total RNA with Ribo-Zero Gold (Illumina, Cat. Nr. RS-122-2301) starting from 1000 ng of total RNA. The size range of the final cDNA libraries was determined by applying the SS NGS Fragment 1- to 6000-bp Kit on the Fragment Analyzer (average 340 bp). Accurate quantification of cDNA libraries was performed by using the QuantiFluor™ dsDNA System (Promega).;SINGLE;;ILLUMINA;;;;;;;;;;Illumina HiSeq 2000 sequencing: GSM7520377: Donor_5 Homo sapiens RNA-Seq;;;Artery - Pulmonary trunk;;
PRJNA726237;17/11/2021;Ischemic heart disease selectively modifies the right atrial appendage transcriptome;Ischemic heart disease selectively modifies the right atrial appendage transcriptome;SRR14362371;SAMN18926137;(ICA)-positive IHD undergoing coronary artery bypass surgery, 20-02-15-PA;(ICA)-positive IHD undergoing coronary artery bypass surgery, 20-02-15-PA;;cDNA;TRANSCRIPTOMIC;RNA-Seq;During cardiac surgery, a biopsy sample of the RAA was collected from each patient. Tissue samples were collected at the cannulation site, the insertion site of the venous line for the heart–lung machine. Dissected biopsies were briefly washed in ice-cold sterile saline, cut into 0.5 cm thick tissue pieces, and immersed into 3 ml of RNAlater (Sigma Aldrich, Merck KGaA, Darmstadt, Germany) to inactivate RNAses and stabilize RNA. Samples were let to stabilize at +4°C for one day and stored at under -70°C until processing. Total RNA was isolated from RAA biopsies via initial ice-cold tissue homogenization using a Precellys 24 tissue homogenizer equipped with the Cryolys cooling option (Bertin Technologies SAS, Montigny-le-Bretonneux, France) followed by RNA isolation using combined QIAzol / chloroform extraction and Qiagen RNeasy mini spin column purification according to the manufacturer's instructions (Qiagen, Venlo, Netherlands). The sample RNA integrity number (RIN mean 7.95 ± 0.55 range 7.1–9.0) and total quantity (mean 3069.55 ± 1141.08 ng range 867.8–6855.0 ng) was evaluated in the Functional Genomics Unit (FuGU, University of Helsinki, Helsinki, Finland). Isolated total RNA was stored at under -70oC until sequencing. Ribosomal RNA was removed using the Ribo-ZeroTM Magnetic kit (Illumina Inc, San Diego, CA). RNA libraries were prepared for sequencing using standard Illumina protocols;PAIRED;;ILLUMINA;;;;;Heart (Atrial Appendage);;;;;Illumina HiSeq 4000 sequencing: GSM5271548: (ICA)-positive IHD undergoing coronary artery bypass surgery, 20-02-15-PA Homo sapiens RNA-Seq;;non-cancer disease;Heart - Atrial appendage;;
PRJNA352076;21/06/2017;RNAseq study of synovial biopsies;Homo sapiens;SRR4785815;SAMN05963945;healthy tissue 4;healthy tissue 4;;cDNA;TRANSCRIPTOMIC;RNA-Seq;Total RNA was extracted from RA synovial samples and the quality of all RNA samples was evaluated using an Agilent Bioanalyzer Sequencing libraries were prepared using TruSeq Stranded Total RNA RiboZero protocol from Illumina. Libraries were pooled and sequenced with an Illumina HiSeq 2000 with paired-end 100 bp flow cells. Raw read quality was evaluated using FastQC.;PAIRED;;ILLUMINA;;;;;;;;;;Illumina HiSeq 2000 sequencing: GSM2370973: healthy tissue 4 Homo sapiens RNA-Seq;;;Synovial Fluid;;
PRJNA387704;23/02/2018;Comparsion of the transcriptome profiles in normal and age-related macular degneration in retina and RPE-Choroid-Scleral (RCS) tissues;Homo sapiens;SRR5591612;SAMN07160998;Normal_PR_8.TR15;Normal_PR_8.TR15;;cDNA;TRANSCRIPTOMIC;RNA-Seq;collection protocol: For each donor eye, the retina (PR) and RPE-Choroid-Sclera (PRCS) samples were dissected from the peripheral region of the posterior eye globes using a 10mm-biopsy punch followed by a 8mm-punch in the middle of the 10mm-punch to minimize the sample contamination. A total of 32 RNA samples were prepared using the AllPrep DNA/RNA Mini kit (Qiagen). Library preparation and sequencing was done using the TruSeq Stranded total RNA with RiboZero Gold kit (Illumina, CA) protocol with a total RNA (800ng) as the starting material.;PAIRED;;ILLUMINA;;;;;Peripheral Retina;;;;;Illumina HiSeq 2000 sequencing: GSM2638049: Normal_PR_8.TR15 Homo sapiens RNA-Seq;;;Eye - Retina;;
PRJNA773413;04/04/2022;Compartment-specific total RNA profile of Hippocampal and Cortical cells from Mesial Temporal Lobe Epilepsy tissue;Compartment-specific total RNA profile of Hippocampal and Cortical cells from Mesial Temporal Lobe Epilepsy tissue;SRR16522642;SAMN22483696;Cortex_cytoplasm_control3 [Cx_cyt_C05-93];Cortex_cytoplasm_control3 [Cx_cyt_C05-93];;cDNA;TRANSCRIPTOMIC;RNA-Seq;Complete details can be found on manuscripts methods section. Briefly, subcellular fractionation was performed isolating pure cytosolic and nuclei cell compartments. Isolated cytoplasmic and nuclei samples were stored in Qiazol (Qiagen) at -80oC until RNA extraction was performed. Total RNA was extracted using miRNeasy kit (Qiagen), according to manufacturer's protocol. A total of 2 ug of RNA per sample in a 5 ul volume was rRNA-depleted using the Ribo-Zero Magnetic Kit (human/mouse/rat Illumina) before library preparation. Stranded, paired-end sequencing libraries were prepared using the ScriptSeq v2 (Epicentre), after which samples were subjected to quality control on the 2100 Bioanalyzer (Agilent). Sequencing was performed as paired end 100 bp reads on an Illumina HiSeq 4000 sequencer at the Beijing Genomics Institute (BGI) (Hongkong, China).;PAIRED;;ILLUMINA;;;;;Cortex;;;;;Illumina HiSeq 4000 sequencing: GSM5643899: Cortex_cytoplasm_control3 [Cx_cyt_C05-93] Homo sapiens RNA-Seq;cytoplasm;non-cancer disease;Brain - Cortex;;
PRJNA478051;21/02/2020;Dynamics of the transcriptional landscape during human gonad development during fetal life;Dynamics of the transcriptional landscape during human gonad development during fetal life;SRR7430714;SAMN09495488;XX_e7GW_p1_EH871;XX_e7GW_p1_EH871;;cDNA;TRANSCRIPTOMIC;RNA-Seq;Total RNA were extracted from tissues using the RNeasy mini Kit (Qiagen), quantified using a NanoDrop™ 8000 spectrophotometer (Thermo Scientific) and quality controlled using a 2100 Electrophoresis Bioanalyzer (Agilent). Libraries of template molecules suitable for strand specific high throughput DNA sequencing were created using “TruSeq Stranded Total RNA with Ribo-Zero Gold Prep Kit” (catalog # RS-122-2301, Illumina Inc.). Briefly, the removal of cytoplasmic and mitochondrial ribosomal RNA (rRNA) was performed from 500 ng of total RNA using biotinylated, target-specific oligos combined with Ribo-Zero rRNA removal beads. Following purification, the RNA was fragmented using divalent cations under elevated temperature. The cleaved RNA fragments were copied into first strand cDNA using reverse transcriptase and random primers, followed by second strand cDNA synthesis using DNA Polymerase I and RNase H. The double stranded cDNA fragments were blunted using T4 DNA polymerase, Klenow DNA polymerase and T4 PNK. A single 'A' nucleotide was added to the 3' ends of the blunt DNA fragments using a Klenow fragment (3' to 5'exo minus) enzyme. The cDNA fragments were ligated to double stranded adapters using T4 DNA Ligase. The ligated products were enriched by PCR amplification (30 sec at 98°C [10 sec at 98°C, 30 sec at 60°C, 30 sec at 72°C] x 12 cycles 5 min at 72°C). Excess of PCR primers was removed by purification using AMPure XP beads (Agencourt Biosciences Corporation). Final cDNA libraries were quality-checked and quantified using a 2100 Electrophoresis Bioanalyzer (Agilent). The libraries were loaded in the flow cell at 7pM concentration and clusters were generated in the Cbot and sequenced in the Illumina Hiseq 2500 as paired-end 2x50 base reads following Illumina's instructions. Image analysis and base calling were performed using RTA 1.17.20 and CASAVA 1.8.2.;PAIRED;;ILLUMINA;;;;;Ovary;;;;;Illumina HiSeq 2500 sequencing: GSM3223665: XX_e7GW_p1_EH871 Homo sapiens RNA-Seq;;;Ovary;;
PRJNA742971;12/11/2022;A resource for integrated genomic analysis of the human liver;A resource for integrated genomic analysis of the human liver;SRR15013645;SAMN19988486;SJLB623;SJLB623;;cDNA;TRANSCRIPTOMIC;RNA-Seq;Total RNA was extracted from tissue homogenized in TRIzol reagent, followed by Qiagen RNAeasy cleanup mRNA libraries were prepared using the Illuminia TruSeq Stranded Total RNA with Ribo-Zero protocol;PAIRED;;ILLUMINA;;;;;liver;;;;;Illumina HiSeq 2000 sequencing: GSM5412279: SJLB623 Homo sapiens RNA-Seq;check ribozero;likely postmportem;Liver;;
PRJNA989574;03/07/2023;Effect of pulmonary hypertension due to left heart disease on gene expression in pulmonary arteries;Effect of pulmonary hypertension due to left heart disease on gene expression in pulmonary arteries;SRR25098098;SAMN36175532;;;GSM7520389;cDNA;TRANSCRIPTOMIC;RNA-Seq;Snap-frozen PA specimens were subjected to TRIzol-RNA extraction. RNA quality was assessed by measuring the RNA integrity number (RIN) using a Fragment Analyzer HS Total RNA Kit (Advanced Analytical Technologies, Inc.). Library preparation for total RNA-Seq was performed using TruSeq™ Stranded Total RNA with Ribo-Zero Gold (Illumina, Cat. Nr. RS-122-2301) starting from 1000 ng of total RNA. The size range of the final cDNA libraries was determined by applying the SS NGS Fragment 1- to 6000-bp Kit on the Fragment Analyzer (average 340 bp). Accurate quantification of cDNA libraries was performed by using the QuantiFluor™ dsDNA System (Promega).;SINGLE;;ILLUMINA;;;;;;;;;;Illumina HiSeq 2000 sequencing: GSM7520389: PH-LHD_4 Homo sapiens RNA-Seq;;;Artery - Pulmonary trunk;;
PRJNA914646;24/12/2023;Integrated Unbiased Multiomics Defines Disease-Independent Placental Clusters in Common Obstetrical Syndromes;;SRR22847395;SAMN32343568;MJ-0088;MJ-0088;=VLOOKUP($A19,[1]SRA_data!$A:$M,2,FALSE);Inverse rRNA;TRANSCRIPTOMIC;RNA-Seq;;PAIRED;;ILLUMINA;;;;;Placenta;;Control;;;Illumina NovaSeq 6000 sequencing: Control;;healthy;Placenta;;
PRJNA742971;12/11/2022;A resource for integrated genomic analysis of the human liver;A resource for integrated genomic analysis of the human liver;SRR15013510;SAMN19988374;SJLB216;SJLB216;;cDNA;TRANSCRIPTOMIC;RNA-Seq;Total RNA was extracted from tissue homogenized in TRIzol reagent, followed by Qiagen RNAeasy cleanup mRNA libraries were prepared using the Illuminia TruSeq Stranded Total RNA with Ribo-Zero protocol;PAIRED;;ILLUMINA;;;;;liver;;;;;Illumina HiSeq 2000 sequencing: GSM5412169: SJLB216 Homo sapiens RNA-Seq;check ribozero;likely postmportem;Liver;;
PRJNA253002;19/11/2015;Human cortical transcriptome informs brain imaging;Homo sapiens;SRR1424702;SAMN02866093;Human_4924_BA44_6;Human_4924_BA44_6;;cDNA;TRANSCRIPTOMIC;RNA-Seq;All RNA samples were examined for quantity and quality by NanoDrop and Bioanalyzer (Agilent). Samples were randomized for RNA extractions and sequencing. 5ug of total RNA were treated with a Ribominus column according to the manufacturer’s instructions to remove ribosomal RNA. Libraries were prepared using an Illumina TruSeq kit according to the manufacturer’s instructions.;SINGLE;;ILLUMINA;;;;;;;;;;Illumina HiSeq 2000 sequencing: GSM1414975: Human_4924_BA44_6 Homo sapiens RNA-Seq;;;Brain - Pars Opercularis;;
PRJNA270632;27/06/2015;Tissue-specific circular RNA induction during human fetal development;Homo sapiens;SRR1721303;SAMN03267776;Lung_17wkA;Lung_17wkA;;cDNA;TRANSCRIPTOMIC;RNA-Seq;Fetal tissue samples <100 mg in size were placed into DNase- and RNase-free 1.5 ml microfuge tubes containing 1 ml of RNAlater RNA Stabilization Reagent (Qiagen) within 1 hour of the pregnancy termination procedure. After storage at room temperature for a period of 24-72 h, excess RNAlater was removed from the microfuge tubes and the samples were placed in the -80oC freezer for storage until RNA isolation was performed. The tissues were lysed in mirVana (Life Technologies) lysis buffer, using a Mini-Beadbeater-16 (Biospec), with agitation for 1 min in the presence of 1 mm zirconia beads. Samples were then centrifuged at maximum speed in a tabletop microcentrifuge for 1 min and the lysed solution was transferred to a fresh microfuge tube. The remainder of the extraction was per the manufacturer's protocol for the mirVana kit (Life Technologies). Following RNA isolation (mirVana miRNA Isolation Kit, Life Technologies, Inc.), the RNA was quantified (Qubit RNA Assay Kit, Life Technologies, Inc.), and quality controlled (RNA6000 Nano Kit and BioAnalyzer 2100, Agilent). 200 ng to 1000 ng was used as input for the Illumina TruSeq Stranded Total RNA with Ribo-Zero Gold sample prep kit (Illumina, Inc.) and sequencing libraries were created according to the manufacturer’s protocol. Briefly, first both cytoplasmic and mitochondrial rRNA was removed by selectively hybridizing biotinylated probes to target sequences and using magnetic beads to capture the bound products. Following rRNA removal, the RNA was fragmented and copied into first strand cDNA using random primers and reverse transcriptase. Next, second strand cDNA synthesis was completed using DNA Polymerase I and RNase H. The cDNA was then ligated to Illumina supplied adapters and enriched with PCR to create the final cDNA libraries. The libraries were then pooled and sequenced on a HiSeq 2000 (Illumina, Inc.) instrument as per manufacturer’s instructions. Sequencing was performed up to 2 X 101 cycles.;PAIRED;;ILLUMINA;;;;;;;;;;Illumina HiSeq 2000 sequencing: GSM1567935: Lung_17wkA Homo sapiens RNA-Seq;;fetal;Lung;;
PRJNA312169;07/02/2017;Transcriptome profiling of human keratoconus corneas through RNA sequencing identifies collagen synthesis disruption and downregulation of core elements of TGF-ß, Hippo, and Wnt pathways;Homo sapiens;SRR3170180;SAMN04504392;KR_14;KR_14;;cDNA;TRANSCRIPTOMIC;RNA-Seq;The corneas were transferred to 400 µl of lysis solution (Norgen Biotek, Thorold, ON, Canada) in a 2-mL microtube with Lysing Matrix D (MP Biomedicals, Irvine, CA, USA) and homogenized using a FastPrep®-24 Instrument (MP Biomedicals). Further total RNA extraction and purification steps were performed according to the manufacturer’s instructions supplied with a Total RNA Purification Kit (Norgen Biotek). To maximize the removal of residual DNA that could affect downstream analyses, an on-column DNase I (Zymo Research, Irvine, CA, USA) treatment was performed. Libraries were prepared with a TruSeq Stranded Total RNA LT with Ribo-Zero™ Human/Mouse/Rat Kit (Illumina, San Diego, CA, USA) according to the manufacturer’s protocol, with slight modifications.;PAIRED;;ILLUMINA;;;;;cornea;;;;;Illumina HiSeq 1500 sequencing: GSM2061713: KR_14 Homo sapiens RNA-Seq;;;Eye - Cornea;;
PRJNA633861;01/07/2020;Transcriptomic changes of sigmoidal gut biopsies in psoriasis patients and healthy subjects;Transcriptomic changes of sigmoidal gut biopsies in psoriasis patients and healthy subjects;SRR11812198;SAMN14972312;7376: Healthy.16;7376: Healthy.16;;cDNA;TRANSCRIPTOMIC;RNA-Seq;RNA was isolated using the RNeasy Plus Universal Kits (Qiagen) and processed as per manufacturer's instructions. libraries were prepared using the TruSeq Stranded Total RNA Library Prep kit (Illumina) with Ribo-Zero Gold, according to the manufacturer's instructions.;PAIRED;;ILLUMINA;;;;;sigmoidal colon;;;;;Illumina HiSeq 4000 sequencing: GSM4559717: 7376: Healthy.16 Homo sapiens RNA-Seq;;;Colon, Sigmoid colon;;
PRJNA817436;24/12/2023;Exercise-induced Crosstalk between Immune Cells and Adipocytes in Humans: Role of Oncostatin-M;Exercise-induced Crosstalk between Immune Cells and Adipocytes in Humans: Role of Oncostatin-M;SRR18363210;SAMN26788763;4_PRE;4_PRE;GSM5960683;cDNA;TRANSCRIPTOMIC;RNA-Seq;Approximately 30 mg of adipose tissue was used for RNA extraction. Tissues were homogenized using TissueLyser (Qiagen) in 1 mL TRIzol (Sigma-Aldrich). Chloroform was added, samples were mixed, subjected to centrifugation, and the aqueous phase was transferred to a new tube. Thereafter, 1:1 70% ethanol was added, and the total volume was loaded on silica-membrane columns. RNA extraction was performed using a commercially available kit (Rneasy lipid tissue kit, Qiagen). RNA concentration and purity were assessed by absorbance at 260 and 280 nm using NanoDrop One (Thermo Fisher Scientific, Waltham, MA). Aliquots of RNA (300 ng) were analyzed using the Illumina TruSeq Stranded Total RNA with Ribo-Zero Gold protocol (Illumina) as described (ref). Ribosomal RNA was removed from the sample using 35 μl of rRNA removal beads (Illumina) on a magnetic plate followed by cleanup of the ribosomal-depleted RNA with 193 μl of Agencourt RNAClean XP beads (Beckman Coulter), 70% ethanol wash, and elution into 10 μl elution buffer (Illumina). The RNA sample was fragmented for 4 min at 94°C in Elute, Prime, Fragment High Mix (Illumina) and then subjected to first-strand cDNA synthesis with 1 μl of Superscript III reverse transcriptase (Life Technologies) per sample using a thermocycler programmed to 25°C for 10 min, 50°C for 15 min, and 70°C for 15 min. Second-strand cDNA was synthesized by addition of Second-Strand Marking Master Mix, and samples were incubated at 16°C for 60 min. Samples were subjected to another bead cleanup before A-tailing and ligation of adapters as per kit instructions (Illumina). Following a third bead cleanup, samples were enriched for DNA fragments by amplification using the Illumina polymerase chain reaction (PCR) Primer Cocktail and PCR Master Mix, subjected to 98°C for 30 min, followed by a predefined cycle (98°C for 10 s, 60°C for 30 s, and 72°C for 30 s) that was repeated 3 to 15 times, on the basis of each individual sample, and finally incubated for 5 min at 72°C. Samples were cleaned and validated for DNA concentration using the Qubit dsDNA HS assay kit (Invitrogen) and for base pair size and purity using the Agilent High Sensitivity DNA chip and Bioanalyzer instrument. 38-bp paired-end sequencing on a NextSeq500;PAIRED;;ILLUMINA;;;;;Adipose tissue biopsy;;;;;NextSeq 500 sequencing: GSM5960683: 4_PRE Homo sapiens RNA-Seq;;;Adipose;;
PRJNA742971;12/11/2022;A resource for integrated genomic analysis of the human liver;A resource for integrated genomic analysis of the human liver;SRR15013638;SAMN19988527;SJLB492;SJLB492;;cDNA;TRANSCRIPTOMIC;RNA-Seq;Total RNA was extracted from tissue homogenized in TRIzol reagent, followed by Qiagen RNAeasy cleanup mRNA libraries were prepared using the Illuminia TruSeq Stranded Total RNA with Ribo-Zero protocol;PAIRED;;ILLUMINA;;;;;liver;;;;;Illumina HiSeq 2000 sequencing: GSM5412273: SJLB492 Homo sapiens RNA-Seq;check ribozero;likely postmportem;Liver;;
PRJNA858401;17/07/2022;RNA-seq comparing Cushing's disease adenomas and surrounding normal tissues;RNA-seq comparing Cushing's disease adenomas and surrounding normal tissues;SRR20140288;SAMN29714442;JB7_CD_Normal;JB7_CD_Normal;GSM6337428;cDNA;TRANSCRIPTOMIC;RNA-Seq;Paired human adenoma and normal pituitary gland were procured from surgery and immediately flash frozen in 1 mL of Qiazol (Qiagen, Germany) within Lysing Matrix E tubes (MP Biomedicals, Santa Ana, CA) in dry ice. We thawed the contents and homogenized the tissues using a Fast Prep-24 Homogenizer, (MP Biomedicals) for 20 seconds at 4.5 m/s. Total RNA was extracted using an RNeasy Mini Kit (Qiagen, Germany). RNA quantity and quality were measured by NanoDrop ND-1000, and integrity assessed by agarose gel electrophoresis. PolyA+ mRNA isolation, size fragmentation, cDNA synthesis, size selection, and next gen sequencing were performed at the National Intramural Sequencing Center, Bethesda, MD RNA-Seq libraries were constructed from 1 μg total RNA after rRNA depletion using Ribo-Zero GOLD (Illumina). The Illumina TruSeq RNA Sample Prep V2 Kit was used according to manufacturer's instructions.;PAIRED;;ILLUMINA;;;Pituitary cells;;;;;;;NextSeq 500 sequencing: GSM6337428: JB7_CD_Normal Homo sapiens RNA-Seq;;;Pituitary Gland;;
PRJNA352076;21/06/2017;RNAseq study of synovial biopsies;Homo sapiens;SRR4785827;SAMN05963933;healthy tissue 16;healthy tissue 16;;cDNA;TRANSCRIPTOMIC;RNA-Seq;Total RNA was extracted from RA synovial samples and the quality of all RNA samples was evaluated using an Agilent Bioanalyzer Sequencing libraries were prepared using TruSeq Stranded Total RNA RiboZero protocol from Illumina. Libraries were pooled and sequenced with an Illumina HiSeq 2000 with paired-end 100 bp flow cells. Raw read quality was evaluated using FastQC.;PAIRED;;ILLUMINA;;;;;;;;;;Illumina HiSeq 2000 sequencing: GSM2370985: healthy tissue 16 Homo sapiens RNA-Seq;;;Synovial Fluid;;
PRJNA478051;21/02/2020;Dynamics of the transcriptional landscape during human gonad development during fetal life;Dynamics of the transcriptional landscape during human gonad development during fetal life;SRR7430741;SAMN09495547;XX_12GW_p0_EH1114;XX_12GW_p0_EH1114;;cDNA;TRANSCRIPTOMIC;RNA-Seq;Total RNA were extracted from tissues using the RNeasy mini Kit (Qiagen), quantified using a NanoDrop™ 8000 spectrophotometer (Thermo Scientific) and quality controlled using a 2100 Electrophoresis Bioanalyzer (Agilent). Libraries of template molecules suitable for strand specific high throughput DNA sequencing were created using “TruSeq Stranded Total RNA with Ribo-Zero Gold Prep Kit” (catalog # RS-122-2301, Illumina Inc.). Briefly, the removal of cytoplasmic and mitochondrial ribosomal RNA (rRNA) was performed from 500 ng of total RNA using biotinylated, target-specific oligos combined with Ribo-Zero rRNA removal beads. Following purification, the RNA was fragmented using divalent cations under elevated temperature. The cleaved RNA fragments were copied into first strand cDNA using reverse transcriptase and random primers, followed by second strand cDNA synthesis using DNA Polymerase I and RNase H. The double stranded cDNA fragments were blunted using T4 DNA polymerase, Klenow DNA polymerase and T4 PNK. A single 'A' nucleotide was added to the 3' ends of the blunt DNA fragments using a Klenow fragment (3' to 5'exo minus) enzyme. The cDNA fragments were ligated to double stranded adapters using T4 DNA Ligase. The ligated products were enriched by PCR amplification (30 sec at 98°C [10 sec at 98°C, 30 sec at 60°C, 30 sec at 72°C] x 12 cycles 5 min at 72°C). Excess of PCR primers was removed by purification using AMPure XP beads (Agencourt Biosciences Corporation). Final cDNA libraries were quality-checked and quantified using a 2100 Electrophoresis Bioanalyzer (Agilent). The libraries were loaded in the flow cell at 7pM concentration and clusters were generated in the Cbot and sequenced in the Illumina Hiseq 2500 as paired-end 2x50 base reads following Illumina's instructions. Image analysis and base calling were performed using RTA 1.17.20 and CASAVA 1.8.2.;PAIRED;;ILLUMINA;;;;;Ovary;;;;;Illumina HiSeq 2500 sequencing: GSM3223692: XX_12GW_p0_EH1114 Homo sapiens RNA-Seq;;;Ovary;;
PRJNA496323;27/01/2019;Atopic Dermatitis, Psoriasis and healthy control RNA-seq cohort;Atopic Dermatitis, Psoriasis and healthy control RNA-seq cohort;SRR8052787;SAMN10238664;CTRL_045_healthy;CTRL_045_healthy;;cDNA;TRANSCRIPTOMIC;RNA-Seq;5mm skin punch biopsies were stored in PaxGene tissue containers (PreAnalytiX) at -80°C until isolation of total RNA with the Qiagen AllPrep DNA/RNA Mini Kit preceded by an additional disruption/homogenization step with innuSPEED Lysis Tubes W (Analytik Jena) and Qiagen QIAshredder spin-columns. RNA samples were prepared for sequencing using the Illumina Truseq® Stranded total RNA Protocol in combination with the RiboZero rRNA removal Kit and sequenced on the HiSeq2500 with 2x125bp.;PAIRED;;ILLUMINA;;;;;;;;;;Illumina HiSeq 2500 sequencing: GSM3427947: CTRL_045_healthy Homo sapiens RNA-Seq;;Healthy;Skin;;
PRJNA496323;27/01/2019;Atopic Dermatitis, Psoriasis and healthy control RNA-seq cohort;Atopic Dermatitis, Psoriasis and healthy control RNA-seq cohort;SRR8052766;SAMN10238612;CTRL_020_healthy;CTRL_020_healthy;;cDNA;TRANSCRIPTOMIC;RNA-Seq;5mm skin punch biopsies were stored in PaxGene tissue containers (PreAnalytiX) at -80°C until isolation of total RNA with the Qiagen AllPrep DNA/RNA Mini Kit preceded by an additional disruption/homogenization step with innuSPEED Lysis Tubes W (Analytik Jena) and Qiagen QIAshredder spin-columns. RNA samples were prepared for sequencing using the Illumina Truseq® Stranded total RNA Protocol in combination with the RiboZero rRNA removal Kit and sequenced on the HiSeq2500 with 2x125bp.;PAIRED;;ILLUMINA;;;;;;;;;;Illumina HiSeq 2500 sequencing: GSM3427926: CTRL_020_healthy Homo sapiens RNA-Seq;;Healthy;Skin;;
PRJEB43164;21/05/2023;Bulk RNA-seq of paired human brown and white adipocytes;Bulk RNA-seq of paired human brown and white adipocytes;ERR5320483;SAMEA8103249;95_B_0;Protocols: Human adipose tissue was obtained from the central compartment of the neck, superior to the clavicle and deep to the lateral thyroid lobe either adjacent to the longus colli muscle or to the oesophagus (brown adipose tissue BAT) and more superficially from the subcutaneous neck tissue (white adipose tissue WAT). The stromal vascular fraction was isolated and cultured as described (Ramage, Akyol et al. 2016 doi: 10.1016/j.cmet.2016.06.011). Following differentiation, cells were cultured in serum-stripped medium for 48 hours prior to RNA extraction and subsequent bulk RNA-seq. Sample 91 – age (years): 41 sex: female height (m): 1.52 weight (Kg): 63.5 BMI (kg/m2): 27.48 Sample 92 – age (years): 59 sex: female height (m): 1.57 weight (Kg): 60.4 BMI (kg/m2): 24.50 Sample 93 – age (years): 52 sex: female height (m): 1.70 weight (Kg): 114 BMI (kg/m2): 39.45 Sample 95 – age (years): 50 sex: female height (m): 1.72 weight (Kg): 66 BMI (kg/m2): 22.31 Total RNA samples were assessed on the Agilent Bioanalyser (Agilent Technologies, #G2939AA) with the RNA 6000 Nano Kit (#5067-1511) for quality and integrity of total RNA. Samples were DNase-treated using the TURBO DNA-free™ kit (Thermo Fisher, #AM1907) and then quantified using the Qubit 2.0 Fluorometer (Thermo Fisher Scientific Inc, #Q32866) and the Qubit RNA BR assay kit (#Q10210), and assessed for residual DNA contamination using the Qubit dsDNA HS assay Kit (catalogue # Q32851). Libraries were prepared from each TURBO™ DNase treated total-RNA sample using the TruSeq Stranded Total RNA with Ribo-Zero kit (#RS-122-2201) according to the provided protocol. 100ng of total-RNA was processed to deplete rRNA before being purified, fragmented and primed with random hexamers. Primed RNA fragments were reverse transcribed into first strand cDNA using reverse transcriptase and random primers. RNA templates were removed and a replacement strand synthesised incorporating dUTP in place of dTTP to generate ds cDNA. AMPure XP beads (Beckman Coulter, #A63881) were then used to separate the ds cDNA from the second strand reaction mix, providing blunt-ended cDNA. A single 'A' nucleotide was added to the 3' ends of the blunt fragments to prevent them from ligating to another during the subsequent adapter ligation reaction, and a corresponding single 'T' nucleotide on the 3' end of the adapter provided a complementary overhang for ligating the adapter to the fragment. Multiple indexing adapters were then ligated to the ends of the ds cDNA to prepare them for hybridisation onto a flow cell, before 15 cycles of PCR were used to selectively enrich those DNA fragments that had adapter molecules on both ends and amplify the amount of DNA in the library suitable for sequencing. Libraries were quantified using the Qubit dsDNA HS kit and by PCR using the Kapa Universal Illumina Library Quantification kit complete kit (#KK4824) and assessed for quality using the Agilent Bioanalyser with the DNA HS Kit.;95_B_0_p;RT-PCR;GENOMIC;RNA-Seq;Human adipose tissue was obtained from the central compartment of the neck, superior to the clavicle and deep to the lateral thyroid lobe either adjacent to the longus colli muscle or to the oesophagus (brown adipose tissue BAT) and more superficially from the subcutaneous neck tissue (white adipose tissue WAT). The stromal vascular fraction was isolated and cultured as described (Ramage, Akyol et al. 2016 doi: 10.1016/j.cmet.2016.06.011). Following differentiation, cells were cultured in serum-stripped medium for 48 hours prior to RNA extraction and subsequent bulk RNA-seq. Sample 91 – age (years): 41 sex: female height (m): 1.52 weight (Kg): 63.5 BMI (kg/m2): 27.48 Sample 92 – age (years): 59 sex: female height (m): 1.57 weight (Kg): 60.4 BMI (kg/m2): 24.50 Sample 93 – age (years): 52 sex: female height (m): 1.70 weight (Kg): 114 BMI (kg/m2): 39.45 Sample 95 – age (years): 50 sex: female height (m): 1.72 weight (Kg): 66 BMI (kg/m2): 22.31 Total RNA samples were assessed on the Agilent Bioanalyser (Agilent Technologies, #G2939AA) with the RNA 6000 Nano Kit (#5067-1511) for quality and integrity of total RNA. Samples were DNase-treated using the TURBO DNA-free™ kit (Thermo Fisher, #AM1907) and then quantified using the Qubit 2.0 Fluorometer (Thermo Fisher Scientific Inc, #Q32866) and the Qubit RNA BR assay kit (#Q10210), and assessed for residual DNA contamination using the Qubit dsDNA HS assay Kit (catalogue # Q32851). Libraries were prepared from each TURBO™ DNase treated total-RNA sample using the TruSeq Stranded Total RNA with Ribo-Zero kit (#RS-122-2201) according to the provided protocol. 100ng of total-RNA was processed to deplete rRNA before being purified, fragmented and primed with random hexamers. Primed RNA fragments were reverse transcribed into first strand cDNA using reverse transcriptase and random primers. RNA templates were removed and a replacement strand synthesised incorporating dUTP in place of dTTP to generate ds cDNA. AMPure XP beads (Beckman Coulter, #A63881) were then used to separate the ds cDNA from the second strand reaction mix, providing blunt-ended cDNA. A single 'A' nucleotide was added to the 3' ends of the blunt fragments to prevent them from ligating to another during the subsequent adapter ligation reaction, and a corresponding single 'T' nucleotide on the 3' end of the adapter provided a complementary overhang for ligating the adapter to the fragment. Multiple indexing adapters were then ligated to the ends of the ds cDNA to prepare them for hybridisation onto a flow cell, before 15 cycles of PCR were used to selectively enrich those DNA fragments that had adapter molecules on both ends and amplify the amount of DNA in the library suitable for sequencing. Libraries were quantified using the Qubit dsDNA HS kit and by PCR using the Kapa Universal Illumina Library Quantification kit complete kit (#KK4824) and assessed for quality using the Agilent Bioanalyser with the DNA HS Kit.;PAIRED;;ILLUMINA;;;;;;;;;;NextSeq 550 sequencing: Bulk RNA-seq of paired human brown and white adipocytes;;cultured cells;Adipose - Subcutaneous;;
PRJNA817436;24/12/2023;Exercise-induced Crosstalk between Immune Cells and Adipocytes in Humans: Role of Oncostatin-M;Exercise-induced Crosstalk between Immune Cells and Adipocytes in Humans: Role of Oncostatin-M;SRR18363177;SAMN26788814;19_PRE;19_PRE;GSM5960632;cDNA;TRANSCRIPTOMIC;RNA-Seq;Approximately 30 mg of adipose tissue was used for RNA extraction. Tissues were homogenized using TissueLyser (Qiagen) in 1 mL TRIzol (Sigma-Aldrich). Chloroform was added, samples were mixed, subjected to centrifugation, and the aqueous phase was transferred to a new tube. Thereafter, 1:1 70% ethanol was added, and the total volume was loaded on silica-membrane columns. RNA extraction was performed using a commercially available kit (Rneasy lipid tissue kit, Qiagen). RNA concentration and purity were assessed by absorbance at 260 and 280 nm using NanoDrop One (Thermo Fisher Scientific, Waltham, MA). Aliquots of RNA (300 ng) were analyzed using the Illumina TruSeq Stranded Total RNA with Ribo-Zero Gold protocol (Illumina) as described (ref). Ribosomal RNA was removed from the sample using 35 μl of rRNA removal beads (Illumina) on a magnetic plate followed by cleanup of the ribosomal-depleted RNA with 193 μl of Agencourt RNAClean XP beads (Beckman Coulter), 70% ethanol wash, and elution into 10 μl elution buffer (Illumina). The RNA sample was fragmented for 4 min at 94°C in Elute, Prime, Fragment High Mix (Illumina) and then subjected to first-strand cDNA synthesis with 1 μl of Superscript III reverse transcriptase (Life Technologies) per sample using a thermocycler programmed to 25°C for 10 min, 50°C for 15 min, and 70°C for 15 min. Second-strand cDNA was synthesized by addition of Second-Strand Marking Master Mix, and samples were incubated at 16°C for 60 min. Samples were subjected to another bead cleanup before A-tailing and ligation of adapters as per kit instructions (Illumina). Following a third bead cleanup, samples were enriched for DNA fragments by amplification using the Illumina polymerase chain reaction (PCR) Primer Cocktail and PCR Master Mix, subjected to 98°C for 30 min, followed by a predefined cycle (98°C for 10 s, 60°C for 30 s, and 72°C for 30 s) that was repeated 3 to 15 times, on the basis of each individual sample, and finally incubated for 5 min at 72°C. Samples were cleaned and validated for DNA concentration using the Qubit dsDNA HS assay kit (Invitrogen) and for base pair size and purity using the Agilent High Sensitivity DNA chip and Bioanalyzer instrument. 38-bp paired-end sequencing on a NextSeq500;PAIRED;;ILLUMINA;;;;;Adipose tissue biopsy;;;;;NextSeq 500 sequencing: GSM5960632: 19_PRE Homo sapiens RNA-Seq;;;Adipose;;
PRJNA454694;09/02/2019;Sequencing based maternal whole blood expression changes with gestational age and labor in normal pregnancy;Sequencing based maternal whole blood expression changes with gestational age and labor in normal pregnancy;SRR7094278;SAMN09011918;Sample_25 [RNA-seq];Sample_25 [RNA-seq];;cDNA;TRANSCRIPTOMIC;RNA-Seq;RNA was isolated from  PAXgene® Blood RNA collection tube (BD 762165) as described in the PAXgene® Blood miRNA Kit Handbook (December, 2015). Purified RNA was quantified by UV spectrophotometry using the DropSense96® Microplate Spectrophotometer (Trinean) and quality assessed by microfluidics using the RNA ScreenTape on the Agilent 2200 TapeStation. Starting with 500 ng of total RNA, cDNA library templates were synthesized using the Illumina TruSeq® Stranded Total RNA LT (Set A) Kit with Ribo-Zero Globin rRNA reduction, as described in the TruSeq® Stranded Total RNA Sample Preparation Guide (Rev. E, October 2013). Libraries were validated using the HS D1000 ScreenTape on the Agilent 2200 TapeStation, and quantified on the Qubit® 2.0 Fluorometer by the Qubit® dsDNA HS Assay (ThermoFisher). The Illumina HiSeq 2500 instrument was used to cluster the samples onto the flow cell. The pools were put on at 10pM and run in rapid mode at 2×100 paired end. Illumina HiSeq Rapid PE Cluster kit V2 and HiSeq Rapid SBS kit v2 200 cycles was used.;PAIRED;;ILLUMINA;;;;;;;;;;Illumina HiSeq 2500 sequencing: GSM3124802: Sample_25 [RNA-seq] Homo sapiens RNA-Seq;;;Blood - Whole blood;;
PRJNA908818;25/06/2023;Effect of cigarette smoking on gene expression of peripheral blood B cells and on transcriptome changes by naïve-to-memory B cell shift;Effect of cigarette smoking on gene expression of peripheral blood B cells and on transcriptome changes by naïve-to-memory B cell shift;SRR22532372;SAMN32045265;;;GSM6788589;cDNA;TRANSCRIPTOMIC;RNA-Seq;Granulocytes were isolated directly from whole blood using anti-CD15+ antibody–coated magnetic beads following the protocol (Invitrogen). Density gradient centrifugation using Histopaque-1077 Ficoll medium and Accuspin™ Tubes (Sigma-Aldrich) was used to isolate the mononuclear layer of CD19+ B cells using antibody-coated magnetic beads (Invitrogen). RNA was harvested using RNeasy mini plus kit (Qiagen). Aliquots of RNA (375 ng) were used to generate poly-adenylated RNA libraries with TruSeq Stranded Total RNA Ribo-Zero Human Gold kit (Illumina). Samples were indexed with NEXTfle-96 RNA-Seq Barcodes (Bioo-scientific, Austin, TX).;PAIRED;;ILLUMINA;;;;;;;;;;Illumina NovaSeq 6000 sequencing: GSM6788589: F151-1_Bcell_Smoker Homo sapiens RNA-Seq;some smokers;;Blood - Granulocyte;;
PRJNA486023;14/03/2019;Fudan University Shanghai Cancer Center Triple Negative Breast Cancer (FUSCCTNBC);Homo sapiens;SRR8518352;SAMN09837121;Human sample from Homo sapiens;Human sample from Homo sapiens;Lib_FUSCCTNBC257.PT;Inverse rRNA;TRANSCRIPTOMIC;RNA-Seq;;PAIRED;;ILLUMINA;;;;;Paired normal breast tissue;;FUSCCTNBC257;;;HiSeq X Ten sequencing: RNAseq of Homo sapiens: triple negative breast cancer from FUSCCTNBC project;;tumor-adjacent;Breast;;
PRJNA817436;24/12/2023;Exercise-induced Crosstalk between Immune Cells and Adipocytes in Humans: Role of Oncostatin-M;Exercise-induced Crosstalk between Immune Cells and Adipocytes in Humans: Role of Oncostatin-M;SRR18363216;SAMN26788793;27_PRE;27_PRE;GSM5960653;cDNA;TRANSCRIPTOMIC;RNA-Seq;Approximately 30 mg of adipose tissue was used for RNA extraction. Tissues were homogenized using TissueLyser (Qiagen) in 1 mL TRIzol (Sigma-Aldrich). Chloroform was added, samples were mixed, subjected to centrifugation, and the aqueous phase was transferred to a new tube. Thereafter, 1:1 70% ethanol was added, and the total volume was loaded on silica-membrane columns. RNA extraction was performed using a commercially available kit (Rneasy lipid tissue kit, Qiagen). RNA concentration and purity were assessed by absorbance at 260 and 280 nm using NanoDrop One (Thermo Fisher Scientific, Waltham, MA). Aliquots of RNA (300 ng) were analyzed using the Illumina TruSeq Stranded Total RNA with Ribo-Zero Gold protocol (Illumina) as described (ref). Ribosomal RNA was removed from the sample using 35 μl of rRNA removal beads (Illumina) on a magnetic plate followed by cleanup of the ribosomal-depleted RNA with 193 μl of Agencourt RNAClean XP beads (Beckman Coulter), 70% ethanol wash, and elution into 10 μl elution buffer (Illumina). The RNA sample was fragmented for 4 min at 94°C in Elute, Prime, Fragment High Mix (Illumina) and then subjected to first-strand cDNA synthesis with 1 μl of Superscript III reverse transcriptase (Life Technologies) per sample using a thermocycler programmed to 25°C for 10 min, 50°C for 15 min, and 70°C for 15 min. Second-strand cDNA was synthesized by addition of Second-Strand Marking Master Mix, and samples were incubated at 16°C for 60 min. Samples were subjected to another bead cleanup before A-tailing and ligation of adapters as per kit instructions (Illumina). Following a third bead cleanup, samples were enriched for DNA fragments by amplification using the Illumina polymerase chain reaction (PCR) Primer Cocktail and PCR Master Mix, subjected to 98°C for 30 min, followed by a predefined cycle (98°C for 10 s, 60°C for 30 s, and 72°C for 30 s) that was repeated 3 to 15 times, on the basis of each individual sample, and finally incubated for 5 min at 72°C. Samples were cleaned and validated for DNA concentration using the Qubit dsDNA HS assay kit (Invitrogen) and for base pair size and purity using the Agilent High Sensitivity DNA chip and Bioanalyzer instrument. 38-bp paired-end sequencing on a NextSeq500;PAIRED;;ILLUMINA;;;;;Adipose tissue biopsy;;;;;NextSeq 500 sequencing: GSM5960653: 27_PRE Homo sapiens RNA-Seq;;;Adipose;;
PRJNA997353;22/12/2023;Race-specific coregulatory and transcriptomic profiles associated with DNA methylation and androgen receptor in prostate cancer [RNA-Seq];Race-specific coregulatory and transcriptomic profiles associated with DNA methylation and androgen receptor in prostate cancer [RNA-Seq];SRR25387913;SAMN36678789;PT-00216463_NT_AA;PT-00216463_NT_AA;GSM7657489;cDNA;TRANSCRIPTOMIC;RNA-Seq;Illumina TruSeq Stranded Total RNA Library Prep Kit with Ribo-Zero Gol RNA libraries were prepared for sequencing using standard Illumina protocols;PAIRED;;ILLUMINA;;;;;prostate;;;;;Illumina HiSeq 2500 sequencing: GSM7657489: PT-00216463_NT_AA Homo sapiens RNA-Seq;;tumor-adjacent;Prostate;;
PRJNA716181;27/02/2023;Transcriptome sequencing data of tumors and paired adjacent tissues from HCC patients;Transcriptome sequencing data of tumors and paired adjacent tissues from HCC patients;SRR14027928;SAMN18397082;RNA_P13PN;RNA_P13PN;;cDNA;TRANSCRIPTOMIC;RNA-Seq;Samples were treated with 1mL TRIzol reagent according to manufacturer's instructions. Nanodrop ND-1000 was used for RNA density/purity detection. Agilent BioAnalyzer 2100 was used for RNA quality control. rRNA depletion was conducted before RNA-seq library preparation using TruSeq Stranded Total RNA Library Prep Kit. The libraries were constructed using TruSeq Stranded Total RNA with Ribo-Zero Gold according to the manufacturer's instructions.;PAIRED;;ILLUMINA;;;;;Adjacent tissue;;;;;Illumina HiSeq 2500 sequencing: GSM5194570: RNA_P13PN Homo sapiens RNA-Seq;;tumor-adjacent;Liver;;
PRJNA907264;06/12/2022;Distinct Transcriptomic and Metabolomic Profiles Characterize NSAID-Induced Urticaria/Angioedema Patients Undergoing Aspirin Desensitization;Distinct Transcriptomic and Metabolomic Profiles Characterize NSAID-Induced Urticaria/Angioedema Patients Undergoing Aspirin Desensitization;SRR22478863;SAMN31967614;HD002_Healthy;HD002_Healthy;GSM6774716;cDNA;TRANSCRIPTOMIC;RNA-Seq;Venous blood was collected from subjects into ethylenediaminetetraacetic acid tubes. Peripheral blood monocular cells (PBMCs) were isolated using SepMate tubes (STEMCELL Technologies) according to the manufacturer's instructions. Briefly, blood was diluted with phosphate buffered saline (PBS Gibco) after plasma collection. The diluted blood was then layered on top of Ficoll-Paque PLUS (Merck). After centrifugation (1200 g, 10 min, brake on), the supernatant was poured into a 50 mL polypropylene tube. Collected PBMCs were washed twice in PBS. PBMCs were counted using a hemacytometer with trypan blue (Lonza) to determine cell viability. Ribonucleic acid (RNA) was prepared using the PureLink RNA Mini kit (Thermo Fisher Scientific). The total RNA was quantified using Qubit Fluorometer (ThermoFisher Scientific). The purity was checked using NanoPhotometer spectrophotometer (Implen). The integrity and quality of the RNA was assessed using Agilent Bioanalyzer 2100 system (Agilent Technologies) and agarose gel electrophoresis (1% agarose gel, 180 V, 16 min). A total of 2 µg RNA from each sample was subjected to ribosomal RNA (rRNA) removal using Epicentre RiboZeroTM rRNA Removal Kit (Epicentre). The rRNA was cleaned up using ethanol precipitation method. The Next Generation Sequencing (NGS) library was prepared using NEBNext UltraTM Directional RNA Library Prep Kit for Illumina (NEB). In brief, the RNA were fragmented using divalent cations at 94°C in the presence of NEBNext First Strand Synthesis Reaction Buffer and Random Primers. Subsequently, the first strand complementary deoxyribonucleic acid (cDNA) was synthesized using random hexamer and M-MulV reverse transcriptase and the second strand cDNA was synthesized using DNA Polymerase and RNAse H. The dTTP was replaced by dUTP during the second strand cDNA synthesis. The double stranded cDNA fragment was converted to blunt end via end repair reaction and the NEBNext adapter (hairpin loop structure adapter) was ligated to the adenylated cDNA fragment using ligase. Next, the second-strand cDNA was degraded with the aids of USER enzyme. Size selection and sample purification was performed using AMPure XP Beads (Beckman Coulter). Subsequently, Illumina sequencing adapter and indexes were added onto the cDNA fragment via PCR amplification (hereafter known as sequencing library). The sequencing library was purified using Ampure XP Beads (Beckman Coulter). The size distribution of the sequencing library was assessed using Agilent Bioanalyzer 2100 system (Agilent Technologies). The qualified sequencing library was loaded onto NovaSeq 6000 (Illumina) for sequencing using paired-end 150 sequencing strategy. Raw data generated from the sequencer were demultiplexed and converted to FASTQ file using Illumina bcl2fastq.;PAIRED;;ILLUMINA;;;PBMC;;;;;;;Illumina HiSeq 4000 sequencing: GSM6774716: HD002_Healthy Homo sapiens RNA-Seq;;;Blood - Peripheral Blood Mononuclear Cell;;
PRJNA742971;12/11/2022;A resource for integrated genomic analysis of the human liver;A resource for integrated genomic analysis of the human liver;SRR15013533;SAMN19988362;SJLB323;SJLB323;;cDNA;TRANSCRIPTOMIC;RNA-Seq;Total RNA was extracted from tissue homogenized in TRIzol reagent, followed by Qiagen RNAeasy cleanup mRNA libraries were prepared using the Illuminia TruSeq Stranded Total RNA with Ribo-Zero protocol;PAIRED;;ILLUMINA;;;;;liver;;;;;Illumina HiSeq 2000 sequencing: GSM5412181: SJLB323 Homo sapiens RNA-Seq;check ribozero;likely postmportem;Liver;;
PRJNA680762;24/09/2021;Identification and evolutionary comparison of circular RNAs in five mammalian species and three organs.;Identification and evolutionary comparison of circular RNAs in five mammalian species and three organs.;SRR13142166;SAMN16912809;cohs_ts1;cohs_ts1;;cDNA;TRANSCRIPTOMIC;RNA-Seq;Tissue was dissected at indicated ages (see section ”Samples” in GEO metadata). RNA for mouse, rat, rhesus and human was extracted using the RNeasy protocol from QIAGEN for opossum, a TRIzol/chloroform-based protocol was used. Tissues were stored at -80 C until library preparation. We used 5µg of RNA per tissue as starting material for library preparation, which were treated with RNase R for 1 h at 37 ̊C to degrade linear RNAs, followed by RNA purification with RNA Clean & Concentrator-5 kit (Zymo Research) according to the manufacturer's protocol. Libraries were prepared from the purified RNA with the Illumina TruSeq Stranded Total RNA with Ribo-Zero Gold according to the protocol with the following modifications to select larger fragments: 1). Instead of the recommended 8 min at 68 ̊C for fragmentation, we incubated samples for only 4 min at 68 ̊C to increase the fragment size 2). In the final PCR clean-up after enrichment of the DNA fragments, we changed the 1:1 ratio of DNA to AMPure XP Beads to a 0.7:1 ratio to select for binding of larger fragments. Libraries were analyzed on the fragment analyzer for their quality and sequenced with the Illumina HiSeq 2500 platform.;PAIRED;;ILLUMINA;;;;;Testis;;;;;Illumina HiSeq 2500 sequencing: GSM4943576: cohs_ts1 Homo sapiens RNA-Seq;;;Testis;;
PRJNA997353;22/12/2023;Race-specific coregulatory and transcriptomic profiles associated with DNA methylation and androgen receptor in prostate cancer [RNA-Seq];Race-specific coregulatory and transcriptomic profiles associated with DNA methylation and androgen receptor in prostate cancer [RNA-Seq];SRR25387875;SAMN36678760;PT-00191831_NT_EA;PT-00191831_NT_EA;GSM7657518;cDNA;TRANSCRIPTOMIC;RNA-Seq;Illumina TruSeq Stranded Total RNA Library Prep Kit with Ribo-Zero Gol RNA libraries were prepared for sequencing using standard Illumina protocols;PAIRED;;ILLUMINA;;;;;prostate;;;;;Illumina HiSeq 2500 sequencing: GSM7657518: PT-00191831_NT_EA Homo sapiens RNA-Seq;;tumor-adjacent;Prostate;;
PRJNA318642;11/08/2016;Transcriptome profiling of the human dorsal striatum in bipolar disorder;Homo sapiens;SRR3393522;SAMN04859305;bipolar-26;bipolar-26;;cDNA;TRANSCRIPTOMIC;RNA-Seq;Frozen postmortem dorsal striatum samples were transferred to RNAlater-ICE (Ambion) and stored at -20C upon receipt. Total RNA was extracted from dissected caudate-putamen tissue by Trizol (Life Technologies), column-purified by the RNeasy Lipid Tissue Kit (Qiagen) and treated with the Turbo DNA-free Kit (Life Technologies). RNA samples were assayed on the BioAnalyzer (Agilent, Santa Clara, CA) to obtain RNA integrity number (RIN) values. Ribosomal RNA (rRNA) was depleted from samples using the RiboMinus Eukaryote Kit v2 (Life Technologies). Strand-specific cDNA libraries were made using the Next Ultra Directional RNA Library Prep Kit (NEB) and sequenced on the Illumina HiSeq2000.;SINGLE;;ILLUMINA;;;;;;;;;;Illumina HiSeq 2000 sequencing: GSM2124768: bipolar-26 Homo sapiens RNA-Seq;;postmortem;Brain - Dorsal Striatum;;
PRJNA914646;24/12/2023;Integrated Unbiased Multiomics Defines Disease-Independent Placental Clusters in Common Obstetrical Syndromes;;SRR22925264;SAMN32490968;Human sample from Homo sapiens;Human sample from Homo sapiens;TP19.B599;Inverse rRNA;TRANSCRIPTOMIC;RNA-Seq;;PAIRED;;ILLUMINA;;;;;Placenta;;Control;;;Illumina NovaSeq 6000 sequencing: Control;;healthy;Placenta;;
PRJEB43164;21/05/2023;Bulk RNA-seq of paired human brown and white adipocytes;Bulk RNA-seq of paired human brown and white adipocytes;ERR5320479;SAMEA8103248;93_W_0;Protocols: Human adipose tissue was obtained from the central compartment of the neck, superior to the clavicle and deep to the lateral thyroid lobe either adjacent to the longus colli muscle or to the oesophagus (brown adipose tissue BAT) and more superficially from the subcutaneous neck tissue (white adipose tissue WAT). The stromal vascular fraction was isolated and cultured as described (Ramage, Akyol et al. 2016 doi: 10.1016/j.cmet.2016.06.011). Following differentiation, cells were cultured in serum-stripped medium for 48 hours prior to RNA extraction and subsequent bulk RNA-seq. Sample 91 – age (years): 41 sex: female height (m): 1.52 weight (Kg): 63.5 BMI (kg/m2): 27.48 Sample 92 – age (years): 59 sex: female height (m): 1.57 weight (Kg): 60.4 BMI (kg/m2): 24.50 Sample 93 – age (years): 52 sex: female height (m): 1.70 weight (Kg): 114 BMI (kg/m2): 39.45 Sample 95 – age (years): 50 sex: female height (m): 1.72 weight (Kg): 66 BMI (kg/m2): 22.31 Total RNA samples were assessed on the Agilent Bioanalyser (Agilent Technologies, #G2939AA) with the RNA 6000 Nano Kit (#5067-1511) for quality and integrity of total RNA. Samples were DNase-treated using the TURBO DNA-free™ kit (Thermo Fisher, #AM1907) and then quantified using the Qubit 2.0 Fluorometer (Thermo Fisher Scientific Inc, #Q32866) and the Qubit RNA BR assay kit (#Q10210), and assessed for residual DNA contamination using the Qubit dsDNA HS assay Kit (catalogue # Q32851). Libraries were prepared from each TURBO™ DNase treated total-RNA sample using the TruSeq Stranded Total RNA with Ribo-Zero kit (#RS-122-2201) according to the provided protocol. 100ng of total-RNA was processed to deplete rRNA before being purified, fragmented and primed with random hexamers. Primed RNA fragments were reverse transcribed into first strand cDNA using reverse transcriptase and random primers. RNA templates were removed and a replacement strand synthesised incorporating dUTP in place of dTTP to generate ds cDNA. AMPure XP beads (Beckman Coulter, #A63881) were then used to separate the ds cDNA from the second strand reaction mix, providing blunt-ended cDNA. A single 'A' nucleotide was added to the 3' ends of the blunt fragments to prevent them from ligating to another during the subsequent adapter ligation reaction, and a corresponding single 'T' nucleotide on the 3' end of the adapter provided a complementary overhang for ligating the adapter to the fragment. Multiple indexing adapters were then ligated to the ends of the ds cDNA to prepare them for hybridisation onto a flow cell, before 15 cycles of PCR were used to selectively enrich those DNA fragments that had adapter molecules on both ends and amplify the amount of DNA in the library suitable for sequencing. Libraries were quantified using the Qubit dsDNA HS kit and by PCR using the Kapa Universal Illumina Library Quantification kit complete kit (#KK4824) and assessed for quality using the Agilent Bioanalyser with the DNA HS Kit.;93_W_0_p;RT-PCR;GENOMIC;RNA-Seq;Human adipose tissue was obtained from the central compartment of the neck, superior to the clavicle and deep to the lateral thyroid lobe either adjacent to the longus colli muscle or to the oesophagus (brown adipose tissue BAT) and more superficially from the subcutaneous neck tissue (white adipose tissue WAT). The stromal vascular fraction was isolated and cultured as described (Ramage, Akyol et al. 2016 doi: 10.1016/j.cmet.2016.06.011). Following differentiation, cells were cultured in serum-stripped medium for 48 hours prior to RNA extraction and subsequent bulk RNA-seq. Sample 91 – age (years): 41 sex: female height (m): 1.52 weight (Kg): 63.5 BMI (kg/m2): 27.48 Sample 92 – age (years): 59 sex: female height (m): 1.57 weight (Kg): 60.4 BMI (kg/m2): 24.50 Sample 93 – age (years): 52 sex: female height (m): 1.70 weight (Kg): 114 BMI (kg/m2): 39.45 Sample 95 – age (years): 50 sex: female height (m): 1.72 weight (Kg): 66 BMI (kg/m2): 22.31 Total RNA samples were assessed on the Agilent Bioanalyser (Agilent Technologies, #G2939AA) with the RNA 6000 Nano Kit (#5067-1511) for quality and integrity of total RNA. Samples were DNase-treated using the TURBO DNA-free™ kit (Thermo Fisher, #AM1907) and then quantified using the Qubit 2.0 Fluorometer (Thermo Fisher Scientific Inc, #Q32866) and the Qubit RNA BR assay kit (#Q10210), and assessed for residual DNA contamination using the Qubit dsDNA HS assay Kit (catalogue # Q32851). Libraries were prepared from each TURBO™ DNase treated total-RNA sample using the TruSeq Stranded Total RNA with Ribo-Zero kit (#RS-122-2201) according to the provided protocol. 100ng of total-RNA was processed to deplete rRNA before being purified, fragmented and primed with random hexamers. Primed RNA fragments were reverse transcribed into first strand cDNA using reverse transcriptase and random primers. RNA templates were removed and a replacement strand synthesised incorporating dUTP in place of dTTP to generate ds cDNA. AMPure XP beads (Beckman Coulter, #A63881) were then used to separate the ds cDNA from the second strand reaction mix, providing blunt-ended cDNA. A single 'A' nucleotide was added to the 3' ends of the blunt fragments to prevent them from ligating to another during the subsequent adapter ligation reaction, and a corresponding single 'T' nucleotide on the 3' end of the adapter provided a complementary overhang for ligating the adapter to the fragment. Multiple indexing adapters were then ligated to the ends of the ds cDNA to prepare them for hybridisation onto a flow cell, before 15 cycles of PCR were used to selectively enrich those DNA fragments that had adapter molecules on both ends and amplify the amount of DNA in the library suitable for sequencing. Libraries were quantified using the Qubit dsDNA HS kit and by PCR using the Kapa Universal Illumina Library Quantification kit complete kit (#KK4824) and assessed for quality using the Agilent Bioanalyser with the DNA HS Kit.;PAIRED;;ILLUMINA;;;;;;;;;;NextSeq 550 sequencing: Bulk RNA-seq of paired human brown and white adipocytes;;cultured cells;Adipose - Subcutaneous;;
PRJNA454694;09/02/2019;Sequencing based maternal whole blood expression changes with gestational age and labor in normal pregnancy;Sequencing based maternal whole blood expression changes with gestational age and labor in normal pregnancy;SRR7094290;SAMN09011912;Sample_31 [RNA-seq];Sample_31 [RNA-seq];;cDNA;TRANSCRIPTOMIC;RNA-Seq;RNA was isolated from  PAXgene® Blood RNA collection tube (BD 762165) as described in the PAXgene® Blood miRNA Kit Handbook (December, 2015). Purified RNA was quantified by UV spectrophotometry using the DropSense96® Microplate Spectrophotometer (Trinean) and quality assessed by microfluidics using the RNA ScreenTape on the Agilent 2200 TapeStation. Starting with 500 ng of total RNA, cDNA library templates were synthesized using the Illumina TruSeq® Stranded Total RNA LT (Set A) Kit with Ribo-Zero Globin rRNA reduction, as described in the TruSeq® Stranded Total RNA Sample Preparation Guide (Rev. E, October 2013). Libraries were validated using the HS D1000 ScreenTape on the Agilent 2200 TapeStation, and quantified on the Qubit® 2.0 Fluorometer by the Qubit® dsDNA HS Assay (ThermoFisher). The Illumina HiSeq 2500 instrument was used to cluster the samples onto the flow cell. The pools were put on at 10pM and run in rapid mode at 2×100 paired end. Illumina HiSeq Rapid PE Cluster kit V2 and HiSeq Rapid SBS kit v2 200 cycles was used.;PAIRED;;ILLUMINA;;;;;;;;;;Illumina HiSeq 2500 sequencing: GSM3124808: Sample_31 [RNA-seq] Homo sapiens RNA-Seq;;;Blood - Whole blood;;
PRJNA997353;22/12/2023;Race-specific coregulatory and transcriptomic profiles associated with DNA methylation and androgen receptor in prostate cancer [RNA-Seq];Race-specific coregulatory and transcriptomic profiles associated with DNA methylation and androgen receptor in prostate cancer [RNA-Seq];SRR25387915;SAMN36678791;PT-00216417_NT_AA;PT-00216417_NT_AA;GSM7657487;cDNA;TRANSCRIPTOMIC;RNA-Seq;Illumina TruSeq Stranded Total RNA Library Prep Kit with Ribo-Zero Gol RNA libraries were prepared for sequencing using standard Illumina protocols;PAIRED;;ILLUMINA;;;;;prostate;;;;;Illumina HiSeq 2500 sequencing: GSM7657487: PT-00216417_NT_AA Homo sapiens RNA-Seq;;tumor-adjacent;Prostate;;
PRJNA773413;04/04/2022;Compartment-specific total RNA profile of Hippocampal and Cortical cells from Mesial Temporal Lobe Epilepsy tissue;Compartment-specific total RNA profile of Hippocampal and Cortical cells from Mesial Temporal Lobe Epilepsy tissue;SRR16522665;SAMN22483721;Cortex_nucleus_control1 [Cx_nuc_C02-05];Cortex_nucleus_control1 [Cx_nuc_C02-05];;cDNA;TRANSCRIPTOMIC;RNA-Seq;Complete details can be found on manuscripts methods section. Briefly, subcellular fractionation was performed isolating pure cytosolic and nuclei cell compartments. Isolated cytoplasmic and nuclei samples were stored in Qiazol (Qiagen) at -80oC until RNA extraction was performed. Total RNA was extracted using miRNeasy kit (Qiagen), according to manufacturer's protocol. A total of 2 ug of RNA per sample in a 5 ul volume was rRNA-depleted using the Ribo-Zero Magnetic Kit (human/mouse/rat Illumina) before library preparation. Stranded, paired-end sequencing libraries were prepared using the ScriptSeq v2 (Epicentre), after which samples were subjected to quality control on the 2100 Bioanalyzer (Agilent). Sequencing was performed as paired end 100 bp reads on an Illumina HiSeq 4000 sequencer at the Beijing Genomics Institute (BGI) (Hongkong, China).;PAIRED;;ILLUMINA;;;;;Cortex;;;;;Illumina HiSeq 4000 sequencing: GSM5643922: Cortex_nucleus_control1 [Cx_nuc_C02-05] Homo sapiens RNA-Seq;nucleus;non-cancer disease;Brain - Cortex;;
PRJEB14688;06/01/2017;RNASeq of musculoskeletal ageing using human mesenchymal stem cells and their tissue constructs;RNASeq of musculoskeletal ageing using human mesenchymal stem cells and their tissue constructs;ERR1514473;SAMEA4062971;Sample 7;Protocols: MScs purchased from young and old human donors miRNAeasy kit for RNA extraction Total RNA samples were ribosomal RNA depleted using the Human, mouse, rat low inputRibozero kit from Epicentre. 1ug of RNA (or the max amount available) was mixed with the low input kit baits and allowed to anneal. This was then mixed with the magnetic microspheres which bind the ribosomal complexes and subsequently pulled out with a magnet. The remaining RNA was purified with RNA clean beads and analysed with the Agilent Bioanalyser with a RNA pico chip. Recovery was generally less than 1% of the original starting material. All of this material was used in the script seq reaction (Epicentre). Samples were denatured and annealed to cDNA primers and cDNA was generated. This was amplified with indexed primers for 15 cycles to make the library for sequencing. Libraries were checked on the Agilent Bioanalyser with a High sensitivity chip and quantities determined with Qubit DNA High sensitivity reagents.;Sample 7_p;PCR;TRANSCRIPTOMIC;RNA-Seq;MScs purchased from young and old human donors miRNAeasy kit for RNA extraction Total RNA samples were ribosomal RNA depleted using the Human, mouse, rat low inputRibozero kit from Epicentre. 1ug of RNA (or the max amount available) was mixed with the low input kit baits and allowed to anneal. This was then mixed with the magnetic microspheres which bind the ribosomal complexes and subsequently pulled out with a magnet. The remaining RNA was purified with RNA clean beads and analysed with the Agilent Bioanalyser with a RNA pico chip. Recovery was generally less than 1% of the original starting material. All of this material was used in the script seq reaction (Epicentre). Samples were denatured and annealed to cDNA primers and cDNA was generated. This was amplified with indexed primers for 15 cycles to make the library for sequencing. Libraries were checked on the Agilent Bioanalyser with a High sensitivity chip and quantities determined with Qubit DNA High sensitivity reagents.;PAIRED;;ILLUMINA;;;osteocyte;;;;;;;Illumina HiSeq 2000 paired end sequencing: RNASeq of musculoskeletal ageing using human mesenchymal stem cells and their tissue constructs;some aged donors;;Bone - Osteocyte;;
PRJNA633861;01/07/2020;Transcriptomic changes of sigmoidal gut biopsies in psoriasis patients and healthy subjects;Transcriptomic changes of sigmoidal gut biopsies in psoriasis patients and healthy subjects;SRR11812191;SAMN14972284;7365: Healthy.9;7365: Healthy.9;;cDNA;TRANSCRIPTOMIC;RNA-Seq;RNA was isolated using the RNeasy Plus Universal Kits (Qiagen) and processed as per manufacturer's instructions. libraries were prepared using the TruSeq Stranded Total RNA Library Prep kit (Illumina) with Ribo-Zero Gold, according to the manufacturer's instructions.;PAIRED;;ILLUMINA;;;;;sigmoidal colon;;;;;Illumina HiSeq 4000 sequencing: GSM4559710: 7365: Healthy.9 Homo sapiens RNA-Seq;;;Colon, Sigmoid colon;;
PRJNA454694;09/02/2019;Sequencing based maternal whole blood expression changes with gestational age and labor in normal pregnancy;Sequencing based maternal whole blood expression changes with gestational age and labor in normal pregnancy;SRR7094294;SAMN09011910;Sample_34 [RNA-seq];Sample_34 [RNA-seq];;cDNA;TRANSCRIPTOMIC;RNA-Seq;RNA was isolated from  PAXgene® Blood RNA collection tube (BD 762165) as described in the PAXgene® Blood miRNA Kit Handbook (December, 2015). Purified RNA was quantified by UV spectrophotometry using the DropSense96® Microplate Spectrophotometer (Trinean) and quality assessed by microfluidics using the RNA ScreenTape on the Agilent 2200 TapeStation. Starting with 500 ng of total RNA, cDNA library templates were synthesized using the Illumina TruSeq® Stranded Total RNA LT (Set A) Kit with Ribo-Zero Globin rRNA reduction, as described in the TruSeq® Stranded Total RNA Sample Preparation Guide (Rev. E, October 2013). Libraries were validated using the HS D1000 ScreenTape on the Agilent 2200 TapeStation, and quantified on the Qubit® 2.0 Fluorometer by the Qubit® dsDNA HS Assay (ThermoFisher). The Illumina HiSeq 2500 instrument was used to cluster the samples onto the flow cell. The pools were put on at 10pM and run in rapid mode at 2×100 paired end. Illumina HiSeq Rapid PE Cluster kit V2 and HiSeq Rapid SBS kit v2 200 cycles was used.;PAIRED;;ILLUMINA;;;;;;;;;;Illumina HiSeq 2500 sequencing: GSM3124810: Sample_34 [RNA-seq] Homo sapiens RNA-Seq;;;Blood - Whole blood;;
PRJNA901461;02/02/2023;COVID-19 patient samples collected by the PREDICT-19 consortium;COVID-19 patient samples collected by the PREDICT-19 consortium;SRR22283232;SAMN31714281;Whole blood, healthy control, rep 11;Whole blood, healthy control, rep 11;;cDNA;TRANSCRIPTOMIC;RNA-Seq;Total RNA was isolated from whole blood samples stored and stabilized in PAXgene RNA tubes according to the manufacturer's guidelines (PreAnalytiX) Libraries were prepared with 300ng of total RNA per sample using the Illumina Stranded Total RNA Prep with Ribo-Zero Plus (RZP) as per manufacturer instructions (Illumina, CA, USA).;PAIRED;;ILLUMINA;;;;;Whole blood;;;;;Illumina NovaSeq 6000 sequencing: GSM7507669: Whole blood, COVID positive, rep 206 Homo sapiens RNA-Seq;;;Blood - Whole Blood;;
PRJNA352076;21/06/2017;RNAseq study of synovial biopsies;Homo sapiens;SRR4785829;SAMN05963931;healthy tissue 18;healthy tissue 18;;cDNA;TRANSCRIPTOMIC;RNA-Seq;Total RNA was extracted from RA synovial samples and the quality of all RNA samples was evaluated using an Agilent Bioanalyzer Sequencing libraries were prepared using TruSeq Stranded Total RNA RiboZero protocol from Illumina. Libraries were pooled and sequenced with an Illumina HiSeq 2000 with paired-end 100 bp flow cells. Raw read quality was evaluated using FastQC.;PAIRED;;ILLUMINA;;;;;;;;;;Illumina HiSeq 2000 sequencing: GSM2370987: healthy tissue 18 Homo sapiens RNA-Seq;;;Synovial Fluid;;
PRJNA835414;07/07/2022;Distinctive exercise-induced inflammatory response and exerkine induction in skeletal muscle of people with type 2 diabetes;Distinctive exercise-induced inflammatory response and exerkine induction in skeletal muscle of people with type 2 diabetes;SRR19095789;SAMN28101088;T2D_101_basal [P7401_184];T2D_101_basal [P7401_184];GSM6107986;cDNA;TRANSCRIPTOMIC;RNA-Seq;mRNA was extracted by mirVana miRNA Isolation Kit (ThermoFisher Scientific AM1560). Libraries were generated with TruSeq Stranded total RNA kit (Illumina 20020597) and ribosomal RNA removed with Ribo-Zero Plus rRNA depletion kit (Illumina 20037135);PAIRED;;ILLUMINA;;;;;Vastus Lateralis;;;;;Illumina HiSeq 2500 sequencing: GSM6107986: T2D_101_basal [P7401_184] Homo sapiens RNA-Seq;muscle;;Muscle - Skeletal;;
PRJNA901461;02/02/2023;COVID-19 patient samples collected by the PREDICT-19 consortium;COVID-19 patient samples collected by the PREDICT-19 consortium;SRR22283276;SAMN31714435;Whole blood, healthy control, rep 55;Whole blood, healthy control, rep 55;;cDNA;TRANSCRIPTOMIC;RNA-Seq;Total RNA was isolated from whole blood samples stored and stabilized in PAXgene RNA tubes according to the manufacturer's guidelines (PreAnalytiX) Libraries were prepared with 300ng of total RNA per sample using the Illumina Stranded Total RNA Prep with Ribo-Zero Plus (RZP) as per manufacturer instructions (Illumina, CA, USA).;PAIRED;;ILLUMINA;;;;;Whole blood;;;;;Illumina NovaSeq 6000 sequencing: GSM7507794: Whole blood, COVID positive, rep 331 Homo sapiens RNA-Seq;;;Blood - Whole Blood;;
PRJNA908818;25/06/2023;Effect of cigarette smoking on gene expression of peripheral blood B cells and on transcriptome changes by naïve-to-memory B cell shift;Effect of cigarette smoking on gene expression of peripheral blood B cells and on transcriptome changes by naïve-to-memory B cell shift;SRR22532388;SAMN32045280;;;GSM6788574;cDNA;TRANSCRIPTOMIC;RNA-Seq;Granulocytes were isolated directly from whole blood using anti-CD15+ antibody–coated magnetic beads following the protocol (Invitrogen). Density gradient centrifugation using Histopaque-1077 Ficoll medium and Accuspin™ Tubes (Sigma-Aldrich) was used to isolate the mononuclear layer of CD19+ B cells using antibody-coated magnetic beads (Invitrogen). RNA was harvested using RNeasy mini plus kit (Qiagen). Aliquots of RNA (375 ng) were used to generate poly-adenylated RNA libraries with TruSeq Stranded Total RNA Ribo-Zero Human Gold kit (Illumina). Samples were indexed with NEXTfle-96 RNA-Seq Barcodes (Bioo-scientific, Austin, TX).;PAIRED;;ILLUMINA;;;;;;;;;;Illumina NovaSeq 6000 sequencing: GSM6788574: F067-1_Bcell_Smoker Homo sapiens RNA-Seq;some smokers;;Blood - Granulocyte;;
PRJNA914646;24/12/2023;Integrated Unbiased Multiomics Defines Disease-Independent Placental Clusters in Common Obstetrical Syndromes;;SRR22847394;SAMN32343569;MJ-0093;MJ-0093;=VLOOKUP($A20,[1]SRA_data!$A:$M,2,FALSE);Inverse rRNA;TRANSCRIPTOMIC;RNA-Seq;;PAIRED;;ILLUMINA;;;;;Placenta;;Control;;;Illumina NovaSeq 6000 sequencing: Control;;healthy;Placenta;;
PRJNA908818;25/06/2023;Effect of cigarette smoking on gene expression of peripheral blood B cells and on transcriptome changes by naïve-to-memory B cell shift;Effect of cigarette smoking on gene expression of peripheral blood B cells and on transcriptome changes by naïve-to-memory B cell shift;SRR22532390;SAMN32045282;;;GSM6788572;cDNA;TRANSCRIPTOMIC;RNA-Seq;Granulocytes were isolated directly from whole blood using anti-CD15+ antibody–coated magnetic beads following the protocol (Invitrogen). Density gradient centrifugation using Histopaque-1077 Ficoll medium and Accuspin™ Tubes (Sigma-Aldrich) was used to isolate the mononuclear layer of CD19+ B cells using antibody-coated magnetic beads (Invitrogen). RNA was harvested using RNeasy mini plus kit (Qiagen). Aliquots of RNA (375 ng) were used to generate poly-adenylated RNA libraries with TruSeq Stranded Total RNA Ribo-Zero Human Gold kit (Illumina). Samples were indexed with NEXTfle-96 RNA-Seq Barcodes (Bioo-scientific, Austin, TX).;PAIRED;;ILLUMINA;;;;;;;;;;Illumina NovaSeq 6000 sequencing: GSM6788572: F054-1_Bcell_Smoker Homo sapiens RNA-Seq;some smokers;;Blood - Granulocyte;;
PRJNA376161;25/01/2018;Coding and noncoding transcriptome sequencing of KRAS mutated colorectal tumors and adjacent tissues from cancer patients and KRAS mutated Aberrant Crypt Foci and matching normal crypts from healthy individuals [RNA-Seq];Homo sapiens;SRR5275312;SAMN06350935;RNA-seq on normal crypts, patient #245;RNA-seq on normal crypts, patient #245;;cDNA;TRANSCRIPTOMIC;RNA-Seq;CRYPTS: Laser Capture Microdissection of ACF and matched normal biopsies: an ArcturusXT Laser Capture Microdissection system was used to isolate a minimum of 1 mm2 of tissue (~10.000 cells) from 12 μm-thick frozen serial sections. For RNA extracted from ACF, depletion of rRNA was done using the RiboZero Magnetic Kit according to the “Protocol for Removal of rRNA from Small Amounts of Total RNA” (Clontech). Subsequently, dscDNA library preparation and amplification were done using the SMARTer Stranded RNA-Seq Kit (Clontech) according to the manufacturer's protocol.;SINGLE;;ILLUMINA;;;;;normal colonic crypt;;;;;Illumina HiSeq 2500 sequencing: GSM2496713: RNA-seq on normal crypts, patient #165 Homo sapiens RNA-Seq;;;Colon - Crypt of Lieberk�hn;;
PRJNA209081;15/04/2014;RNA-seq identifies novel transcript elements and transcript processing in the normal and failing hearts;Homo sapiens;SRR915777;SAMN02209940;control rep14;control rep14;;cDNA;TRANSCRIPTOMIC;RNA-Seq;RNA was extracted with Trizol (Invitrogen) and further purified on RNeasy columns (Qiagen) with on column DNase digestion. Ribosomal RNA was depleted using the RiboMinus kit (Invitrogen). 1 µg rRNA-depleted RNA was used for the construction of sequencing libraries Illumina RNA-seq libraries were prepared from rRNA-depleted samples using the standard Illumina protocol. SOLiD RNA-seq libraries were prepared from a pool of all of 15 ICM samples and a pool of all of 15 Ctrl samples using the standard SOLiD strand-specific library protocol.;PAIRED;;ILLUMINA;;;;;heart;;;;;Illumina Genome Analyzer II sequencing: GSM1171560: control rep12 Homo sapiens RNA-Seq;;;Heart;;
PRJNA312169;07/02/2017;Transcriptome profiling of human keratoconus corneas through RNA sequencing identifies collagen synthesis disruption and downregulation of core elements of TGF-ß, Hippo, and Wnt pathways;Homo sapiens;SRR3170113;SAMN04504427;KR_53;KR_53;;cDNA;TRANSCRIPTOMIC;RNA-Seq;The corneas were transferred to 400 µl of lysis solution (Norgen Biotek, Thorold, ON, Canada) in a 2-mL microtube with Lysing Matrix D (MP Biomedicals, Irvine, CA, USA) and homogenized using a FastPrep®-24 Instrument (MP Biomedicals). Further total RNA extraction and purification steps were performed according to the manufacturer’s instructions supplied with a Total RNA Purification Kit (Norgen Biotek). To maximize the removal of residual DNA that could affect downstream analyses, an on-column DNase I (Zymo Research, Irvine, CA, USA) treatment was performed. Libraries were prepared with a TruSeq Stranded Total RNA LT with Ribo-Zero™ Human/Mouse/Rat Kit (Illumina, San Diego, CA, USA) according to the manufacturer’s protocol, with slight modifications.;PAIRED;;ILLUMINA;;;;;cornea;;;;;Illumina HiSeq 1500 sequencing: GSM2061689: KR_53 Homo sapiens RNA-Seq;;;Eye - Cornea;;
PRJNA726237;17/11/2021;Ischemic heart disease selectively modifies the right atrial appendage transcriptome;Ischemic heart disease selectively modifies the right atrial appendage transcriptome;SRR14362358;SAMN18926166;(ICA)-positive IHD undergoing coronary artery bypass surgery, 10-04-15-JP;(ICA)-positive IHD undergoing coronary artery bypass surgery, 10-04-15-JP;;cDNA;TRANSCRIPTOMIC;RNA-Seq;During cardiac surgery, a biopsy sample of the RAA was collected from each patient. Tissue samples were collected at the cannulation site, the insertion site of the venous line for the heart–lung machine. Dissected biopsies were briefly washed in ice-cold sterile saline, cut into 0.5 cm thick tissue pieces, and immersed into 3 ml of RNAlater (Sigma Aldrich, Merck KGaA, Darmstadt, Germany) to inactivate RNAses and stabilize RNA. Samples were let to stabilize at +4°C for one day and stored at under -70°C until processing. Total RNA was isolated from RAA biopsies via initial ice-cold tissue homogenization using a Precellys 24 tissue homogenizer equipped with the Cryolys cooling option (Bertin Technologies SAS, Montigny-le-Bretonneux, France) followed by RNA isolation using combined QIAzol / chloroform extraction and Qiagen RNeasy mini spin column purification according to the manufacturer's instructions (Qiagen, Venlo, Netherlands). The sample RNA integrity number (RIN mean 7.95 ± 0.55 range 7.1–9.0) and total quantity (mean 3069.55 ± 1141.08 ng range 867.8–6855.0 ng) was evaluated in the Functional Genomics Unit (FuGU, University of Helsinki, Helsinki, Finland). Isolated total RNA was stored at under -70oC until sequencing. Ribosomal RNA was removed using the Ribo-ZeroTM Magnetic kit (Illumina Inc, San Diego, CA). RNA libraries were prepared for sequencing using standard Illumina protocols;PAIRED;;ILLUMINA;;;;;Heart (Atrial Appendage);;;;;Illumina HiSeq 4000 sequencing: GSM5271535: (ICA)-positive IHD undergoing coronary artery bypass surgery, 10-04-15-JP Homo sapiens RNA-Seq;;non-cancer disease;Heart - Atrial appendage;;
PRJNA263196;23/03/2015;RNA-Seq of the corpus callosum from 12 individuals;Homo sapiens;SRR1603664;SAMN03097502;RNA-seq of the corpus callosum #5163;RNA-seq of the corpus callosum #5163;;cDNA;TRANSCRIPTOMIC;RNA-Seq;Tissue blocks were provided from NICHD brain bank. Total RNA was extracted from flash frozen tissue samples using Trizol reagent. Then the total RNA was treated with RNase-Free DNase (Qiagen) followed by purification with RNeasy MinElute Cleanup Kit (Qiagen) following the manufacturer’s instructions. 2 µg of total RNA each sample was subject to RNA-seq library preparation with ScriptSeq™ Complete Gold Kit from Epicentre (Cat. # SCL24EP, Madison, WI) following the manufacturer’s instructions. In brief, ribosomal RNA was depleted from total RNA using Ribo-Zero magnetic beads, then the ribosomal RNA depleted RNA was purified and fragmented. Random primer tailed with Illumina adaptor was used to perform reverse transcription to get cDNA library. Adaptor sequence was added to the other end of cDNA library with a Terminal-Tagging step. cDNA library was amplified with Illumina primers provided with this kit. The product was size selected (350~500 bp) from 2% agarose E-gels (Invitrogen) and sequenced in 1 lane per sample on Illumina’s HiSeq 2000 platform.;PAIRED;;ILLUMINA;;;;;frozen postmortem brain from NICHD;;;;;Illumina HiSeq 2000 sequencing: GSM1519619: RNA-seq of the corpus callosum #5163 Homo sapiens RNA-Seq;;postmortem;Brain - Corpus Callosum;;
PRJNA695543;01/02/2021;Transcriptome analysis discloses dysregulated genes in normal appearing tumor-adjacent thyroid tissues from patients with papillary thyroid carcinoma;Transcriptome analysis discloses dysregulated genes in normal appearing tumor-adjacent thyroid tissues from patients with papillary thyroid carcinoma;SRR13572958;SAMN17616030;N Rep47;N Rep47;;cDNA;TRANSCRIPTOMIC;RNA-Seq;Total RNA was isolated using TRIzol reagent (Invitrogen) according to the manufacturer's instructions. The purity of extracted RNA was measured using a NanoDrop ND-1000 spectrophotometer (NanoDrop Technologies, Inc., Wilmington, DE) and the concentration was assessed with Qubit 2.0 Fluorometer (Agilent Technologies, Santa Clara, CA) using an RNA HS Assay Kit. Samples with RNA Integrity Number (RIN) greater than 4 as assessed by a BioAnalyzer (Agilent) with no visible sign of genomic DNA contamination from the HS Nanochip tracings were used for total RNA library generation. RNA-seq libraries were prepared using the Illumina TruSeq Stranded Total RNA Sample Prep Kit with Ribo-Zero Gold (catalog #RS-122-2201) according to the manufacturer protocol. The sequencing was performed in paired end manner, generating 2 X 100 bp paired-end reads using the Illumina HiSeq 2500 system. Pre-alignment data QC were assessed with FastQC. Post-alignment data quality was assessed with an in-house quality control pipeline/database for RNA-seq database (14). RNA-seq data were trimmed for any adapter sequences using Adapter Removal (15).;PAIRED;;ILLUMINA;;;;;"Normal appearing thyroid tissue adjacent to PTC tumor;Thyroid";;;;;Illumina HiSeq 2500 sequencing: GSM5048744: T Rep1 Homo sapiens RNA-Seq;;tumor-adjacent;Thyroid Gland;;
PRJNA914646;24/12/2023;Integrated Unbiased Multiomics Defines Disease-Independent Placental Clusters in Common Obstetrical Syndromes;;SRR22925397;SAMN32490936;Human sample from Homo sapiens;Human sample from Homo sapiens;TP19.B4356;Inverse rRNA;TRANSCRIPTOMIC;RNA-Seq;;PAIRED;;ILLUMINA;;;;;Placenta;;Control;;;Illumina NovaSeq 6000 sequencing: Control;;healthy;Placenta;;
PRJEB43164;21/05/2023;Bulk RNA-seq of paired human brown and white adipocytes;Bulk RNA-seq of paired human brown and white adipocytes;ERR5320469;SAMEA8103245;92_B_0;Protocols: Human adipose tissue was obtained from the central compartment of the neck, superior to the clavicle and deep to the lateral thyroid lobe either adjacent to the longus colli muscle or to the oesophagus (brown adipose tissue BAT) and more superficially from the subcutaneous neck tissue (white adipose tissue WAT). The stromal vascular fraction was isolated and cultured as described (Ramage, Akyol et al. 2016 doi: 10.1016/j.cmet.2016.06.011). Following differentiation, cells were cultured in serum-stripped medium for 48 hours prior to RNA extraction and subsequent bulk RNA-seq. Sample 91 – age (years): 41 sex: female height (m): 1.52 weight (Kg): 63.5 BMI (kg/m2): 27.48 Sample 92 – age (years): 59 sex: female height (m): 1.57 weight (Kg): 60.4 BMI (kg/m2): 24.50 Sample 93 – age (years): 52 sex: female height (m): 1.70 weight (Kg): 114 BMI (kg/m2): 39.45 Sample 95 – age (years): 50 sex: female height (m): 1.72 weight (Kg): 66 BMI (kg/m2): 22.31 Total RNA samples were assessed on the Agilent Bioanalyser (Agilent Technologies, #G2939AA) with the RNA 6000 Nano Kit (#5067-1511) for quality and integrity of total RNA. Samples were DNase-treated using the TURBO DNA-free™ kit (Thermo Fisher, #AM1907) and then quantified using the Qubit 2.0 Fluorometer (Thermo Fisher Scientific Inc, #Q32866) and the Qubit RNA BR assay kit (#Q10210), and assessed for residual DNA contamination using the Qubit dsDNA HS assay Kit (catalogue # Q32851). Libraries were prepared from each TURBO™ DNase treated total-RNA sample using the TruSeq Stranded Total RNA with Ribo-Zero kit (#RS-122-2201) according to the provided protocol. 100ng of total-RNA was processed to deplete rRNA before being purified, fragmented and primed with random hexamers. Primed RNA fragments were reverse transcribed into first strand cDNA using reverse transcriptase and random primers. RNA templates were removed and a replacement strand synthesised incorporating dUTP in place of dTTP to generate ds cDNA. AMPure XP beads (Beckman Coulter, #A63881) were then used to separate the ds cDNA from the second strand reaction mix, providing blunt-ended cDNA. A single 'A' nucleotide was added to the 3' ends of the blunt fragments to prevent them from ligating to another during the subsequent adapter ligation reaction, and a corresponding single 'T' nucleotide on the 3' end of the adapter provided a complementary overhang for ligating the adapter to the fragment. Multiple indexing adapters were then ligated to the ends of the ds cDNA to prepare them for hybridisation onto a flow cell, before 15 cycles of PCR were used to selectively enrich those DNA fragments that had adapter molecules on both ends and amplify the amount of DNA in the library suitable for sequencing. Libraries were quantified using the Qubit dsDNA HS kit and by PCR using the Kapa Universal Illumina Library Quantification kit complete kit (#KK4824) and assessed for quality using the Agilent Bioanalyser with the DNA HS Kit.;92_B_0_p;RT-PCR;GENOMIC;RNA-Seq;Human adipose tissue was obtained from the central compartment of the neck, superior to the clavicle and deep to the lateral thyroid lobe either adjacent to the longus colli muscle or to the oesophagus (brown adipose tissue BAT) and more superficially from the subcutaneous neck tissue (white adipose tissue WAT). The stromal vascular fraction was isolated and cultured as described (Ramage, Akyol et al. 2016 doi: 10.1016/j.cmet.2016.06.011). Following differentiation, cells were cultured in serum-stripped medium for 48 hours prior to RNA extraction and subsequent bulk RNA-seq. Sample 91 – age (years): 41 sex: female height (m): 1.52 weight (Kg): 63.5 BMI (kg/m2): 27.48 Sample 92 – age (years): 59 sex: female height (m): 1.57 weight (Kg): 60.4 BMI (kg/m2): 24.50 Sample 93 – age (years): 52 sex: female height (m): 1.70 weight (Kg): 114 BMI (kg/m2): 39.45 Sample 95 – age (years): 50 sex: female height (m): 1.72 weight (Kg): 66 BMI (kg/m2): 22.31 Total RNA samples were assessed on the Agilent Bioanalyser (Agilent Technologies, #G2939AA) with the RNA 6000 Nano Kit (#5067-1511) for quality and integrity of total RNA. Samples were DNase-treated using the TURBO DNA-free™ kit (Thermo Fisher, #AM1907) and then quantified using the Qubit 2.0 Fluorometer (Thermo Fisher Scientific Inc, #Q32866) and the Qubit RNA BR assay kit (#Q10210), and assessed for residual DNA contamination using the Qubit dsDNA HS assay Kit (catalogue # Q32851). Libraries were prepared from each TURBO™ DNase treated total-RNA sample using the TruSeq Stranded Total RNA with Ribo-Zero kit (#RS-122-2201) according to the provided protocol. 100ng of total-RNA was processed to deplete rRNA before being purified, fragmented and primed with random hexamers. Primed RNA fragments were reverse transcribed into first strand cDNA using reverse transcriptase and random primers. RNA templates were removed and a replacement strand synthesised incorporating dUTP in place of dTTP to generate ds cDNA. AMPure XP beads (Beckman Coulter, #A63881) were then used to separate the ds cDNA from the second strand reaction mix, providing blunt-ended cDNA. A single 'A' nucleotide was added to the 3' ends of the blunt fragments to prevent them from ligating to another during the subsequent adapter ligation reaction, and a corresponding single 'T' nucleotide on the 3' end of the adapter provided a complementary overhang for ligating the adapter to the fragment. Multiple indexing adapters were then ligated to the ends of the ds cDNA to prepare them for hybridisation onto a flow cell, before 15 cycles of PCR were used to selectively enrich those DNA fragments that had adapter molecules on both ends and amplify the amount of DNA in the library suitable for sequencing. Libraries were quantified using the Qubit dsDNA HS kit and by PCR using the Kapa Universal Illumina Library Quantification kit complete kit (#KK4824) and assessed for quality using the Agilent Bioanalyser with the DNA HS Kit.;PAIRED;;ILLUMINA;;;;;;;;;;NextSeq 550 sequencing: Bulk RNA-seq of paired human brown and white adipocytes;;cultured cells;Adipose - Subcutaneous;;
PRJNA318642;11/08/2016;Transcriptome profiling of the human dorsal striatum in bipolar disorder;Homo sapiens;SRR3393523;SAMN04859306;bipolar-30;bipolar-30;;cDNA;TRANSCRIPTOMIC;RNA-Seq;Frozen postmortem dorsal striatum samples were transferred to RNAlater-ICE (Ambion) and stored at -20C upon receipt. Total RNA was extracted from dissected caudate-putamen tissue by Trizol (Life Technologies), column-purified by the RNeasy Lipid Tissue Kit (Qiagen) and treated with the Turbo DNA-free Kit (Life Technologies). RNA samples were assayed on the BioAnalyzer (Agilent, Santa Clara, CA) to obtain RNA integrity number (RIN) values. Ribosomal RNA (rRNA) was depleted from samples using the RiboMinus Eukaryote Kit v2 (Life Technologies). Strand-specific cDNA libraries were made using the Next Ultra Directional RNA Library Prep Kit (NEB) and sequenced on the Illumina HiSeq2000.;SINGLE;;ILLUMINA;;;;;;;;;;Illumina HiSeq 2000 sequencing: GSM2124769: bipolar-30 Homo sapiens RNA-Seq;;postmortem;Brain - Dorsal Striatum;;
PRJNA637378;27/01/2021;Non-CG methylation and multiple epigenetic layers associate child abuse with immune and small GTPase dysregulation;Non-CG methylation and multiple epigenetic layers associate child abuse with immune and small GTPase dysregulation;SRR13485942;SAMN17384685;Anterior Cingulate cortex, sbb19, RNAseq;Anterior Cingulate cortex, sbb19, RNAseq;;cDNA;TRANSCRIPTOMIC;RNA-Seq;TrueSeq Stranded Total RNA Sample Preparation + Ribo-Zero Gold kits (Illumina);PAIRED;;ILLUMINA;;;;;Anterior Cingulate cortex (human brain tissue);;;;;Illumina HiSeq 2000 sequencing: GSM5026566: Anterior Cingulate cortex, sbb19, RNAseq Homo sapiens RNA-Seq;;;Brain - Anterior cingulate cortex;;
PRJNA716181;27/02/2023;Transcriptome sequencing data of tumors and paired adjacent tissues from HCC patients;Transcriptome sequencing data of tumors and paired adjacent tissues from HCC patients;SRR14027924;SAMN18397086;RNA_P11PN;RNA_P11PN;;cDNA;TRANSCRIPTOMIC;RNA-Seq;Samples were treated with 1mL TRIzol reagent according to manufacturer's instructions. Nanodrop ND-1000 was used for RNA density/purity detection. Agilent BioAnalyzer 2100 was used for RNA quality control. rRNA depletion was conducted before RNA-seq library preparation using TruSeq Stranded Total RNA Library Prep Kit. The libraries were constructed using TruSeq Stranded Total RNA with Ribo-Zero Gold according to the manufacturer's instructions.;PAIRED;;ILLUMINA;;;;;Adjacent tissue;;;;;Illumina HiSeq 2500 sequencing: GSM5194566: RNA_P11PN Homo sapiens RNA-Seq;;tumor-adjacent;Liver;;
PRJNA450845;18/06/2019;Genome-wide expression from the esophageal biopsies of subjects with and without eosinophilic esophagitis;Genome-wide expression from the esophageal biopsies of subjects with and without eosinophilic esophagitis;SRR7030500;SAMN08949710;12-CB2392-1150H;12-CB2392-1150H;;cDNA;TRANSCRIPTOMIC;RNA-Seq;Esophageal biopsy RNA was isolated from distal esophageal biopsy RNA from EoE patients with active disease and from unaffected controls using a Qiagen kit. Libraries were prepared for sequencign using TruSeq Stranded Total RNA Library Prep Kit with Ribo-Zero. RiboZero RNA-Seq dUTP;PAIRED;;ILLUMINA;;;;;;;;;;Illumina HiSeq 2500 sequencing: GSM3103963: 12-CB2392-1150H Homo sapiens RNA-Seq;;;Esophagus;;
PRJNA765370;27/11/2021;RNA-seq of HPV-negative Oral Squamous Cell Carcinoma Patients;RNA-seq of HPV-negative Oral Squamous Cell Carcinoma Patients;SRR16013051;SAMN21555489;OSCC_3-N;OSCC_3-N;;cDNA;TRANSCRIPTOMIC;RNA-Seq;Nucleic acids were extracted fresh frozen OSCC tissue and matched normal (oral mucosa) using the Qiagen AllPrep Kit (Qiagen, Germantown, Maryland, USA) in accordance with the manufacturer's instructions with purification of DNA and RNA from the same sample. TruSeq Stranded Total RNA with Ribo-Zero Gold (Human, Mouse, Rat) ribosomal depletion;PAIRED;;ILLUMINA;;;;;oral mucosa;;;;;Illumina NovaSeq 6000 sequencing: GSM5593751: OSCC_3-N Homo sapiens RNA-Seq;;tumor-adjacent;Mouth - Mucosa;;
PRJNA454694;09/02/2019;Sequencing based maternal whole blood expression changes with gestational age and labor in normal pregnancy;Sequencing based maternal whole blood expression changes with gestational age and labor in normal pregnancy;SRR7094261;SAMN09011927;Sample_14 [RNA-seq];Sample_14 [RNA-seq];;cDNA;TRANSCRIPTOMIC;RNA-Seq;RNA was isolated from  PAXgene® Blood RNA collection tube (BD 762165) as described in the PAXgene® Blood miRNA Kit Handbook (December, 2015). Purified RNA was quantified by UV spectrophotometry using the DropSense96® Microplate Spectrophotometer (Trinean) and quality assessed by microfluidics using the RNA ScreenTape on the Agilent 2200 TapeStation. Starting with 500 ng of total RNA, cDNA library templates were synthesized using the Illumina TruSeq® Stranded Total RNA LT (Set A) Kit with Ribo-Zero Globin rRNA reduction, as described in the TruSeq® Stranded Total RNA Sample Preparation Guide (Rev. E, October 2013). Libraries were validated using the HS D1000 ScreenTape on the Agilent 2200 TapeStation, and quantified on the Qubit® 2.0 Fluorometer by the Qubit® dsDNA HS Assay (ThermoFisher). The Illumina HiSeq 2500 instrument was used to cluster the samples onto the flow cell. The pools were put on at 10pM and run in rapid mode at 2×100 paired end. Illumina HiSeq Rapid PE Cluster kit V2 and HiSeq Rapid SBS kit v2 200 cycles was used.;PAIRED;;ILLUMINA;;;;;;;;;;Illumina HiSeq 2500 sequencing: GSM3124793: Sample_14 [RNA-seq] Homo sapiens RNA-Seq;;;Blood - Whole blood;;
PRJNA486023;14/03/2019;Fudan University Shanghai Cancer Center Triple Negative Breast Cancer (FUSCCTNBC);Homo sapiens;SRR8518306;SAMN09836913;Human sample from Homo sapiens;Human sample from Homo sapiens;Lib_FUSCCTNBC023.PT;Inverse rRNA;TRANSCRIPTOMIC;RNA-Seq;;PAIRED;;ILLUMINA;;;;;Paired normal breast tissue;;FUSCCTNBC023;;;HiSeq X Ten sequencing: RNAseq of Homo sapiens: triple negative breast cancer from FUSCCTNBC project;;tumor-adjacent;Breast;;
PRJNA997353;22/12/2023;Race-specific coregulatory and transcriptomic profiles associated with DNA methylation and androgen receptor in prostate cancer [RNA-Seq];Race-specific coregulatory and transcriptomic profiles associated with DNA methylation and androgen receptor in prostate cancer [RNA-Seq];SRR25387859;SAMN36678744;PT-00194498_NT_EA;PT-00194498_NT_EA;GSM7657534;cDNA;TRANSCRIPTOMIC;RNA-Seq;Illumina TruSeq Stranded Total RNA Library Prep Kit with Ribo-Zero Gol RNA libraries were prepared for sequencing using standard Illumina protocols;PAIRED;;ILLUMINA;;;;;prostate;;;;;Illumina HiSeq 2500 sequencing: GSM7657534: PT-00194498_NT_EA Homo sapiens RNA-Seq;;tumor-adjacent;Prostate;;
PRJNA637378;27/01/2021;Non-CG methylation and multiple epigenetic layers associate child abuse with immune and small GTPase dysregulation;Non-CG methylation and multiple epigenetic layers associate child abuse with immune and small GTPase dysregulation;SRR13485933;SAMN17384644;Anterior Cingulate cortex, sbb10, RNAseq;Anterior Cingulate cortex, sbb10, RNAseq;;cDNA;TRANSCRIPTOMIC;RNA-Seq;TrueSeq Stranded Total RNA Sample Preparation + Ribo-Zero Gold kits (Illumina);PAIRED;;ILLUMINA;;;;;Anterior Cingulate cortex (human brain tissue);;;;;Illumina HiSeq 2000 sequencing: GSM5026557: Anterior Cingulate cortex, sbb10, RNAseq Homo sapiens RNA-Seq;;;Brain - Anterior cingulate cortex;;
PRJNA209081;15/04/2014;RNA-seq identifies novel transcript elements and transcript processing in the normal and failing hearts;Homo sapiens;SRR915769;SAMN02209932;control rep6;control rep6;;cDNA;TRANSCRIPTOMIC;RNA-Seq;RNA was extracted with Trizol (Invitrogen) and further purified on RNeasy columns (Qiagen) with on column DNase digestion. Ribosomal RNA was depleted using the RiboMinus kit (Invitrogen). 1 µg rRNA-depleted RNA was used for the construction of sequencing libraries Illumina RNA-seq libraries were prepared from rRNA-depleted samples using the standard Illumina protocol. SOLiD RNA-seq libraries were prepared from a pool of all of 15 ICM samples and a pool of all of 15 Ctrl samples using the standard SOLiD strand-specific library protocol.;PAIRED;;ILLUMINA;;;;;heart;;;;;Illumina Genome Analyzer II sequencing: GSM1171555: control rep7 Homo sapiens RNA-Seq;;;Heart;;
PRJNA486023;14/03/2019;Fudan University Shanghai Cancer Center Triple Negative Breast Cancer (FUSCCTNBC);Homo sapiens;SRR8518275;SAMN09837001;Human sample from Homo sapiens;Human sample from Homo sapiens;Lib_FUSCCTNBC130.PT;Inverse rRNA;TRANSCRIPTOMIC;RNA-Seq;;PAIRED;;ILLUMINA;;;;;Paired normal breast tissue;;FUSCCTNBC130;;;HiSeq X Ten sequencing: RNAseq of Homo sapiens: triple negative breast cancer from FUSCCTNBC project;;tumor-adjacent;Breast;;
PRJNA901461;02/02/2023;COVID-19 patient samples collected by the PREDICT-19 consortium;COVID-19 patient samples collected by the PREDICT-19 consortium;SRR22283242;SAMN31714294;Whole blood, healthy control, rep 21;Whole blood, healthy control, rep 21;;cDNA;TRANSCRIPTOMIC;RNA-Seq;Total RNA was isolated from whole blood samples stored and stabilized in PAXgene RNA tubes according to the manufacturer's guidelines (PreAnalytiX) Libraries were prepared with 300ng of total RNA per sample using the Illumina Stranded Total RNA Prep with Ribo-Zero Plus (RZP) as per manufacturer instructions (Illumina, CA, USA).;PAIRED;;ILLUMINA;;;;;Whole blood;;;;;Illumina NovaSeq 6000 sequencing: GSM7507689: Whole blood, COVID positive, rep 226 Homo sapiens RNA-Seq;;;Blood - Whole Blood;;
PRJEB59710;17/02/2023;RNA-seq of human post-mortem brain tissue of the frontal lobe from patients with FTD and healthy controls;RNA-seq of human post-mortem brain tissue of the frontal lobe from patients with FTD and healthy controls;ERR10851971;SAMEA112484876;rimod51;Protocols: The brain samples and/or bio samples were obtained from the Netherlands Brain Bank, Netherlands Institute for Neuroscience, Amsterdam (open access: www.brainbank.nl). All Material has been collected from donors for or from whom a written informed consent for a brain autopsy and the use of the material and clinical information for research purposes had been obtained by the NBB. Additional samples were provided by the Queen Square Brain Bank of Neurological Disorders and MRC, King College London. We complied to all relevant regulations of the mentioned brain banks for the work with these samples. Total RNA for RNA-seq was isolated from ±100mg of frozen brain tissue with TRIzol reagent (Thermo Fischer Scientific) according to the manufacturer recommendation, followed by purification with the RNeasy mini columns (Qiagen) after DNAse treatment.  Total RNA-seq libraries were prepared from 1 microgram of total RNA from frozen brain tissue using the TruSeq Stranded Total RNA with Ribo-Zero Gold kit (Illumina) according to the protocol specifications.;rimod51_p;PCR;TRANSCRIPTOMIC;RNA-Seq;The brain samples and/or bio samples were obtained from the Netherlands Brain Bank, Netherlands Institute for Neuroscience, Amsterdam (open access: www.brainbank.nl). All Material has been collected from donors for or from whom a written informed consent for a brain autopsy and the use of the material and clinical information for research purposes had been obtained by the NBB. Additional samples were provided by the Queen Square Brain Bank of Neurological Disorders and MRC, King College London. We complied to all relevant regulations of the mentioned brain banks for the work with these samples. Total RNA for RNA-seq was isolated from ±100mg of frozen brain tissue with TRIzol reagent (Thermo Fischer Scientific) according to the manufacturer recommendation, followed by purification with the RNeasy mini columns (Qiagen) after DNAse treatment.  Total RNA-seq libraries were prepared from 1 microgram of total RNA from frozen brain tissue using the TruSeq Stranded Total RNA with Ribo-Zero Gold kit (Illumina) according to the protocol specifications.;PAIRED;;ILLUMINA;;;;;;;;;;Illumina HiSeq 2500 sequencing: RNA-seq of human post-mortem brain tissue of the frontal lobe from patients with FTD and healthy controls;;postmortem;Brain - Frontal lobe;;
PRJNA908818;25/06/2023;Effect of cigarette smoking on gene expression of peripheral blood B cells and on transcriptome changes by naïve-to-memory B cell shift;Effect of cigarette smoking on gene expression of peripheral blood B cells and on transcriptome changes by naïve-to-memory B cell shift;SRR22532370;SAMN32045263;;;GSM6788591;cDNA;TRANSCRIPTOMIC;RNA-Seq;Granulocytes were isolated directly from whole blood using anti-CD15+ antibody–coated magnetic beads following the protocol (Invitrogen). Density gradient centrifugation using Histopaque-1077 Ficoll medium and Accuspin™ Tubes (Sigma-Aldrich) was used to isolate the mononuclear layer of CD19+ B cells using antibody-coated magnetic beads (Invitrogen). RNA was harvested using RNeasy mini plus kit (Qiagen). Aliquots of RNA (375 ng) were used to generate poly-adenylated RNA libraries with TruSeq Stranded Total RNA Ribo-Zero Human Gold kit (Illumina). Samples were indexed with NEXTfle-96 RNA-Seq Barcodes (Bioo-scientific, Austin, TX).;PAIRED;;ILLUMINA;;;;;;;;;;Illumina NovaSeq 6000 sequencing: GSM6788591: F169-1_Bcell_nonSmoker Homo sapiens RNA-Seq;some smokers;;Blood - Granulocyte;;
PRJNA997353;22/12/2023;Race-specific coregulatory and transcriptomic profiles associated with DNA methylation and androgen receptor in prostate cancer [RNA-Seq];Race-specific coregulatory and transcriptomic profiles associated with DNA methylation and androgen receptor in prostate cancer [RNA-Seq];SRR25387903;SAMN36678779;PT-00235411_NT_AA;PT-00235411_NT_AA;GSM7657499;cDNA;TRANSCRIPTOMIC;RNA-Seq;Illumina TruSeq Stranded Total RNA Library Prep Kit with Ribo-Zero Gol RNA libraries were prepared for sequencing using standard Illumina protocols;PAIRED;;ILLUMINA;;;;;prostate;;;;;Illumina HiSeq 2500 sequencing: GSM7657499: PT-00235411_NT_AA Homo sapiens RNA-Seq;;tumor-adjacent;Prostate;;
PRJNA742971;12/11/2022;A resource for integrated genomic analysis of the human liver;A resource for integrated genomic analysis of the human liver;SRR15013593;SAMN19988443;SJLB390;SJLB390;;cDNA;TRANSCRIPTOMIC;RNA-Seq;Total RNA was extracted from tissue homogenized in TRIzol reagent, followed by Qiagen RNAeasy cleanup mRNA libraries were prepared using the Illuminia TruSeq Stranded Total RNA with Ribo-Zero protocol;PAIRED;;ILLUMINA;;;;;liver;;;;;Illumina HiSeq 2000 sequencing: GSM5412228: SJLB390 Homo sapiens RNA-Seq;check ribozero;likely postmportem;Liver;;
PRJNA933170;27/02/2023;Activity-dependent gene expression in the human brain;Activity-dependent gene expression in the human brain;SRR23384966;SAMN33227584;BulkRNABaseline1;BulkRNABaseline1;GSM7036188;cDNA;TRANSCRIPTOMIC;RNA-Seq;Bulk RNA-seq Total RNA was extracted from sampled human brains using miRNeasy Mini Kite and homogenized in Qiazol using stainless steel beads. Chloroform was then used for phase separation. RNA containing an aqueous layer was further purified using the RNeasy MinElute spin column. RNA was finally eluted in RNase-free water. For bulk RNA-seq librairies were prepared using Ribo-Zero gold sample preparation kit. Library concentrations were measured using KAPA Illumina Library Quantification Kit. Polled libraries were sequenced on Illumina NovaSeq6000 sequencer with 150-bp Paired-End chemistry.;PAIRED;;ILLUMINA;;;;;brain anterior temporal lobe;;;;;Illumina NovaSeq 6000 sequencing: GSM7036188: BulkRNABaseline1 Homo sapiens RNA-Seq;epilepsy;non-cancer disease;Brain - Temporal lobe;;
PRJNA263196;23/03/2015;RNA-Seq of the corpus callosum from 12 individuals;Homo sapiens;SRR1603666;SAMN03097504;RNA-seq of the corpus callosum #5242;RNA-seq of the corpus callosum #5242;;cDNA;TRANSCRIPTOMIC;RNA-Seq;Tissue blocks were provided from NICHD brain bank. Total RNA was extracted from flash frozen tissue samples using Trizol reagent. Then the total RNA was treated with RNase-Free DNase (Qiagen) followed by purification with RNeasy MinElute Cleanup Kit (Qiagen) following the manufacturer’s instructions. 2 µg of total RNA each sample was subject to RNA-seq library preparation with ScriptSeq™ Complete Gold Kit from Epicentre (Cat. # SCL24EP, Madison, WI) following the manufacturer’s instructions. In brief, ribosomal RNA was depleted from total RNA using Ribo-Zero magnetic beads, then the ribosomal RNA depleted RNA was purified and fragmented. Random primer tailed with Illumina adaptor was used to perform reverse transcription to get cDNA library. Adaptor sequence was added to the other end of cDNA library with a Terminal-Tagging step. cDNA library was amplified with Illumina primers provided with this kit. The product was size selected (350~500 bp) from 2% agarose E-gels (Invitrogen) and sequenced in 1 lane per sample on Illumina’s HiSeq 2000 platform.;PAIRED;;ILLUMINA;;;;;frozen postmortem brain from NICHD;;;;;Illumina HiSeq 2000 sequencing: GSM1519621: RNA-seq of the corpus callosum #5242 Homo sapiens RNA-Seq;;postmortem;Brain - Corpus Callosum;;
PRJNA726237;17/11/2021;Ischemic heart disease selectively modifies the right atrial appendage transcriptome;Ischemic heart disease selectively modifies the right atrial appendage transcriptome;SRR14362357;SAMN18926167;(ICA)-positive IHD undergoing coronary artery bypass surgery, 10-02-15-RL;(ICA)-positive IHD undergoing coronary artery bypass surgery, 10-02-15-RL;;cDNA;TRANSCRIPTOMIC;RNA-Seq;During cardiac surgery, a biopsy sample of the RAA was collected from each patient. Tissue samples were collected at the cannulation site, the insertion site of the venous line for the heart–lung machine. Dissected biopsies were briefly washed in ice-cold sterile saline, cut into 0.5 cm thick tissue pieces, and immersed into 3 ml of RNAlater (Sigma Aldrich, Merck KGaA, Darmstadt, Germany) to inactivate RNAses and stabilize RNA. Samples were let to stabilize at +4°C for one day and stored at under -70°C until processing. Total RNA was isolated from RAA biopsies via initial ice-cold tissue homogenization using a Precellys 24 tissue homogenizer equipped with the Cryolys cooling option (Bertin Technologies SAS, Montigny-le-Bretonneux, France) followed by RNA isolation using combined QIAzol / chloroform extraction and Qiagen RNeasy mini spin column purification according to the manufacturer's instructions (Qiagen, Venlo, Netherlands). The sample RNA integrity number (RIN mean 7.95 ± 0.55 range 7.1–9.0) and total quantity (mean 3069.55 ± 1141.08 ng range 867.8–6855.0 ng) was evaluated in the Functional Genomics Unit (FuGU, University of Helsinki, Helsinki, Finland). Isolated total RNA was stored at under -70oC until sequencing. Ribosomal RNA was removed using the Ribo-ZeroTM Magnetic kit (Illumina Inc, San Diego, CA). RNA libraries were prepared for sequencing using standard Illumina protocols;PAIRED;;ILLUMINA;;;;;Heart (Atrial Appendage);;;;;Illumina HiSeq 4000 sequencing: GSM5271534: (ICA)-positive IHD undergoing coronary artery bypass surgery, 10-02-15-RL Homo sapiens RNA-Seq;;non-cancer disease;Heart - Atrial appendage;;
PRJNA939148;09/07/2023;Transcriptomes of human primary skin fibroblasts reveal age-associated mRNAs and long noncoding RNAs;Transcriptomes of human primary skin fibroblasts reveal age-associated mRNAs and long noncoding RNAs;SRR23630211;SAMN33458062;SKIN_AGE45_M_GR2_Gt030;SKIN_AGE45_M_GR2_Gt030;GSM7067597;cDNA;TRANSCRIPTOMIC;RNA-Seq;After expansion, total RNA was isolated using the Direct-zolTM RNA MiniPrep kit (Zymo Research) following the manufacturer's instruction. Ribo-RNA depletion with Low Input RiboMinus Eukaryote System v2 (Thermo Fisher Scientific). Ribo-RNA-depleted samples were then used for cDNA synthesis with Ovation® RNA-Seq System V2 (Nugen) following the manufacturer's protocol. Following cDNA fragmentation and size selection, libraries were prepared using Illumina TruSeq ChIP Library Preparation Kit (Illumina) according to manufacturer's protocol.;PAIRED;;ILLUMINA;;;primary skin fibroblasts;;;;;;;Illumina NovaSeq 6000 sequencing: GSM7067597: SKIN_AGE45_M_GR2_Gt030 Homo sapiens RNA-Seq;;;Cells - Cultured fibroblasts;;
PRJNA817436;24/12/2023;Exercise-induced Crosstalk between Immune Cells and Adipocytes in Humans: Role of Oncostatin-M;Exercise-induced Crosstalk between Immune Cells and Adipocytes in Humans: Role of Oncostatin-M;SRR18363140;SAMN26788781;32_PRE;32_PRE;GSM5960665;cDNA;TRANSCRIPTOMIC;RNA-Seq;Approximately 30 mg of adipose tissue was used for RNA extraction. Tissues were homogenized using TissueLyser (Qiagen) in 1 mL TRIzol (Sigma-Aldrich). Chloroform was added, samples were mixed, subjected to centrifugation, and the aqueous phase was transferred to a new tube. Thereafter, 1:1 70% ethanol was added, and the total volume was loaded on silica-membrane columns. RNA extraction was performed using a commercially available kit (Rneasy lipid tissue kit, Qiagen). RNA concentration and purity were assessed by absorbance at 260 and 280 nm using NanoDrop One (Thermo Fisher Scientific, Waltham, MA). Aliquots of RNA (300 ng) were analyzed using the Illumina TruSeq Stranded Total RNA with Ribo-Zero Gold protocol (Illumina) as described (ref). Ribosomal RNA was removed from the sample using 35 μl of rRNA removal beads (Illumina) on a magnetic plate followed by cleanup of the ribosomal-depleted RNA with 193 μl of Agencourt RNAClean XP beads (Beckman Coulter), 70% ethanol wash, and elution into 10 μl elution buffer (Illumina). The RNA sample was fragmented for 4 min at 94°C in Elute, Prime, Fragment High Mix (Illumina) and then subjected to first-strand cDNA synthesis with 1 μl of Superscript III reverse transcriptase (Life Technologies) per sample using a thermocycler programmed to 25°C for 10 min, 50°C for 15 min, and 70°C for 15 min. Second-strand cDNA was synthesized by addition of Second-Strand Marking Master Mix, and samples were incubated at 16°C for 60 min. Samples were subjected to another bead cleanup before A-tailing and ligation of adapters as per kit instructions (Illumina). Following a third bead cleanup, samples were enriched for DNA fragments by amplification using the Illumina polymerase chain reaction (PCR) Primer Cocktail and PCR Master Mix, subjected to 98°C for 30 min, followed by a predefined cycle (98°C for 10 s, 60°C for 30 s, and 72°C for 30 s) that was repeated 3 to 15 times, on the basis of each individual sample, and finally incubated for 5 min at 72°C. Samples were cleaned and validated for DNA concentration using the Qubit dsDNA HS assay kit (Invitrogen) and for base pair size and purity using the Agilent High Sensitivity DNA chip and Bioanalyzer instrument. 38-bp paired-end sequencing on a NextSeq500;PAIRED;;ILLUMINA;;;;;Adipose tissue biopsy;;;;;NextSeq 500 sequencing: GSM5960665: 32_PRE Homo sapiens RNA-Seq;;;Adipose;;
PRJNA342787;06/10/2016;Transcriptional profiling of Myotonic dystrophy muscle and heart;Homo sapiens;SRR4240815;SAMN05768097;Tibialis_Control_2;Tibialis_Control_2;;cDNA;TRANSCRIPTOMIC;RNA-Seq;Frozen tissue samples were lysed using a homogenizer in Trizol. Chloroform was added and mixed, and the aqueous layer was added to isopropanol to precipitate RNA. The RNA was then cleaned up on RNeasy columns (Qiagen) with on column DNase treatment. Strand-specific libraries (using dUTP incorporation during reverse transcription, and USER treatment prior to PCR) were prepared using standard protocols. RNA was first fragmented, and then ribosomal RNA was subtracted using ribo-zero beads from Epicentre Biotechnologies. Reverse transcription was performed using random primers, followed by 2nd strand cDNA synthesis, end repair, adenylation, and ligation of adapters. Products were run on agarose, size selected, and then subjected to 14-18 cycles of PCR.;PAIRED;;ILLUMINA;;;;;Tibialis anterior muscle;;;;;Illumina HiSeq 2000 sequencing: GSM2309588: Tibialis_Control_2 Homo sapiens RNA-Seq;;;Muscle - Skeletal;;
PRJNA232669;05/05/2016;RNAseq in Alzheimer's Disease patients;Homo sapiens;SRR2422925;SAMN04090363;RNAseq_Ctrl_8;RNAseq_Ctrl_8;;cDNA;TRANSCRIPTOMIC;RNA-Seq;Trizol extraction Illumina High-throughput TruSeq RNA Sample preparation: ribominus selection (Invitrogen) and size selection: 50 - 200bp;PAIRED;;ILLUMINA;;;;;brain;;;;;Illumina HiSeq 2500 sequencing: GSM1885087: RNAseq_Ctrl_8 Homo sapiens RNA-Seq;;;Brain - Prefrontal Cortex;;
PRJNA765370;27/11/2021;RNA-seq of HPV-negative Oral Squamous Cell Carcinoma Patients;RNA-seq of HPV-negative Oral Squamous Cell Carcinoma Patients;SRR16013087;SAMN21555517;OSCC_14-N;OSCC_14-N;;cDNA;TRANSCRIPTOMIC;RNA-Seq;Nucleic acids were extracted fresh frozen OSCC tissue and matched normal (oral mucosa) using the Qiagen AllPrep Kit (Qiagen, Germantown, Maryland, USA) in accordance with the manufacturer's instructions with purification of DNA and RNA from the same sample. TruSeq Stranded Total RNA with Ribo-Zero Gold (Human, Mouse, Rat) ribosomal depletion;PAIRED;;ILLUMINA;;;;;oral mucosa;;;;;Illumina NovaSeq 6000 sequencing: GSM5593773: OSCC_14-N Homo sapiens RNA-Seq;;tumor-adjacent;Mouth - Mucosa;;
PRJNA270632;27/06/2015;Tissue-specific circular RNA induction during human fetal development;Homo sapiens;SRR1721311;SAMN03267783;Stomach_20wkA;Stomach_20wkA;;cDNA;TRANSCRIPTOMIC;RNA-Seq;Fetal tissue samples <100 mg in size were placed into DNase- and RNase-free 1.5 ml microfuge tubes containing 1 ml of RNAlater RNA Stabilization Reagent (Qiagen) within 1 hour of the pregnancy termination procedure. After storage at room temperature for a period of 24-72 h, excess RNAlater was removed from the microfuge tubes and the samples were placed in the -80oC freezer for storage until RNA isolation was performed. The tissues were lysed in mirVana (Life Technologies) lysis buffer, using a Mini-Beadbeater-16 (Biospec), with agitation for 1 min in the presence of 1 mm zirconia beads. Samples were then centrifuged at maximum speed in a tabletop microcentrifuge for 1 min and the lysed solution was transferred to a fresh microfuge tube. The remainder of the extraction was per the manufacturer's protocol for the mirVana kit (Life Technologies). Following RNA isolation (mirVana miRNA Isolation Kit, Life Technologies, Inc.), the RNA was quantified (Qubit RNA Assay Kit, Life Technologies, Inc.), and quality controlled (RNA6000 Nano Kit and BioAnalyzer 2100, Agilent). 200 ng to 1000 ng was used as input for the Illumina TruSeq Stranded Total RNA with Ribo-Zero Gold sample prep kit (Illumina, Inc.) and sequencing libraries were created according to the manufacturer’s protocol. Briefly, first both cytoplasmic and mitochondrial rRNA was removed by selectively hybridizing biotinylated probes to target sequences and using magnetic beads to capture the bound products. Following rRNA removal, the RNA was fragmented and copied into first strand cDNA using random primers and reverse transcriptase. Next, second strand cDNA synthesis was completed using DNA Polymerase I and RNase H. The cDNA was then ligated to Illumina supplied adapters and enriched with PCR to create the final cDNA libraries. The libraries were then pooled and sequenced on a HiSeq 2000 (Illumina, Inc.) instrument as per manufacturer’s instructions. Sequencing was performed up to 2 X 101 cycles.;PAIRED;;ILLUMINA;;;;;;;;;;Illumina HiSeq 2000 sequencing: GSM1567943: Stomach_20wkA Homo sapiens RNA-Seq;;fetal;Stomach;;
PRJDB10737;21/01/2022;Transcriptomic Landscape of Gallbladder Cancer for Molecular Classification and Tumor Microenvironment Characterization;Homo sapiens;DRR253278;SAMD00254778;GBN1_normal_gallbladder_RNA;GBN1_normal_gallbladder_RNA;;Inverse rRNA;TRANSCRIPTOMIC;RNA-Seq;KAPA RNA HyperPrep Kit with RiboErase;PAIRED;;ILLUMINA;;;;;gallbladder mucosa;;GBN1;;;Illumina HiSeq 2500 paired end sequencing: Illumina HiSeq 2500 paired end sequencing of SAMD00254778;;;Gallbladder - Mucosa;;
PRJNA253002;19/11/2015;Human cortical transcriptome informs brain imaging;Homo sapiens;SRR1424658;SAMN02866057;Human_1029_BA47_11;Human_1029_BA47_11;;cDNA;TRANSCRIPTOMIC;RNA-Seq;All RNA samples were examined for quantity and quality by NanoDrop and Bioanalyzer (Agilent). Samples were randomized for RNA extractions and sequencing. 5ug of total RNA were treated with a Ribominus column according to the manufacturer’s instructions to remove ribosomal RNA. Libraries were prepared using an Illumina TruSeq kit according to the manufacturer’s instructions.;SINGLE;;ILLUMINA;;;;;;;;;;Illumina HiSeq 2000 sequencing: GSM1414931: Human_1029_BA47_11 Homo sapiens RNA-Seq;;;Brain - Pars Orbitalis;;
PRJNA396159;03/03/2018;Molecular characterization of gene regulatory networks in primary human tracheal and bronchial epithelial cells.;Homo sapiens;SRR5877754;SAMN07421235;HTE RNA-seq rep1;HTE RNA-seq rep1;;cDNA;TRANSCRIPTOMIC;RNA-Seq;TruSeq Stranded Total RNA Library Prep kit with Ribo-Zero Gold genomic DNA is digested with different concentrations of DNaseI (NEB) and purified for library construction. Total RNA is extracted by Trizol (HBE) or RNeasy (HTE) DNase-seq libraries were prepared as described in Bischof et al. Thorax. 67:385-391. 2012. RNA seq libraries prepared by standard Illumina protocols.;PAIRED;;ILLUMINA;;;primary human tracheal epithelial cells;;;;;;;Illumina HiSeq 2000 sequencing: GSM2720202: HTE RNA-seq rep1 Homo sapiens RNA-Seq;;;;;
PRJNA695543;01/02/2021;Transcriptome analysis discloses dysregulated genes in normal appearing tumor-adjacent thyroid tissues from patients with papillary thyroid carcinoma;Transcriptome analysis discloses dysregulated genes in normal appearing tumor-adjacent thyroid tissues from patients with papillary thyroid carcinoma;SRR13572939;SAMN17616007;NAT Rep28;NAT Rep28;;cDNA;TRANSCRIPTOMIC;RNA-Seq;Total RNA was isolated using TRIzol reagent (Invitrogen) according to the manufacturer's instructions. The purity of extracted RNA was measured using a NanoDrop ND-1000 spectrophotometer (NanoDrop Technologies, Inc., Wilmington, DE) and the concentration was assessed with Qubit 2.0 Fluorometer (Agilent Technologies, Santa Clara, CA) using an RNA HS Assay Kit. Samples with RNA Integrity Number (RIN) greater than 4 as assessed by a BioAnalyzer (Agilent) with no visible sign of genomic DNA contamination from the HS Nanochip tracings were used for total RNA library generation. RNA-seq libraries were prepared using the Illumina TruSeq Stranded Total RNA Sample Prep Kit with Ribo-Zero Gold (catalog #RS-122-2201) according to the manufacturer protocol. The sequencing was performed in paired end manner, generating 2 X 100 bp paired-end reads using the Illumina HiSeq 2500 system. Pre-alignment data QC were assessed with FastQC. Post-alignment data quality was assessed with an in-house quality control pipeline/database for RNA-seq database (14). RNA-seq data were trimmed for any adapter sequences using Adapter Removal (15).;PAIRED;;ILLUMINA;;;;;"Normal appearing thyroid tissue adjacent to PTC tumor;Thyroid";;;;;Illumina HiSeq 2500 sequencing: GSM5048775: NAT Rep17 Homo sapiens RNA-Seq;;tumor-adjacent;Thyroid Gland;;
PRJNA742971;12/11/2022;A resource for integrated genomic analysis of the human liver;A resource for integrated genomic analysis of the human liver;SRR15013663;SAMN19988470;SJLB665;SJLB665;;cDNA;TRANSCRIPTOMIC;RNA-Seq;Total RNA was extracted from tissue homogenized in TRIzol reagent, followed by Qiagen RNAeasy cleanup mRNA libraries were prepared using the Illuminia TruSeq Stranded Total RNA with Ribo-Zero protocol;PAIRED;;ILLUMINA;;;;;liver;;;;;Illumina HiSeq 2000 sequencing: GSM5412295: SJLB665 Homo sapiens RNA-Seq;check ribozero;likely postmportem;Liver;;
PRJNA253002;19/11/2015;Human cortical transcriptome informs brain imaging;Homo sapiens;SRR1424665;SAMN02866068;Human_1029_BA45_10;Human_1029_BA45_10;;cDNA;TRANSCRIPTOMIC;RNA-Seq;All RNA samples were examined for quantity and quality by NanoDrop and Bioanalyzer (Agilent). Samples were randomized for RNA extractions and sequencing. 5ug of total RNA were treated with a Ribominus column according to the manufacturer’s instructions to remove ribosomal RNA. Libraries were prepared using an Illumina TruSeq kit according to the manufacturer’s instructions.;SINGLE;;ILLUMINA;;;;;;;;;;Illumina HiSeq 2000 sequencing: GSM1414938: Human_1029_BA45_10 Homo sapiens RNA-Seq;;;Brain - Pars Triangularis;;
PRJNA901967;02/01/2023;Placental Inflammation Significantly Correlates with Reduced Risk for Retinopathy of Prematurity;Placental Inflammation Significantly Correlates with Reduced Risk for Retinopathy of Prematurity;SRR22301761;SAMN31742714;18942X30 39A_P-1;18942X30 39A_P-1;GSM6733313;cDNA;TRANSCRIPTOMIC;RNA-Seq;RNA was harvested using Qiagen ALL PREP Universal Whole transcriptome expression analysis was performed on fetal surface placental tissues using the Illumina Stranded Total RNA Kit with Ribo-Zero Plus per the standard protocol;PAIRED;;ILLUMINA;;;placental villous tissue;;Placenta;;;;;Illumina NovaSeq 6000 sequencing: GSM6733313: 18942X30 39A_P-1 Homo sapiens RNA-Seq;some retinopathies;healthy;Placenta;;
PRJNA666441;03/10/2020;Long non-coding RNAs ENST00000429730.1 and MSTRG.93125.4 associate with metabolic activity in tuberculosis lesions of sputum-negative tuberculosis patients;Long non-coding RNAs ENST00000429730.1 and MSTRG.93125.4 associate with metabolic activity in tuberculosis lesions of sputum-negative tuberculosis patients;SRR12743484;SAMN16293838;lung tissue L3;lung tissue L3;;cDNA;TRANSCRIPTOMIC;RNA-Seq;Total RNA of each lung sample was extracted by using TRIzol Reagent (Invitrogen, US) and further purified using the RNeasy Mini Kit (Qiagen, Germany) according to the manufacturer's instructions. Total RNA of each sample was quantified and qualified by Agilent 2100 Bioanalyzer (Agilent Technologies, USA), NanoDrop (Thermo Fisher Scientific Inc., USA) and 1% agarose gel. Total RNA (1 μg) with the value of RNA integrity number (RIN) > 7 was used for library preparation of the following next generation sequencing, with the NEBNext Ultra II Directional RNA Library Prep. Kit for Illumina. The rRNA was depleted from total RNA using Ribo-Zero™ rRNA removal Kit (Illumina, USA), and cDNA libraries were generated following manufacture's protocols. Then, libraries with different indices were multiplexed and loaded on Illumina HiSeq instrument (Illumina, USA) for 2 × 150 paired-end sequencing according to manufacturer's instructions.;PAIRED;;ILLUMINA;;;;;;;;;;Illumina NovaSeq 6000 sequencing: GSM4810285: lung tissue L3 Homo sapiens RNA-Seq;possible TB;;Lung;;
PRJNA742971;12/11/2022;A resource for integrated genomic analysis of the human liver;A resource for integrated genomic analysis of the human liver;SRR15013644;SAMN19988487;SJLB620;SJLB620;;cDNA;TRANSCRIPTOMIC;RNA-Seq;Total RNA was extracted from tissue homogenized in TRIzol reagent, followed by Qiagen RNAeasy cleanup mRNA libraries were prepared using the Illuminia TruSeq Stranded Total RNA with Ribo-Zero protocol;PAIRED;;ILLUMINA;;;;;liver;;;;;Illumina HiSeq 2000 sequencing: GSM5412278: SJLB620 Homo sapiens RNA-Seq;check ribozero;likely postmportem;Liver;;
PRJNA726237;17/11/2021;Ischemic heart disease selectively modifies the right atrial appendage transcriptome;Ischemic heart disease selectively modifies the right atrial appendage transcriptome;SRR14362373;SAMN18926163;(ICA)-positive IHD undergoing coronary artery bypass surgery, 23-01-15-RV;(ICA)-positive IHD undergoing coronary artery bypass surgery, 23-01-15-RV;;cDNA;TRANSCRIPTOMIC;RNA-Seq;During cardiac surgery, a biopsy sample of the RAA was collected from each patient. Tissue samples were collected at the cannulation site, the insertion site of the venous line for the heart–lung machine. Dissected biopsies were briefly washed in ice-cold sterile saline, cut into 0.5 cm thick tissue pieces, and immersed into 3 ml of RNAlater (Sigma Aldrich, Merck KGaA, Darmstadt, Germany) to inactivate RNAses and stabilize RNA. Samples were let to stabilize at +4°C for one day and stored at under -70°C until processing. Total RNA was isolated from RAA biopsies via initial ice-cold tissue homogenization using a Precellys 24 tissue homogenizer equipped with the Cryolys cooling option (Bertin Technologies SAS, Montigny-le-Bretonneux, France) followed by RNA isolation using combined QIAzol / chloroform extraction and Qiagen RNeasy mini spin column purification according to the manufacturer's instructions (Qiagen, Venlo, Netherlands). The sample RNA integrity number (RIN mean 7.95 ± 0.55 range 7.1–9.0) and total quantity (mean 3069.55 ± 1141.08 ng range 867.8–6855.0 ng) was evaluated in the Functional Genomics Unit (FuGU, University of Helsinki, Helsinki, Finland). Isolated total RNA was stored at under -70oC until sequencing. Ribosomal RNA was removed using the Ribo-ZeroTM Magnetic kit (Illumina Inc, San Diego, CA). RNA libraries were prepared for sequencing using standard Illumina protocols;PAIRED;;ILLUMINA;;;;;Heart (Atrial Appendage);;;;;Illumina HiSeq 4000 sequencing: GSM5271550: (ICA)-positive IHD undergoing coronary artery bypass surgery, 23-01-15-RV Homo sapiens RNA-Seq;;non-cancer disease;Heart - Atrial appendage;;
PRJNA742971;12/11/2022;A resource for integrated genomic analysis of the human liver;A resource for integrated genomic analysis of the human liver;SRR15013557;SAMN19988418;SJLB341;SJLB341;;cDNA;TRANSCRIPTOMIC;RNA-Seq;Total RNA was extracted from tissue homogenized in TRIzol reagent, followed by Qiagen RNAeasy cleanup mRNA libraries were prepared using the Illuminia TruSeq Stranded Total RNA with Ribo-Zero protocol;PAIRED;;ILLUMINA;;;;;liver;;;;;Illumina HiSeq 2000 sequencing: GSM5412193: SJLB341 Homo sapiens RNA-Seq;check ribozero;likely postmportem;Liver;;
PRJNA745554;15/01/2022;Analysis of mRNA expression in invasive malignant pleomorphic adenoma;Analysis of mRNA expression in invasive malignant pleomorphic adenoma;SRR15100666;SAMN20169181;KTI_G;KTI_G;;cDNA;TRANSCRIPTOMIC;RNA-Seq;Total RNA (1 μg) was used for removing the rRNAs using Ribo-Zero rRNA Removal Kits (Illumina, San Diego, CA, USA) following the manufacturer's instructions RNA libraries were constructed by using rRNA-depleted RNAs with TruSeq Stranded Total RNA Library Prep Kit (Illumina, San Diego, CA, USA) according to the manufacturer's instructions. Libraries were controlled for quality and quantified using the BioAnalyzer 2100 system (Agilent Technologies, Inc., USA). 10 pM libraries were denatured as single-stranded DNA molecules, captured on Illumina flow cells, amplified in situ as clusters and finally sequenced for 150 cycles on Illumina HiSeq Sequencer according to the manufacturer's instructions.;PAIRED;;ILLUMINA;;;;;normal salivary gland;;;;;Illumina NovaSeq 6000 sequencing: GSM5436565: KTI_G Homo sapiens RNA-Seq;;;Salivary Gland;;
PRJNA486023;14/03/2019;Fudan University Shanghai Cancer Center Triple Negative Breast Cancer (FUSCCTNBC);Homo sapiens;SRR8518256;SAMN09837019;Human sample from Homo sapiens;Human sample from Homo sapiens;Lib_FUSCCTNBC149.PT;Inverse rRNA;TRANSCRIPTOMIC;RNA-Seq;;PAIRED;;ILLUMINA;;;;;Paired normal breast tissue;;FUSCCTNBC149;;;HiSeq X Ten sequencing: RNAseq of Homo sapiens: triple negative breast cancer from FUSCCTNBC project;;tumor-adjacent;Breast;;
PRJNA817436;24/12/2023;Exercise-induced Crosstalk between Immune Cells and Adipocytes in Humans: Role of Oncostatin-M;Exercise-induced Crosstalk between Immune Cells and Adipocytes in Humans: Role of Oncostatin-M;SRR18363225;SAMN26788835;1_PRE;1_PRE;GSM5960611;cDNA;TRANSCRIPTOMIC;RNA-Seq;Approximately 30 mg of adipose tissue was used for RNA extraction. Tissues were homogenized using TissueLyser (Qiagen) in 1 mL TRIzol (Sigma-Aldrich). Chloroform was added, samples were mixed, subjected to centrifugation, and the aqueous phase was transferred to a new tube. Thereafter, 1:1 70% ethanol was added, and the total volume was loaded on silica-membrane columns. RNA extraction was performed using a commercially available kit (Rneasy lipid tissue kit, Qiagen). RNA concentration and purity were assessed by absorbance at 260 and 280 nm using NanoDrop One (Thermo Fisher Scientific, Waltham, MA). Aliquots of RNA (300 ng) were analyzed using the Illumina TruSeq Stranded Total RNA with Ribo-Zero Gold protocol (Illumina) as described (ref). Ribosomal RNA was removed from the sample using 35 μl of rRNA removal beads (Illumina) on a magnetic plate followed by cleanup of the ribosomal-depleted RNA with 193 μl of Agencourt RNAClean XP beads (Beckman Coulter), 70% ethanol wash, and elution into 10 μl elution buffer (Illumina). The RNA sample was fragmented for 4 min at 94°C in Elute, Prime, Fragment High Mix (Illumina) and then subjected to first-strand cDNA synthesis with 1 μl of Superscript III reverse transcriptase (Life Technologies) per sample using a thermocycler programmed to 25°C for 10 min, 50°C for 15 min, and 70°C for 15 min. Second-strand cDNA was synthesized by addition of Second-Strand Marking Master Mix, and samples were incubated at 16°C for 60 min. Samples were subjected to another bead cleanup before A-tailing and ligation of adapters as per kit instructions (Illumina). Following a third bead cleanup, samples were enriched for DNA fragments by amplification using the Illumina polymerase chain reaction (PCR) Primer Cocktail and PCR Master Mix, subjected to 98°C for 30 min, followed by a predefined cycle (98°C for 10 s, 60°C for 30 s, and 72°C for 30 s) that was repeated 3 to 15 times, on the basis of each individual sample, and finally incubated for 5 min at 72°C. Samples were cleaned and validated for DNA concentration using the Qubit dsDNA HS assay kit (Invitrogen) and for base pair size and purity using the Agilent High Sensitivity DNA chip and Bioanalyzer instrument. 38-bp paired-end sequencing on a NextSeq500;PAIRED;;ILLUMINA;;;;;Adipose tissue biopsy;;;;;NextSeq 500 sequencing: GSM5960611: 1_PRE Homo sapiens RNA-Seq;;;Adipose;;
PRJNA997353;22/12/2023;Race-specific coregulatory and transcriptomic profiles associated with DNA methylation and androgen receptor in prostate cancer [RNA-Seq];Race-specific coregulatory and transcriptomic profiles associated with DNA methylation and androgen receptor in prostate cancer [RNA-Seq];SRR25387973;SAMN36678821;PT-00180319_NT_AA;PT-00180319_NT_AA;GSM7657457;cDNA;TRANSCRIPTOMIC;RNA-Seq;Illumina TruSeq Stranded Total RNA Library Prep Kit with Ribo-Zero Gol RNA libraries were prepared for sequencing using standard Illumina protocols;PAIRED;;ILLUMINA;;;;;prostate;;;;;Illumina HiSeq 2500 sequencing: GSM7657457: PT-00180319_NT_AA Homo sapiens RNA-Seq;;tumor-adjacent;Prostate;;
PRJNA939148;10/07/2023;Transcriptomes of human primary skin fibroblasts reveal age-associated mRNAs and long noncoding RNAs;Transcriptomes of human primary skin fibroblasts reveal age-associated mRNAs and long noncoding RNAs;SRR23630222;SAMN33458073;SKIN_AGE35_M_GR2_Gt104;SKIN_AGE35_M_GR2_Gt104;GSM7067586;cDNA;TRANSCRIPTOMIC;RNA-Seq;After expansion, total RNA was isolated using the Direct-zolTM RNA MiniPrep kit (Zymo Research) following the manufacturer's instruction. Ribo-RNA depletion with Low Input RiboMinus Eukaryote System v2 (Thermo Fisher Scientific). Ribo-RNA-depleted samples were then used for cDNA synthesis with Ovation® RNA-Seq System V2 (Nugen) following the manufacturer's protocol. Following cDNA fragmentation and size selection, libraries were prepared using Illumina TruSeq ChIP Library Preparation Kit (Illumina) according to manufacturer's protocol.;PAIRED;;ILLUMINA;;;primary skin fibroblasts;;;;;;;Illumina NovaSeq 6000 sequencing: GSM7067586: SKIN_AGE35_M_GR2_Gt104 Homo sapiens RNA-Seq;;;Cells - Cultured fibroblasts;;
PRJNA486023;14/03/2019;Fudan University Shanghai Cancer Center Triple Negative Breast Cancer (FUSCCTNBC);Homo sapiens;SRR8518273;SAMN09836903;Human sample from Homo sapiens;Human sample from Homo sapiens;Lib_FUSCCTNBC013.PT;Inverse rRNA;TRANSCRIPTOMIC;RNA-Seq;;PAIRED;;ILLUMINA;;;;;Paired normal breast tissue;;FUSCCTNBC013;;;HiSeq X Ten sequencing: RNAseq of Homo sapiens: triple negative breast cancer from FUSCCTNBC project;;tumor-adjacent;Breast;;
PRJNA742971;12/11/2022;A resource for integrated genomic analysis of the human liver;A resource for integrated genomic analysis of the human liver;SRR15013611;SAMN19988559;SJLB424;SJLB424;;cDNA;TRANSCRIPTOMIC;RNA-Seq;Total RNA was extracted from tissue homogenized in TRIzol reagent, followed by Qiagen RNAeasy cleanup mRNA libraries were prepared using the Illuminia TruSeq Stranded Total RNA with Ribo-Zero protocol;PAIRED;;ILLUMINA;;;;;liver;;;;;Illumina HiSeq 2000 sequencing: GSM5412246: SJLB424 Homo sapiens RNA-Seq;check ribozero;likely postmportem;Liver;;
PRJNA270632;27/06/2015;Tissue-specific circular RNA induction during human fetal development;Homo sapiens;SRR1721308;SAMN03267773;Stomach_10wkB;Stomach_10wkB;;cDNA;TRANSCRIPTOMIC;RNA-Seq;Fetal tissue samples <100 mg in size were placed into DNase- and RNase-free 1.5 ml microfuge tubes containing 1 ml of RNAlater RNA Stabilization Reagent (Qiagen) within 1 hour of the pregnancy termination procedure. After storage at room temperature for a period of 24-72 h, excess RNAlater was removed from the microfuge tubes and the samples were placed in the -80oC freezer for storage until RNA isolation was performed. The tissues were lysed in mirVana (Life Technologies) lysis buffer, using a Mini-Beadbeater-16 (Biospec), with agitation for 1 min in the presence of 1 mm zirconia beads. Samples were then centrifuged at maximum speed in a tabletop microcentrifuge for 1 min and the lysed solution was transferred to a fresh microfuge tube. The remainder of the extraction was per the manufacturer's protocol for the mirVana kit (Life Technologies). Following RNA isolation (mirVana miRNA Isolation Kit, Life Technologies, Inc.), the RNA was quantified (Qubit RNA Assay Kit, Life Technologies, Inc.), and quality controlled (RNA6000 Nano Kit and BioAnalyzer 2100, Agilent). 200 ng to 1000 ng was used as input for the Illumina TruSeq Stranded Total RNA with Ribo-Zero Gold sample prep kit (Illumina, Inc.) and sequencing libraries were created according to the manufacturer’s protocol. Briefly, first both cytoplasmic and mitochondrial rRNA was removed by selectively hybridizing biotinylated probes to target sequences and using magnetic beads to capture the bound products. Following rRNA removal, the RNA was fragmented and copied into first strand cDNA using random primers and reverse transcriptase. Next, second strand cDNA synthesis was completed using DNA Polymerase I and RNase H. The cDNA was then ligated to Illumina supplied adapters and enriched with PCR to create the final cDNA libraries. The libraries were then pooled and sequenced on a HiSeq 2000 (Illumina, Inc.) instrument as per manufacturer’s instructions. Sequencing was performed up to 2 X 101 cycles.;PAIRED;;ILLUMINA;;;;;;;;;;Illumina HiSeq 2000 sequencing: GSM1567940: Stomach_10wkB Homo sapiens RNA-Seq;;fetal;Stomach;;
PRJNA997353;22/12/2023;Race-specific coregulatory and transcriptomic profiles associated with DNA methylation and androgen receptor in prostate cancer [RNA-Seq];Race-specific coregulatory and transcriptomic profiles associated with DNA methylation and androgen receptor in prostate cancer [RNA-Seq];SRR25387884;SAMN36678769;PT-00282384_NT_AA;PT-00282384_NT_AA;GSM7657509;cDNA;TRANSCRIPTOMIC;RNA-Seq;Illumina TruSeq Stranded Total RNA Library Prep Kit with Ribo-Zero Gol RNA libraries were prepared for sequencing using standard Illumina protocols;PAIRED;;ILLUMINA;;;;;prostate;;;;;Illumina HiSeq 2500 sequencing: GSM7657509: PT-00282384_NT_AA Homo sapiens RNA-Seq;;tumor-adjacent;Prostate;;
PRJNA901461;14/09/2023;COVID-19 patient samples collected by the PREDICT-19 consortium;COVID-19 patient samples collected by the PREDICT-19 consortium;SRR25007130;SAMN35879864;Whole blood, healthy control, rep 72;Whole blood, healthy control, rep 72;;cDNA;TRANSCRIPTOMIC;RNA-Seq;Total RNA was isolated from whole blood samples stored and stabilized in PAXgene RNA tubes according to the manufacturer's guidelines (PreAnalytiX) Libraries were prepared with 300ng of total RNA per sample using the Illumina Stranded Total RNA Prep with Ribo-Zero Plus (RZP) as per manufacturer instructions (Illumina, CA, USA).;PAIRED;;ILLUMINA;;;;;Whole blood;;;;;Illumina NovaSeq 6000 sequencing: GSM7507851: Whole blood, COVID positive, rep 388 Homo sapiens RNA-Seq;;;Blood - Whole Blood;;
PRJNA637378;27/01/2021;Non-CG methylation and multiple epigenetic layers associate child abuse with immune and small GTPase dysregulation;Non-CG methylation and multiple epigenetic layers associate child abuse with immune and small GTPase dysregulation;SRR13485941;SAMN17384686;Anterior Cingulate cortex, sbb18, RNAseq;Anterior Cingulate cortex, sbb18, RNAseq;;cDNA;TRANSCRIPTOMIC;RNA-Seq;TrueSeq Stranded Total RNA Sample Preparation + Ribo-Zero Gold kits (Illumina);PAIRED;;ILLUMINA;;;;;Anterior Cingulate cortex (human brain tissue);;;;;Illumina HiSeq 2000 sequencing: GSM5026565: Anterior Cingulate cortex, sbb18, RNAseq Homo sapiens RNA-Seq;;;Brain - Anterior cingulate cortex;;
PRJNA908818;25/06/2023;Effect of cigarette smoking on gene expression of peripheral blood B cells and on transcriptome changes by naïve-to-memory B cell shift;Effect of cigarette smoking on gene expression of peripheral blood B cells and on transcriptome changes by naïve-to-memory B cell shift;SRR22532367;SAMN32045260;;;GSM6788594;cDNA;TRANSCRIPTOMIC;RNA-Seq;Granulocytes were isolated directly from whole blood using anti-CD15+ antibody–coated magnetic beads following the protocol (Invitrogen). Density gradient centrifugation using Histopaque-1077 Ficoll medium and Accuspin™ Tubes (Sigma-Aldrich) was used to isolate the mononuclear layer of CD19+ B cells using antibody-coated magnetic beads (Invitrogen). RNA was harvested using RNeasy mini plus kit (Qiagen). Aliquots of RNA (375 ng) were used to generate poly-adenylated RNA libraries with TruSeq Stranded Total RNA Ribo-Zero Human Gold kit (Illumina). Samples were indexed with NEXTfle-96 RNA-Seq Barcodes (Bioo-scientific, Austin, TX).;PAIRED;;ILLUMINA;;;;;;;;;;Illumina NovaSeq 6000 sequencing: GSM6788594: F189-1_Bcell_Smoker Homo sapiens RNA-Seq;some smokers;;Blood - Granulocyte;;
PRJNA817436;24/12/2023;Exercise-induced Crosstalk between Immune Cells and Adipocytes in Humans: Role of Oncostatin-M;Exercise-induced Crosstalk between Immune Cells and Adipocytes in Humans: Role of Oncostatin-M;SRR18363214;SAMN26788802;22_PRE;22_PRE;GSM5960644;cDNA;TRANSCRIPTOMIC;RNA-Seq;Approximately 30 mg of adipose tissue was used for RNA extraction. Tissues were homogenized using TissueLyser (Qiagen) in 1 mL TRIzol (Sigma-Aldrich). Chloroform was added, samples were mixed, subjected to centrifugation, and the aqueous phase was transferred to a new tube. Thereafter, 1:1 70% ethanol was added, and the total volume was loaded on silica-membrane columns. RNA extraction was performed using a commercially available kit (Rneasy lipid tissue kit, Qiagen). RNA concentration and purity were assessed by absorbance at 260 and 280 nm using NanoDrop One (Thermo Fisher Scientific, Waltham, MA). Aliquots of RNA (300 ng) were analyzed using the Illumina TruSeq Stranded Total RNA with Ribo-Zero Gold protocol (Illumina) as described (ref). Ribosomal RNA was removed from the sample using 35 μl of rRNA removal beads (Illumina) on a magnetic plate followed by cleanup of the ribosomal-depleted RNA with 193 μl of Agencourt RNAClean XP beads (Beckman Coulter), 70% ethanol wash, and elution into 10 μl elution buffer (Illumina). The RNA sample was fragmented for 4 min at 94°C in Elute, Prime, Fragment High Mix (Illumina) and then subjected to first-strand cDNA synthesis with 1 μl of Superscript III reverse transcriptase (Life Technologies) per sample using a thermocycler programmed to 25°C for 10 min, 50°C for 15 min, and 70°C for 15 min. Second-strand cDNA was synthesized by addition of Second-Strand Marking Master Mix, and samples were incubated at 16°C for 60 min. Samples were subjected to another bead cleanup before A-tailing and ligation of adapters as per kit instructions (Illumina). Following a third bead cleanup, samples were enriched for DNA fragments by amplification using the Illumina polymerase chain reaction (PCR) Primer Cocktail and PCR Master Mix, subjected to 98°C for 30 min, followed by a predefined cycle (98°C for 10 s, 60°C for 30 s, and 72°C for 30 s) that was repeated 3 to 15 times, on the basis of each individual sample, and finally incubated for 5 min at 72°C. Samples were cleaned and validated for DNA concentration using the Qubit dsDNA HS assay kit (Invitrogen) and for base pair size and purity using the Agilent High Sensitivity DNA chip and Bioanalyzer instrument. 38-bp paired-end sequencing on a NextSeq500;PAIRED;;ILLUMINA;;;;;Adipose tissue biopsy;;;;;NextSeq 500 sequencing: GSM5960644: 22_PRE Homo sapiens RNA-Seq;;;Adipose;;
PRJEB21619;04/07/2017;Intergenic Disease-associated Regions are Abundant in Novel Regulatory Transcripts;Intergenic Disease-associated Regions are Abundant in Novel Regulatory Transcripts;ERR2022840;SAMEA104150471;Spleen;Protocols: Normal human tissue RNA was obtained from the FirstChoice Tissue Panel (Ambion AM6000) and Human Breast Total RNA (Ambion AM6952). Melanoma RNA was obtained from patient cell lines, including 3 originating from metastasized stage IV melanoma (A-series) and 10 originating from resected lymph nodes from patients with stage 3 disease (C-series. RNA was extracted with RNeasy columns (Qiagen). RNA was extracted with RNeasy columns (Qiagen). RNA was DNAse treated with TurboDNase (Life Technologies), confirmed DNA-free, RNA integrity was confirmed by Agilent 2100 Bioanalyzer (Agilent Technologies). rRNA depletion (Ribo-Zero™ (Epicentre)) was performed on 5μg of total RNA. ERCC RNA Spike-In Control mix 1 or mix 2 (Life Technologies) were added to ribodepleted RNA to a final dilution of 1/100. Libraries were prepared with the TruSeq Stranded mRNA Sample Preparation Kit (Illumina) and 9-12 cycles of pre-capture LM-PCR performed as required. Multiplex library pools were created by mixing equal amounts of 5 pre-capture sample libraries and capture hybridization performed on 1 μg of the pooled library. Melanoma A-series samples were each randomly assigned to one of three capture hybridizations to ensure any expression differences between the A and C-series samples were not due to an A-series batch effect. Post-capture LMPCR was performed for 17 cycles.;Spleen_p;RANDOM PCR;TRANSCRIPTOMIC;RNA-Seq;Normal human tissue RNA was obtained from the FirstChoice Tissue Panel (Ambion AM6000) and Human Breast Total RNA (Ambion AM6952). Melanoma RNA was obtained from patient cell lines, including 3 originating from metastasized stage IV melanoma (A-series) and 10 originating from resected lymph nodes from patients with stage 3 disease (C-series. RNA was extracted with RNeasy columns (Qiagen). RNA was extracted with RNeasy columns (Qiagen). RNA was DNAse treated with TurboDNase (Life Technologies), confirmed DNA-free, RNA integrity was confirmed by Agilent 2100 Bioanalyzer (Agilent Technologies). rRNA depletion (Ribo-Zero™ (Epicentre)) was performed on 5μg of total RNA. ERCC RNA Spike-In Control mix 1 or mix 2 (Life Technologies) were added to ribodepleted RNA to a final dilution of 1/100. Libraries were prepared with the TruSeq Stranded mRNA Sample Preparation Kit (Illumina) and 9-12 cycles of pre-capture LM-PCR performed as required. Multiplex library pools were created by mixing equal amounts of 5 pre-capture sample libraries and capture hybridization performed on 1 μg of the pooled library. Melanoma A-series samples were each randomly assigned to one of three capture hybridizations to ensure any expression differences between the A and C-series samples were not due to an A-series batch effect. Post-capture LMPCR was performed for 17 cycles.;PAIRED;;ILLUMINA;;;;;;;;;;Illumina HiSeq 2000 paired end sequencing: Intergenic Disease-associated Regions are Abundant in Novel Regulatory Transcripts;;;Spleen;;
PRJNA312169;07/02/2017;Transcriptome profiling of human keratoconus corneas through RNA sequencing identifies collagen synthesis disruption and downregulation of core elements of TGF-ß, Hippo, and Wnt pathways;Homo sapiens;SRR3170181;SAMN04504393;KR_15;KR_15;;cDNA;TRANSCRIPTOMIC;RNA-Seq;The corneas were transferred to 400 µl of lysis solution (Norgen Biotek, Thorold, ON, Canada) in a 2-mL microtube with Lysing Matrix D (MP Biomedicals, Irvine, CA, USA) and homogenized using a FastPrep®-24 Instrument (MP Biomedicals). Further total RNA extraction and purification steps were performed according to the manufacturer’s instructions supplied with a Total RNA Purification Kit (Norgen Biotek). To maximize the removal of residual DNA that could affect downstream analyses, an on-column DNase I (Zymo Research, Irvine, CA, USA) treatment was performed. Libraries were prepared with a TruSeq Stranded Total RNA LT with Ribo-Zero™ Human/Mouse/Rat Kit (Illumina, San Diego, CA, USA) according to the manufacturer’s protocol, with slight modifications.;PAIRED;;ILLUMINA;;;;;cornea;;;;;Illumina HiSeq 1500 sequencing: GSM2061714: KR_15 Homo sapiens RNA-Seq;;;Eye - Cornea;;
PRJNA901461;02/02/2023;COVID-19 patient samples collected by the PREDICT-19 consortium;COVID-19 patient samples collected by the PREDICT-19 consortium;SRR22283245;SAMN31714297;Whole blood, healthy control, rep 24;Whole blood, healthy control, rep 24;;cDNA;TRANSCRIPTOMIC;RNA-Seq;Total RNA was isolated from whole blood samples stored and stabilized in PAXgene RNA tubes according to the manufacturer's guidelines (PreAnalytiX) Libraries were prepared with 300ng of total RNA per sample using the Illumina Stranded Total RNA Prep with Ribo-Zero Plus (RZP) as per manufacturer instructions (Illumina, CA, USA).;PAIRED;;ILLUMINA;;;;;Whole blood;;;;;Illumina NovaSeq 6000 sequencing: GSM7507694: Whole blood, COVID positive, rep 231 Homo sapiens RNA-Seq;;;Blood - Whole Blood;;
PRJDB10737;21/01/2022;Transcriptomic Landscape of Gallbladder Cancer for Molecular Classification and Tumor Microenvironment Characterization;Homo sapiens;DRR253279;SAMD00254779;GBN2_normal_gallbladder_RNA;GBN2_normal_gallbladder_RNA;;Inverse rRNA;TRANSCRIPTOMIC;RNA-Seq;KAPA RNA HyperPrep Kit with RiboErase;PAIRED;;ILLUMINA;;;;;gallbladder mucosa;;GBN2;;;Illumina HiSeq 2500 paired end sequencing: Illumina HiSeq 2500 paired end sequencing of SAMD00254779;;;Gallbladder - Mucosa;;
PRJEB19994;17/01/2018;RNA-seq of human normal mammary gland cells FACS sorted into three populations: ALDH+, ALDH-CD44+CD24-, and ALDH-CD44-CD24+;RNA-seq of human normal mammary gland cells FACS sorted into three populations: ALDH+, ALDH-CD44+CD24-, and ALDH-CD44-CD24+;ERR1883111;SAMEA103910978;Sample23_NonStem;Protocols: Normal (non-pathogenic) breast tissue was isolated from women undergoing voluntary reduction mammoplasty at the University of Michigan. The study protocol was approved by the University of Michigan Institutional Review Board. Breast tissue was mechanically and enzymatically digested as previously described (Dontu et al., 2003 Kakarala et al., 2010). Normal mammary cells were stained for CD44, and CD24 expression and ALDH activity accessed by the Aldefluor assay as described previously (Colacino et al., 2016) and analyzed or sorted on a Beckman Coulter MoFlo Astrios at the University of Michigan Flow Cytomtery core facility. Briefly, single mammary cells were first incubated with a lineage depletion cocktail that consisted of biotinylated antibodies targeted against CD45, HLA-DR, CD14, CD31, CD41, CD19, CD235a, CD56, CD3, CD16, and CD140b (all from eBioscience, except for CD140b (Biolegend) and CD41 (Acris)). Next, cells were stained with Alexafluor 750 tagged streptavidin, LIVE/DEAD Fixable Dead Cell Stain (Invitrogen), CD24 (Biolegend), CD44 (BD), and Aldefluor (Stem Cell Technology). Single color and isotype controls were included for compensation and gating purposes. Aldefluor-positive gating was based on DEAB (negative) controls. Flow cytometry data analysis was performed with FlowJo software v10.0.8. Total RNA was isolated from each cell population using the RNEasy Micro Kit (Qiagen) with on column DNase treatment. RNA concentration and quality was determined using a Nanodrop (Thermo) and Bioanalyzer (Agilent). Ribosomal RNAs were depleted using Ribominus (Life) and sequencing libraries were prepared with the SMARTer Stranded RNA-Seq kit (Clontech).;Sample23_NonStem_p;RANDOM PCR;TRANSCRIPTOMIC;RNA-Seq;Normal (non-pathogenic) breast tissue was isolated from women undergoing voluntary reduction mammoplasty at the University of Michigan. The study protocol was approved by the University of Michigan Institutional Review Board. Breast tissue was mechanically and enzymatically digested as previously described (Dontu et al., 2003 Kakarala et al., 2010). Normal mammary cells were stained for CD44, and CD24 expression and ALDH activity accessed by the Aldefluor assay as described previously (Colacino et al., 2016) and analyzed or sorted on a Beckman Coulter MoFlo Astrios at the University of Michigan Flow Cytomtery core facility. Briefly, single mammary cells were first incubated with a lineage depletion cocktail that consisted of biotinylated antibodies targeted against CD45, HLA-DR, CD14, CD31, CD41, CD19, CD235a, CD56, CD3, CD16, and CD140b (all from eBioscience, except for CD140b (Biolegend) and CD41 (Acris)). Next, cells were stained with Alexafluor 750 tagged streptavidin, LIVE/DEAD Fixable Dead Cell Stain (Invitrogen), CD24 (Biolegend), CD44 (BD), and Aldefluor (Stem Cell Technology). Single color and isotype controls were included for compensation and gating purposes. Aldefluor-positive gating was based on DEAB (negative) controls. Flow cytometry data analysis was performed with FlowJo software v10.0.8. Total RNA was isolated from each cell population using the RNEasy Micro Kit (Qiagen) with on column DNase treatment. RNA concentration and quality was determined using a Nanodrop (Thermo) and Bioanalyzer (Agilent). Ribosomal RNAs were depleted using Ribominus (Life) and sequencing libraries were prepared with the SMARTer Stranded RNA-Seq kit (Clontech).;PAIRED;;ILLUMINA;;;ALDH- CD44- CD24+ cell;;;;;;;Illumina HiSeq 2500 paired end sequencing: RNA-seq of human normal mammary gland cells FACS sorted into three populations: ALDH+, ALDH-CD44+CD24-, and ALDH-CD44-CD24+;;;Breast - Mammary gland;;
PRJNA835414;07/07/2022;Distinctive exercise-induced inflammatory response and exerkine induction in skeletal muscle of people with type 2 diabetes;Distinctive exercise-induced inflammatory response and exerkine induction in skeletal muscle of people with type 2 diabetes;SRR19095795;SAMN28101091;NGT_052_basal [P7401_181];NGT_052_basal [P7401_181];GSM6107983;cDNA;TRANSCRIPTOMIC;RNA-Seq;mRNA was extracted by mirVana miRNA Isolation Kit (ThermoFisher Scientific AM1560). Libraries were generated with TruSeq Stranded total RNA kit (Illumina 20020597) and ribosomal RNA removed with Ribo-Zero Plus rRNA depletion kit (Illumina 20037135);PAIRED;;ILLUMINA;;;;;Vastus Lateralis;;;;;Illumina HiSeq 2500 sequencing: GSM6107983: NGT_052_basal [P7401_181] Homo sapiens RNA-Seq;muscle;;Muscle - Skeletal;;
PRJNA209081;15/04/2014;RNA-seq identifies novel transcript elements and transcript processing in the normal and failing hearts;Homo sapiens;SRR915778;SAMN02209941;control rep15;control rep15;;cDNA;TRANSCRIPTOMIC;RNA-Seq;RNA was extracted with Trizol (Invitrogen) and further purified on RNeasy columns (Qiagen) with on column DNase digestion. Ribosomal RNA was depleted using the RiboMinus kit (Invitrogen). 1 µg rRNA-depleted RNA was used for the construction of sequencing libraries Illumina RNA-seq libraries were prepared from rRNA-depleted samples using the standard Illumina protocol. SOLiD RNA-seq libraries were prepared from a pool of all of 15 ICM samples and a pool of all of 15 Ctrl samples using the standard SOLiD strand-specific library protocol.;PAIRED;;ILLUMINA;;;;;heart;;;;;Illumina Genome Analyzer II sequencing: GSM1171561: control rep13 Homo sapiens RNA-Seq;;;Heart;;
PRJNA901967;02/01/2023;Placental Inflammation Significantly Correlates with Reduced Risk for Retinopathy of Prematurity;Placental Inflammation Significantly Correlates with Reduced Risk for Retinopathy of Prematurity;SRR22301771;SAMN31742724;18942X20 40A_P-1;18942X20 40A_P-1;GSM6733303;cDNA;TRANSCRIPTOMIC;RNA-Seq;RNA was harvested using Qiagen ALL PREP Universal Whole transcriptome expression analysis was performed on fetal surface placental tissues using the Illumina Stranded Total RNA Kit with Ribo-Zero Plus per the standard protocol;PAIRED;;ILLUMINA;;;placental villous tissue;;Placenta;;;;;Illumina NovaSeq 6000 sequencing: GSM6733303: 18942X20 40A_P-1 Homo sapiens RNA-Seq;some retinopathies;healthy;Placenta;;
PRJNA989574;03/07/2023;Effect of pulmonary hypertension due to left heart disease on gene expression in pulmonary arteries;Effect of pulmonary hypertension due to left heart disease on gene expression in pulmonary arteries;SRR25098112;SAMN36175546;;;GSM7520375;cDNA;TRANSCRIPTOMIC;RNA-Seq;Snap-frozen PA specimens were subjected to TRIzol-RNA extraction. RNA quality was assessed by measuring the RNA integrity number (RIN) using a Fragment Analyzer HS Total RNA Kit (Advanced Analytical Technologies, Inc.). Library preparation for total RNA-Seq was performed using TruSeq™ Stranded Total RNA with Ribo-Zero Gold (Illumina, Cat. Nr. RS-122-2301) starting from 1000 ng of total RNA. The size range of the final cDNA libraries was determined by applying the SS NGS Fragment 1- to 6000-bp Kit on the Fragment Analyzer (average 340 bp). Accurate quantification of cDNA libraries was performed by using the QuantiFluor™ dsDNA System (Promega).;SINGLE;;ILLUMINA;;;;;;;;;;Illumina HiSeq 2000 sequencing: GSM7520375: Donor_3 Homo sapiens RNA-Seq;;;Artery - Pulmonary trunk;;
PRJNA914646;24/12/2023;Integrated Unbiased Multiomics Defines Disease-Independent Placental Clusters in Common Obstetrical Syndromes;;SRR22925250;SAMN32490826;Human sample from Homo sapiens;Human sample from Homo sapiens;TP18.B359;Inverse rRNA;TRANSCRIPTOMIC;RNA-Seq;;PAIRED;;ILLUMINA;;;;;Placenta;;Control;;;Illumina NovaSeq 6000 sequencing: Control;;healthy;Placenta;;
PRJNA997243;23/07/2023;Comparing transcriptional profiles of skin biopsies from healthy controls and subjects with chronic pruritus of unknown origin and atopic dermatitis;Comparing transcriptional profiles of skin biopsies from healthy controls and subjects with chronic pruritus of unknown origin and atopic dermatitis;SRR25383772;SAMN36674059;Skin_HC_2;Skin_HC_2;GSM7656531;cDNA;TRANSCRIPTOMIC;RNA-Seq;Human skin tissues were obtained as 4 mm punch biopsies or de-identified surgical tissue and stored in RNAlater at -80C before processing. To extract whole tissue RNA, samples were homogenized using a bead homogenizer and processed using the QIAGEN RNeasy Kit following the manufacturer's instructions. Following total RNA extraction, samples were treated with DNase (Turbo DNA-Free Kit, Invitrogen) following the manufacturer's instructions. Library preparation was performed with 1 ug of total RNA, and RNA integrity was determined using an Agilent Bioanalyzer. Ribosomal RNA was removed by a hybridization method using Ribo-ZERO kits (Illumina). mRNA was then fragmented in buffer containing 40 mM Tris acetate (pH 8.2), 100 mM potassium acetate, and 30 mM magnesium acetate and heated to 94C for 150 s. mRNA was reverse transcribed to yield cDNA using SuperScript III RT enzyme (Invitrogen, per manufacturer's instructions) and random hexamers. A second strand reaction was performed to yield ds-cDNA. cDNA was blunt ended, had an A base added to the 3 prime ends, and then had Illumina sequencing adapters ligated to the ends. Ligated fragments were then amplified for 12 cycles using primers incorporating unique index tags.;SINGLE;;ILLUMINA;;;;;skin;;;;;Illumina HiSeq 3000 sequencing: GSM7656531: Skin_HC_2 Homo sapiens RNA-Seq;healthy;healthy;Skin;;
PRJNA387704;23/02/2018;Comparsion of the transcriptome profiles in normal and age-related macular degneration in retina and RPE-Choroid-Scleral (RCS) tissues;Homo sapiens;SRR5591599;SAMN07161011;Normal_PR_1.TR01_reseq;Normal_PR_1.TR01_reseq;;cDNA;TRANSCRIPTOMIC;RNA-Seq;collection protocol: For each donor eye, the retina (PR) and RPE-Choroid-Sclera (PRCS) samples were dissected from the peripheral region of the posterior eye globes using a 10mm-biopsy punch followed by a 8mm-punch in the middle of the 10mm-punch to minimize the sample contamination. A total of 32 RNA samples were prepared using the AllPrep DNA/RNA Mini kit (Qiagen). Library preparation and sequencing was done using the TruSeq Stranded total RNA with RiboZero Gold kit (Illumina, CA) protocol with a total RNA (800ng) as the starting material.;PAIRED;;ILLUMINA;;;;;Peripheral Retina;;;;;Illumina HiSeq 2000 sequencing: GSM2638041: Normal_PR_4.TR07 Homo sapiens RNA-Seq;;;Eye - Retina;;
PRJNA454694;09/02/2019;Sequencing based maternal whole blood expression changes with gestational age and labor in normal pregnancy;Sequencing based maternal whole blood expression changes with gestational age and labor in normal pregnancy;SRR7094277;SAMN09011919;Sample_24 [RNA-seq];Sample_24 [RNA-seq];;cDNA;TRANSCRIPTOMIC;RNA-Seq;RNA was isolated from  PAXgene® Blood RNA collection tube (BD 762165) as described in the PAXgene® Blood miRNA Kit Handbook (December, 2015). Purified RNA was quantified by UV spectrophotometry using the DropSense96® Microplate Spectrophotometer (Trinean) and quality assessed by microfluidics using the RNA ScreenTape on the Agilent 2200 TapeStation. Starting with 500 ng of total RNA, cDNA library templates were synthesized using the Illumina TruSeq® Stranded Total RNA LT (Set A) Kit with Ribo-Zero Globin rRNA reduction, as described in the TruSeq® Stranded Total RNA Sample Preparation Guide (Rev. E, October 2013). Libraries were validated using the HS D1000 ScreenTape on the Agilent 2200 TapeStation, and quantified on the Qubit® 2.0 Fluorometer by the Qubit® dsDNA HS Assay (ThermoFisher). The Illumina HiSeq 2500 instrument was used to cluster the samples onto the flow cell. The pools were put on at 10pM and run in rapid mode at 2×100 paired end. Illumina HiSeq Rapid PE Cluster kit V2 and HiSeq Rapid SBS kit v2 200 cycles was used.;PAIRED;;ILLUMINA;;;;;;;;;;Illumina HiSeq 2500 sequencing: GSM3124801: Sample_24 [RNA-seq] Homo sapiens RNA-Seq;;;Blood - Whole blood;;
PRJNA989574;03/07/2023;Effect of pulmonary hypertension due to left heart disease on gene expression in pulmonary arteries;Effect of pulmonary hypertension due to left heart disease on gene expression in pulmonary arteries;SRR25098103;SAMN36175537;;;GSM7520384;cDNA;TRANSCRIPTOMIC;RNA-Seq;Snap-frozen PA specimens were subjected to TRIzol-RNA extraction. RNA quality was assessed by measuring the RNA integrity number (RIN) using a Fragment Analyzer HS Total RNA Kit (Advanced Analytical Technologies, Inc.). Library preparation for total RNA-Seq was performed using TruSeq™ Stranded Total RNA with Ribo-Zero Gold (Illumina, Cat. Nr. RS-122-2301) starting from 1000 ng of total RNA. The size range of the final cDNA libraries was determined by applying the SS NGS Fragment 1- to 6000-bp Kit on the Fragment Analyzer (average 340 bp). Accurate quantification of cDNA libraries was performed by using the QuantiFluor™ dsDNA System (Promega).;SINGLE;;ILLUMINA;;;;;;;;;;Illumina HiSeq 2000 sequencing: GSM7520384: LHD w/o PH_4 Homo sapiens RNA-Seq;;;Artery - Pulmonary trunk;;
PRJNA765370;27/11/2021;RNA-seq of HPV-negative Oral Squamous Cell Carcinoma Patients;RNA-seq of HPV-negative Oral Squamous Cell Carcinoma Patients;SRR16013069;SAMN21555509;OSCC_10-N;OSCC_10-N;;cDNA;TRANSCRIPTOMIC;RNA-Seq;Nucleic acids were extracted fresh frozen OSCC tissue and matched normal (oral mucosa) using the Qiagen AllPrep Kit (Qiagen, Germantown, Maryland, USA) in accordance with the manufacturer's instructions with purification of DNA and RNA from the same sample. TruSeq Stranded Total RNA with Ribo-Zero Gold (Human, Mouse, Rat) ribosomal depletion;PAIRED;;ILLUMINA;;;;;oral mucosa;;;;;Illumina NovaSeq 6000 sequencing: GSM5593765: OSCC_10-N Homo sapiens RNA-Seq;;tumor-adjacent;Mouth - Mucosa;;
PRJNA835414;07/07/2022;Distinctive exercise-induced inflammatory response and exerkine induction in skeletal muscle of people with type 2 diabetes;Distinctive exercise-induced inflammatory response and exerkine induction in skeletal muscle of people with type 2 diabetes;SRR19095894;SAMN28101127;NGT_022_basal [P7401_145];NGT_022_basal [P7401_145];GSM6107947;cDNA;TRANSCRIPTOMIC;RNA-Seq;mRNA was extracted by mirVana miRNA Isolation Kit (ThermoFisher Scientific AM1560). Libraries were generated with TruSeq Stranded total RNA kit (Illumina 20020597) and ribosomal RNA removed with Ribo-Zero Plus rRNA depletion kit (Illumina 20037135);PAIRED;;ILLUMINA;;;;;Vastus Lateralis;;;;;Illumina HiSeq 2500 sequencing: GSM6107947: NGT_022_basal [P7401_145] Homo sapiens RNA-Seq;muscle;;Muscle - Skeletal;;
PRJNA448679;26/06/2018;Time series integrative analysis of RNA-Seq and miRNA expression data reveals key biologic pathways during keloid formation;;SRR6937801;SAMN08863055;K4-1st;Keloid data set RNA-Seq;603;Inverse rRNA;TRANSCRIPTOMIC;RNA-Seq;;PAIRED;;ILLUMINA;;;;;skin;;K4;;;Illumina HiSeq 2500 sequencing: RNA Seq of Keloid skin;;;Skin;;
PRJEB21050;22/05/2018;RNA-seq of formalin-fixed, paraffin-embedded uninvolved terminal ileal tissue obtained from ileo-colic resection surgeries of Crohn’s disease and control patients;RNA-seq of formalin-fixed, paraffin-embedded uninvolved terminal ileal tissue obtained from ileo-colic resection surgeries of Crohn’s disease and control patients;ERR1993159;SAMEA104101956;WUCA-Cont-18;Protocols: We retrospectively obtained de-identified FFPE tissue from patients who underwent ileo-colic resection surgery at Barnes-Jewish Hospital, St. Louis between 2005 and 2010. CD patient surgical resections were due to complications associated with the disease, whereas control resections were due to adenoma, carcinoma or abdominal trauma. The set of hematoxylin and eosin-stained tissue sections from each resection were obtained and examined by two pathologists (T.C.L. and T.S.S.) to identify the uninvolved proximal margin (terminal ileum) of each resection. These tissue sections were then further evaluated to identify those that met the histological inclusion criteria for this study. The criteria were that the sample had at least 100 well-oriented intestinal crypts (contained crypt lumens that extended from the apex to the base of the crypt) and absent/minimal active or chronic inflammatory disease (e.g., cryptitis, crypt abscess, architectural distortion, pyloric gland metaplasia, etc.).The study protocol was approved by the Institutional Review Board of Washington University. Patients were recruited by the Washington University Digestive Diseases Research Core Center (DDRCC). Written informed consent was obtained from all study participants prior to inclusion in the study. For samples that met the histological inclusion criteria, two fresh, unstained 5-µm FFPE tissue sections on glass microscope slides were obtained. Slides were not baked after cutting. For each sample, the two tissue sections were scraped off of the slides using a clean razor and placed in 1.5 mL Eppendorf tubes. The tubes were briefly centrifuged to place the sample towards the bottoms or sides of the tube. RNA extraction and DNase treatment was performed using the RNeasy FFPE kit (Qiagen) according to the manufacturer’s instructions, using the Xylene protocol for the paraffin removal step and 30 µL RNase-free H2O for the elution step. RNA was initially quantified by NanoDrop. Subsequent total RNA quantification and quality assessment was performed by Bioanalyzer 2100 (Agilent Technologies). Samples were excluded from the study if >20% of the RNA fragments were >200 base pairs in length, as determined with the Bioanalyzer software. Library preparation was performed by the Genome Technology Access Center (GTAC) at Washington University. Library preparation used 150 ng of total RNA. ds-cDNA was generated using the Ovation RNA-seq FFPE system (Nugen, per manufacturer’s instructions). cDNA was blunt ended, had an A base added to the 3’ ends, and then had Illumina sequencing adapters ligated to the ends. Ligated fragments were then amplified for 12 cycles using primers incorporating unique index tags.;WUCA-Cont-18_s;Inverse rRNA;TRANSCRIPTOMIC;RNA-Seq;We retrospectively obtained de-identified FFPE tissue from patients who underwent ileo-colic resection surgery at Barnes-Jewish Hospital, St. Louis between 2005 and 2010. CD patient surgical resections were due to complications associated with the disease, whereas control resections were due to adenoma, carcinoma or abdominal trauma. The set of hematoxylin and eosin-stained tissue sections from each resection were obtained and examined by two pathologists (T.C.L. and T.S.S.) to identify the uninvolved proximal margin (terminal ileum) of each resection. These tissue sections were then further evaluated to identify those that met the histological inclusion criteria for this study. The criteria were that the sample had at least 100 well-oriented intestinal crypts (contained crypt lumens that extended from the apex to the base of the crypt) and absent/minimal active or chronic inflammatory disease (e.g., cryptitis, crypt abscess, architectural distortion, pyloric gland metaplasia, etc.).The study protocol was approved by the Institutional Review Board of Washington University. Patients were recruited by the Washington University Digestive Diseases Research Core Center (DDRCC). Written informed consent was obtained from all study participants prior to inclusion in the study. For samples that met the histological inclusion criteria, two fresh, unstained 5-µm FFPE tissue sections on glass microscope slides were obtained. Slides were not baked after cutting. For each sample, the two tissue sections were scraped off of the slides using a clean razor and placed in 1.5 mL Eppendorf tubes. The tubes were briefly centrifuged to place the sample towards the bottoms or sides of the tube. RNA extraction and DNase treatment was performed using the RNeasy FFPE kit (Qiagen) according to the manufacturer’s instructions, using the Xylene protocol for the paraffin removal step and 30 µL RNase-free H2O for the elution step. RNA was initially quantified by NanoDrop. Subsequent total RNA quantification and quality assessment was performed by Bioanalyzer 2100 (Agilent Technologies). Samples were excluded from the study if >20% of the RNA fragments were >200 base pairs in length, as determined with the Bioanalyzer software. Library preparation was performed by the Genome Technology Access Center (GTAC) at Washington University. Library preparation used 150 ng of total RNA. ds-cDNA was generated using the Ovation RNA-seq FFPE system (Nugen, per manufacturer’s instructions). cDNA was blunt ended, had an A base added to the 3’ ends, and then had Illumina sequencing adapters ligated to the ends. Ligated fragments were then amplified for 12 cycles using primers incorporating unique index tags.;SINGLE;;ILLUMINA;;;;;;;;;;Illumina HiSeq 2000 sequencing: RNA-seq of formalin-fixed, paraffin-embedded uninvolved terminal ileal tissue obtained from ileo-colic resection surgeries of Crohn’s disease and control patients;;;Small Intestine - Ileum;;
PRJNA973632;05/06/2023;Combined Proteomics and Transcriptomics Identifies Serpin Family C Member 1 Associated Protein as a Biomarker of Endometriosis;Combined Proteomics and Transcriptomics Identifies Serpin Family C Member 1 Associated Protein as a Biomarker of Endometriosis;SRR24630276;SAMN35136941;YQ0157;YQ0157;GSM7372227;cDNA;TRANSCRIPTOMIC;RNA-Seq;Total RNA was extracted from epithelial cells using the TRIzol method according to standard protocols (Life Technologies, Inc., Gaithersburg, MD, USA). The purified products were evaluated using the Agilent 2200 TapeStation and diluted to 10 pM for cluster generation in situ on the HiSeq2500single-end flow cell followed by sequencing (1 × 50 bp) on the HiSeq 2500. rRNAs were removed from total RNA using an EpicentreRibo-Zero rRNA Removal Kit (Illumina, USA). Then, the PCR products were size-selected by polyacrylamide gel electrophoresis according to the instructions of the NEBNext® Multiplex mRNA/LncRNA Library Prep Set for Illumina® and Chain specific library sequencing was performed using the UNG enzymatic method (New England Biolabs, Inc., Ipswich, MA, USA).;PAIRED;;ILLUMINA;;;;;endometrium;;;;;Illumina HiSeq 2500 sequencing: GSM7372227: YQ0157 Homo sapiens RNA-Seq;;;Uterus - Endometrium;;
PRJNA914646;24/12/2023;Integrated Unbiased Multiomics Defines Disease-Independent Placental Clusters in Common Obstetrical Syndromes;;SRR22847438;SAMN32343574;MJ-0287;MJ-0287;=VLOOKUP($A25,[1]SRA_data!$A:$M,2,FALSE);Inverse rRNA;TRANSCRIPTOMIC;RNA-Seq;;PAIRED;;ILLUMINA;;;;;Placenta;;Control;;;Illumina NovaSeq 6000 sequencing: Control;;healthy;Placenta;;
PRJNA908818;25/06/2023;Effect of cigarette smoking on gene expression of peripheral blood B cells and on transcriptome changes by naïve-to-memory B cell shift;Effect of cigarette smoking on gene expression of peripheral blood B cells and on transcriptome changes by naïve-to-memory B cell shift;SRR22532385;SAMN32045277;;;GSM6788577;cDNA;TRANSCRIPTOMIC;RNA-Seq;Granulocytes were isolated directly from whole blood using anti-CD15+ antibody–coated magnetic beads following the protocol (Invitrogen). Density gradient centrifugation using Histopaque-1077 Ficoll medium and Accuspin™ Tubes (Sigma-Aldrich) was used to isolate the mononuclear layer of CD19+ B cells using antibody-coated magnetic beads (Invitrogen). RNA was harvested using RNeasy mini plus kit (Qiagen). Aliquots of RNA (375 ng) were used to generate poly-adenylated RNA libraries with TruSeq Stranded Total RNA Ribo-Zero Human Gold kit (Illumina). Samples were indexed with NEXTfle-96 RNA-Seq Barcodes (Bioo-scientific, Austin, TX).;PAIRED;;ILLUMINA;;;;;;;;;;Illumina NovaSeq 6000 sequencing: GSM6788577: F072-1_Bcell_Smoker Homo sapiens RNA-Seq;some smokers;;Blood - Granulocyte;;
PRJNA478051;21/02/2020;Dynamics of the transcriptional landscape during human gonad development during fetal life;Dynamics of the transcriptional landscape during human gonad development during fetal life;SRR7430735;SAMN09495552;XY_9GW_p3_EH319;XY_9GW_p3_EH319;;cDNA;TRANSCRIPTOMIC;RNA-Seq;Total RNA were extracted from tissues using the RNeasy mini Kit (Qiagen), quantified using a NanoDrop™ 8000 spectrophotometer (Thermo Scientific) and quality controlled using a 2100 Electrophoresis Bioanalyzer (Agilent). Libraries of template molecules suitable for strand specific high throughput DNA sequencing were created using “TruSeq Stranded Total RNA with Ribo-Zero Gold Prep Kit” (catalog # RS-122-2301, Illumina Inc.). Briefly, the removal of cytoplasmic and mitochondrial ribosomal RNA (rRNA) was performed from 500 ng of total RNA using biotinylated, target-specific oligos combined with Ribo-Zero rRNA removal beads. Following purification, the RNA was fragmented using divalent cations under elevated temperature. The cleaved RNA fragments were copied into first strand cDNA using reverse transcriptase and random primers, followed by second strand cDNA synthesis using DNA Polymerase I and RNase H. The double stranded cDNA fragments were blunted using T4 DNA polymerase, Klenow DNA polymerase and T4 PNK. A single 'A' nucleotide was added to the 3' ends of the blunt DNA fragments using a Klenow fragment (3' to 5'exo minus) enzyme. The cDNA fragments were ligated to double stranded adapters using T4 DNA Ligase. The ligated products were enriched by PCR amplification (30 sec at 98°C [10 sec at 98°C, 30 sec at 60°C, 30 sec at 72°C] x 12 cycles 5 min at 72°C). Excess of PCR primers was removed by purification using AMPure XP beads (Agencourt Biosciences Corporation). Final cDNA libraries were quality-checked and quantified using a 2100 Electrophoresis Bioanalyzer (Agilent). The libraries were loaded in the flow cell at 7pM concentration and clusters were generated in the Cbot and sequenced in the Illumina Hiseq 2500 as paired-end 2x50 base reads following Illumina's instructions. Image analysis and base calling were performed using RTA 1.17.20 and CASAVA 1.8.2.;PAIRED;;ILLUMINA;;;;;Testis;;;;;Illumina HiSeq 2500 sequencing: GSM3223686: XY_9GW_p3_EH319 Homo sapiens RNA-Seq;;;Testis;;
PRJNA625391;16/04/2020;RNA-seq of matched adjacent normal and primary tumor samples from 33 HCC patients;;SRR11547438;SAMN14599275;Human sample from Homo sapiens;Human sample from Homo sapiens;11;Inverse rRNA;TRANSCRIPTOMIC;RNA-Seq;;PAIRED;;ILLUMINA;;;;;Liver tissue;;normal;;;Illumina HiSeq 2500 sequencing: RNA-Seq of Homo sapiens :liver;;;Liver;;
PRJNA496323;27/01/2019;Atopic Dermatitis, Psoriasis and healthy control RNA-seq cohort;Atopic Dermatitis, Psoriasis and healthy control RNA-seq cohort;SRR8052771;SAMN10238607;CTRL_029_healthy;CTRL_029_healthy;;cDNA;TRANSCRIPTOMIC;RNA-Seq;5mm skin punch biopsies were stored in PaxGene tissue containers (PreAnalytiX) at -80°C until isolation of total RNA with the Qiagen AllPrep DNA/RNA Mini Kit preceded by an additional disruption/homogenization step with innuSPEED Lysis Tubes W (Analytik Jena) and Qiagen QIAshredder spin-columns. RNA samples were prepared for sequencing using the Illumina Truseq® Stranded total RNA Protocol in combination with the RiboZero rRNA removal Kit and sequenced on the HiSeq2500 with 2x125bp.;PAIRED;;ILLUMINA;;;;;;;;;;Illumina HiSeq 2500 sequencing: GSM3427931: CTRL_029_healthy Homo sapiens RNA-Seq;;Healthy;Skin;;
PRJNA946747;30/03/2023;Transcriptome Profiling of Intact Bowel Wall Reveals that PDE1A and SEMA3D are Possible Markers with Roles in Enteric Smooth Muscle Apoptosis, Proliferative Disorders, and Autonomic Nervous Abnormality in Crohn's Disease.;Transcriptome Profiling of Intact Bowel Wall Reveals that PDE1A and SEMA3D are Possible Markers with Roles in Enteric Smooth Muscle Apoptosis, Proliferative Disorders, and Autonomic Nervous Abnormality in Crohn's Disease.;SRR23920439;SAMN33831180;iCD6, male, 25 years old;iCD6, male, 25 years old;GSM7106755;cDNA;TRANSCRIPTOMIC;RNA-Seq;A. Add 600 μL Lysis/Binding Buffer to the cell or tissue lysate. Then add 30 μL miRNA Homogenate Additive to homogenate, and mix well by vortexing or inverting the tube several times. Leave the mixture on ice for 10 min. B. Add a volume of Acid-Phenol: Chloroform that is equal to the lysate volume before addition of the miRNA Homogenate Additive. Centrifuge for 5 min at maximum speed (10,000 x g) to separate the aqueous and organic phases. Carefully remove the aqueous (upper) phase without disturbing the lower phase, and transfer it to a fresh tube. C. Add 1.25 volumes of room temperature 100% ethanol to the aqueous phase. D. Pipet the lysate/ethanol mixture (from the previous step) onto the Filter Cartridge (Note: Up to 700 μL can be applied to a Filter Cartridge at a time.). Centrifuge for 30 sec at 13,000 rpm to pass the mixture through the filter. Discard the flow-through. E. Apply 350 μL miRNA Wash Solution 1 to the Filter Cartridge and centrifuge for 30 sec at 13,000 rpm. Discard the flow-through from the Collection Tube, and replace the Filter Cartridge into the same Collection Tube. F. The 10 μL DNase I and 70 μL Buffer RDD QIAGEN (#79254) were mixed. Then the mixture was added to the Filter Cartridge. Leave it at the room temperature for 15 min. G. Apply 350 μL miRNA Wash Solution 1 to the Filter Cartridge and centrifuge for 30 sec at 13,000 rpm. Discard the flow-through from the Collection Tube, and replace the Filter Cartridge into the same Collection Tube. H. Apply 500 μL Wash Solution 2/3 and centrifuge for 30 sec at 13,000 rpm. Draw it through the Filter Cartridge as in the previous step. Repeat with a second 500 μL aliquot of Wash Solution 2/3. I. Spin the assembly for 1 min to remove residual fluid from the filter. Transfer the Filter Cartridge into a fresh Collection Tube. Apply 100 μL of pre-heated (95°C) Elution Solution to the center of the filter. Leave it at the room temperature for 2 min. Spin for 20–30 sec at maximum speed to recover the RNA. Collect the eluate (which contains the RNA) and store it at -70°C. 1 Ribo-Zero Deplete and Fragment RNA a. Add 5 μL rRNA Binding Buffer and 5 μL rRNA Removal Mix-Gold to each well with 10 μL total RNA (1 μg). Gently pipette the entire volume up and down 6 times to mix thoroughly. b. Incubate the PCR plate at 68°C for 5 min, and then place at room temperature for 1 min. c. Add 35 μL of rRNA Removal Beads to each well of the new PCR plate. Adjust the pipette to 45 μL, then with the tip of the pipette at the bottom of the well, pipette quickly up and down 20 times to mix thoroughly. Incubate at room temperature for 1 min. Place the PCR plate on the magnetic stand at room temperature for 1 min. Transfer all of the supernatant from each well to the corresponding well of the new PCR plate. d. Add 99 μL of RNAClean XP beads (If starting with degraded total RNA, add 193 μL of RNAClean XP beads to each well) to each well of the PCR plate. Gently pipette the entire volume up and down 10 times to mix thoroughly. Incubate the PCR plate at room temperature for 15 min. e. Place the PCR plate on the magnetic stand at room temperature for 5 min. Remove and discard all of the supernatant from each well of the PCR plate. f. Add 200 μL freshly prepared 70% EtOH to each well. Incubate the PCR plate at room temperature for 30 s, and then remove and discard all of the supernatant from each well. Let the PCR plate stand at room temperature for 15 min to dry. g. Add 11 μL Elution Buffer to each well of the PCR plate. Gently pipette the entire volume up and down 10 times to mix thoroughly. Incubate the PCR plate at room temperature for 2 min. Place the PCR plate on the magnetic stand at room temperature for 5 min. Transfer 8.5 μL supernatant from the PCR plate to the new 0.2 ml tube. h. Add 8.5 μL Elute, Prime, Fragment High Mix to each well of the plate. Gently pipette the entire volume up and down 6 times to mix thoroughly. i. Incubate at 94°C for 8 min, hold at 4°C, and then centrifuge shortly 2 Synthesize First Strand cDNA a. Add 8 μL First Strand Synthesis Act D Mix and SuperScript II Reverse Transcriptase in each well of the PCR plate. Gently pipette the entire volume up and down 6 times to mix thoroughly. b. The mixture was incubated in the following progress: 25°C for 10 min, 42°C for 15 min, 70°C for 15 min, hold at 4°C. 3 Synthesize Second Strand cDNA a. Add 5 μL End Repair Control (2 μL End Repair Control + 98 μL Resuspension Buffer) in each well of the PCR plate. b. Add 20 μL Second Strand Marking Master Mix. Gently pipette the entire volume up and down 6 times to mix thoroughly. c. Incubate at 16°C for 60 min. Remove the plate from the thermal cycler. 4 Purification a. Add 90 μL mixed AMPure XP beads to each well of the plate. Gently pipette the entire volume up and down 10 times to mix thoroughly. Incubate the plate at room temperature for 15 min. b. Place it on the magnetic stand at room temperature for 5 min. c. Remove and discard 135 μL supernatant from each well of the plate. d. With the plate on the magnetic stand, add 200 μL freshly prepared 80% EtOH to each well. Incubate the plate at room temperature for 30 s, and then remove and discard all of the supernatant from each well. e. Repeat step d one time. f. Let the plate stand at room temperature for 15 min to dry, and then remove the plate from the magnetic stand. g. Add 17.5 μL Resuspension Buffer to each well of the plate. Gently pipette the entire volume up and down 10 times to mix thoroughly. h. Incubate the plate at room temperature for 2 min. Then place the plate on the magnetic stand at room temperature for 5 min. i. Transfer 15 μL supernatant from the plate to the new PCR plate. 5 Adenylate 3' Ends a. Add 2.5 μL of diluted A-Tailing Control (1 μL A-Tailing Control + 99 μL Resuspension Buffer) to each well of the plate. b. Add 12.5 μL of A-Tailing Mix to each well of the plate. Gently pipette the entire volume up and down 10 times to mix thoroughly. c. The mixture was incubated in the following progress: 37°C for 30 min, 70°C for 5 min, hold at 4°C. 6 Ligate Adapters a. Add 2.5 μL of diluted Ligation Control (1 μL Ligation Control + 99 μLResuspension Buffer) to each well of the plate. b. Add 2.5 μL of Ligation Mix to each well of the plate. c. Add 2.5 μL of RNA Adapter Index to each well of the plate. Gently pipette the entire volume up and down 10 times to mix thoroughly. d. Incubate at 30°C for 10 min. e. Add 5 μL of Stop Ligation Buffer to each well of the plate. Gently pipette the entire volume up and down 10 times to mix thoroughly. 7 Purification a. Add 42 μL of mixed AMPure XP Beads to each well of the plate. Gently pipette the entire volume up and down 10 times to mix thoroughly. Incubate the plate at room temperature for 15 min. b. Place the plate on the magnetic stand at room temperature for 15 min or until the liquid is clear. c. Remove and discard 79.5 μL supernatant from each well of the plate. d. With the plate on the magnetic stand, add 200 μL freshly prepared 80% EtOH to each well. Incubate the plate at room temperature for 30 s, and then remove and discard all of the supernatant from each well. e. Repeat step d one time for a total of two 80% EtOH washes. f. With the plate on the magnetic stand, let the samples air-dry at room temperature for 15 min. Remove the plate from the magnetic stand. g. Add 52.5 μL Resuspension Buffer to each well of the plate. Gently pipette the entire volume up and down 10 times to mix thoroughly. h. Incubate the plate at room temperature for 2 min. Place the plate on the magnetic stand at room temperature for 5 minutes or until the liquid is clear. i. Transfer 50 μL supernatant from each well of the plate to the corresponding well of the new PCR plate. j. Add 50 μL of mixed AMPure XP Beads to each well of the plate. Gently pipette the entire volume up and down 10 times to mix thoroughly. Incubate the plate at room temperature for 15 min. k. Place the plate on the magnetic stand at room temperature for 15 min or until the liquid is clear. l. Remove and discard 95 μL supernatant from each well of the plate. m. With the plate on the magnetic stand, add 200 μL freshly prepared 80% EtOH to each well. Incubate the plate at room temperature for 30 s, and then remove and discard all of the supernatant from each well. n. Repeat step m one time for a total of two 80% EtOH washes. o. With the plate on the magnetic stand, let the samples air-dry at room temperature for 15 min, and then remove the plate from the magnetic stand. p. Add 22.5 μL Resuspension Buffer to each well of the plate. Gently pipette the entire volume up and down 10 times to mix thoroughly. q. Incubate the plate at room temperature for 2 min. Place the plate on the magnetic stand at room temperature for 5 min or until the liquid is clear. r. Transfer 20 μL supernatant from each well of the plate to the corresponding well of the new PCR plate 8 Enrich DNA Fragments a. Add 5 μL of PCR Primer Cocktail to each well of the PCR plate. b. Add 25 μL of PCR Master Mix to each well of the PCR plate. Gently pipette the entire volume up and down to mix thoroughly. c. The mixture was incubated in the following progress: 1 cycle 98°C for 30 s 15 cycles 98°C for 10 s, 60°C for 30 s, 72°C for 30 s 1 cycle 72°C for 5 min hold at 10°C 9 Purification a. Add 50 μL of the mixed AMPure XP Beads to each well of the PCR plate. Gently pipette the entire volume up and down 10 times to mix thoroughly. Incubate the PCR plate at room temperature for 15 min. b. Place the plate on the magnetic stand at room temperature for 15 min or until the liquid is clear. c. Remove and discard 95 μL supernatant from each well of the PCR plate. d. With the PCR plate on the magnetic stand, add 200 μL freshly prepared 80% EtOH to each well. Incubate the PCR plate at room temperature for 30 s, and then remove and discard all of the supernatant from each well. e. Repeat step d one time for a total of two 80% EtOH washes. f. With the PCR plate on the magnetic stand, let the samples air-dry at room temperature for 15 min, and then remove the plate from the magnetic stand. g. Add 32.5 μL Resuspension Buffer to each well of the PCR plate. Gently pipette the entire volume up and down 10 times to mix thoroughly. h. Incubate the PCR plate at room temperature for 2 min. Place the PCR plate on the magnetic stand at room temperature for 5 min or until the liquid is clear. i. Transfer 30 μL supernatant from each well of the PCR plate to the corresponding well of the new PCR plate 10 Validate library a. Load 1 μL sample on an Agilent Technologies 2100 Bioanalyze. b. Check the size and purity of the sample.;PAIRED;;ILLUMINA;;;;;colon, intact bowel wall;;;;;HiSeq X Ten sequencing: GSM7106755: iCD6, male, 25 years old Homo sapiens RNA-Seq;Crohn's diseas;non-cancer disease;Colon;;
PRJNA668929;18/06/2021;Effect of age on human retinal pigment epithelium (RPE) transcriptome;Effect of age on human retinal pigment epithelium (RPE) transcriptome;SRR12817264;SAMN16427607;donor4;donor4;;cDNA;TRANSCRIPTOMIC;RNA-Seq;RNeasy Plus Mini kit Ribosomal RNA was depleted from total RNA using the Ribo-Zero rRNA Removal kit. Library preparation performed using Illumina HiSeq 2000.;PAIRED;;ILLUMINA;;;;;;;;;;Illumina HiSeq 2000 sequencing: GSM4829765: donor4 Homo sapiens RNA-Seq;;;Eye - Retina;;
PRJNA574470;12/05/2020;Hippocampal Subfield Transcriptome Analysis in Schizophrenia Psychosis;Hippocampal Subfield Transcriptome Analysis in Schizophrenia Psychosis;SRR10192667;SAMN12858865;CA3_CTL_0883;CA3_CTL_0883;;1;TRANSCRIPTOMIC;RNA-Seq;Total RNA was extracted and purified using a protocol combining Trizol and chloroform extraction, the GeneJET RNA Purification Kit, and a motorized mini-pestle vibrator for tissue homogenization. RNA purity and concentration were assessed on the Nanodrop spectrophotometer and Agilent2100 Bioanalyzer for RNA Integrity number (RIN) determination. Total RNA was rRNA ribo-depleted, and strand-specific cDNA libraries were synthesized before sequencing on an Illumina HiSeq 2500 sequencer. Stranded, single-end 50-base-pair reads were generated for the preliminary CA3 cohort data. Stranded paired-end 100-base-pair reads were generated for additional cohorts. Libraries and sequencing were performed at the UTSW McDermott Sequencing Core and UTSW Genomics & Microarray Core.;SINGLE;;ILLUMINA;;;;;hippocampus;;;;;Illumina HiSeq 2500 sequencing: GSM4098931: CA3_CTL_0883 Homo sapiens RNA-Seq;;;Brain - Hippocampus;;
PRJNA742971;12/11/2022;A resource for integrated genomic analysis of the human liver;A resource for integrated genomic analysis of the human liver;SRR15013531;SAMN19988363;SJLB321;SJLB321;;cDNA;TRANSCRIPTOMIC;RNA-Seq;Total RNA was extracted from tissue homogenized in TRIzol reagent, followed by Qiagen RNAeasy cleanup mRNA libraries were prepared using the Illuminia TruSeq Stranded Total RNA with Ribo-Zero protocol;PAIRED;;ILLUMINA;;;;;liver;;;;;Illumina HiSeq 2000 sequencing: GSM5412180: SJLB321 Homo sapiens RNA-Seq;check ribozero;likely postmportem;Liver;;
PRJNA660773;05/01/2021;Whole transcriptome sequencing of kidney tissues in lupus nephritis;Whole transcriptome sequencing of kidney tissues in lupus nephritis;SRR12565024;SAMN15960658;ZJL_RNA;ZJL_RNA;;cDNA;TRANSCRIPTOMIC;RNA-Seq;Total RNA was extracted from renal tissues using the Trizol LS reagent . After total RNA quality check, the rRNA was removed using the Ribo-ZeroTM rRNA removal kit and purification and fragmentation of RNA was performed at the same time. First-strand cDNA was synthesized via reverse transcription, followed by second-strand cDNA synthesis. After terminal repair and purification, the cDNA library was amplified through PCR. Finally, samples were sequenced using a 2×150 base paired-end configuration with the Illumina Hiseq 2500 (Illumina, CA, USA). RNA libraries were prepared for sequencing using standard Illumina protocols;PAIRED;;ILLUMINA;;;;;;;;;;Illumina HiSeq 2500 sequencing: GSM4761008: ZJL_RNA Homo sapiens RNA-Seq;;;Kidney;;
PRJNA773413;04/04/2022;Compartment-specific total RNA profile of Hippocampal and Cortical cells from Mesial Temporal Lobe Epilepsy tissue;Compartment-specific total RNA profile of Hippocampal and Cortical cells from Mesial Temporal Lobe Epilepsy tissue;SRR16522693;SAMN22483679;Hippocampus_cytoplasm_control9 [Hip_cyt_S06-062];Hippocampus_cytoplasm_control9 [Hip_cyt_S06-062];;cDNA;TRANSCRIPTOMIC;RNA-Seq;Complete details can be found on manuscripts methods section. Briefly, subcellular fractionation was performed isolating pure cytosolic and nuclei cell compartments. Isolated cytoplasmic and nuclei samples were stored in Qiazol (Qiagen) at -80oC until RNA extraction was performed. Total RNA was extracted using miRNeasy kit (Qiagen), according to manufacturer's protocol. A total of 2 ug of RNA per sample in a 5 ul volume was rRNA-depleted using the Ribo-Zero Magnetic Kit (human/mouse/rat Illumina) before library preparation. Stranded, paired-end sequencing libraries were prepared using the ScriptSeq v2 (Epicentre), after which samples were subjected to quality control on the 2100 Bioanalyzer (Agilent). Sequencing was performed as paired end 100 bp reads on an Illumina HiSeq 4000 sequencer at the Beijing Genomics Institute (BGI) (Hongkong, China).;PAIRED;;ILLUMINA;;;;;Hippocampus;;;;;Illumina HiSeq 4000 sequencing: GSM5643950: Hippocampus_cytoplasm_control9 [Hip_cyt_S06-062] Homo sapiens RNA-Seq;cytoplasm;non-cancer disease;Brain - Hippocampus;;
PRJNA486023;14/03/2019;Fudan University Shanghai Cancer Center Triple Negative Breast Cancer (FUSCCTNBC);Homo sapiens;SRR8518436;SAMN09837174;Human sample from Homo sapiens;Human sample from Homo sapiens;Lib_FUSCCTNBC324.PT;Inverse rRNA;TRANSCRIPTOMIC;RNA-Seq;;PAIRED;;ILLUMINA;;;;;Paired normal breast tissue;;FUSCCTNBC324;;;HiSeq X Ten sequencing: RNAseq of Homo sapiens: triple negative breast cancer from FUSCCTNBC project;;tumor-adjacent;Breast;;
PRJNA914646;24/12/2023;Integrated Unbiased Multiomics Defines Disease-Independent Placental Clusters in Common Obstetrical Syndromes;;SRR22925349;SAMN32490891;Human sample from Homo sapiens;Human sample from Homo sapiens;TP19.B263;Inverse rRNA;TRANSCRIPTOMIC;RNA-Seq;;PAIRED;;ILLUMINA;;;;;Placenta;;Control;;;Illumina NovaSeq 6000 sequencing: Control;;healthy;Placenta;;
PRJNA637378;23/09/2020;Non-CG methylation and multiple epigenetic layers associate child abuse with immune and small GTPase dysregulation;Non-CG methylation and multiple epigenetic layers associate child abuse with immune and small GTPase dysregulation;SRR11927141;SAMN15104802;Lateral amygdala, S10, RNAseq;Lateral amygdala, S10, RNAseq;;cDNA;TRANSCRIPTOMIC;RNA-Seq;TrueSeq Stranded Total RNA Sample Preparation + Ribo-Zero Gold kits (Illumina);PAIRED;;ILLUMINA;;;;;Lateral Amygdala (human brain tissue);;;;;Illumina HiSeq 2000 sequencing: GSM4591822: Lateral amygdala, S10, RNAseq Homo sapiens RNA-Seq;;;Brain - Amygdala;;
PRJNA533799;30/10/2019;A Novel LincRNA HERES Epigenetically Regulates Wnt Signaling Pathway via Interaction with EZH2 in Esophageal Squamous Cell Carcinoma;A Novel LincRNA HERES Epigenetically Regulates Wnt Signaling Pathway via Interaction with EZH2 in Esophageal Squamous Cell Carcinoma;SRR8931993;SAMN11467206;Patient_04_normal;Patient_04_normal;0;cDNA;TRANSCRIPTOMIC;RNA-Seq;Total RNA was extracted from ESCC tissues using TRIzol reagent (Invitrogen) for construction of RNA-seq libraries. The sequencing library was prepared from 1 ug of total RNA using Illumina TruSeq Stranded Total RNA Library Prep Kit with Ribo-Zero Human/Mouse/Rat (RS-122-2203).;PAIRED;;ILLUMINA;;;;;ESCC;;;;;Illumina HiSeq 2000 sequencing: GSM3731540: Patient_04_normal Homo sapiens RNA-Seq;;tumor-adjacent;Esophagus;;
PRJNA773413;04/04/2022;Compartment-specific total RNA profile of Hippocampal and Cortical cells from Mesial Temporal Lobe Epilepsy tissue;Compartment-specific total RNA profile of Hippocampal and Cortical cells from Mesial Temporal Lobe Epilepsy tissue;SRR16522689;SAMN22483673;Hippocampus_cytoplasm_control1 [Hip_cyt_C02-05];Hippocampus_cytoplasm_control1 [Hip_cyt_C02-05];;cDNA;TRANSCRIPTOMIC;RNA-Seq;Complete details can be found on manuscripts methods section. Briefly, subcellular fractionation was performed isolating pure cytosolic and nuclei cell compartments. Isolated cytoplasmic and nuclei samples were stored in Qiazol (Qiagen) at -80oC until RNA extraction was performed. Total RNA was extracted using miRNeasy kit (Qiagen), according to manufacturer's protocol. A total of 2 ug of RNA per sample in a 5 ul volume was rRNA-depleted using the Ribo-Zero Magnetic Kit (human/mouse/rat Illumina) before library preparation. Stranded, paired-end sequencing libraries were prepared using the ScriptSeq v2 (Epicentre), after which samples were subjected to quality control on the 2100 Bioanalyzer (Agilent). Sequencing was performed as paired end 100 bp reads on an Illumina HiSeq 4000 sequencer at the Beijing Genomics Institute (BGI) (Hongkong, China).;PAIRED;;ILLUMINA;;;;;Hippocampus;;;;;Illumina HiSeq 4000 sequencing: GSM5643946: Hippocampus_cytoplasm_control1 [Hip_cyt_C02-05] Homo sapiens RNA-Seq;cytoplasm;non-cancer disease;Brain - Hippocampus;;
PRJNA975585;08/09/2023;Whole genome transcriptomics of upper extremity veins from end-stage kidney disease patients and non-kidney disease organ donors;Whole genome transcriptomics of upper extremity veins from end-stage kidney disease patients and non-kidney disease organ donors;SRR24709856;SAMN35340238;S040,Basilic vein,Healthy,NA;S040,Basilic vein,Healthy,NA;GSM7418756;cDNA;TRANSCRIPTOMIC;RNA-Seq;RNAlater-preserved samples were ground in liquid nitrogen and isolated with Trizol (Thermo Fisher Scientific) followed by column purification (EZNA Total RNA Kit I, Omega Bio-tek). 500 ng of total RNA was used as input for the Illumina TruSeq Stranded Total RNA Library Prep Kit with Ribo-Zero to generate ribosomal RNA-depleted sequencing libraries. Each sample had a unique barcode to allow multiplexing, and was sequenced to >40 million raw reads in a single end 75 bp sequencing run on the Illumina NextSeq500.;SINGLE;;ILLUMINA;;;;;Basilic vein;;;;;NextSeq 500 sequencing: GSM7418756: S040,Basilic vein,Healthy,NA Homo sapiens RNA-Seq;;;Blood Vessel;;
PRJNA540989;08/07/2022;Annotation and functional characterization of long noncoding RNAs deregulated in pancreatic adenocarcinoma;Annotation and functional characterization of long noncoding RNAs deregulated in pancreatic adenocarcinoma;SRR11586867;SAMN14668042;Non-tumor 15N;Non-tumor 15N;;cDNA;TRANSCRIPTOMIC;RNA-Seq;Surgical fragments of PDAC and peritumoral nonmalignant tissues were collected and snap frozen in liquid nitrogen. RNA was isolated using the Trizol reagent (ThermoFisher) and purified according to the manufacturer's protocol. RNA-Seq libraries were generated using the Illumina TruSeq Stranded Total RNA LT sample preparation kit with Ribo-Zero Gold (Cat# RS-122-2001) according to the standard manufacturer's protocol (Part no. 15031048 Rev. D April 2013).;PAIRED;;ILLUMINA;;;;;Non-tumor-adjacent pancreatic tissue;;;;;Illumina HiSeq 2500 sequencing: GSM4490231: Non-tumor 15N Homo sapiens RNA-Seq;;tumor-adjacent;Pancreas;;
PRJNA742971;12/11/2022;A resource for integrated genomic analysis of the human liver;A resource for integrated genomic analysis of the human liver;SRR15013590;SAMN19988446;SJLB383;SJLB383;;cDNA;TRANSCRIPTOMIC;RNA-Seq;Total RNA was extracted from tissue homogenized in TRIzol reagent, followed by Qiagen RNAeasy cleanup mRNA libraries were prepared using the Illuminia TruSeq Stranded Total RNA with Ribo-Zero protocol;PAIRED;;ILLUMINA;;;;;liver;;;;;Illumina HiSeq 2000 sequencing: GSM5412225: SJLB383 Homo sapiens RNA-Seq;check ribozero;likely postmportem;Liver;;
PRJNA312169;07/02/2017;Transcriptome profiling of human keratoconus corneas through RNA sequencing identifies collagen synthesis disruption and downregulation of core elements of TGF-ß, Hippo, and Wnt pathways;Homo sapiens;SRR3170206;SAMN04504345;KR_52;KR_52;;cDNA;TRANSCRIPTOMIC;RNA-Seq;The corneas were transferred to 400 µl of lysis solution (Norgen Biotek, Thorold, ON, Canada) in a 2-mL microtube with Lysing Matrix D (MP Biomedicals, Irvine, CA, USA) and homogenized using a FastPrep®-24 Instrument (MP Biomedicals). Further total RNA extraction and purification steps were performed according to the manufacturer’s instructions supplied with a Total RNA Purification Kit (Norgen Biotek). To maximize the removal of residual DNA that could affect downstream analyses, an on-column DNase I (Zymo Research, Irvine, CA, USA) treatment was performed. Libraries were prepared with a TruSeq Stranded Total RNA LT with Ribo-Zero™ Human/Mouse/Rat Kit (Illumina, San Diego, CA, USA) according to the manufacturer’s protocol, with slight modifications.;PAIRED;;ILLUMINA;;;;;cornea;;;;;Illumina HiSeq 1500 sequencing: GSM2061727: KR_52 Homo sapiens RNA-Seq;;;Eye - Cornea;;
PRJNA908818;25/06/2023;Effect of cigarette smoking on gene expression of peripheral blood B cells and on transcriptome changes by naïve-to-memory B cell shift;Effect of cigarette smoking on gene expression of peripheral blood B cells and on transcriptome changes by naïve-to-memory B cell shift;SRR22532396;SAMN32045288;;;GSM6788566;cDNA;TRANSCRIPTOMIC;RNA-Seq;Granulocytes were isolated directly from whole blood using anti-CD15+ antibody–coated magnetic beads following the protocol (Invitrogen). Density gradient centrifugation using Histopaque-1077 Ficoll medium and Accuspin™ Tubes (Sigma-Aldrich) was used to isolate the mononuclear layer of CD19+ B cells using antibody-coated magnetic beads (Invitrogen). RNA was harvested using RNeasy mini plus kit (Qiagen). Aliquots of RNA (375 ng) were used to generate poly-adenylated RNA libraries with TruSeq Stranded Total RNA Ribo-Zero Human Gold kit (Illumina). Samples were indexed with NEXTfle-96 RNA-Seq Barcodes (Bioo-scientific, Austin, TX).;PAIRED;;ILLUMINA;;;;;;;;;;Illumina NovaSeq 6000 sequencing: GSM6788566: F015-2_Bcell_nonSmoker Homo sapiens RNA-Seq;some smokers;;Blood - Granulocyte;;
PRJNA908818;25/06/2023;Effect of cigarette smoking on gene expression of peripheral blood B cells and on transcriptome changes by naïve-to-memory B cell shift;Effect of cigarette smoking on gene expression of peripheral blood B cells and on transcriptome changes by naïve-to-memory B cell shift;SRR22532377;SAMN32045270;;;GSM6788584;cDNA;TRANSCRIPTOMIC;RNA-Seq;Granulocytes were isolated directly from whole blood using anti-CD15+ antibody–coated magnetic beads following the protocol (Invitrogen). Density gradient centrifugation using Histopaque-1077 Ficoll medium and Accuspin™ Tubes (Sigma-Aldrich) was used to isolate the mononuclear layer of CD19+ B cells using antibody-coated magnetic beads (Invitrogen). RNA was harvested using RNeasy mini plus kit (Qiagen). Aliquots of RNA (375 ng) were used to generate poly-adenylated RNA libraries with TruSeq Stranded Total RNA Ribo-Zero Human Gold kit (Illumina). Samples were indexed with NEXTfle-96 RNA-Seq Barcodes (Bioo-scientific, Austin, TX).;PAIRED;;ILLUMINA;;;;;;;;;;Illumina NovaSeq 6000 sequencing: GSM6788584: F125-1_Bcell_Smoker Homo sapiens RNA-Seq;some smokers;;Blood - Granulocyte;;
PRJNA742971;12/11/2022;A resource for integrated genomic analysis of the human liver;A resource for integrated genomic analysis of the human liver;SRR15013545;SAMN19988355;SJLB334;SJLB334;;cDNA;TRANSCRIPTOMIC;RNA-Seq;Total RNA was extracted from tissue homogenized in TRIzol reagent, followed by Qiagen RNAeasy cleanup mRNA libraries were prepared using the Illuminia TruSeq Stranded Total RNA with Ribo-Zero protocol;PAIRED;;ILLUMINA;;;;;liver;;;;;Illumina HiSeq 2000 sequencing: GSM5412187: SJLB334 Homo sapiens RNA-Seq;check ribozero;likely postmportem;Liver;;
PRJNA939148;30/07/2023;Transcriptomes of human primary skin fibroblasts reveal age-associated mRNAs and long noncoding RNAs;Transcriptomes of human primary skin fibroblasts reveal age-associated mRNAs and long noncoding RNAs;SRR23630193;SAMN33458046;SKIN_AGE58_F_GR3_Gt011;SKIN_AGE58_F_GR3_Gt011;GSM7067613;cDNA;TRANSCRIPTOMIC;RNA-Seq;After expansion, total RNA was isolated using the Direct-zolTM RNA MiniPrep kit (Zymo Research) following the manufacturer's instruction. Ribo-RNA depletion with Low Input RiboMinus Eukaryote System v2 (Thermo Fisher Scientific). Ribo-RNA-depleted samples were then used for cDNA synthesis with Ovation® RNA-Seq System V2 (Nugen) following the manufacturer's protocol. Following cDNA fragmentation and size selection, libraries were prepared using Illumina TruSeq ChIP Library Preparation Kit (Illumina) according to manufacturer's protocol.;PAIRED;;ILLUMINA;;;primary skin fibroblasts;;;;;;;Illumina NovaSeq 6000 sequencing: GSM7067613: SKIN_AGE58_F_GR3_Gt011 Homo sapiens RNA-Seq;;;Cells - Cultured fibroblasts;;
PRJNA946747;30/03/2023;Transcriptome Profiling of Intact Bowel Wall Reveals that PDE1A and SEMA3D are Possible Markers with Roles in Enteric Smooth Muscle Apoptosis, Proliferative Disorders, and Autonomic Nervous Abnormality in Crohn's Disease.;Transcriptome Profiling of Intact Bowel Wall Reveals that PDE1A and SEMA3D are Possible Markers with Roles in Enteric Smooth Muscle Apoptosis, Proliferative Disorders, and Autonomic Nervous Abnormality in Crohn's Disease.;SRR23920430;SAMN33831171;iUC4, male, 56 years old;iUC4, male, 56 years old;GSM7106764;cDNA;TRANSCRIPTOMIC;RNA-Seq;A. Add 600 μL Lysis/Binding Buffer to the cell or tissue lysate. Then add 30 μL miRNA Homogenate Additive to homogenate, and mix well by vortexing or inverting the tube several times. Leave the mixture on ice for 10 min. B. Add a volume of Acid-Phenol: Chloroform that is equal to the lysate volume before addition of the miRNA Homogenate Additive. Centrifuge for 5 min at maximum speed (10,000 x g) to separate the aqueous and organic phases. Carefully remove the aqueous (upper) phase without disturbing the lower phase, and transfer it to a fresh tube. C. Add 1.25 volumes of room temperature 100% ethanol to the aqueous phase. D. Pipet the lysate/ethanol mixture (from the previous step) onto the Filter Cartridge (Note: Up to 700 μL can be applied to a Filter Cartridge at a time.). Centrifuge for 30 sec at 13,000 rpm to pass the mixture through the filter. Discard the flow-through. E. Apply 350 μL miRNA Wash Solution 1 to the Filter Cartridge and centrifuge for 30 sec at 13,000 rpm. Discard the flow-through from the Collection Tube, and replace the Filter Cartridge into the same Collection Tube. F. The 10 μL DNase I and 70 μL Buffer RDD QIAGEN (#79254) were mixed. Then the mixture was added to the Filter Cartridge. Leave it at the room temperature for 15 min. G. Apply 350 μL miRNA Wash Solution 1 to the Filter Cartridge and centrifuge for 30 sec at 13,000 rpm. Discard the flow-through from the Collection Tube, and replace the Filter Cartridge into the same Collection Tube. H. Apply 500 μL Wash Solution 2/3 and centrifuge for 30 sec at 13,000 rpm. Draw it through the Filter Cartridge as in the previous step. Repeat with a second 500 μL aliquot of Wash Solution 2/3. I. Spin the assembly for 1 min to remove residual fluid from the filter. Transfer the Filter Cartridge into a fresh Collection Tube. Apply 100 μL of pre-heated (95°C) Elution Solution to the center of the filter. Leave it at the room temperature for 2 min. Spin for 20–30 sec at maximum speed to recover the RNA. Collect the eluate (which contains the RNA) and store it at -70°C. 1 Ribo-Zero Deplete and Fragment RNA a. Add 5 μL rRNA Binding Buffer and 5 μL rRNA Removal Mix-Gold to each well with 10 μL total RNA (1 μg). Gently pipette the entire volume up and down 6 times to mix thoroughly. b. Incubate the PCR plate at 68°C for 5 min, and then place at room temperature for 1 min. c. Add 35 μL of rRNA Removal Beads to each well of the new PCR plate. Adjust the pipette to 45 μL, then with the tip of the pipette at the bottom of the well, pipette quickly up and down 20 times to mix thoroughly. Incubate at room temperature for 1 min. Place the PCR plate on the magnetic stand at room temperature for 1 min. Transfer all of the supernatant from each well to the corresponding well of the new PCR plate. d. Add 99 μL of RNAClean XP beads (If starting with degraded total RNA, add 193 μL of RNAClean XP beads to each well) to each well of the PCR plate. Gently pipette the entire volume up and down 10 times to mix thoroughly. Incubate the PCR plate at room temperature for 15 min. e. Place the PCR plate on the magnetic stand at room temperature for 5 min. Remove and discard all of the supernatant from each well of the PCR plate. f. Add 200 μL freshly prepared 70% EtOH to each well. Incubate the PCR plate at room temperature for 30 s, and then remove and discard all of the supernatant from each well. Let the PCR plate stand at room temperature for 15 min to dry. g. Add 11 μL Elution Buffer to each well of the PCR plate. Gently pipette the entire volume up and down 10 times to mix thoroughly. Incubate the PCR plate at room temperature for 2 min. Place the PCR plate on the magnetic stand at room temperature for 5 min. Transfer 8.5 μL supernatant from the PCR plate to the new 0.2 ml tube. h. Add 8.5 μL Elute, Prime, Fragment High Mix to each well of the plate. Gently pipette the entire volume up and down 6 times to mix thoroughly. i. Incubate at 94°C for 8 min, hold at 4°C, and then centrifuge shortly 2 Synthesize First Strand cDNA a. Add 8 μL First Strand Synthesis Act D Mix and SuperScript II Reverse Transcriptase in each well of the PCR plate. Gently pipette the entire volume up and down 6 times to mix thoroughly. b. The mixture was incubated in the following progress: 25°C for 10 min, 42°C for 15 min, 70°C for 15 min, hold at 4°C. 3 Synthesize Second Strand cDNA a. Add 5 μL End Repair Control (2 μL End Repair Control + 98 μL Resuspension Buffer) in each well of the PCR plate. b. Add 20 μL Second Strand Marking Master Mix. Gently pipette the entire volume up and down 6 times to mix thoroughly. c. Incubate at 16°C for 60 min. Remove the plate from the thermal cycler. 4 Purification a. Add 90 μL mixed AMPure XP beads to each well of the plate. Gently pipette the entire volume up and down 10 times to mix thoroughly. Incubate the plate at room temperature for 15 min. b. Place it on the magnetic stand at room temperature for 5 min. c. Remove and discard 135 μL supernatant from each well of the plate. d. With the plate on the magnetic stand, add 200 μL freshly prepared 80% EtOH to each well. Incubate the plate at room temperature for 30 s, and then remove and discard all of the supernatant from each well. e. Repeat step d one time. f. Let the plate stand at room temperature for 15 min to dry, and then remove the plate from the magnetic stand. g. Add 17.5 μL Resuspension Buffer to each well of the plate. Gently pipette the entire volume up and down 10 times to mix thoroughly. h. Incubate the plate at room temperature for 2 min. Then place the plate on the magnetic stand at room temperature for 5 min. i. Transfer 15 μL supernatant from the plate to the new PCR plate. 5 Adenylate 3' Ends a. Add 2.5 μL of diluted A-Tailing Control (1 μL A-Tailing Control + 99 μL Resuspension Buffer) to each well of the plate. b. Add 12.5 μL of A-Tailing Mix to each well of the plate. Gently pipette the entire volume up and down 10 times to mix thoroughly. c. The mixture was incubated in the following progress: 37°C for 30 min, 70°C for 5 min, hold at 4°C. 6 Ligate Adapters a. Add 2.5 μL of diluted Ligation Control (1 μL Ligation Control + 99 μLResuspension Buffer) to each well of the plate. b. Add 2.5 μL of Ligation Mix to each well of the plate. c. Add 2.5 μL of RNA Adapter Index to each well of the plate. Gently pipette the entire volume up and down 10 times to mix thoroughly. d. Incubate at 30°C for 10 min. e. Add 5 μL of Stop Ligation Buffer to each well of the plate. Gently pipette the entire volume up and down 10 times to mix thoroughly. 7 Purification a. Add 42 μL of mixed AMPure XP Beads to each well of the plate. Gently pipette the entire volume up and down 10 times to mix thoroughly. Incubate the plate at room temperature for 15 min. b. Place the plate on the magnetic stand at room temperature for 15 min or until the liquid is clear. c. Remove and discard 79.5 μL supernatant from each well of the plate. d. With the plate on the magnetic stand, add 200 μL freshly prepared 80% EtOH to each well. Incubate the plate at room temperature for 30 s, and then remove and discard all of the supernatant from each well. e. Repeat step d one time for a total of two 80% EtOH washes. f. With the plate on the magnetic stand, let the samples air-dry at room temperature for 15 min. Remove the plate from the magnetic stand. g. Add 52.5 μL Resuspension Buffer to each well of the plate. Gently pipette the entire volume up and down 10 times to mix thoroughly. h. Incubate the plate at room temperature for 2 min. Place the plate on the magnetic stand at room temperature for 5 minutes or until the liquid is clear. i. Transfer 50 μL supernatant from each well of the plate to the corresponding well of the new PCR plate. j. Add 50 μL of mixed AMPure XP Beads to each well of the plate. Gently pipette the entire volume up and down 10 times to mix thoroughly. Incubate the plate at room temperature for 15 min. k. Place the plate on the magnetic stand at room temperature for 15 min or until the liquid is clear. l. Remove and discard 95 μL supernatant from each well of the plate. m. With the plate on the magnetic stand, add 200 μL freshly prepared 80% EtOH to each well. Incubate the plate at room temperature for 30 s, and then remove and discard all of the supernatant from each well. n. Repeat step m one time for a total of two 80% EtOH washes. o. With the plate on the magnetic stand, let the samples air-dry at room temperature for 15 min, and then remove the plate from the magnetic stand. p. Add 22.5 μL Resuspension Buffer to each well of the plate. Gently pipette the entire volume up and down 10 times to mix thoroughly. q. Incubate the plate at room temperature for 2 min. Place the plate on the magnetic stand at room temperature for 5 min or until the liquid is clear. r. Transfer 20 μL supernatant from each well of the plate to the corresponding well of the new PCR plate 8 Enrich DNA Fragments a. Add 5 μL of PCR Primer Cocktail to each well of the PCR plate. b. Add 25 μL of PCR Master Mix to each well of the PCR plate. Gently pipette the entire volume up and down to mix thoroughly. c. The mixture was incubated in the following progress: 1 cycle 98°C for 30 s 15 cycles 98°C for 10 s, 60°C for 30 s, 72°C for 30 s 1 cycle 72°C for 5 min hold at 10°C 9 Purification a. Add 50 μL of the mixed AMPure XP Beads to each well of the PCR plate. Gently pipette the entire volume up and down 10 times to mix thoroughly. Incubate the PCR plate at room temperature for 15 min. b. Place the plate on the magnetic stand at room temperature for 15 min or until the liquid is clear. c. Remove and discard 95 μL supernatant from each well of the PCR plate. d. With the PCR plate on the magnetic stand, add 200 μL freshly prepared 80% EtOH to each well. Incubate the PCR plate at room temperature for 30 s, and then remove and discard all of the supernatant from each well. e. Repeat step d one time for a total of two 80% EtOH washes. f. With the PCR plate on the magnetic stand, let the samples air-dry at room temperature for 15 min, and then remove the plate from the magnetic stand. g. Add 32.5 μL Resuspension Buffer to each well of the PCR plate. Gently pipette the entire volume up and down 10 times to mix thoroughly. h. Incubate the PCR plate at room temperature for 2 min. Place the PCR plate on the magnetic stand at room temperature for 5 min or until the liquid is clear. i. Transfer 30 μL supernatant from each well of the PCR plate to the corresponding well of the new PCR plate 10 Validate library a. Load 1 μL sample on an Agilent Technologies 2100 Bioanalyze. b. Check the size and purity of the sample.;PAIRED;;ILLUMINA;;;;;colon, intact bowel wall;;;;;HiSeq X Ten sequencing: GSM7106764: iUC4, male, 56 years old Homo sapiens RNA-Seq;ulcerative colitis;non-cancer disease;Colon;;
PRJNA488467;26/09/2018;Determination of the Forkhead box A2 (FOXA2) Cistrome in the Human Endometrium;Determination of the Forkhead box A2 (FOXA2) Cistrome in the Human Endometrium;SRR7767512;SAMN09934017;THPR001C;THPR001C;;cDNA;TRANSCRIPTOMIC;RNA-Seq;Qiagen rneasy kit Illumina Tru-seq Stranded Ribo-zero;PAIRED;;ILLUMINA;;;;;endometrium;;;;;Illumina HiSeq 2500 sequencing: GSM3360749: THPR001C Homo sapiens RNA-Seq;;;Uterus - Endometrium;;
PRJNA939148;09/07/2023;Transcriptomes of human primary skin fibroblasts reveal age-associated mRNAs and long noncoding RNAs;Transcriptomes of human primary skin fibroblasts reveal age-associated mRNAs and long noncoding RNAs;SRR23630180;SAMN33458017;SKIN_AGE81_M_GR5_Gt108;SKIN_AGE81_M_GR5_Gt108;GSM7067642;cDNA;TRANSCRIPTOMIC;RNA-Seq;After expansion, total RNA was isolated using the Direct-zolTM RNA MiniPrep kit (Zymo Research) following the manufacturer's instruction. Ribo-RNA depletion with Low Input RiboMinus Eukaryote System v2 (Thermo Fisher Scientific). Ribo-RNA-depleted samples were then used for cDNA synthesis with Ovation® RNA-Seq System V2 (Nugen) following the manufacturer's protocol. Following cDNA fragmentation and size selection, libraries were prepared using Illumina TruSeq ChIP Library Preparation Kit (Illumina) according to manufacturer's protocol.;PAIRED;;ILLUMINA;;;primary skin fibroblasts;;;;;;;Illumina NovaSeq 6000 sequencing: GSM7067642: SKIN_AGE81_M_GR5_Gt108 Homo sapiens RNA-Seq;;;Cells - Cultured fibroblasts;;
PRJNA1029930;29/10/2023;Transcriptomic profiling of lymphocytic colitis highlights distinct diarrhoeal pathomechanisms;Transcriptomic profiling of lymphocytic colitis highlights distinct diarrhoeal pathomechanisms;SRR26436581;SAMN37882022;Hc6;Hc6;GSM7848742;cDNA;TRANSCRIPTOMIC;RNA-Seq;Biopsies preserved in AllProtect were homogenized in RLT buffer from RNeasy Mini Kit supplemented with 1% 2-mercaptoethanol in a TissueLyser II instrument (all from Qiagen, Hilden, Germany). Total RNA from homogenized biopsy samples was isolated using RNeasy Mini Kit (Qiagen) following the manufacturer's instructions. TruSeq ribozero gold kit;PAIRED;;ILLUMINA;;;;;Colon, whole mucosa;;;;;Illumina NovaSeq 6000 sequencing: GSM7848742: Hc6 Homo sapiens RNA-Seq;;;Colon, Mucosa;;
PRJEB42969;21/03/2022;This study was conducted to understand the genomics of progression of oral precancerous lesion (leukoplakia) to malignant oral tumor.;Genomic study of gingivobuccal oral cancer progression from oral precancerous lesion.;ERR5285490;SAMEA8045499;Adjacent normal;Adjacent normal;Truseq;Inverse rRNA selection;TRANSCRIPTOMIC;RNA-Seq;Illumina Truseq RNA sample preparation;PAIRED;;ILLUMINA;;;;;;;;;;Illumina HiSeq 2500 paired end sequencing;;tumor-adjacent;Mouth;;
PRJNA914646;24/12/2023;Integrated Unbiased Multiomics Defines Disease-Independent Placental Clusters in Common Obstetrical Syndromes;;SRR22925360;SAMN32490783;Human sample from Homo sapiens;Human sample from Homo sapiens;TP18.B1018;Inverse rRNA;TRANSCRIPTOMIC;RNA-Seq;;PAIRED;;ILLUMINA;;;;;Placenta;;Control;;;Illumina NovaSeq 6000 sequencing: Control;;healthy;Placenta;;
PRJNA742971;12/11/2022;A resource for integrated genomic analysis of the human liver;A resource for integrated genomic analysis of the human liver;SRR15013542;SAMN19988357;SJLB333;SJLB333;;cDNA;TRANSCRIPTOMIC;RNA-Seq;Total RNA was extracted from tissue homogenized in TRIzol reagent, followed by Qiagen RNAeasy cleanup mRNA libraries were prepared using the Illuminia TruSeq Stranded Total RNA with Ribo-Zero protocol;PAIRED;;ILLUMINA;;;;;liver;;;;;Illumina HiSeq 2000 sequencing: GSM5412186: SJLB333 Homo sapiens RNA-Seq;check ribozero;likely postmportem;Liver;;
PRJNA997353;22/12/2023;Race-specific coregulatory and transcriptomic profiles associated with DNA methylation and androgen receptor in prostate cancer [RNA-Seq];Race-specific coregulatory and transcriptomic profiles associated with DNA methylation and androgen receptor in prostate cancer [RNA-Seq];SRR25387975;SAMN36678823;PT-00162955_NT_AA;PT-00162955_NT_AA;GSM7657455;cDNA;TRANSCRIPTOMIC;RNA-Seq;Illumina TruSeq Stranded Total RNA Library Prep Kit with Ribo-Zero Gol RNA libraries were prepared for sequencing using standard Illumina protocols;PAIRED;;ILLUMINA;;;;;prostate;;;;;Illumina HiSeq 2500 sequencing: GSM7657455: PT-00162955_NT_AA Homo sapiens RNA-Seq;;tumor-adjacent;Prostate;;
PRJNA819837;20/01/2023;Homo sapiens Raw sequence reads;Homo sapiens;SRR18572048;SAMN27020251;Human sample from Homo sapiens;Human sample from Homo sapiens;GSM5994508;cDNA;TRANSCRIPTOMIC;RNA-Seq;IPF patients were diagnosed based on multidisciplinary review and published criteria. Non-IPF donor lungs not suitable for transplantation were obtained from the Regional Organ Bank of Illinois. IPF lungs were grossly examined within 6-12 hours from the time of explant, and multiple 1cm3 biopsies were obtained from visibly non-fibrotic central (IPF.C) and fibrotic peripheral (IPF.P) areas. Non-IPF donor lung biopsies of central (CTR.C) and peripheral (CTR.P) were similarly obtained. H&E-stained biopsies were reviewed and confirmed by two clinical pathologists Total RNA was isolated using TRIzol (Invitrogen) following manufacturer's protocol. All RNA samples displayed RNA Integrity Number (RIN) >7. RNAseq including cDNA library preparation was processed at the Genomics Core Facility of University of Chicago (https://fgf.uchicago.edu/). Total RNA in the amount of 100-500µg per sample was depleted of ribosomal RNA using the Ribo-Zero kit (Epicentre, Madison, WI). The directional (first strand) cDNA libraries were prepared following the guide of TruSeq Stranded Total RNA Sample Preparation kit.;PAIRED;;ILLUMINA;;;;;lung;;D8C;;;Illumina HiSeq 4000 sequencing: GSM5994508: SmaC8C Homo sapiens RNA-Seq;Non fibrotic;healthy;Lung;;
PRJNA668929;18/06/2021;Effect of age on human retinal pigment epithelium (RPE) transcriptome;Effect of age on human retinal pigment epithelium (RPE) transcriptome;SRR12817268;SAMN16427603;donor8;donor8;;cDNA;TRANSCRIPTOMIC;RNA-Seq;RNeasy Plus Mini kit Ribosomal RNA was depleted from total RNA using the Ribo-Zero rRNA Removal kit. Library preparation performed using Illumina HiSeq 2000.;PAIRED;;ILLUMINA;;;;;;;;;;Illumina HiSeq 2000 sequencing: GSM4829769: donor8 Homo sapiens RNA-Seq;;;Eye - Retina;;
PRJNA918345;27/02/2023;Rhinoviruses and enterovirus-D68 replicate more robustly in respiratory tissues originating from asthmatic patients compared to non-asthmatic controls;Rhinoviruses and enterovirus-D68 replicate more robustly in respiratory tissues originating from asthmatic patients compared to non-asthmatic controls;SRR22966262;SAMN32574190;B48_Healthy_2_L3;B48_Healthy_2_L3;GSM6915322;cDNA;TRANSCRIPTOMIC;RNA-Seq;human airway epithlia from healthy versus asthmatic donors have been infected or not with rhinoviruses. Infected and non-infected tissues were lysed in 800l of trizol (Ambion, 5596018) and RNA was extracted according to manufacturer's instruction. The TruSeq Stranded total RNA kit with Ribo-Zero Gold was used for the library preparation with 150 ng of total RNA as input. The 18 libraries were pooled at equimolarity and loaded at 8.5 pM for clustering on a single-read Illumina Flow cell. All 100-base sequencing was performed using the TruSeq SBS HS v3 chemistry on an Illumina HiSeq 2500 sequencer;SINGLE;;ILLUMINA;;differentiated primary cells;epitheial;;airway epithelia;;;;;Illumina HiSeq 2500 sequencing: GSM6915322: B48_Healthy_2_L3 Homo sapiens RNA-Seq;;;Respiratory tract epithelium;;
PRJNA914646;24/12/2023;Integrated Unbiased Multiomics Defines Disease-Independent Placental Clusters in Common Obstetrical Syndromes;;SRR22925394;SAMN32490939;Human sample from Homo sapiens;Human sample from Homo sapiens;TP19.B4395;Inverse rRNA;TRANSCRIPTOMIC;RNA-Seq;;PAIRED;;ILLUMINA;;;;;Placenta;;Control;;;Illumina NovaSeq 6000 sequencing: Control;;healthy;Placenta;;
PRJNA232669;05/05/2016;RNAseq in Alzheimer's Disease patients;Homo sapiens;SRR2422923;SAMN04090361;RNAseq_Ctrl_6;RNAseq_Ctrl_6;;cDNA;TRANSCRIPTOMIC;RNA-Seq;Trizol extraction Illumina High-throughput TruSeq RNA Sample preparation: ribominus selection (Invitrogen) and size selection: 50 - 200bp;PAIRED;;ILLUMINA;;;;;brain;;;;;Illumina HiSeq 2500 sequencing: GSM1885085: RNAseq_Ctrl_6 Homo sapiens RNA-Seq;;;Brain - Prefrontal Cortex;;
PRJNA637378;23/09/2020;Non-CG methylation and multiple epigenetic layers associate child abuse with immune and small GTPase dysregulation;Non-CG methylation and multiple epigenetic layers associate child abuse with immune and small GTPase dysregulation;SRR11927138;SAMN15104805;Lateral amygdala, S7, RNAseq;Lateral amygdala, S7, RNAseq;;cDNA;TRANSCRIPTOMIC;RNA-Seq;TrueSeq Stranded Total RNA Sample Preparation + Ribo-Zero Gold kits (Illumina);PAIRED;;ILLUMINA;;;;;Lateral Amygdala (human brain tissue);;;;;Illumina HiSeq 2000 sequencing: GSM4591819: Lateral amygdala, S7, RNAseq Homo sapiens RNA-Seq;;;Brain - Amygdala;;
PRJNA478051;21/02/2020;Dynamics of the transcriptional landscape during human gonad development during fetal life;Dynamics of the transcriptional landscape during human gonad development during fetal life;SRR7430720;SAMN09495480;XY_e7GW_p1_EH981;XY_e7GW_p1_EH981;;cDNA;TRANSCRIPTOMIC;RNA-Seq;Total RNA were extracted from tissues using the RNeasy mini Kit (Qiagen), quantified using a NanoDrop™ 8000 spectrophotometer (Thermo Scientific) and quality controlled using a 2100 Electrophoresis Bioanalyzer (Agilent). Libraries of template molecules suitable for strand specific high throughput DNA sequencing were created using “TruSeq Stranded Total RNA with Ribo-Zero Gold Prep Kit” (catalog # RS-122-2301, Illumina Inc.). Briefly, the removal of cytoplasmic and mitochondrial ribosomal RNA (rRNA) was performed from 500 ng of total RNA using biotinylated, target-specific oligos combined with Ribo-Zero rRNA removal beads. Following purification, the RNA was fragmented using divalent cations under elevated temperature. The cleaved RNA fragments were copied into first strand cDNA using reverse transcriptase and random primers, followed by second strand cDNA synthesis using DNA Polymerase I and RNase H. The double stranded cDNA fragments were blunted using T4 DNA polymerase, Klenow DNA polymerase and T4 PNK. A single 'A' nucleotide was added to the 3' ends of the blunt DNA fragments using a Klenow fragment (3' to 5'exo minus) enzyme. The cDNA fragments were ligated to double stranded adapters using T4 DNA Ligase. The ligated products were enriched by PCR amplification (30 sec at 98°C [10 sec at 98°C, 30 sec at 60°C, 30 sec at 72°C] x 12 cycles 5 min at 72°C). Excess of PCR primers was removed by purification using AMPure XP beads (Agencourt Biosciences Corporation). Final cDNA libraries were quality-checked and quantified using a 2100 Electrophoresis Bioanalyzer (Agilent). The libraries were loaded in the flow cell at 7pM concentration and clusters were generated in the Cbot and sequenced in the Illumina Hiseq 2500 as paired-end 2x50 base reads following Illumina's instructions. Image analysis and base calling were performed using RTA 1.17.20 and CASAVA 1.8.2.;PAIRED;;ILLUMINA;;;;;Testis;;;;;Illumina HiSeq 2500 sequencing: GSM3223671: XY_e7GW_p1_EH981 Homo sapiens RNA-Seq;;;Testis;;
PRJNA765370;27/11/2021;RNA-seq of HPV-negative Oral Squamous Cell Carcinoma Patients;RNA-seq of HPV-negative Oral Squamous Cell Carcinoma Patients;SRR16013062;SAMN21555505;OSCC_8-N;OSCC_8-N;;cDNA;TRANSCRIPTOMIC;RNA-Seq;Nucleic acids were extracted fresh frozen OSCC tissue and matched normal (oral mucosa) using the Qiagen AllPrep Kit (Qiagen, Germantown, Maryland, USA) in accordance with the manufacturer's instructions with purification of DNA and RNA from the same sample. TruSeq Stranded Total RNA with Ribo-Zero Gold (Human, Mouse, Rat) ribosomal depletion;PAIRED;;ILLUMINA;;;;;oral mucosa;;;;;Illumina NovaSeq 6000 sequencing: GSM5593761: OSCC_8-N Homo sapiens RNA-Seq;;tumor-adjacent;Mouth - Mucosa;;
PRJNA742971;12/11/2022;A resource for integrated genomic analysis of the human liver;A resource for integrated genomic analysis of the human liver;SRR15013650;SAMN19988483;SJLB629;SJLB629;;cDNA;TRANSCRIPTOMIC;RNA-Seq;Total RNA was extracted from tissue homogenized in TRIzol reagent, followed by Qiagen RNAeasy cleanup mRNA libraries were prepared using the Illuminia TruSeq Stranded Total RNA with Ribo-Zero protocol;PAIRED;;ILLUMINA;;;;;liver;;;;;Illumina HiSeq 2000 sequencing: GSM5412282: SJLB629 Homo sapiens RNA-Seq;check ribozero;likely postmportem;Liver;;
PRJNA918345;27/02/2023;Rhinoviruses and enterovirus-D68 replicate more robustly in respiratory tissues originating from asthmatic patients compared to non-asthmatic controls;Rhinoviruses and enterovirus-D68 replicate more robustly in respiratory tissues originating from asthmatic patients compared to non-asthmatic controls;SRR22966231;SAMN32574164;M_Asthma_2_L2;M_Asthma_2_L2;GSM6915348;cDNA;TRANSCRIPTOMIC;RNA-Seq;human airway epithlia from healthy versus asthmatic donors have been infected or not with rhinoviruses. Infected and non-infected tissues were lysed in 800l of trizol (Ambion, 5596018) and RNA was extracted according to manufacturer's instruction. The TruSeq Stranded total RNA kit with Ribo-Zero Gold was used for the library preparation with 150 ng of total RNA as input. The 18 libraries were pooled at equimolarity and loaded at 8.5 pM for clustering on a single-read Illumina Flow cell. All 100-base sequencing was performed using the TruSeq SBS HS v3 chemistry on an Illumina HiSeq 2500 sequencer;SINGLE;;ILLUMINA;;differentiated primary cells;epitheial;;airway epithelia;;;;;Illumina HiSeq 2500 sequencing: GSM6915348: M_Asthma_2_L2 Homo sapiens RNA-Seq;;;Respiratory tract epithelium;;
PRJNA478051;21/02/2020;Dynamics of the transcriptional landscape during human gonad development during fetal life;Dynamics of the transcriptional landscape during human gonad development during fetal life;SRR7430752;SAMN09495596;XY_17GW_p0_PF318;XY_17GW_p0_PF318;;cDNA;TRANSCRIPTOMIC;RNA-Seq;Total RNA were extracted from tissues using the RNeasy mini Kit (Qiagen), quantified using a NanoDrop™ 8000 spectrophotometer (Thermo Scientific) and quality controlled using a 2100 Electrophoresis Bioanalyzer (Agilent). Libraries of template molecules suitable for strand specific high throughput DNA sequencing were created using “TruSeq Stranded Total RNA with Ribo-Zero Gold Prep Kit” (catalog # RS-122-2301, Illumina Inc.). Briefly, the removal of cytoplasmic and mitochondrial ribosomal RNA (rRNA) was performed from 500 ng of total RNA using biotinylated, target-specific oligos combined with Ribo-Zero rRNA removal beads. Following purification, the RNA was fragmented using divalent cations under elevated temperature. The cleaved RNA fragments were copied into first strand cDNA using reverse transcriptase and random primers, followed by second strand cDNA synthesis using DNA Polymerase I and RNase H. The double stranded cDNA fragments were blunted using T4 DNA polymerase, Klenow DNA polymerase and T4 PNK. A single 'A' nucleotide was added to the 3' ends of the blunt DNA fragments using a Klenow fragment (3' to 5'exo minus) enzyme. The cDNA fragments were ligated to double stranded adapters using T4 DNA Ligase. The ligated products were enriched by PCR amplification (30 sec at 98°C [10 sec at 98°C, 30 sec at 60°C, 30 sec at 72°C] x 12 cycles 5 min at 72°C). Excess of PCR primers was removed by purification using AMPure XP beads (Agencourt Biosciences Corporation). Final cDNA libraries were quality-checked and quantified using a 2100 Electrophoresis Bioanalyzer (Agilent). The libraries were loaded in the flow cell at 7pM concentration and clusters were generated in the Cbot and sequenced in the Illumina Hiseq 2500 as paired-end 2x50 base reads following Illumina's instructions. Image analysis and base calling were performed using RTA 1.17.20 and CASAVA 1.8.2.;PAIRED;;ILLUMINA;;;;;Testis;;;;;Illumina HiSeq 2500 sequencing: GSM3223703: XY_17GW_p0_PF318 Homo sapiens RNA-Seq;;;Testis;;
PRJNA742971;12/11/2022;A resource for integrated genomic analysis of the human liver;A resource for integrated genomic analysis of the human liver;SRR15013574;SAMN19988402;SJLB358;SJLB358;;cDNA;TRANSCRIPTOMIC;RNA-Seq;Total RNA was extracted from tissue homogenized in TRIzol reagent, followed by Qiagen RNAeasy cleanup mRNA libraries were prepared using the Illuminia TruSeq Stranded Total RNA with Ribo-Zero protocol;PAIRED;;ILLUMINA;;;;;liver;;;;;Illumina HiSeq 2000 sequencing: GSM5412209: SJLB358 Homo sapiens RNA-Seq;check ribozero;likely postmportem;Liver;;
PRJNA695543;01/02/2021;Transcriptome analysis discloses dysregulated genes in normal appearing tumor-adjacent thyroid tissues from patients with papillary thyroid carcinoma;Transcriptome analysis discloses dysregulated genes in normal appearing tumor-adjacent thyroid tissues from patients with papillary thyroid carcinoma;SRR13572922;SAMN17616055;NAT Rep14;NAT Rep14;;cDNA;TRANSCRIPTOMIC;RNA-Seq;Total RNA was isolated using TRIzol reagent (Invitrogen) according to the manufacturer's instructions. The purity of extracted RNA was measured using a NanoDrop ND-1000 spectrophotometer (NanoDrop Technologies, Inc., Wilmington, DE) and the concentration was assessed with Qubit 2.0 Fluorometer (Agilent Technologies, Santa Clara, CA) using an RNA HS Assay Kit. Samples with RNA Integrity Number (RIN) greater than 4 as assessed by a BioAnalyzer (Agilent) with no visible sign of genomic DNA contamination from the HS Nanochip tracings were used for total RNA library generation. RNA-seq libraries were prepared using the Illumina TruSeq Stranded Total RNA Sample Prep Kit with Ribo-Zero Gold (catalog #RS-122-2201) according to the manufacturer protocol. The sequencing was performed in paired end manner, generating 2 X 100 bp paired-end reads using the Illumina HiSeq 2500 system. Pre-alignment data QC were assessed with FastQC. Post-alignment data quality was assessed with an in-house quality control pipeline/database for RNA-seq database (14). RNA-seq data were trimmed for any adapter sequences using Adapter Removal (15).;PAIRED;;ILLUMINA;;;;;"Normal appearing thyroid tissue adjacent to PTC tumor;Thyroid";;;;;Illumina HiSeq 2500 sequencing: GSM5048787: NAT Rep29 Homo sapiens RNA-Seq;;tumor-adjacent;Thyroid Gland;;
PRJNA209081;15/04/2014;RNA-seq identifies novel transcript elements and transcript processing in the normal and failing hearts;Homo sapiens;SRR915776;SAMN02209939;control rep13;control rep13;;cDNA;TRANSCRIPTOMIC;RNA-Seq;RNA was extracted with Trizol (Invitrogen) and further purified on RNeasy columns (Qiagen) with on column DNase digestion. Ribosomal RNA was depleted using the RiboMinus kit (Invitrogen). 1 µg rRNA-depleted RNA was used for the construction of sequencing libraries Illumina RNA-seq libraries were prepared from rRNA-depleted samples using the standard Illumina protocol. SOLiD RNA-seq libraries were prepared from a pool of all of 15 ICM samples and a pool of all of 15 Ctrl samples using the standard SOLiD strand-specific library protocol.;PAIRED;;ILLUMINA;;;;;heart;;;;;Illumina Genome Analyzer II sequencing: GSM1171559: control rep11 Homo sapiens RNA-Seq;;;Heart;;
PRJNA680762;24/09/2021;Identification and evolutionary comparison of circular RNAs in five mammalian species and three organs.;Identification and evolutionary comparison of circular RNAs in five mammalian species and three organs.;SRR13142169;SAMN16912806;rrhs_ts1;rrhs_ts1;;cDNA;TRANSCRIPTOMIC;RNA-Seq;Tissue was dissected at indicated ages (see section ”Samples” in GEO metadata). RNA for mouse, rat, rhesus and human was extracted using the RNeasy protocol from QIAGEN for opossum, a TRIzol/chloroform-based protocol was used. Tissues were stored at -80 C until library preparation. We used 5µg of RNA per tissue as starting material for library preparation, which were treated with RNase R for 1 h at 37 ̊C to degrade linear RNAs, followed by RNA purification with RNA Clean & Concentrator-5 kit (Zymo Research) according to the manufacturer's protocol. Libraries were prepared from the purified RNA with the Illumina TruSeq Stranded Total RNA with Ribo-Zero Gold according to the protocol with the following modifications to select larger fragments: 1). Instead of the recommended 8 min at 68 ̊C for fragmentation, we incubated samples for only 4 min at 68 ̊C to increase the fragment size 2). In the final PCR clean-up after enrichment of the DNA fragments, we changed the 1:1 ratio of DNA to AMPure XP Beads to a 0.7:1 ratio to select for binding of larger fragments. Libraries were analyzed on the fragment analyzer for their quality and sequenced with the Illumina HiSeq 2500 platform.;PAIRED;;ILLUMINA;;;;;Testis;;;;;Illumina HiSeq 2500 sequencing: GSM4943579: rrhs_ts1 Homo sapiens RNA-Seq;;;Testis;;
PRJNA318642;11/08/2016;Transcriptome profiling of the human dorsal striatum in bipolar disorder;Homo sapiens;SRR3393527;SAMN04859310;bipolar-40;bipolar-40;;cDNA;TRANSCRIPTOMIC;RNA-Seq;Frozen postmortem dorsal striatum samples were transferred to RNAlater-ICE (Ambion) and stored at -20C upon receipt. Total RNA was extracted from dissected caudate-putamen tissue by Trizol (Life Technologies), column-purified by the RNeasy Lipid Tissue Kit (Qiagen) and treated with the Turbo DNA-free Kit (Life Technologies). RNA samples were assayed on the BioAnalyzer (Agilent, Santa Clara, CA) to obtain RNA integrity number (RIN) values. Ribosomal RNA (rRNA) was depleted from samples using the RiboMinus Eukaryote Kit v2 (Life Technologies). Strand-specific cDNA libraries were made using the Next Ultra Directional RNA Library Prep Kit (NEB) and sequenced on the Illumina HiSeq2000.;SINGLE;;ILLUMINA;;;;;;;;;;Illumina HiSeq 2000 sequencing: GSM2124773: bipolar-40 Homo sapiens RNA-Seq;;postmortem;Brain - Dorsal Striatum;;
PRJNA835414;07/07/2022;Distinctive exercise-induced inflammatory response and exerkine induction in skeletal muscle of people with type 2 diabetes;Distinctive exercise-induced inflammatory response and exerkine induction in skeletal muscle of people with type 2 diabetes;SRR19095855;SAMN28101060;T2D_119_basal [P7401_225];T2D_119_basal [P7401_225];GSM6108014;cDNA;TRANSCRIPTOMIC;RNA-Seq;mRNA was extracted by mirVana miRNA Isolation Kit (ThermoFisher Scientific AM1560). Libraries were generated with TruSeq Stranded total RNA kit (Illumina 20020597) and ribosomal RNA removed with Ribo-Zero Plus rRNA depletion kit (Illumina 20037135);PAIRED;;ILLUMINA;;;;;Vastus Lateralis;;;;;Illumina HiSeq 2500 sequencing: GSM6108014: T2D_119_basal [P7401_225] Homo sapiens RNA-Seq;muscle;;Muscle - Skeletal;;
PRJNA448679;26/06/2018;Time series integrative analysis of RNA-Seq and miRNA expression data reveals key biologic pathways during keloid formation;;SRR6937784;SAMN08863005;K6-1st;Keloid data set RNA-Seq;544;Inverse rRNA;TRANSCRIPTOMIC;RNA-Seq;;PAIRED;;ILLUMINA;;;;;skin;;K6;;;Illumina HiSeq 3000 sequencing: RNA Seq of Keloid skin;;;Skin;;
PRJNA742971;12/11/2022;A resource for integrated genomic analysis of the human liver;A resource for integrated genomic analysis of the human liver;SRR15013681;SAMN19988513;SJLB744;SJLB744;;cDNA;TRANSCRIPTOMIC;RNA-Seq;Total RNA was extracted from tissue homogenized in TRIzol reagent, followed by Qiagen RNAeasy cleanup mRNA libraries were prepared using the Illuminia TruSeq Stranded Total RNA with Ribo-Zero protocol;PAIRED;;ILLUMINA;;;;;liver;;;;;Illumina HiSeq 2000 sequencing: GSM5412313: SJLB744 Homo sapiens RNA-Seq;check ribozero;likely postmportem;Liver;;
PRJNA374861;17/02/2018;Chemoprevention with COX2 and EGFR inhibition in FAP patients: mRNA signatures of duodenal neoplasia;Homo sapiens;SRR5259636;SAMN06339160;Base_Pt10;Base_Pt10;;cDNA;TRANSCRIPTOMIC;RNA-Seq;Qiagen RNAeasy Mini kit Illumina TruSeq Stranded Total RNA treated with Ribozero Gold, 50 cycle single end reads;SINGLE;;ILLUMINA;;;;;Uninvolved;;;;;Illumina HiSeq 2500 sequencing: GSM2491884: Base_Pt10 Homo sapiens RNA-Seq;;;Small Intestine - Duodenum;;
PRJNA742971;12/11/2022;A resource for integrated genomic analysis of the human liver;A resource for integrated genomic analysis of the human liver;SRR15013576;SAMN19988400;SJLB360;SJLB360;;cDNA;TRANSCRIPTOMIC;RNA-Seq;Total RNA was extracted from tissue homogenized in TRIzol reagent, followed by Qiagen RNAeasy cleanup mRNA libraries were prepared using the Illuminia TruSeq Stranded Total RNA with Ribo-Zero protocol;PAIRED;;ILLUMINA;;;;;liver;;;;;Illumina HiSeq 2000 sequencing: GSM5412211: SJLB360 Homo sapiens RNA-Seq;check ribozero;likely postmportem;Liver;;
PRJNA742971;12/11/2022;A resource for integrated genomic analysis of the human liver;A resource for integrated genomic analysis of the human liver;SRR15013583;SAMN19988453;SJLB374;SJLB374;;cDNA;TRANSCRIPTOMIC;RNA-Seq;Total RNA was extracted from tissue homogenized in TRIzol reagent, followed by Qiagen RNAeasy cleanup mRNA libraries were prepared using the Illuminia TruSeq Stranded Total RNA with Ribo-Zero protocol;PAIRED;;ILLUMINA;;;;;liver;;;;;Illumina HiSeq 2000 sequencing: GSM5412218: SJLB374 Homo sapiens RNA-Seq;check ribozero;likely postmportem;Liver;;
PRJNA318642;11/08/2016;Transcriptome profiling of the human dorsal striatum in bipolar disorder;Homo sapiens;SRR3393517;SAMN04859300;bipolar-19;bipolar-19;;cDNA;TRANSCRIPTOMIC;RNA-Seq;Frozen postmortem dorsal striatum samples were transferred to RNAlater-ICE (Ambion) and stored at -20C upon receipt. Total RNA was extracted from dissected caudate-putamen tissue by Trizol (Life Technologies), column-purified by the RNeasy Lipid Tissue Kit (Qiagen) and treated with the Turbo DNA-free Kit (Life Technologies). RNA samples were assayed on the BioAnalyzer (Agilent, Santa Clara, CA) to obtain RNA integrity number (RIN) values. Ribosomal RNA (rRNA) was depleted from samples using the RiboMinus Eukaryote Kit v2 (Life Technologies). Strand-specific cDNA libraries were made using the Next Ultra Directional RNA Library Prep Kit (NEB) and sequenced on the Illumina HiSeq2000.;SINGLE;;ILLUMINA;;;;;;;;;;Illumina HiSeq 2000 sequencing: GSM2124763: bipolar-19 Homo sapiens RNA-Seq;;postmortem;Brain - Dorsal Striatum;;
PRJEB40695;29/10/2020;RNA-Seq of cultivated (i) bulk human thymic epithelial cells (hTECs) (ii) cortical hTECs (iii) medullary hTECs (iv) human thymic interstitial cells (hTICs);RNA-Seq of cultivated (i) bulk human thymic epithelial cells (hTECs) (ii) cortical hTECs (iii) medullary hTECs (iv) human thymic interstitial cells (hTICs);ERR4659283;SAMEA7377132;19PBR245;Protocols: detachment of cells from 2d dish, freezing of cultivated cells into RNAlater. TECs: growth onto irradiated 3T3-J2 feeder layer. TICs: cultuvation in MegaCell medium in 2d dish. RNeasy Plus Micro Kit, Qiagen. TruSeq® Stranded Total RNA.;19PBR245_p;Inverse rRNA;TRANSCRIPTOMIC;RNA-Seq;detachment of cells from 2d dish, freezing of cultivated cells into RNAlater. TECs: growth onto irradiated 3T3-J2 feeder layer. TICs: cultuvation in MegaCell medium in 2d dish. RNeasy Plus Micro Kit, Qiagen. TruSeq® Stranded Total RNA.;PAIRED;;ILLUMINA;;;medullary thymic epithelial cell;;;;;;;Illumina NovaSeq 6000 sequencing: RNA-Seq of cultivated (i) bulk human thymic epithelial cells (hTECs) (ii) cortical hTECs (iii) medullary hTECs (iv) human thymic interstitial cells (hTICs);;;Thymus - Medullary thymic epithelial cell;;
PRJNA271099;24/04/2016;The transcriptome of Kawasaki Disease arteritis;Homo sapiens;SRR1734384;SAMN03272864;C3;C3;;cDNA;TRANSCRIPTOMIC;RNA-Seq;Rneasy FFPE kit (Qiagen, Valencia, CA), RiboMinus (LifeTechnologies, Grand Island, NY) or RiboZero (Epicentre,Madison,WI), RNA Clean and Concentrate 5 (ZymoResearch, Irvine, CA) Illumina TruSeq RNA kit, no fragmentation step performed;PAIRED;;ILLUMINA;;;;;coronary artery;;;;;Illumina HiSeq 2000 sequencing: GSM1572243: C3 Homo sapiens RNA-Seq;;;Artery - Coronary;;
PRJNA574470;12/05/2020;Hippocampal Subfield Transcriptome Analysis in Schizophrenia Psychosis;Hippocampal Subfield Transcriptome Analysis in Schizophrenia Psychosis;SRR10192689;SAMN12858882;DG_CTL_0844;DG_CTL_0844;;1;TRANSCRIPTOMIC;RNA-Seq;Total RNA was extracted and purified using a protocol combining Trizol and chloroform extraction, the GeneJET RNA Purification Kit, and a motorized mini-pestle vibrator for tissue homogenization. RNA purity and concentration were assessed on the Nanodrop spectrophotometer and Agilent2100 Bioanalyzer for RNA Integrity number (RIN) determination. Total RNA was rRNA ribo-depleted, and strand-specific cDNA libraries were synthesized before sequencing on an Illumina HiSeq 2500 sequencer. Stranded, single-end 50-base-pair reads were generated for the preliminary CA3 cohort data. Stranded paired-end 100-base-pair reads were generated for additional cohorts. Libraries and sequencing were performed at the UTSW McDermott Sequencing Core and UTSW Genomics & Microarray Core.;PAIRED;;ILLUMINA;;;;;hippocampus;;;;;Illumina HiSeq 2500 sequencing: GSM4098953: DG_CTL_0844 Homo sapiens RNA-Seq;;;Brain - Hippocampus;;
PRJNA939148;30/07/2023;Transcriptomes of human primary skin fibroblasts reveal age-associated mRNAs and long noncoding RNAs;Transcriptomes of human primary skin fibroblasts reveal age-associated mRNAs and long noncoding RNAs;SRR23630244;SAMN33458079;SKIN_AGE31_M_GR1_Gt025;SKIN_AGE31_M_GR1_Gt025;GSM7067580;cDNA;TRANSCRIPTOMIC;RNA-Seq;After expansion, total RNA was isolated using the Direct-zolTM RNA MiniPrep kit (Zymo Research) following the manufacturer's instruction. Ribo-RNA depletion with Low Input RiboMinus Eukaryote System v2 (Thermo Fisher Scientific). Ribo-RNA-depleted samples were then used for cDNA synthesis with Ovation® RNA-Seq System V2 (Nugen) following the manufacturer's protocol. Following cDNA fragmentation and size selection, libraries were prepared using Illumina TruSeq ChIP Library Preparation Kit (Illumina) according to manufacturer's protocol.;PAIRED;;ILLUMINA;;;primary skin fibroblasts;;;;;;;Illumina NovaSeq 6000 sequencing: GSM7067580: SKIN_AGE31_M_GR1_Gt025 Homo sapiens RNA-Seq;;;Cells - Cultured fibroblasts;;
PRJNA914646;24/12/2023;Integrated Unbiased Multiomics Defines Disease-Independent Placental Clusters in Common Obstetrical Syndromes;;SRR22925343;SAMN32490940;Human sample from Homo sapiens;Human sample from Homo sapiens;TP19.B4425;Inverse rRNA;TRANSCRIPTOMIC;RNA-Seq;;PAIRED;;ILLUMINA;;;;;Placenta;;Control;;;Illumina NovaSeq 6000 sequencing: Control;;healthy;Placenta;;
PRJNA694010;08/08/2023;Comprehensively analysis of alternative splicing variations in Chinese colorectal cancer by using next-generation sequencing;;SRR13518186;SAMN17371032;adjacent non-tumor tissue 01;adjacent non-tumor tissue 01;CRC_NAT_01;Inverse rRNA;TRANSCRIPTOMIC;RNA-Seq;;PAIRED;;ILLUMINA;;;;;colon;;NAT_01;;;Illumina NovaSeq 6000 sequencing: adjacent non-tumor tissue 01;;tumor-adjacent;Colon;;
PRJNA454694;09/02/2019;Sequencing based maternal whole blood expression changes with gestational age and labor in normal pregnancy;Sequencing based maternal whole blood expression changes with gestational age and labor in normal pregnancy;SRR7094285;SAMN09011915;Sample_28 [RNA-seq];Sample_28 [RNA-seq];;cDNA;TRANSCRIPTOMIC;RNA-Seq;RNA was isolated from  PAXgene® Blood RNA collection tube (BD 762165) as described in the PAXgene® Blood miRNA Kit Handbook (December, 2015). Purified RNA was quantified by UV spectrophotometry using the DropSense96® Microplate Spectrophotometer (Trinean) and quality assessed by microfluidics using the RNA ScreenTape on the Agilent 2200 TapeStation. Starting with 500 ng of total RNA, cDNA library templates were synthesized using the Illumina TruSeq® Stranded Total RNA LT (Set A) Kit with Ribo-Zero Globin rRNA reduction, as described in the TruSeq® Stranded Total RNA Sample Preparation Guide (Rev. E, October 2013). Libraries were validated using the HS D1000 ScreenTape on the Agilent 2200 TapeStation, and quantified on the Qubit® 2.0 Fluorometer by the Qubit® dsDNA HS Assay (ThermoFisher). The Illumina HiSeq 2500 instrument was used to cluster the samples onto the flow cell. The pools were put on at 10pM and run in rapid mode at 2×100 paired end. Illumina HiSeq Rapid PE Cluster kit V2 and HiSeq Rapid SBS kit v2 200 cycles was used.;PAIRED;;ILLUMINA;;;;;;;;;;Illumina HiSeq 2500 sequencing: GSM3124805: Sample_28 [RNA-seq] Homo sapiens RNA-Seq;;;Blood - Whole blood;;
PRJNA318642;11/08/2016;Transcriptome profiling of the human dorsal striatum in bipolar disorder;Homo sapiens;SRR3393494;SAMN04859345;control-6;control-6;;cDNA;TRANSCRIPTOMIC;RNA-Seq;Frozen postmortem dorsal striatum samples were transferred to RNAlater-ICE (Ambion) and stored at -20C upon receipt. Total RNA was extracted from dissected caudate-putamen tissue by Trizol (Life Technologies), column-purified by the RNeasy Lipid Tissue Kit (Qiagen) and treated with the Turbo DNA-free Kit (Life Technologies). RNA samples were assayed on the BioAnalyzer (Agilent, Santa Clara, CA) to obtain RNA integrity number (RIN) values. Ribosomal RNA (rRNA) was depleted from samples using the RiboMinus Eukaryote Kit v2 (Life Technologies). Strand-specific cDNA libraries were made using the Next Ultra Directional RNA Library Prep Kit (NEB) and sequenced on the Illumina HiSeq2000.;SINGLE;;ILLUMINA;;;;;;;;;;Illumina HiSeq 2000 sequencing: GSM2124740: control-6 Homo sapiens RNA-Seq;;postmortem;Brain - Dorsal Striatum;;
PRJNA312169;07/02/2017;Transcriptome profiling of human keratoconus corneas through RNA sequencing identifies collagen synthesis disruption and downregulation of core elements of TGF-ß, Hippo, and Wnt pathways;Homo sapiens;SRR3170178;SAMN04504390;KR_08;KR_08;;cDNA;TRANSCRIPTOMIC;RNA-Seq;The corneas were transferred to 400 µl of lysis solution (Norgen Biotek, Thorold, ON, Canada) in a 2-mL microtube with Lysing Matrix D (MP Biomedicals, Irvine, CA, USA) and homogenized using a FastPrep®-24 Instrument (MP Biomedicals). Further total RNA extraction and purification steps were performed according to the manufacturer’s instructions supplied with a Total RNA Purification Kit (Norgen Biotek). To maximize the removal of residual DNA that could affect downstream analyses, an on-column DNase I (Zymo Research, Irvine, CA, USA) treatment was performed. Libraries were prepared with a TruSeq Stranded Total RNA LT with Ribo-Zero™ Human/Mouse/Rat Kit (Illumina, San Diego, CA, USA) according to the manufacturer’s protocol, with slight modifications.;PAIRED;;ILLUMINA;;;;;cornea;;;;;Illumina HiSeq 1500 sequencing: GSM2061711: KR_08 Homo sapiens RNA-Seq;;;Eye - Cornea;;
PRJNA768868;06/01/2022;Transcriptomics of receptive endometrium in women with sonographic features of adenomyosis;Transcriptomics of receptive endometrium in women with sonographic features of adenomyosis;SRR16212320;SAMN22068494;K26;K26;;cDNA;TRANSCRIPTOMIC;RNA-Seq;Retrieved endometrial samples were immediately placed in RNAlater solution (Thermo Fisher Scientific Baltics UAB, Vilnius, Lithuania), stored overnight at +4 °C and then transferred to –80 °C. Total RNA was isolated using the miRNeasy Mini Kit (Qiagen GmbH, Hilden, Germany) according to the manufacturer's instructions. Each whole-tissue endometrial sample was first disrupted with a Bullet Blender Storm Pro homogenizer (Next Advance, lnc., Troy, NY, USA) using 1 mm zirconium oxide beads in 700 µL of QIAzol Lysis Reagent from the miRNeasy Mini Kit. Both lncRNA and mRNA 150 bp paired-end libraries were constructed and subsequently sequenced by Novogene Bioinformatics Technology Co., Ltd. (Hong Kong, China). Briefly, a total amount of 2 µg of RNA per sample was used for cDNA sequencing library preparation. Ribosomal RNA (rRNA) was removed using the Epicentre Ribo-zeroTM rRNA Removal Kit (Epicentre, Brooklyn, NY, USA), and the remaining RNA was used for library generation by the NEBNext® UltraTM Directional RNA Library Prep Kit for Illumina® (NEB, Ipswich, MA, USA). First, rRNA-depleted RNA samples were fragmented followed by first- and second-strand cDNA synthesis. The sequencing adaptors were ligated, and library fragments were purified to obtain cDNA fragments 150~200 bp in length. Polymerase chain reaction (PCR) amplification of size-selected, adaptor-ligated cDNA was performed using universal PCR primers and index primers. Index-coded samples were clustered by Illumina TruSeq PE Cluster Kit v3-cBot-Hs. Libraries were sequenced on an Illumina NovaSeq 6000 platform, which generated 150 bp paired-end reads.;PAIRED;;ILLUMINA;;;;;;;;;;Illumina NovaSeq 6000 sequencing: GSM5614001: K26 Homo sapiens RNA-Seq;;;Uterus - Endometrium;;
PRJNA666441;03/10/2020;Long non-coding RNAs ENST00000429730.1 and MSTRG.93125.4 associate with metabolic activity in tuberculosis lesions of sputum-negative tuberculosis patients;Long non-coding RNAs ENST00000429730.1 and MSTRG.93125.4 associate with metabolic activity in tuberculosis lesions of sputum-negative tuberculosis patients;SRR12743482;SAMN16293840;lung tissue L2;lung tissue L2;;cDNA;TRANSCRIPTOMIC;RNA-Seq;Total RNA of each lung sample was extracted by using TRIzol Reagent (Invitrogen, US) and further purified using the RNeasy Mini Kit (Qiagen, Germany) according to the manufacturer's instructions. Total RNA of each sample was quantified and qualified by Agilent 2100 Bioanalyzer (Agilent Technologies, USA), NanoDrop (Thermo Fisher Scientific Inc., USA) and 1% agarose gel. Total RNA (1 μg) with the value of RNA integrity number (RIN) > 7 was used for library preparation of the following next generation sequencing, with the NEBNext Ultra II Directional RNA Library Prep. Kit for Illumina. The rRNA was depleted from total RNA using Ribo-Zero™ rRNA removal Kit (Illumina, USA), and cDNA libraries were generated following manufacture's protocols. Then, libraries with different indices were multiplexed and loaded on Illumina HiSeq instrument (Illumina, USA) for 2 × 150 paired-end sequencing according to manufacturer's instructions.;PAIRED;;ILLUMINA;;;;;;;;;;Illumina NovaSeq 6000 sequencing: GSM4810283: lung tissue L2 Homo sapiens RNA-Seq;possible TB;;Lung;;
PRJEB42969;21/03/2022;This study was conducted to understand the genomics of progression of oral precancerous lesion (leukoplakia) to malignant oral tumor.;Genomic study of gingivobuccal oral cancer progression from oral precancerous lesion.;ERR5285508;SAMEA8045518;Adjacent normal;Adjacent normal;Truseq;Inverse rRNA selection;TRANSCRIPTOMIC;RNA-Seq;Illumina Truseq RNA sample preparation;PAIRED;;ILLUMINA;;;;;;;;;;Illumina HiSeq 2500 paired end sequencing;;tumor-adjacent;Mouth;;
PRJNA817436;24/12/2023;Exercise-induced Crosstalk between Immune Cells and Adipocytes in Humans: Role of Oncostatin-M;Exercise-induced Crosstalk between Immune Cells and Adipocytes in Humans: Role of Oncostatin-M;SRR18363122;SAMN26788811;2_PRE;2_PRE;GSM5960635;cDNA;TRANSCRIPTOMIC;RNA-Seq;Approximately 30 mg of adipose tissue was used for RNA extraction. Tissues were homogenized using TissueLyser (Qiagen) in 1 mL TRIzol (Sigma-Aldrich). Chloroform was added, samples were mixed, subjected to centrifugation, and the aqueous phase was transferred to a new tube. Thereafter, 1:1 70% ethanol was added, and the total volume was loaded on silica-membrane columns. RNA extraction was performed using a commercially available kit (Rneasy lipid tissue kit, Qiagen). RNA concentration and purity were assessed by absorbance at 260 and 280 nm using NanoDrop One (Thermo Fisher Scientific, Waltham, MA). Aliquots of RNA (300 ng) were analyzed using the Illumina TruSeq Stranded Total RNA with Ribo-Zero Gold protocol (Illumina) as described (ref). Ribosomal RNA was removed from the sample using 35 μl of rRNA removal beads (Illumina) on a magnetic plate followed by cleanup of the ribosomal-depleted RNA with 193 μl of Agencourt RNAClean XP beads (Beckman Coulter), 70% ethanol wash, and elution into 10 μl elution buffer (Illumina). The RNA sample was fragmented for 4 min at 94°C in Elute, Prime, Fragment High Mix (Illumina) and then subjected to first-strand cDNA synthesis with 1 μl of Superscript III reverse transcriptase (Life Technologies) per sample using a thermocycler programmed to 25°C for 10 min, 50°C for 15 min, and 70°C for 15 min. Second-strand cDNA was synthesized by addition of Second-Strand Marking Master Mix, and samples were incubated at 16°C for 60 min. Samples were subjected to another bead cleanup before A-tailing and ligation of adapters as per kit instructions (Illumina). Following a third bead cleanup, samples were enriched for DNA fragments by amplification using the Illumina polymerase chain reaction (PCR) Primer Cocktail and PCR Master Mix, subjected to 98°C for 30 min, followed by a predefined cycle (98°C for 10 s, 60°C for 30 s, and 72°C for 30 s) that was repeated 3 to 15 times, on the basis of each individual sample, and finally incubated for 5 min at 72°C. Samples were cleaned and validated for DNA concentration using the Qubit dsDNA HS assay kit (Invitrogen) and for base pair size and purity using the Agilent High Sensitivity DNA chip and Bioanalyzer instrument. 38-bp paired-end sequencing on a NextSeq500;PAIRED;;ILLUMINA;;;;;Adipose tissue biopsy;;;;;NextSeq 500 sequencing: GSM5960635: 2_PRE Homo sapiens RNA-Seq;;;Adipose;;
PRJNA488467;26/09/2018;Determination of the Forkhead box A2 (FOXA2) Cistrome in the Human Endometrium;Determination of the Forkhead box A2 (FOXA2) Cistrome in the Human Endometrium;SRR7767513;SAMN09934016;THPR001D;THPR001D;;cDNA;TRANSCRIPTOMIC;RNA-Seq;Qiagen rneasy kit Illumina Tru-seq Stranded Ribo-zero;PAIRED;;ILLUMINA;;;;;endometrium;;;;;Illumina HiSeq 2500 sequencing: GSM3360750: THPR001D Homo sapiens RNA-Seq;;;Uterus - Endometrium;;
PRJNA448679;26/06/2018;Time series integrative analysis of RNA-Seq and miRNA expression data reveals key biologic pathways during keloid formation;;SRR6937779;SAMN08863105;K5-1st;Keloid data set RNA-Seq;701;Inverse rRNA;TRANSCRIPTOMIC;RNA-Seq;;PAIRED;;ILLUMINA;;;;;skin;;K5;;;Illumina HiSeq 3000 sequencing: RNA Seq of Keloid skin;;;Skin;;
PRJNA901461;02/02/2023;COVID-19 patient samples collected by the PREDICT-19 consortium;COVID-19 patient samples collected by the PREDICT-19 consortium;SRR22283271;SAMN31714430;Whole blood, healthy control, rep 50;Whole blood, healthy control, rep 50;;cDNA;TRANSCRIPTOMIC;RNA-Seq;Total RNA was isolated from whole blood samples stored and stabilized in PAXgene RNA tubes according to the manufacturer's guidelines (PreAnalytiX) Libraries were prepared with 300ng of total RNA per sample using the Illumina Stranded Total RNA Prep with Ribo-Zero Plus (RZP) as per manufacturer instructions (Illumina, CA, USA).;PAIRED;;ILLUMINA;;;;;Whole blood;;;;;Illumina NovaSeq 6000 sequencing: GSM7507788: Whole blood, COVID positive, rep 325 Homo sapiens RNA-Seq;;;Blood - Whole Blood;;
PRJNA695543;01/02/2021;Transcriptome analysis discloses dysregulated genes in normal appearing tumor-adjacent thyroid tissues from patients with papillary thyroid carcinoma;Transcriptome analysis discloses dysregulated genes in normal appearing tumor-adjacent thyroid tissues from patients with papillary thyroid carcinoma;SRR13572960;SAMN17616028;N Rep49;N Rep49;;cDNA;TRANSCRIPTOMIC;RNA-Seq;Total RNA was isolated using TRIzol reagent (Invitrogen) according to the manufacturer's instructions. The purity of extracted RNA was measured using a NanoDrop ND-1000 spectrophotometer (NanoDrop Technologies, Inc., Wilmington, DE) and the concentration was assessed with Qubit 2.0 Fluorometer (Agilent Technologies, Santa Clara, CA) using an RNA HS Assay Kit. Samples with RNA Integrity Number (RIN) greater than 4 as assessed by a BioAnalyzer (Agilent) with no visible sign of genomic DNA contamination from the HS Nanochip tracings were used for total RNA library generation. RNA-seq libraries were prepared using the Illumina TruSeq Stranded Total RNA Sample Prep Kit with Ribo-Zero Gold (catalog #RS-122-2201) according to the manufacturer protocol. The sequencing was performed in paired end manner, generating 2 X 100 bp paired-end reads using the Illumina HiSeq 2500 system. Pre-alignment data QC were assessed with FastQC. Post-alignment data quality was assessed with an in-house quality control pipeline/database for RNA-seq database (14). RNA-seq data were trimmed for any adapter sequences using Adapter Removal (15).;PAIRED;;ILLUMINA;;;;;"Normal appearing thyroid tissue adjacent to PTC tumor;Thyroid";;;;;Illumina HiSeq 2500 sequencing: GSM5048747: NAT Rep3 Homo sapiens RNA-Seq;;tumor-adjacent;Thyroid Gland;;
PRJNA742971;12/11/2022;A resource for integrated genomic analysis of the human liver;A resource for integrated genomic analysis of the human liver;SRR15013651;SAMN19988482;SJLB630;SJLB630;;cDNA;TRANSCRIPTOMIC;RNA-Seq;Total RNA was extracted from tissue homogenized in TRIzol reagent, followed by Qiagen RNAeasy cleanup mRNA libraries were prepared using the Illuminia TruSeq Stranded Total RNA with Ribo-Zero protocol;PAIRED;;ILLUMINA;;;;;liver;;;;;Illumina HiSeq 2000 sequencing: GSM5412283: SJLB630 Homo sapiens RNA-Seq;check ribozero;likely postmportem;Liver;;
PRJNA694010;08/08/2023;Comprehensively analysis of alternative splicing variations in Chinese colorectal cancer by using next-generation sequencing;;SRR13518182;SAMN17371035;adjacent non-tumor tissue 04;adjacent non-tumor tissue 04;CRC_NAT_04;Inverse rRNA;TRANSCRIPTOMIC;RNA-Seq;;PAIRED;;ILLUMINA;;;;;colon;;NAT_04;;;Illumina NovaSeq 6000 sequencing: adjacent non-tumor tissue 04;;tumor-adjacent;Colon;;
PRJEB19994;17/01/2018;RNA-seq of human normal mammary gland cells FACS sorted into three populations: ALDH+, ALDH-CD44+CD24-, and ALDH-CD44-CD24+;RNA-seq of human normal mammary gland cells FACS sorted into three populations: ALDH+, ALDH-CD44+CD24-, and ALDH-CD44-CD24+;ERR1883112;SAMEA103910979;Sample24_1_NonStem;Protocols: Normal (non-pathogenic) breast tissue was isolated from women undergoing voluntary reduction mammoplasty at the University of Michigan. The study protocol was approved by the University of Michigan Institutional Review Board. Breast tissue was mechanically and enzymatically digested as previously described (Dontu et al., 2003 Kakarala et al., 2010). Normal mammary cells were stained for CD44, and CD24 expression and ALDH activity accessed by the Aldefluor assay as described previously (Colacino et al., 2016) and analyzed or sorted on a Beckman Coulter MoFlo Astrios at the University of Michigan Flow Cytomtery core facility. Briefly, single mammary cells were first incubated with a lineage depletion cocktail that consisted of biotinylated antibodies targeted against CD45, HLA-DR, CD14, CD31, CD41, CD19, CD235a, CD56, CD3, CD16, and CD140b (all from eBioscience, except for CD140b (Biolegend) and CD41 (Acris)). Next, cells were stained with Alexafluor 750 tagged streptavidin, LIVE/DEAD Fixable Dead Cell Stain (Invitrogen), CD24 (Biolegend), CD44 (BD), and Aldefluor (Stem Cell Technology). Single color and isotype controls were included for compensation and gating purposes. Aldefluor-positive gating was based on DEAB (negative) controls. Flow cytometry data analysis was performed with FlowJo software v10.0.8. Total RNA was isolated from each cell population using the RNEasy Micro Kit (Qiagen) with on column DNase treatment. RNA concentration and quality was determined using a Nanodrop (Thermo) and Bioanalyzer (Agilent). Ribosomal RNAs were depleted using Ribominus (Life) and sequencing libraries were prepared with the SMARTer Stranded RNA-Seq kit (Clontech).;Sample24_1_NonStem_p;RANDOM PCR;TRANSCRIPTOMIC;RNA-Seq;Normal (non-pathogenic) breast tissue was isolated from women undergoing voluntary reduction mammoplasty at the University of Michigan. The study protocol was approved by the University of Michigan Institutional Review Board. Breast tissue was mechanically and enzymatically digested as previously described (Dontu et al., 2003 Kakarala et al., 2010). Normal mammary cells were stained for CD44, and CD24 expression and ALDH activity accessed by the Aldefluor assay as described previously (Colacino et al., 2016) and analyzed or sorted on a Beckman Coulter MoFlo Astrios at the University of Michigan Flow Cytomtery core facility. Briefly, single mammary cells were first incubated with a lineage depletion cocktail that consisted of biotinylated antibodies targeted against CD45, HLA-DR, CD14, CD31, CD41, CD19, CD235a, CD56, CD3, CD16, and CD140b (all from eBioscience, except for CD140b (Biolegend) and CD41 (Acris)). Next, cells were stained with Alexafluor 750 tagged streptavidin, LIVE/DEAD Fixable Dead Cell Stain (Invitrogen), CD24 (Biolegend), CD44 (BD), and Aldefluor (Stem Cell Technology). Single color and isotype controls were included for compensation and gating purposes. Aldefluor-positive gating was based on DEAB (negative) controls. Flow cytometry data analysis was performed with FlowJo software v10.0.8. Total RNA was isolated from each cell population using the RNEasy Micro Kit (Qiagen) with on column DNase treatment. RNA concentration and quality was determined using a Nanodrop (Thermo) and Bioanalyzer (Agilent). Ribosomal RNAs were depleted using Ribominus (Life) and sequencing libraries were prepared with the SMARTer Stranded RNA-Seq kit (Clontech).;PAIRED;;ILLUMINA;;;ALDH- CD44- CD24+ cell;;;;;;;Illumina HiSeq 2500 paired end sequencing: RNA-seq of human normal mammary gland cells FACS sorted into three populations: ALDH+, ALDH-CD44+CD24-, and ALDH-CD44-CD24+;;;Breast - Mammary gland;;
PRJEB42969;21/03/2022;This study was conducted to understand the genomics of progression of oral precancerous lesion (leukoplakia) to malignant oral tumor.;Genomic study of gingivobuccal oral cancer progression from oral precancerous lesion.;ERR5285550;SAMEA8045561;Adjacent normal;Adjacent normal;Truseq;Inverse rRNA selection;TRANSCRIPTOMIC;RNA-Seq;Illumina Truseq RNA sample preparation;PAIRED;;ILLUMINA;;;;;;;;;;Illumina HiSeq 2500 paired end sequencing;;tumor-adjacent;Mouth;;
PRJEB21050;22/05/2018;RNA-seq of formalin-fixed, paraffin-embedded uninvolved terminal ileal tissue obtained from ileo-colic resection surgeries of Crohn’s disease and control patients;RNA-seq of formalin-fixed, paraffin-embedded uninvolved terminal ileal tissue obtained from ileo-colic resection surgeries of Crohn’s disease and control patients;ERR1993165;SAMEA104101962;WUCA-Cont-23;Protocols: We retrospectively obtained de-identified FFPE tissue from patients who underwent ileo-colic resection surgery at Barnes-Jewish Hospital, St. Louis between 2005 and 2010. CD patient surgical resections were due to complications associated with the disease, whereas control resections were due to adenoma, carcinoma or abdominal trauma. The set of hematoxylin and eosin-stained tissue sections from each resection were obtained and examined by two pathologists (T.C.L. and T.S.S.) to identify the uninvolved proximal margin (terminal ileum) of each resection. These tissue sections were then further evaluated to identify those that met the histological inclusion criteria for this study. The criteria were that the sample had at least 100 well-oriented intestinal crypts (contained crypt lumens that extended from the apex to the base of the crypt) and absent/minimal active or chronic inflammatory disease (e.g., cryptitis, crypt abscess, architectural distortion, pyloric gland metaplasia, etc.).The study protocol was approved by the Institutional Review Board of Washington University. Patients were recruited by the Washington University Digestive Diseases Research Core Center (DDRCC). Written informed consent was obtained from all study participants prior to inclusion in the study. For samples that met the histological inclusion criteria, two fresh, unstained 5-µm FFPE tissue sections on glass microscope slides were obtained. Slides were not baked after cutting. For each sample, the two tissue sections were scraped off of the slides using a clean razor and placed in 1.5 mL Eppendorf tubes. The tubes were briefly centrifuged to place the sample towards the bottoms or sides of the tube. RNA extraction and DNase treatment was performed using the RNeasy FFPE kit (Qiagen) according to the manufacturer’s instructions, using the Xylene protocol for the paraffin removal step and 30 µL RNase-free H2O for the elution step. RNA was initially quantified by NanoDrop. Subsequent total RNA quantification and quality assessment was performed by Bioanalyzer 2100 (Agilent Technologies). Samples were excluded from the study if >20% of the RNA fragments were >200 base pairs in length, as determined with the Bioanalyzer software. Library preparation was performed by the Genome Technology Access Center (GTAC) at Washington University. Library preparation used 150 ng of total RNA. ds-cDNA was generated using the Ovation RNA-seq FFPE system (Nugen, per manufacturer’s instructions). cDNA was blunt ended, had an A base added to the 3’ ends, and then had Illumina sequencing adapters ligated to the ends. Ligated fragments were then amplified for 12 cycles using primers incorporating unique index tags.;WUCA-Cont-23_s;Inverse rRNA;TRANSCRIPTOMIC;RNA-Seq;We retrospectively obtained de-identified FFPE tissue from patients who underwent ileo-colic resection surgery at Barnes-Jewish Hospital, St. Louis between 2005 and 2010. CD patient surgical resections were due to complications associated with the disease, whereas control resections were due to adenoma, carcinoma or abdominal trauma. The set of hematoxylin and eosin-stained tissue sections from each resection were obtained and examined by two pathologists (T.C.L. and T.S.S.) to identify the uninvolved proximal margin (terminal ileum) of each resection. These tissue sections were then further evaluated to identify those that met the histological inclusion criteria for this study. The criteria were that the sample had at least 100 well-oriented intestinal crypts (contained crypt lumens that extended from the apex to the base of the crypt) and absent/minimal active or chronic inflammatory disease (e.g., cryptitis, crypt abscess, architectural distortion, pyloric gland metaplasia, etc.).The study protocol was approved by the Institutional Review Board of Washington University. Patients were recruited by the Washington University Digestive Diseases Research Core Center (DDRCC). Written informed consent was obtained from all study participants prior to inclusion in the study. For samples that met the histological inclusion criteria, two fresh, unstained 5-µm FFPE tissue sections on glass microscope slides were obtained. Slides were not baked after cutting. For each sample, the two tissue sections were scraped off of the slides using a clean razor and placed in 1.5 mL Eppendorf tubes. The tubes were briefly centrifuged to place the sample towards the bottoms or sides of the tube. RNA extraction and DNase treatment was performed using the RNeasy FFPE kit (Qiagen) according to the manufacturer’s instructions, using the Xylene protocol for the paraffin removal step and 30 µL RNase-free H2O for the elution step. RNA was initially quantified by NanoDrop. Subsequent total RNA quantification and quality assessment was performed by Bioanalyzer 2100 (Agilent Technologies). Samples were excluded from the study if >20% of the RNA fragments were >200 base pairs in length, as determined with the Bioanalyzer software. Library preparation was performed by the Genome Technology Access Center (GTAC) at Washington University. Library preparation used 150 ng of total RNA. ds-cDNA was generated using the Ovation RNA-seq FFPE system (Nugen, per manufacturer’s instructions). cDNA was blunt ended, had an A base added to the 3’ ends, and then had Illumina sequencing adapters ligated to the ends. Ligated fragments were then amplified for 12 cycles using primers incorporating unique index tags.;SINGLE;;ILLUMINA;;;;;;;;;;Illumina HiSeq 2000 sequencing: RNA-seq of formalin-fixed, paraffin-embedded uninvolved terminal ileal tissue obtained from ileo-colic resection surgeries of Crohn’s disease and control patients;;;Small Intestine - Ileum;;
PRJNA376161;25/01/2018;Coding and noncoding transcriptome sequencing of KRAS mutated colorectal tumors and adjacent tissues from cancer patients and KRAS mutated Aberrant Crypt Foci and matching normal crypts from healthy individuals [RNA-Seq];Homo sapiens;SRR5275296;SAMN06350952;RNA-seq on adjacent normal colon, patient #8;RNA-seq on adjacent normal colon, patient #8;;cDNA;TRANSCRIPTOMIC;RNA-Seq;CRC: RNA was isolated from laser-captured ACF samples using the Arcturus PicoPure Frozen RNA Isolation Kit (ThermoFisher) according to the manufacturers' instructions. RNA was isolated from cancer patient frozen tissues using the mirVana miRNA Isolation Kit (Ambion) according to the manufacturers' instructions Sequencing libraries were prepared from RNA isolated from cancer samples using the TruSeq Stranded Total Library Preparation Kit and the RiboZero Gold rRNA Removal Kit (Illumina).;SINGLE;;ILLUMINA;;;;;adjacent normal colon;;;;;Illumina HiSeq 2500 sequencing: GSM2496695: RNA-seq on adjacent normal colon, patient #8 Homo sapiens RNA-Seq;;tumor-adjacent;Colon;;
PRJEB14688;06/01/2017;RNASeq of musculoskeletal ageing using human mesenchymal stem cells and their tissue constructs;RNASeq of musculoskeletal ageing using human mesenchymal stem cells and their tissue constructs;ERR1514452;SAMEA4062950;Sample 17;Protocols: MScs purchased from young and old human donors miRNAeasy kit for RNA extraction Total RNA samples were ribosomal RNA depleted using the Human, mouse, rat low inputRibozero kit from Epicentre. 1ug of RNA (or the max amount available) was mixed with the low input kit baits and allowed to anneal. This was then mixed with the magnetic microspheres which bind the ribosomal complexes and subsequently pulled out with a magnet. The remaining RNA was purified with RNA clean beads and analysed with the Agilent Bioanalyser with a RNA pico chip. Recovery was generally less than 1% of the original starting material. All of this material was used in the script seq reaction (Epicentre). Samples were denatured and annealed to cDNA primers and cDNA was generated. This was amplified with indexed primers for 15 cycles to make the library for sequencing. Libraries were checked on the Agilent Bioanalyser with a High sensitivity chip and quantities determined with Qubit DNA High sensitivity reagents.;Sample 17_p;PCR;TRANSCRIPTOMIC;RNA-Seq;MScs purchased from young and old human donors miRNAeasy kit for RNA extraction Total RNA samples were ribosomal RNA depleted using the Human, mouse, rat low inputRibozero kit from Epicentre. 1ug of RNA (or the max amount available) was mixed with the low input kit baits and allowed to anneal. This was then mixed with the magnetic microspheres which bind the ribosomal complexes and subsequently pulled out with a magnet. The remaining RNA was purified with RNA clean beads and analysed with the Agilent Bioanalyser with a RNA pico chip. Recovery was generally less than 1% of the original starting material. All of this material was used in the script seq reaction (Epicentre). Samples were denatured and annealed to cDNA primers and cDNA was generated. This was amplified with indexed primers for 15 cycles to make the library for sequencing. Libraries were checked on the Agilent Bioanalyser with a High sensitivity chip and quantities determined with Qubit DNA High sensitivity reagents.;PAIRED;;ILLUMINA;;;tenocyte;;;;;;;Illumina HiSeq 2000 paired end sequencing: RNASeq of musculoskeletal ageing using human mesenchymal stem cells and their tissue constructs;some aged donors;cultured cells;Tendon - tenocyte;;
PRJNA496323;27/01/2019;Atopic Dermatitis, Psoriasis and healthy control RNA-seq cohort;Atopic Dermatitis, Psoriasis and healthy control RNA-seq cohort;SRR8052767;SAMN10238609;CTRL_022_healthy;CTRL_022_healthy;;cDNA;TRANSCRIPTOMIC;RNA-Seq;5mm skin punch biopsies were stored in PaxGene tissue containers (PreAnalytiX) at -80°C until isolation of total RNA with the Qiagen AllPrep DNA/RNA Mini Kit preceded by an additional disruption/homogenization step with innuSPEED Lysis Tubes W (Analytik Jena) and Qiagen QIAshredder spin-columns. RNA samples were prepared for sequencing using the Illumina Truseq® Stranded total RNA Protocol in combination with the RiboZero rRNA removal Kit and sequenced on the HiSeq2500 with 2x125bp.;PAIRED;;ILLUMINA;;;;;;;;;;Illumina HiSeq 2500 sequencing: GSM3427927: CTRL_022_healthy Homo sapiens RNA-Seq;;Healthy;Skin;;
PRJNA637378;27/01/2021;Non-CG methylation and multiple epigenetic layers associate child abuse with immune and small GTPase dysregulation;Non-CG methylation and multiple epigenetic layers associate child abuse with immune and small GTPase dysregulation;SRR13485932;SAMN17384645;Anterior Cingulate cortex, sbb9, RNAseq;Anterior Cingulate cortex, sbb9, RNAseq;;cDNA;TRANSCRIPTOMIC;RNA-Seq;TrueSeq Stranded Total RNA Sample Preparation + Ribo-Zero Gold kits (Illumina);PAIRED;;ILLUMINA;;;;;Anterior Cingulate cortex (human brain tissue);;;;;Illumina HiSeq 2000 sequencing: GSM5026556: Anterior Cingulate cortex, sbb9, RNAseq Homo sapiens RNA-Seq;;;Brain - Anterior cingulate cortex;;
PRJNA540989;08/07/2022;Annotation and functional characterization of long noncoding RNAs deregulated in pancreatic adenocarcinoma;Annotation and functional characterization of long noncoding RNAs deregulated in pancreatic adenocarcinoma;SRR9007551;SAMN11569861;Non-tumor 6N;Non-tumor 6N;;cDNA;TRANSCRIPTOMIC;RNA-Seq;Surgical fragments of PDAC and peritumoral nonmalignant tissues were collected and snap frozen in liquid nitrogen. RNA was isolated using the Trizol reagent (ThermoFisher) and purified according to the manufacturer's protocol. RNA-Seq libraries were generated using the Illumina TruSeq Stranded Total RNA LT sample preparation kit with Ribo-Zero Gold (Cat# RS-122-2001) according to the standard manufacturer's protocol (Part no. 15031048 Rev. D April 2013).;PAIRED;;ILLUMINA;;;;;Non-tumor-adjacent pancreatic tissue;;;;;Illumina HiSeq 1500 sequencing: GSM3747768: Non-tumor 6N Homo sapiens RNA-Seq;;tumor-adjacent;Pancreas;;
PRJNA605628;22/04/2020;Small-Molecule PAPD5 Inhibitors Restore Telomerase Activity in Patient Stem Cells;Small-Molecule PAPD5 Inhibitors Restore Telomerase Activity in Patient Stem Cells;SRR11049444;SAMN14072812;WT NHSF, untreated;WT NHSF, untreated;;cDNA;TRANSCRIPTOMIC;RNA-Seq;Total RNA was isolated and RNA quality was checked by both fragment analyzer (Agilent Fragment Analyzer) and electrophoresis on 1.5% agarose/formaldehyde gel. 0.1-1 μg of total RNA was used as input for library preparation using TruSeq Stranded Total RNA with RiboZero Gold kit (Illumina- 20020599). Briefly, the total RNA was subjected to rRNA depletion and fragmentation followed by first and second strand cDNA synthesis. Further, second strand was removed after end repair and A-tailing. Finally, libraries were amplified for size selection and pooled at equimolar concentrations based on quantifications by Fragment Analyzer. The pooled libraries were sequenced on two lanes of HiSeq 2500 High Output V4 chemistry and single read 50 bases format.;SINGLE;;ILLUMINA;;;;;Skin fibroblast-derived iPSCs;;;;;Illumina HiSeq 2500 sequencing: GSM4303450: WT NHSF, untreated Homo sapiens RNA-Seq;;;Cells - Cultured fibroblasts;;
PRJNA342787;06/10/2016;Transcriptional profiling of Myotonic dystrophy muscle and heart;Homo sapiens;SRR4240817;SAMN05768095;Tibialis_Control_4;Tibialis_Control_4;;cDNA;TRANSCRIPTOMIC;RNA-Seq;Frozen tissue samples were lysed using a homogenizer in Trizol. Chloroform was added and mixed, and the aqueous layer was added to isopropanol to precipitate RNA. The RNA was then cleaned up on RNeasy columns (Qiagen) with on column DNase treatment. Strand-specific libraries (using dUTP incorporation during reverse transcription, and USER treatment prior to PCR) were prepared using standard protocols. RNA was first fragmented, and then ribosomal RNA was subtracted using ribo-zero beads from Epicentre Biotechnologies. Reverse transcription was performed using random primers, followed by 2nd strand cDNA synthesis, end repair, adenylation, and ligation of adapters. Products were run on agarose, size selected, and then subjected to 14-18 cycles of PCR.;PAIRED;;ILLUMINA;;;;;Tibialis anterior muscle;;;;;Illumina HiSeq 2000 sequencing: GSM2309590: Tibialis_Control_4 Homo sapiens RNA-Seq;;;Muscle - Skeletal;;
PRJNA742971;12/11/2022;A resource for integrated genomic analysis of the human liver;A resource for integrated genomic analysis of the human liver;SRR15013661;SAMN19988472;SJLB659;SJLB659;;cDNA;TRANSCRIPTOMIC;RNA-Seq;Total RNA was extracted from tissue homogenized in TRIzol reagent, followed by Qiagen RNAeasy cleanup mRNA libraries were prepared using the Illuminia TruSeq Stranded Total RNA with Ribo-Zero protocol;PAIRED;;ILLUMINA;;;;;liver;;;;;Illumina HiSeq 2000 sequencing: GSM5412293: SJLB659 Homo sapiens RNA-Seq;check ribozero;likely postmportem;Liver;;
PRJNA637378;23/09/2020;Non-CG methylation and multiple epigenetic layers associate child abuse with immune and small GTPase dysregulation;Non-CG methylation and multiple epigenetic layers associate child abuse with immune and small GTPase dysregulation;SRR11927133;SAMN15104810;Lateral amygdala, S2, RNAseq;Lateral amygdala, S2, RNAseq;;cDNA;TRANSCRIPTOMIC;RNA-Seq;TrueSeq Stranded Total RNA Sample Preparation + Ribo-Zero Gold kits (Illumina);PAIRED;;ILLUMINA;;;;;Lateral Amygdala (human brain tissue);;;;;Illumina HiSeq 2000 sequencing: GSM4591814: Lateral amygdala, S2, RNAseq Homo sapiens RNA-Seq;;;Brain - Amygdala;;
PRJNA448679;26/06/2018;Time series integrative analysis of RNA-Seq and miRNA expression data reveals key biologic pathways during keloid formation;;SRR6937758;SAMN08863015;N3-1st;Keloid data set RNA-Seq;554;Inverse rRNA;TRANSCRIPTOMIC;RNA-Seq;;PAIRED;;ILLUMINA;;;;;skin;;N3;;;Illumina HiSeq 3000 sequencing: RNA Seq of Keloid skin;;;Skin;;
PRJNA939148;10/07/2023;Transcriptomes of human primary skin fibroblasts reveal age-associated mRNAs and long noncoding RNAs;Transcriptomes of human primary skin fibroblasts reveal age-associated mRNAs and long noncoding RNAs;SRR23630223;SAMN33458074;SKIN_AGE35_F_GR2_Gt141;SKIN_AGE35_F_GR2_Gt141;GSM7067585;cDNA;TRANSCRIPTOMIC;RNA-Seq;After expansion, total RNA was isolated using the Direct-zolTM RNA MiniPrep kit (Zymo Research) following the manufacturer's instruction. Ribo-RNA depletion with Low Input RiboMinus Eukaryote System v2 (Thermo Fisher Scientific). Ribo-RNA-depleted samples were then used for cDNA synthesis with Ovation® RNA-Seq System V2 (Nugen) following the manufacturer's protocol. Following cDNA fragmentation and size selection, libraries were prepared using Illumina TruSeq ChIP Library Preparation Kit (Illumina) according to manufacturer's protocol.;PAIRED;;ILLUMINA;;;primary skin fibroblasts;;;;;;;Illumina NovaSeq 6000 sequencing: GSM7067585: SKIN_AGE35_F_GR2_Gt141 Homo sapiens RNA-Seq;;;Cells - Cultured fibroblasts;;
PRJNA975585;08/09/2023;Whole genome transcriptomics of upper extremity veins from end-stage kidney disease patients and non-kidney disease organ donors;Whole genome transcriptomics of upper extremity veins from end-stage kidney disease patients and non-kidney disease organ donors;SRR24709850;SAMN35340231;S049,Basilic vein,Healthy,NA;S049,Basilic vein,Healthy,NA;GSM7418765;cDNA;TRANSCRIPTOMIC;RNA-Seq;RNAlater-preserved samples were ground in liquid nitrogen and isolated with Trizol (Thermo Fisher Scientific) followed by column purification (EZNA Total RNA Kit I, Omega Bio-tek). 500 ng of total RNA was used as input for the Illumina TruSeq Stranded Total RNA Library Prep Kit with Ribo-Zero to generate ribosomal RNA-depleted sequencing libraries. Each sample had a unique barcode to allow multiplexing, and was sequenced to >40 million raw reads in a single end 75 bp sequencing run on the Illumina NextSeq500.;SINGLE;;ILLUMINA;;;;;Basilic vein;;;;;NextSeq 500 sequencing: GSM7418765: S049,Basilic vein,Healthy,NA Homo sapiens RNA-Seq;;;Blood Vessel;;
PRJNA625391;16/04/2020;RNA-seq of matched adjacent normal and primary tumor samples from 33 HCC patients;;SRR11547421;SAMN14599291;Human sample from Homo sapiens;Human sample from Homo sapiens;27;Inverse rRNA;TRANSCRIPTOMIC;RNA-Seq;;PAIRED;;ILLUMINA;;;;;Liver tissue;;normal;;;Illumina HiSeq 2500 sequencing: RNA-Seq of Homo sapiens :liver;;;Liver;;
PRJNA901461;02/02/2023;COVID-19 patient samples collected by the PREDICT-19 consortium;COVID-19 patient samples collected by the PREDICT-19 consortium;SRR22283290;SAMN31714391;Whole blood, healthy control, rep 69;Whole blood, healthy control, rep 69;;cDNA;TRANSCRIPTOMIC;RNA-Seq;Total RNA was isolated from whole blood samples stored and stabilized in PAXgene RNA tubes according to the manufacturer's guidelines (PreAnalytiX) Libraries were prepared with 300ng of total RNA per sample using the Illumina Stranded Total RNA Prep with Ribo-Zero Plus (RZP) as per manufacturer instructions (Illumina, CA, USA).;PAIRED;;ILLUMINA;;;;;Whole blood;;;;;Illumina NovaSeq 6000 sequencing: GSM7507832: Whole blood, COVID positive, rep 369 Homo sapiens RNA-Seq;;;Blood - Whole Blood;;
PRJNA209081;15/04/2014;RNA-seq identifies novel transcript elements and transcript processing in the normal and failing hearts;Homo sapiens;SRR915764;SAMN02209927;control rep1;control rep1;;cDNA;TRANSCRIPTOMIC;RNA-Seq;RNA was extracted with Trizol (Invitrogen) and further purified on RNeasy columns (Qiagen) with on column DNase digestion. Ribosomal RNA was depleted using the RiboMinus kit (Invitrogen). 1 µg rRNA-depleted RNA was used for the construction of sequencing libraries Illumina RNA-seq libraries were prepared from rRNA-depleted samples using the standard Illumina protocol. SOLiD RNA-seq libraries were prepared from a pool of all of 15 ICM samples and a pool of all of 15 Ctrl samples using the standard SOLiD strand-specific library protocol.;PAIRED;;ILLUMINA;;;;;heart;;;;;Illumina Genome Analyzer II sequencing: GSM1171552: control rep4 Homo sapiens RNA-Seq;;;Heart;;
PRJNA1029930;29/10/2023;Transcriptomic profiling of lymphocytic colitis highlights distinct diarrhoeal pathomechanisms;Transcriptomic profiling of lymphocytic colitis highlights distinct diarrhoeal pathomechanisms;SRR26436585;SAMN37882026;Hc2;Hc2;GSM7848738;cDNA;TRANSCRIPTOMIC;RNA-Seq;Biopsies preserved in AllProtect were homogenized in RLT buffer from RNeasy Mini Kit supplemented with 1% 2-mercaptoethanol in a TissueLyser II instrument (all from Qiagen, Hilden, Germany). Total RNA from homogenized biopsy samples was isolated using RNeasy Mini Kit (Qiagen) following the manufacturer's instructions. TruSeq ribozero gold kit;PAIRED;;ILLUMINA;;;;;Colon, whole mucosa;;;;;Illumina NovaSeq 6000 sequencing: GSM7848738: Hc2 Homo sapiens RNA-Seq;;;Colon, Mucosa;;
PRJNA997353;22/12/2023;Race-specific coregulatory and transcriptomic profiles associated with DNA methylation and androgen receptor in prostate cancer [RNA-Seq];Race-specific coregulatory and transcriptomic profiles associated with DNA methylation and androgen receptor in prostate cancer [RNA-Seq];SRR25387909;SAMN36678785;PT-00224181_NT_AA;PT-00224181_NT_AA;GSM7657493;cDNA;TRANSCRIPTOMIC;RNA-Seq;Illumina TruSeq Stranded Total RNA Library Prep Kit with Ribo-Zero Gol RNA libraries were prepared for sequencing using standard Illumina protocols;PAIRED;;ILLUMINA;;;;;prostate;;;;;Illumina HiSeq 2500 sequencing: GSM7657493: PT-00224181_NT_AA Homo sapiens RNA-Seq;;tumor-adjacent;Prostate;;
PRJNA326252;04/08/2016;Genome-wide expression screening discloses long noncoding RNAs involved in thyroid carcinogenesis;Homo sapiens;SRR3703015;SAMN05272471;Case1_N;Case1_N;;cDNA;TRANSCRIPTOMIC;RNA-Seq;Total RNA was isolated using TRIzol reagent (Invitrogen) according to the manufacturer's instructions. The purity of extracted RNA was measured using a NanoDrop ND- 1000 spectrophotometer (NanoDrop Technologies, Inc., Wilmington, DE) and the concentration was assessed with Qubit 2.0 Fluorometer (Agilent Technologies, Santa Clara, CA) using an RNA HS Assay Kit. Samples with RNA Integrity Number (RIN) greater than 4 as assessed by a BioAnalyzer (Agilent) with no visible sign of genomic DNA contamination from the HS Nanochip tracings were used for total RNA library generation. Used the Illumina TruSeq Stranded Total RNA Sample Prep Kit with Ribo-Zero Gold (catalog #RS-122-2201), which transformed RNA into cDNA. This kit employed Ribo-Zero to remove rRNA and mitochondrial RNA prior to library preparation. The protocol consisted of random primer and stranded RNA extraction, RNA fragmentation, reverse transcription, and 100bp paired-125 end sequencing using the Illumina HiSeq 2500 system.;PAIRED;;ILLUMINA;;;;;Noncancerous tissue;;;;;Illumina HiSeq 2500 sequencing: GSM2205843: Case1_N Homo sapiens RNA-Seq;;;Thyroid Gland;;
PRJNA939148;09/07/2023;Transcriptomes of human primary skin fibroblasts reveal age-associated mRNAs and long noncoding RNAs;Transcriptomes of human primary skin fibroblasts reveal age-associated mRNAs and long noncoding RNAs;SRR23630235;SAMN33458038;SKIN_AGE66_F_GR3_Gt156;SKIN_AGE66_F_GR3_Gt156;GSM7067621;cDNA;TRANSCRIPTOMIC;RNA-Seq;After expansion, total RNA was isolated using the Direct-zolTM RNA MiniPrep kit (Zymo Research) following the manufacturer's instruction. Ribo-RNA depletion with Low Input RiboMinus Eukaryote System v2 (Thermo Fisher Scientific). Ribo-RNA-depleted samples were then used for cDNA synthesis with Ovation® RNA-Seq System V2 (Nugen) following the manufacturer's protocol. Following cDNA fragmentation and size selection, libraries were prepared using Illumina TruSeq ChIP Library Preparation Kit (Illumina) according to manufacturer's protocol.;PAIRED;;ILLUMINA;;;primary skin fibroblasts;;;;;;;Illumina NovaSeq 6000 sequencing: GSM7067621: SKIN_AGE66_F_GR3_Gt156 Homo sapiens RNA-Seq;;;Cells - Cultured fibroblasts;;
PRJEB34402;23/01/2020;Epigenetically Modulated Gene Expression Changes Result in Enhanced Neoplastic Activity in Oropharyngeal Cancer Patients from North East India;;ERR3549196;SAMEA5970063;Oropharyngeal Cancer Patient;Adjacent Normal;TruSeq;Inverse rRNA selection;TRANSCRIPTOMIC;RNA-Seq;Illumina TruSeq RNA sample preparation;PAIRED;;ILLUMINA;;;;;;;;;oropharynx;Illumina HiSeq 2500 paired end sequencing;;tumor-adjacent;Oropharynx;;
PRJNA975585;08/09/2023;Whole genome transcriptomics of upper extremity veins from end-stage kidney disease patients and non-kidney disease organ donors;Whole genome transcriptomics of upper extremity veins from end-stage kidney disease patients and non-kidney disease organ donors;SRR24709854;SAMN35340236;S042,Basilic vein,Healthy,NA;S042,Basilic vein,Healthy,NA;GSM7418759;cDNA;TRANSCRIPTOMIC;RNA-Seq;RNAlater-preserved samples were ground in liquid nitrogen and isolated with Trizol (Thermo Fisher Scientific) followed by column purification (EZNA Total RNA Kit I, Omega Bio-tek). 500 ng of total RNA was used as input for the Illumina TruSeq Stranded Total RNA Library Prep Kit with Ribo-Zero to generate ribosomal RNA-depleted sequencing libraries. Each sample had a unique barcode to allow multiplexing, and was sequenced to >40 million raw reads in a single end 75 bp sequencing run on the Illumina NextSeq500.;SINGLE;;ILLUMINA;;;;;Basilic vein;;;;;NextSeq 500 sequencing: GSM7418759: S042,Basilic vein,Healthy,NA Homo sapiens RNA-Seq;;;Blood Vessel;;
PRJNA742971;12/11/2022;A resource for integrated genomic analysis of the human liver;A resource for integrated genomic analysis of the human liver;SRR15013474;SAMN19988495;SJLB779;SJLB779;;cDNA;TRANSCRIPTOMIC;RNA-Seq;Total RNA was extracted from tissue homogenized in TRIzol reagent, followed by Qiagen RNAeasy cleanup mRNA libraries were prepared using the Illuminia TruSeq Stranded Total RNA with Ribo-Zero protocol;PAIRED;;ILLUMINA;;;;;liver;;;;;Illumina HiSeq 2000 sequencing: GSM5412330: SJLB779 Homo sapiens RNA-Seq;check ribozero;likely postmportem;Liver;;
PRJNA387704;23/02/2018;Comparsion of the transcriptome profiles in normal and age-related macular degneration in retina and RPE-Choroid-Scleral (RCS) tissues;Homo sapiens;SRR5591607;SAMN07161003;Normal_PRC_5.TR10;Normal_PRC_5.TR10;;cDNA;TRANSCRIPTOMIC;RNA-Seq;collection protocol: For each donor eye, the retina (PR) and RPE-Choroid-Sclera (PRCS) samples were dissected from the peripheral region of the posterior eye globes using a 10mm-biopsy punch followed by a 8mm-punch in the middle of the 10mm-punch to minimize the sample contamination. A total of 32 RNA samples were prepared using the AllPrep DNA/RNA Mini kit (Qiagen). Library preparation and sequencing was done using the TruSeq Stranded total RNA with RiboZero Gold kit (Illumina, CA) protocol with a total RNA (800ng) as the starting material.;PAIRED;;ILLUMINA;;;;;Peripheral Retina;;;;;Illumina HiSeq 2000 sequencing: GSM2638055: AMD_PR_3.TR-21 Homo sapiens RNA-Seq;;;Eye - Retina;;
PRJNA901963;13/01/2023;Human IRF1 governs phagocytic IFN-gamma immunity to mycobacteria;Human IRF1 governs phagocytic IFN-gamma immunity to mycobacteria;SRR22302330;SAMN31742949;Fibroblast non-stimulated 10547;Fibroblast non-stimulated 10547;GSM6733092;cDNA;TRANSCRIPTOMIC;RNA-Seq;Total RNA was extracted from cells with the Quick-RNA MicroPrep kit (#R1051, Zymo Research), and treated with DNAse (Zymo) to remove residual genomic DNA. Ribosomal RNA (rRNA) and mitochondrial RNA (mRNA) were depleted. RNA-seq libraries were prepared with the Illumina RiboZero TruSeq Stranded Total RNA Library Prep Kit (Illumina) Libraries were sequenced using NovaSeq in the 100 or 150-nt, paired-end configuration;PAIRED;;ILLUMINA;;;primary fibroblast;;;;;;;Illumina NovaSeq 6000 sequencing: GSM6733092: Fibroblast non-stimulated 10547 Homo sapiens RNA-Seq;;;Cells - Cultured fibroblast;;
PRJNA914646;24/12/2023;Integrated Unbiased Multiomics Defines Disease-Independent Placental Clusters in Common Obstetrical Syndromes;;SRR22925336;SAMN32490946;Human sample from Homo sapiens;Human sample from Homo sapiens;TP19.B4555;Inverse rRNA;TRANSCRIPTOMIC;RNA-Seq;;PAIRED;;ILLUMINA;;;;;Placenta;;Control;;;Illumina NovaSeq 6000 sequencing: Control;;healthy;Placenta;;
PRJNA668929;18/06/2021;Effect of age on human retinal pigment epithelium (RPE) transcriptome;Effect of age on human retinal pigment epithelium (RPE) transcriptome;SRR12817266;SAMN16427605;donor6;donor6;;cDNA;TRANSCRIPTOMIC;RNA-Seq;RNeasy Plus Mini kit Ribosomal RNA was depleted from total RNA using the Ribo-Zero rRNA Removal kit. Library preparation performed using Illumina HiSeq 2000.;PAIRED;;ILLUMINA;;;;;;;;;;Illumina HiSeq 2000 sequencing: GSM4829767: donor6 Homo sapiens RNA-Seq;;;Eye - Retina;;
PRJNA1029930;29/10/2023;Transcriptomic profiling of lymphocytic colitis highlights distinct diarrhoeal pathomechanisms;Transcriptomic profiling of lymphocytic colitis highlights distinct diarrhoeal pathomechanisms;SRR26436578;SAMN37882019;Hc9;Hc9;GSM7848745;cDNA;TRANSCRIPTOMIC;RNA-Seq;Biopsies preserved in AllProtect were homogenized in RLT buffer from RNeasy Mini Kit supplemented with 1% 2-mercaptoethanol in a TissueLyser II instrument (all from Qiagen, Hilden, Germany). Total RNA from homogenized biopsy samples was isolated using RNeasy Mini Kit (Qiagen) following the manufacturer's instructions. TruSeq ribozero gold kit;PAIRED;;ILLUMINA;;;;;Colon, whole mucosa;;;;;Illumina NovaSeq 6000 sequencing: GSM7848745: Hc9 Homo sapiens RNA-Seq;;;Colon, Mucosa;;
PRJNA454694;09/02/2019;Sequencing based maternal whole blood expression changes with gestational age and labor in normal pregnancy;Sequencing based maternal whole blood expression changes with gestational age and labor in normal pregnancy;SRR7094259;SAMN09011928;Sample_13 [RNA-seq];Sample_13 [RNA-seq];;cDNA;TRANSCRIPTOMIC;RNA-Seq;RNA was isolated from  PAXgene® Blood RNA collection tube (BD 762165) as described in the PAXgene® Blood miRNA Kit Handbook (December, 2015). Purified RNA was quantified by UV spectrophotometry using the DropSense96® Microplate Spectrophotometer (Trinean) and quality assessed by microfluidics using the RNA ScreenTape on the Agilent 2200 TapeStation. Starting with 500 ng of total RNA, cDNA library templates were synthesized using the Illumina TruSeq® Stranded Total RNA LT (Set A) Kit with Ribo-Zero Globin rRNA reduction, as described in the TruSeq® Stranded Total RNA Sample Preparation Guide (Rev. E, October 2013). Libraries were validated using the HS D1000 ScreenTape on the Agilent 2200 TapeStation, and quantified on the Qubit® 2.0 Fluorometer by the Qubit® dsDNA HS Assay (ThermoFisher). The Illumina HiSeq 2500 instrument was used to cluster the samples onto the flow cell. The pools were put on at 10pM and run in rapid mode at 2×100 paired end. Illumina HiSeq Rapid PE Cluster kit V2 and HiSeq Rapid SBS kit v2 200 cycles was used.;PAIRED;;ILLUMINA;;;;;;;;;;Illumina HiSeq 2500 sequencing: GSM3124792: Sample_13 [RNA-seq] Homo sapiens RNA-Seq;;;Blood - Whole blood;;
PRJEB40695;29/10/2020;RNA-Seq of cultivated (i) bulk human thymic epithelial cells (hTECs) (ii) cortical hTECs (iii) medullary hTECs (iv) human thymic interstitial cells (hTICs);RNA-Seq of cultivated (i) bulk human thymic epithelial cells (hTECs) (ii) cortical hTECs (iii) medullary hTECs (iv) human thymic interstitial cells (hTICs);ERR4659292;SAMEA7377139;hTECs52;Protocols: detachment of cells from 2d dish, freezing of cultivated cells into RNAlater. TECs: growth onto irradiated 3T3-J2 feeder layer. TICs: cultuvation in MegaCell medium in 2d dish. RNeasy Plus Micro Kit, Qiagen. TruSeq® Stranded Total RNA.;hTECs52_p;Inverse rRNA;TRANSCRIPTOMIC;RNA-Seq;detachment of cells from 2d dish, freezing of cultivated cells into RNAlater. TECs: growth onto irradiated 3T3-J2 feeder layer. TICs: cultuvation in MegaCell medium in 2d dish. RNeasy Plus Micro Kit, Qiagen. TruSeq® Stranded Total RNA.;PAIRED;;ILLUMINA;;;epithelial cell of thymus;;;;;;;Illumina NovaSeq 6000 sequencing: RNA-Seq of cultivated (i) bulk human thymic epithelial cells (hTECs) (ii) cortical hTECs (iii) medullary hTECs (iv) human thymic interstitial cells (hTICs);;;Thymus - Medullary thymic epithelial cell;;
PRJEB21619;04/07/2017;Intergenic Disease-associated Regions are Abundant in Novel Regulatory Transcripts;Intergenic Disease-associated Regions are Abundant in Novel Regulatory Transcripts;ERR2022843;SAMEA104150474;Thyroid;Protocols: Normal human tissue RNA was obtained from the FirstChoice Tissue Panel (Ambion AM6000) and Human Breast Total RNA (Ambion AM6952). Melanoma RNA was obtained from patient cell lines, including 3 originating from metastasized stage IV melanoma (A-series) and 10 originating from resected lymph nodes from patients with stage 3 disease (C-series. RNA was extracted with RNeasy columns (Qiagen). RNA was extracted with RNeasy columns (Qiagen). RNA was DNAse treated with TurboDNase (Life Technologies), confirmed DNA-free, RNA integrity was confirmed by Agilent 2100 Bioanalyzer (Agilent Technologies). rRNA depletion (Ribo-Zero™ (Epicentre)) was performed on 5μg of total RNA. ERCC RNA Spike-In Control mix 1 or mix 2 (Life Technologies) were added to ribodepleted RNA to a final dilution of 1/100. Libraries were prepared with the TruSeq Stranded mRNA Sample Preparation Kit (Illumina) and 9-12 cycles of pre-capture LM-PCR performed as required. Multiplex library pools were created by mixing equal amounts of 5 pre-capture sample libraries and capture hybridization performed on 1 μg of the pooled library. Melanoma A-series samples were each randomly assigned to one of three capture hybridizations to ensure any expression differences between the A and C-series samples were not due to an A-series batch effect. Post-capture LMPCR was performed for 17 cycles.;Thyroid_p;RANDOM PCR;TRANSCRIPTOMIC;RNA-Seq;Normal human tissue RNA was obtained from the FirstChoice Tissue Panel (Ambion AM6000) and Human Breast Total RNA (Ambion AM6952). Melanoma RNA was obtained from patient cell lines, including 3 originating from metastasized stage IV melanoma (A-series) and 10 originating from resected lymph nodes from patients with stage 3 disease (C-series. RNA was extracted with RNeasy columns (Qiagen). RNA was extracted with RNeasy columns (Qiagen). RNA was DNAse treated with TurboDNase (Life Technologies), confirmed DNA-free, RNA integrity was confirmed by Agilent 2100 Bioanalyzer (Agilent Technologies). rRNA depletion (Ribo-Zero™ (Epicentre)) was performed on 5μg of total RNA. ERCC RNA Spike-In Control mix 1 or mix 2 (Life Technologies) were added to ribodepleted RNA to a final dilution of 1/100. Libraries were prepared with the TruSeq Stranded mRNA Sample Preparation Kit (Illumina) and 9-12 cycles of pre-capture LM-PCR performed as required. Multiplex library pools were created by mixing equal amounts of 5 pre-capture sample libraries and capture hybridization performed on 1 μg of the pooled library. Melanoma A-series samples were each randomly assigned to one of three capture hybridizations to ensure any expression differences between the A and C-series samples were not due to an A-series batch effect. Post-capture LMPCR was performed for 17 cycles.;PAIRED;;ILLUMINA;;;;;;;;;;Illumina HiSeq 2000 paired end sequencing: Intergenic Disease-associated Regions are Abundant in Novel Regulatory Transcripts;;;Thyroid Gland;;
PRJNA376161;25/01/2018;Coding and noncoding transcriptome sequencing of KRAS mutated colorectal tumors and adjacent tissues from cancer patients and KRAS mutated Aberrant Crypt Foci and matching normal crypts from healthy individuals [RNA-Seq];Homo sapiens;SRR5275294;SAMN06350954;RNA-seq on adjacent normal colon, patient #16;RNA-seq on adjacent normal colon, patient #16;;cDNA;TRANSCRIPTOMIC;RNA-Seq;CRYPTS: Laser Capture Microdissection of ACF and matched normal biopsies: an ArcturusXT Laser Capture Microdissection system was used to isolate a minimum of 1 mm2 of tissue (~10.000 cells) from 12 μm-thick frozen serial sections. For RNA extracted from ACF, depletion of rRNA was done using the RiboZero Magnetic Kit according to the “Protocol for Removal of rRNA from Small Amounts of Total RNA” (Clontech). Subsequently, dscDNA library preparation and amplification were done using the SMARTer Stranded RNA-Seq Kit (Clontech) according to the manufacturer's protocol.;SINGLE;;ILLUMINA;;;;;normal colonic crypt;;;;;Illumina HiSeq 2500 sequencing: GSM2496709: RNA-seq on normal crypts, patient #178 Homo sapiens RNA-Seq;;;Colon - Crypt of Lieberk�hn;;
PRJNA478051;21/02/2020;Dynamics of the transcriptional landscape during human gonad development during fetal life;Dynamics of the transcriptional landscape during human gonad development during fetal life;SRR7430712;SAMN09495490;XY_6GW_p3_EH214;XY_6GW_p3_EH214;;cDNA;TRANSCRIPTOMIC;RNA-Seq;Total RNA were extracted from tissues using the RNeasy mini Kit (Qiagen), quantified using a NanoDrop™ 8000 spectrophotometer (Thermo Scientific) and quality controlled using a 2100 Electrophoresis Bioanalyzer (Agilent). Libraries of template molecules suitable for strand specific high throughput DNA sequencing were created using “TruSeq Stranded Total RNA with Ribo-Zero Gold Prep Kit” (catalog # RS-122-2301, Illumina Inc.). Briefly, the removal of cytoplasmic and mitochondrial ribosomal RNA (rRNA) was performed from 500 ng of total RNA using biotinylated, target-specific oligos combined with Ribo-Zero rRNA removal beads. Following purification, the RNA was fragmented using divalent cations under elevated temperature. The cleaved RNA fragments were copied into first strand cDNA using reverse transcriptase and random primers, followed by second strand cDNA synthesis using DNA Polymerase I and RNase H. The double stranded cDNA fragments were blunted using T4 DNA polymerase, Klenow DNA polymerase and T4 PNK. A single 'A' nucleotide was added to the 3' ends of the blunt DNA fragments using a Klenow fragment (3' to 5'exo minus) enzyme. The cDNA fragments were ligated to double stranded adapters using T4 DNA Ligase. The ligated products were enriched by PCR amplification (30 sec at 98°C [10 sec at 98°C, 30 sec at 60°C, 30 sec at 72°C] x 12 cycles 5 min at 72°C). Excess of PCR primers was removed by purification using AMPure XP beads (Agencourt Biosciences Corporation). Final cDNA libraries were quality-checked and quantified using a 2100 Electrophoresis Bioanalyzer (Agilent). The libraries were loaded in the flow cell at 7pM concentration and clusters were generated in the Cbot and sequenced in the Illumina Hiseq 2500 as paired-end 2x50 base reads following Illumina's instructions. Image analysis and base calling were performed using RTA 1.17.20 and CASAVA 1.8.2.;PAIRED;;ILLUMINA;;;;;Testis;;;;;Illumina HiSeq 2500 sequencing: GSM3223663: XY_6GW_p3_EH214 Homo sapiens RNA-Seq;;;Testis;;
PRJNA742971;12/11/2022;A resource for integrated genomic analysis of the human liver;A resource for integrated genomic analysis of the human liver;SRR15013584;SAMN19988452;SJLB376;SJLB376;;cDNA;TRANSCRIPTOMIC;RNA-Seq;Total RNA was extracted from tissue homogenized in TRIzol reagent, followed by Qiagen RNAeasy cleanup mRNA libraries were prepared using the Illuminia TruSeq Stranded Total RNA with Ribo-Zero protocol;PAIRED;;ILLUMINA;;;;;liver;;;;;Illumina HiSeq 2000 sequencing: GSM5412219: SJLB376 Homo sapiens RNA-Seq;check ribozero;likely postmportem;Liver;;
PRJNA318642;11/08/2016;Transcriptome profiling of the human dorsal striatum in bipolar disorder;Homo sapiens;SRR3393509;SAMN04859287;control-39;control-39;;cDNA;TRANSCRIPTOMIC;RNA-Seq;Frozen postmortem dorsal striatum samples were transferred to RNAlater-ICE (Ambion) and stored at -20C upon receipt. Total RNA was extracted from dissected caudate-putamen tissue by Trizol (Life Technologies), column-purified by the RNeasy Lipid Tissue Kit (Qiagen) and treated with the Turbo DNA-free Kit (Life Technologies). RNA samples were assayed on the BioAnalyzer (Agilent, Santa Clara, CA) to obtain RNA integrity number (RIN) values. Ribosomal RNA (rRNA) was depleted from samples using the RiboMinus Eukaryote Kit v2 (Life Technologies). Strand-specific cDNA libraries were made using the Next Ultra Directional RNA Library Prep Kit (NEB) and sequenced on the Illumina HiSeq2000.;SINGLE;;ILLUMINA;;;;;;;;;;Illumina HiSeq 2000 sequencing: GSM2124755: control-39 Homo sapiens RNA-Seq;;postmortem;Brain - Dorsal Striatum;;
PRJNA726237;17/11/2021;Ischemic heart disease selectively modifies the right atrial appendage transcriptome;Ischemic heart disease selectively modifies the right atrial appendage transcriptome;SRR14362369;SAMN18926139;(ICA)-positive IHD undergoing coronary artery bypass surgery, 19-03-15-TA;(ICA)-positive IHD undergoing coronary artery bypass surgery, 19-03-15-TA;;cDNA;TRANSCRIPTOMIC;RNA-Seq;During cardiac surgery, a biopsy sample of the RAA was collected from each patient. Tissue samples were collected at the cannulation site, the insertion site of the venous line for the heart–lung machine. Dissected biopsies were briefly washed in ice-cold sterile saline, cut into 0.5 cm thick tissue pieces, and immersed into 3 ml of RNAlater (Sigma Aldrich, Merck KGaA, Darmstadt, Germany) to inactivate RNAses and stabilize RNA. Samples were let to stabilize at +4°C for one day and stored at under -70°C until processing. Total RNA was isolated from RAA biopsies via initial ice-cold tissue homogenization using a Precellys 24 tissue homogenizer equipped with the Cryolys cooling option (Bertin Technologies SAS, Montigny-le-Bretonneux, France) followed by RNA isolation using combined QIAzol / chloroform extraction and Qiagen RNeasy mini spin column purification according to the manufacturer's instructions (Qiagen, Venlo, Netherlands). The sample RNA integrity number (RIN mean 7.95 ± 0.55 range 7.1–9.0) and total quantity (mean 3069.55 ± 1141.08 ng range 867.8–6855.0 ng) was evaluated in the Functional Genomics Unit (FuGU, University of Helsinki, Helsinki, Finland). Isolated total RNA was stored at under -70oC until sequencing. Ribosomal RNA was removed using the Ribo-ZeroTM Magnetic kit (Illumina Inc, San Diego, CA). RNA libraries were prepared for sequencing using standard Illumina protocols;PAIRED;;ILLUMINA;;;;;Heart (Atrial Appendage);;;;;Illumina HiSeq 4000 sequencing: GSM5271546: (ICA)-positive IHD undergoing coronary artery bypass surgery, 19-03-15-TA Homo sapiens RNA-Seq;;non-cancer disease;Heart - Atrial appendage;;
PRJNA939148;09/07/2023;Transcriptomes of human primary skin fibroblasts reveal age-associated mRNAs and long noncoding RNAs;Transcriptomes of human primary skin fibroblasts reveal age-associated mRNAs and long noncoding RNAs;SRR23630234;SAMN33458037;SKIN_AGE67_F_GR4_Gt080;SKIN_AGE67_F_GR4_Gt080;GSM7067622;cDNA;TRANSCRIPTOMIC;RNA-Seq;After expansion, total RNA was isolated using the Direct-zolTM RNA MiniPrep kit (Zymo Research) following the manufacturer's instruction. Ribo-RNA depletion with Low Input RiboMinus Eukaryote System v2 (Thermo Fisher Scientific). Ribo-RNA-depleted samples were then used for cDNA synthesis with Ovation® RNA-Seq System V2 (Nugen) following the manufacturer's protocol. Following cDNA fragmentation and size selection, libraries were prepared using Illumina TruSeq ChIP Library Preparation Kit (Illumina) according to manufacturer's protocol.;PAIRED;;ILLUMINA;;;primary skin fibroblasts;;;;;;;Illumina NovaSeq 6000 sequencing: GSM7067622: SKIN_AGE67_F_GR4_Gt080 Homo sapiens RNA-Seq;;;Cells - Cultured fibroblasts;;
PRJNA695543;01/02/2021;Transcriptome analysis discloses dysregulated genes in normal appearing tumor-adjacent thyroid tissues from patients with papillary thyroid carcinoma;Transcriptome analysis discloses dysregulated genes in normal appearing tumor-adjacent thyroid tissues from patients with papillary thyroid carcinoma;SRR13572962;SAMN17616026;N Rep51;N Rep51;;cDNA;TRANSCRIPTOMIC;RNA-Seq;Total RNA was isolated using TRIzol reagent (Invitrogen) according to the manufacturer's instructions. The purity of extracted RNA was measured using a NanoDrop ND-1000 spectrophotometer (NanoDrop Technologies, Inc., Wilmington, DE) and the concentration was assessed with Qubit 2.0 Fluorometer (Agilent Technologies, Santa Clara, CA) using an RNA HS Assay Kit. Samples with RNA Integrity Number (RIN) greater than 4 as assessed by a BioAnalyzer (Agilent) with no visible sign of genomic DNA contamination from the HS Nanochip tracings were used for total RNA library generation. RNA-seq libraries were prepared using the Illumina TruSeq Stranded Total RNA Sample Prep Kit with Ribo-Zero Gold (catalog #RS-122-2201) according to the manufacturer protocol. The sequencing was performed in paired end manner, generating 2 X 100 bp paired-end reads using the Illumina HiSeq 2500 system. Pre-alignment data QC were assessed with FastQC. Post-alignment data quality was assessed with an in-house quality control pipeline/database for RNA-seq database (14). RNA-seq data were trimmed for any adapter sequences using Adapter Removal (15).;PAIRED;;ILLUMINA;;;;;"Normal appearing thyroid tissue adjacent to PTC tumor;Thyroid";;;;;Illumina HiSeq 2500 sequencing: GSM5048749: NAT Rep4 Homo sapiens RNA-Seq;;tumor-adjacent;Thyroid Gland;;
PRJNA486023;14/03/2019;Fudan University Shanghai Cancer Center Triple Negative Breast Cancer (FUSCCTNBC);Homo sapiens;SRR8518206;SAMN09837084;Human sample from Homo sapiens;Human sample from Homo sapiens;Lib_FUSCCTNBC215.PT;Inverse rRNA;TRANSCRIPTOMIC;RNA-Seq;;PAIRED;;ILLUMINA;;;;;Paired normal breast tissue;;FUSCCTNBC215;;;HiSeq X Ten sequencing: RNAseq of Homo sapiens: triple negative breast cancer from FUSCCTNBC project;;tumor-adjacent;Breast;;
PRJEB34402;23/01/2020;Epigenetically Modulated Gene Expression Changes Result in Enhanced Neoplastic Activity in Oropharyngeal Cancer Patients from North East India;;ERR3549178;SAMEA5970045;Oropharyngeal Cancer Patient;Adjacent Normal;TruSeq;Inverse rRNA selection;TRANSCRIPTOMIC;RNA-Seq;Illumina TruSeq RNA sample preparation;PAIRED;;ILLUMINA;;;;;;;;;oropharynx;Illumina HiSeq 2500 paired end sequencing;;tumor-adjacent;Oropharynx;;
PRJNA352076;21/06/2017;RNAseq study of synovial biopsies;Homo sapiens;SRR4785819;SAMN05963941;healthy tissue 8;healthy tissue 8;;cDNA;TRANSCRIPTOMIC;RNA-Seq;Total RNA was extracted from RA synovial samples and the quality of all RNA samples was evaluated using an Agilent Bioanalyzer Sequencing libraries were prepared using TruSeq Stranded Total RNA RiboZero protocol from Illumina. Libraries were pooled and sequenced with an Illumina HiSeq 2000 with paired-end 100 bp flow cells. Raw read quality was evaluated using FastQC.;PAIRED;;ILLUMINA;;;;;;;;;;Illumina HiSeq 2000 sequencing: GSM2370977: healthy tissue 8 Homo sapiens RNA-Seq;;;Synovial Fluid;;
PRJNA253002;19/11/2015;Human cortical transcriptome informs brain imaging;Homo sapiens;SRR1424673;SAMN02866070;Human_1581_BA47_11;Human_1581_BA47_11;;cDNA;TRANSCRIPTOMIC;RNA-Seq;All RNA samples were examined for quantity and quality by NanoDrop and Bioanalyzer (Agilent). Samples were randomized for RNA extractions and sequencing. 5ug of total RNA were treated with a Ribominus column according to the manufacturer’s instructions to remove ribosomal RNA. Libraries were prepared using an Illumina TruSeq kit according to the manufacturer’s instructions.;SINGLE;;ILLUMINA;;;;;;;;;;Illumina HiSeq 2000 sequencing: GSM1414946: Human_1581_BA47_11 Homo sapiens RNA-Seq;;;Brain - Pars Orbitalis;;
PRJNA908818;25/06/2023;Effect of cigarette smoking on gene expression of peripheral blood B cells and on transcriptome changes by naïve-to-memory B cell shift;Effect of cigarette smoking on gene expression of peripheral blood B cells and on transcriptome changes by naïve-to-memory B cell shift;SRR22532380;SAMN32045256;;;GSM6788598;cDNA;TRANSCRIPTOMIC;RNA-Seq;Granulocytes were isolated directly from whole blood using anti-CD15+ antibody–coated magnetic beads following the protocol (Invitrogen). Density gradient centrifugation using Histopaque-1077 Ficoll medium and Accuspin™ Tubes (Sigma-Aldrich) was used to isolate the mononuclear layer of CD19+ B cells using antibody-coated magnetic beads (Invitrogen). RNA was harvested using RNeasy mini plus kit (Qiagen). Aliquots of RNA (375 ng) were used to generate poly-adenylated RNA libraries with TruSeq Stranded Total RNA Ribo-Zero Human Gold kit (Illumina). Samples were indexed with NEXTfle-96 RNA-Seq Barcodes (Bioo-scientific, Austin, TX).;PAIRED;;ILLUMINA;;;;;;;;;;Illumina NovaSeq 6000 sequencing: GSM6788598: F209-1_Bcell_Smoker Homo sapiens RNA-Seq;some smokers;;Blood - Granulocyte;;
PRJNA324260;18/10/2016;Human liver RNA-seq data corresponding to uninfected non-malignant, HCV infected non-malignant, and HCV+ HCC tissue;Homo sapiens;SRR3621802;SAMN05199334;L10-08-NonTumor_RNA-seq;L10-08-NonTumor_RNA-seq;;cDNA;TRANSCRIPTOMIC;RNA-Seq;We extracted total RNA from homogenized liver samples with 0.2 ml of chloroform and 1 ml of TRIZOL Reagent. After precipitation and washing, the RNA was dissolved in RNase-free water and given DNase treatment. DNase-treated, rRNA-depleted (Ribozero, Epicentre) RNA was used as a template for SuperScript III first-strand cDNA synthesis (Invitrogen), using oligo-dT as well as random hexamers. Actinomycin D was added to the reaction to prevent any possible amplification from contaminating genomic DNA. During second-strand synthesis, a dU/VTP mix was used to create directional libraries. cDNA samples were fragmented with Covaris to 300-bp fragments. The samples were then end-filled, 3 terminal A extended and ligated to preannealed TruSeq-indexed Illumina adapters. Uracil-DNAglycosylase UDG) treatment preceded the PCR reaction to amplify exclusively the originally oriented transcripts. Libraries were amplified using P5 and P7 Illumina primers and gel-extracted for size selection and primer-dimer removal. Before sequencing, libraries were tested using the BioAnalyzer to assure library quality, in terms of size and primer-dimer depletion. Indexed libraries were multiplexed for 100-bp single-end sequencing on the Illumina HiSeq 2000 platform.;SINGLE;;ILLUMINA;;;;;liver;;;;;Illumina HiSeq 2000 sequencing: GSM2185682: L10-08-NonTumor_RNA-seq Homo sapiens RNA-Seq;;;Liver;;
PRJNA726237;17/11/2021;Ischemic heart disease selectively modifies the right atrial appendage transcriptome;Ischemic heart disease selectively modifies the right atrial appendage transcriptome;SRR14362346;SAMN18926134;(ICA)-positive IHD undergoing coronary artery bypass surgery, 01-09-15-ES;(ICA)-positive IHD undergoing coronary artery bypass surgery, 01-09-15-ES;;cDNA;TRANSCRIPTOMIC;RNA-Seq;During cardiac surgery, a biopsy sample of the RAA was collected from each patient. Tissue samples were collected at the cannulation site, the insertion site of the venous line for the heart–lung machine. Dissected biopsies were briefly washed in ice-cold sterile saline, cut into 0.5 cm thick tissue pieces, and immersed into 3 ml of RNAlater (Sigma Aldrich, Merck KGaA, Darmstadt, Germany) to inactivate RNAses and stabilize RNA. Samples were let to stabilize at +4°C for one day and stored at under -70°C until processing. Total RNA was isolated from RAA biopsies via initial ice-cold tissue homogenization using a Precellys 24 tissue homogenizer equipped with the Cryolys cooling option (Bertin Technologies SAS, Montigny-le-Bretonneux, France) followed by RNA isolation using combined QIAzol / chloroform extraction and Qiagen RNeasy mini spin column purification according to the manufacturer's instructions (Qiagen, Venlo, Netherlands). The sample RNA integrity number (RIN mean 7.95 ± 0.55 range 7.1–9.0) and total quantity (mean 3069.55 ± 1141.08 ng range 867.8–6855.0 ng) was evaluated in the Functional Genomics Unit (FuGU, University of Helsinki, Helsinki, Finland). Isolated total RNA was stored at under -70oC until sequencing. Ribosomal RNA was removed using the Ribo-ZeroTM Magnetic kit (Illumina Inc, San Diego, CA). RNA libraries were prepared for sequencing using standard Illumina protocols;PAIRED;;ILLUMINA;;;;;Heart (Atrial Appendage);;;;;Illumina HiSeq 4000 sequencing: GSM5271523: (ICA)-positive IHD undergoing coronary artery bypass surgery, 01-09-15-ES Homo sapiens RNA-Seq;;non-cancer disease;Heart - Atrial appendage;;
PRJNA817436;24/12/2023;Exercise-induced Crosstalk between Immune Cells and Adipocytes in Humans: Role of Oncostatin-M;Exercise-induced Crosstalk between Immune Cells and Adipocytes in Humans: Role of Oncostatin-M;SRR18363123;SAMN26788700;71_PRE;71_PRE;GSM5960746;cDNA;TRANSCRIPTOMIC;RNA-Seq;Approximately 30 mg of adipose tissue was used for RNA extraction. Tissues were homogenized using TissueLyser (Qiagen) in 1 mL TRIzol (Sigma-Aldrich). Chloroform was added, samples were mixed, subjected to centrifugation, and the aqueous phase was transferred to a new tube. Thereafter, 1:1 70% ethanol was added, and the total volume was loaded on silica-membrane columns. RNA extraction was performed using a commercially available kit (Rneasy lipid tissue kit, Qiagen). RNA concentration and purity were assessed by absorbance at 260 and 280 nm using NanoDrop One (Thermo Fisher Scientific, Waltham, MA). Aliquots of RNA (300 ng) were analyzed using the Illumina TruSeq Stranded Total RNA with Ribo-Zero Gold protocol (Illumina) as described (ref). Ribosomal RNA was removed from the sample using 35 μl of rRNA removal beads (Illumina) on a magnetic plate followed by cleanup of the ribosomal-depleted RNA with 193 μl of Agencourt RNAClean XP beads (Beckman Coulter), 70% ethanol wash, and elution into 10 μl elution buffer (Illumina). The RNA sample was fragmented for 4 min at 94°C in Elute, Prime, Fragment High Mix (Illumina) and then subjected to first-strand cDNA synthesis with 1 μl of Superscript III reverse transcriptase (Life Technologies) per sample using a thermocycler programmed to 25°C for 10 min, 50°C for 15 min, and 70°C for 15 min. Second-strand cDNA was synthesized by addition of Second-Strand Marking Master Mix, and samples were incubated at 16°C for 60 min. Samples were subjected to another bead cleanup before A-tailing and ligation of adapters as per kit instructions (Illumina). Following a third bead cleanup, samples were enriched for DNA fragments by amplification using the Illumina polymerase chain reaction (PCR) Primer Cocktail and PCR Master Mix, subjected to 98°C for 30 min, followed by a predefined cycle (98°C for 10 s, 60°C for 30 s, and 72°C for 30 s) that was repeated 3 to 15 times, on the basis of each individual sample, and finally incubated for 5 min at 72°C. Samples were cleaned and validated for DNA concentration using the Qubit dsDNA HS assay kit (Invitrogen) and for base pair size and purity using the Agilent High Sensitivity DNA chip and Bioanalyzer instrument. 38-bp paired-end sequencing on a NextSeq500;PAIRED;;ILLUMINA;;;;;Adipose tissue biopsy;;;;;NextSeq 500 sequencing: GSM5960746: 71_PRE Homo sapiens RNA-Seq;;;Adipose;;
PRJNA768868;06/01/2022;Transcriptomics of receptive endometrium in women with sonographic features of adenomyosis;Transcriptomics of receptive endometrium in women with sonographic features of adenomyosis;SRR16212317;SAMN22068488;K22;K22;;cDNA;TRANSCRIPTOMIC;RNA-Seq;Retrieved endometrial samples were immediately placed in RNAlater solution (Thermo Fisher Scientific Baltics UAB, Vilnius, Lithuania), stored overnight at +4 °C and then transferred to –80 °C. Total RNA was isolated using the miRNeasy Mini Kit (Qiagen GmbH, Hilden, Germany) according to the manufacturer's instructions. Each whole-tissue endometrial sample was first disrupted with a Bullet Blender Storm Pro homogenizer (Next Advance, lnc., Troy, NY, USA) using 1 mm zirconium oxide beads in 700 µL of QIAzol Lysis Reagent from the miRNeasy Mini Kit. Both lncRNA and mRNA 150 bp paired-end libraries were constructed and subsequently sequenced by Novogene Bioinformatics Technology Co., Ltd. (Hong Kong, China). Briefly, a total amount of 2 µg of RNA per sample was used for cDNA sequencing library preparation. Ribosomal RNA (rRNA) was removed using the Epicentre Ribo-zeroTM rRNA Removal Kit (Epicentre, Brooklyn, NY, USA), and the remaining RNA was used for library generation by the NEBNext® UltraTM Directional RNA Library Prep Kit for Illumina® (NEB, Ipswich, MA, USA). First, rRNA-depleted RNA samples were fragmented followed by first- and second-strand cDNA synthesis. The sequencing adaptors were ligated, and library fragments were purified to obtain cDNA fragments 150~200 bp in length. Polymerase chain reaction (PCR) amplification of size-selected, adaptor-ligated cDNA was performed using universal PCR primers and index primers. Index-coded samples were clustered by Illumina TruSeq PE Cluster Kit v3-cBot-Hs. Libraries were sequenced on an Illumina NovaSeq 6000 platform, which generated 150 bp paired-end reads.;PAIRED;;ILLUMINA;;;;;;;;;;Illumina NovaSeq 6000 sequencing: GSM5613998: K22 Homo sapiens RNA-Seq;;;Uterus - Endometrium;;
PRJEB43164;21/05/2023;Bulk RNA-seq of paired human brown and white adipocytes;Bulk RNA-seq of paired human brown and white adipocytes;ERR5320464;SAMEA8103244;91_W_01;Protocols: Human adipose tissue was obtained from the central compartment of the neck, superior to the clavicle and deep to the lateral thyroid lobe either adjacent to the longus colli muscle or to the oesophagus (brown adipose tissue BAT) and more superficially from the subcutaneous neck tissue (white adipose tissue WAT). The stromal vascular fraction was isolated and cultured as described (Ramage, Akyol et al. 2016 doi: 10.1016/j.cmet.2016.06.011). Following differentiation, cells were cultured in serum-stripped medium for 48 hours prior to RNA extraction and subsequent bulk RNA-seq. Sample 91 – age (years): 41 sex: female height (m): 1.52 weight (Kg): 63.5 BMI (kg/m2): 27.48 Sample 92 – age (years): 59 sex: female height (m): 1.57 weight (Kg): 60.4 BMI (kg/m2): 24.50 Sample 93 – age (years): 52 sex: female height (m): 1.70 weight (Kg): 114 BMI (kg/m2): 39.45 Sample 95 – age (years): 50 sex: female height (m): 1.72 weight (Kg): 66 BMI (kg/m2): 22.31 Total RNA samples were assessed on the Agilent Bioanalyser (Agilent Technologies, #G2939AA) with the RNA 6000 Nano Kit (#5067-1511) for quality and integrity of total RNA. Samples were DNase-treated using the TURBO DNA-free™ kit (Thermo Fisher, #AM1907) and then quantified using the Qubit 2.0 Fluorometer (Thermo Fisher Scientific Inc, #Q32866) and the Qubit RNA BR assay kit (#Q10210), and assessed for residual DNA contamination using the Qubit dsDNA HS assay Kit (catalogue # Q32851). Libraries were prepared from each TURBO™ DNase treated total-RNA sample using the TruSeq Stranded Total RNA with Ribo-Zero kit (#RS-122-2201) according to the provided protocol. 100ng of total-RNA was processed to deplete rRNA before being purified, fragmented and primed with random hexamers. Primed RNA fragments were reverse transcribed into first strand cDNA using reverse transcriptase and random primers. RNA templates were removed and a replacement strand synthesised incorporating dUTP in place of dTTP to generate ds cDNA. AMPure XP beads (Beckman Coulter, #A63881) were then used to separate the ds cDNA from the second strand reaction mix, providing blunt-ended cDNA. A single 'A' nucleotide was added to the 3' ends of the blunt fragments to prevent them from ligating to another during the subsequent adapter ligation reaction, and a corresponding single 'T' nucleotide on the 3' end of the adapter provided a complementary overhang for ligating the adapter to the fragment. Multiple indexing adapters were then ligated to the ends of the ds cDNA to prepare them for hybridisation onto a flow cell, before 15 cycles of PCR were used to selectively enrich those DNA fragments that had adapter molecules on both ends and amplify the amount of DNA in the library suitable for sequencing. Libraries were quantified using the Qubit dsDNA HS kit and by PCR using the Kapa Universal Illumina Library Quantification kit complete kit (#KK4824) and assessed for quality using the Agilent Bioanalyser with the DNA HS Kit.;91_W_01_p;RT-PCR;GENOMIC;RNA-Seq;Human adipose tissue was obtained from the central compartment of the neck, superior to the clavicle and deep to the lateral thyroid lobe either adjacent to the longus colli muscle or to the oesophagus (brown adipose tissue BAT) and more superficially from the subcutaneous neck tissue (white adipose tissue WAT). The stromal vascular fraction was isolated and cultured as described (Ramage, Akyol et al. 2016 doi: 10.1016/j.cmet.2016.06.011). Following differentiation, cells were cultured in serum-stripped medium for 48 hours prior to RNA extraction and subsequent bulk RNA-seq. Sample 91 – age (years): 41 sex: female height (m): 1.52 weight (Kg): 63.5 BMI (kg/m2): 27.48 Sample 92 – age (years): 59 sex: female height (m): 1.57 weight (Kg): 60.4 BMI (kg/m2): 24.50 Sample 93 – age (years): 52 sex: female height (m): 1.70 weight (Kg): 114 BMI (kg/m2): 39.45 Sample 95 – age (years): 50 sex: female height (m): 1.72 weight (Kg): 66 BMI (kg/m2): 22.31 Total RNA samples were assessed on the Agilent Bioanalyser (Agilent Technologies, #G2939AA) with the RNA 6000 Nano Kit (#5067-1511) for quality and integrity of total RNA. Samples were DNase-treated using the TURBO DNA-free™ kit (Thermo Fisher, #AM1907) and then quantified using the Qubit 2.0 Fluorometer (Thermo Fisher Scientific Inc, #Q32866) and the Qubit RNA BR assay kit (#Q10210), and assessed for residual DNA contamination using the Qubit dsDNA HS assay Kit (catalogue # Q32851). Libraries were prepared from each TURBO™ DNase treated total-RNA sample using the TruSeq Stranded Total RNA with Ribo-Zero kit (#RS-122-2201) according to the provided protocol. 100ng of total-RNA was processed to deplete rRNA before being purified, fragmented and primed with random hexamers. Primed RNA fragments were reverse transcribed into first strand cDNA using reverse transcriptase and random primers. RNA templates were removed and a replacement strand synthesised incorporating dUTP in place of dTTP to generate ds cDNA. AMPure XP beads (Beckman Coulter, #A63881) were then used to separate the ds cDNA from the second strand reaction mix, providing blunt-ended cDNA. A single 'A' nucleotide was added to the 3' ends of the blunt fragments to prevent them from ligating to another during the subsequent adapter ligation reaction, and a corresponding single 'T' nucleotide on the 3' end of the adapter provided a complementary overhang for ligating the adapter to the fragment. Multiple indexing adapters were then ligated to the ends of the ds cDNA to prepare them for hybridisation onto a flow cell, before 15 cycles of PCR were used to selectively enrich those DNA fragments that had adapter molecules on both ends and amplify the amount of DNA in the library suitable for sequencing. Libraries were quantified using the Qubit dsDNA HS kit and by PCR using the Kapa Universal Illumina Library Quantification kit complete kit (#KK4824) and assessed for quality using the Agilent Bioanalyser with the DNA HS Kit.;PAIRED;;ILLUMINA;;;;;;;;;;NextSeq 550 sequencing: Bulk RNA-seq of paired human brown and white adipocytes;;cultured cells;Adipose - Subcutaneous;;
PRJNA819837;20/01/2023;Homo sapiens Raw sequence reads;Homo sapiens;SRR18572050;SAMN27020250;Human sample from Homo sapiens;Human sample from Homo sapiens;GSM5994507;cDNA;TRANSCRIPTOMIC;RNA-Seq;IPF patients were diagnosed based on multidisciplinary review and published criteria. Non-IPF donor lungs not suitable for transplantation were obtained from the Regional Organ Bank of Illinois. IPF lungs were grossly examined within 6-12 hours from the time of explant, and multiple 1cm3 biopsies were obtained from visibly non-fibrotic central (IPF.C) and fibrotic peripheral (IPF.P) areas. Non-IPF donor lung biopsies of central (CTR.C) and peripheral (CTR.P) were similarly obtained. H&E-stained biopsies were reviewed and confirmed by two clinical pathologists Total RNA was isolated using TRIzol (Invitrogen) following manufacturer's protocol. All RNA samples displayed RNA Integrity Number (RIN) >7. RNAseq including cDNA library preparation was processed at the Genomics Core Facility of University of Chicago (https://fgf.uchicago.edu/). Total RNA in the amount of 100-500µg per sample was depleted of ribosomal RNA using the Ribo-Zero kit (Epicentre, Madison, WI). The directional (first strand) cDNA libraries were prepared following the guide of TruSeq Stranded Total RNA Sample Preparation kit.;PAIRED;;ILLUMINA;;;;;lung;;D6P;;;Illumina HiSeq 4000 sequencing: GSM5994507: SmaC6P Homo sapiens RNA-Seq;Non fibrotic;healthy;Lung;;
PRJNA342787;06/10/2016;Transcriptional profiling of Myotonic dystrophy muscle and heart;Homo sapiens;SRR4240777;SAMN05768009;Quad_Control_10;Quad_Control_10;;cDNA;TRANSCRIPTOMIC;RNA-Seq;Frozen tissue samples were lysed using a homogenizer in Trizol. Chloroform was added and mixed, and the aqueous layer was added to isopropanol to precipitate RNA. The RNA was then cleaned up on RNeasy columns (Qiagen) with on column DNase treatment. Strand-specific libraries (using dUTP incorporation during reverse transcription, and USER treatment prior to PCR) were prepared using standard protocols. RNA was first fragmented, and then ribosomal RNA was subtracted using ribo-zero beads from Epicentre Biotechnologies. Reverse transcription was performed using random primers, followed by 2nd strand cDNA synthesis, end repair, adenylation, and ligation of adapters. Products were run on agarose, size selected, and then subjected to 14-18 cycles of PCR.;PAIRED;;ILLUMINA;;;;;Quadriceps muscle;;;;;Illumina HiSeq 2000 sequencing: GSM2309550: Quad_Control_10 Homo sapiens RNA-Seq;;;Muscle - Skeletal;;
PRJNA496323;27/01/2019;Atopic Dermatitis, Psoriasis and healthy control RNA-seq cohort;Atopic Dermatitis, Psoriasis and healthy control RNA-seq cohort;SRR8052779;SAMN10238672;CTRL_037_healthy;CTRL_037_healthy;;cDNA;TRANSCRIPTOMIC;RNA-Seq;5mm skin punch biopsies were stored in PaxGene tissue containers (PreAnalytiX) at -80°C until isolation of total RNA with the Qiagen AllPrep DNA/RNA Mini Kit preceded by an additional disruption/homogenization step with innuSPEED Lysis Tubes W (Analytik Jena) and Qiagen QIAshredder spin-columns. RNA samples were prepared for sequencing using the Illumina Truseq® Stranded total RNA Protocol in combination with the RiboZero rRNA removal Kit and sequenced on the HiSeq2500 with 2x125bp.;PAIRED;;ILLUMINA;;;;;;;;;;Illumina HiSeq 2500 sequencing: GSM3427939: CTRL_037_healthy Homo sapiens RNA-Seq;;Healthy;Skin;;
PRJEB59710;17/02/2023;RNA-seq of human post-mortem brain tissue of the frontal lobe from patients with FTD and healthy controls;RNA-seq of human post-mortem brain tissue of the frontal lobe from patients with FTD and healthy controls;ERR10851962;SAMEA112484867;rimod7;Protocols: The brain samples and/or bio samples were obtained from the Netherlands Brain Bank, Netherlands Institute for Neuroscience, Amsterdam (open access: www.brainbank.nl). All Material has been collected from donors for or from whom a written informed consent for a brain autopsy and the use of the material and clinical information for research purposes had been obtained by the NBB. Additional samples were provided by the Queen Square Brain Bank of Neurological Disorders and MRC, King College London. We complied to all relevant regulations of the mentioned brain banks for the work with these samples. Total RNA for RNA-seq was isolated from ±100mg of frozen brain tissue with TRIzol reagent (Thermo Fischer Scientific) according to the manufacturer recommendation, followed by purification with the RNeasy mini columns (Qiagen) after DNAse treatment.  Total RNA-seq libraries were prepared from 1 microgram of total RNA from frozen brain tissue using the TruSeq Stranded Total RNA with Ribo-Zero Gold kit (Illumina) according to the protocol specifications.;rimod7_p;PCR;TRANSCRIPTOMIC;RNA-Seq;The brain samples and/or bio samples were obtained from the Netherlands Brain Bank, Netherlands Institute for Neuroscience, Amsterdam (open access: www.brainbank.nl). All Material has been collected from donors for or from whom a written informed consent for a brain autopsy and the use of the material and clinical information for research purposes had been obtained by the NBB. Additional samples were provided by the Queen Square Brain Bank of Neurological Disorders and MRC, King College London. We complied to all relevant regulations of the mentioned brain banks for the work with these samples. Total RNA for RNA-seq was isolated from ±100mg of frozen brain tissue with TRIzol reagent (Thermo Fischer Scientific) according to the manufacturer recommendation, followed by purification with the RNeasy mini columns (Qiagen) after DNAse treatment.  Total RNA-seq libraries were prepared from 1 microgram of total RNA from frozen brain tissue using the TruSeq Stranded Total RNA with Ribo-Zero Gold kit (Illumina) according to the protocol specifications.;PAIRED;;ILLUMINA;;;;;;;;;;Illumina HiSeq 2500 sequencing: RNA-seq of human post-mortem brain tissue of the frontal lobe from patients with FTD and healthy controls;;postmortem;Brain - Frontal lobe;;
PRJEB43164;21/05/2023;Bulk RNA-seq of paired human brown and white adipocytes;Bulk RNA-seq of paired human brown and white adipocytes;ERR5320471;SAMEA8103246;92_W_0;Protocols: Human adipose tissue was obtained from the central compartment of the neck, superior to the clavicle and deep to the lateral thyroid lobe either adjacent to the longus colli muscle or to the oesophagus (brown adipose tissue BAT) and more superficially from the subcutaneous neck tissue (white adipose tissue WAT). The stromal vascular fraction was isolated and cultured as described (Ramage, Akyol et al. 2016 doi: 10.1016/j.cmet.2016.06.011). Following differentiation, cells were cultured in serum-stripped medium for 48 hours prior to RNA extraction and subsequent bulk RNA-seq. Sample 91 – age (years): 41 sex: female height (m): 1.52 weight (Kg): 63.5 BMI (kg/m2): 27.48 Sample 92 – age (years): 59 sex: female height (m): 1.57 weight (Kg): 60.4 BMI (kg/m2): 24.50 Sample 93 – age (years): 52 sex: female height (m): 1.70 weight (Kg): 114 BMI (kg/m2): 39.45 Sample 95 – age (years): 50 sex: female height (m): 1.72 weight (Kg): 66 BMI (kg/m2): 22.31 Total RNA samples were assessed on the Agilent Bioanalyser (Agilent Technologies, #G2939AA) with the RNA 6000 Nano Kit (#5067-1511) for quality and integrity of total RNA. Samples were DNase-treated using the TURBO DNA-free™ kit (Thermo Fisher, #AM1907) and then quantified using the Qubit 2.0 Fluorometer (Thermo Fisher Scientific Inc, #Q32866) and the Qubit RNA BR assay kit (#Q10210), and assessed for residual DNA contamination using the Qubit dsDNA HS assay Kit (catalogue # Q32851). Libraries were prepared from each TURBO™ DNase treated total-RNA sample using the TruSeq Stranded Total RNA with Ribo-Zero kit (#RS-122-2201) according to the provided protocol. 100ng of total-RNA was processed to deplete rRNA before being purified, fragmented and primed with random hexamers. Primed RNA fragments were reverse transcribed into first strand cDNA using reverse transcriptase and random primers. RNA templates were removed and a replacement strand synthesised incorporating dUTP in place of dTTP to generate ds cDNA. AMPure XP beads (Beckman Coulter, #A63881) were then used to separate the ds cDNA from the second strand reaction mix, providing blunt-ended cDNA. A single 'A' nucleotide was added to the 3' ends of the blunt fragments to prevent them from ligating to another during the subsequent adapter ligation reaction, and a corresponding single 'T' nucleotide on the 3' end of the adapter provided a complementary overhang for ligating the adapter to the fragment. Multiple indexing adapters were then ligated to the ends of the ds cDNA to prepare them for hybridisation onto a flow cell, before 15 cycles of PCR were used to selectively enrich those DNA fragments that had adapter molecules on both ends and amplify the amount of DNA in the library suitable for sequencing. Libraries were quantified using the Qubit dsDNA HS kit and by PCR using the Kapa Universal Illumina Library Quantification kit complete kit (#KK4824) and assessed for quality using the Agilent Bioanalyser with the DNA HS Kit.;92_W_0_p;RT-PCR;GENOMIC;RNA-Seq;Human adipose tissue was obtained from the central compartment of the neck, superior to the clavicle and deep to the lateral thyroid lobe either adjacent to the longus colli muscle or to the oesophagus (brown adipose tissue BAT) and more superficially from the subcutaneous neck tissue (white adipose tissue WAT). The stromal vascular fraction was isolated and cultured as described (Ramage, Akyol et al. 2016 doi: 10.1016/j.cmet.2016.06.011). Following differentiation, cells were cultured in serum-stripped medium for 48 hours prior to RNA extraction and subsequent bulk RNA-seq. Sample 91 – age (years): 41 sex: female height (m): 1.52 weight (Kg): 63.5 BMI (kg/m2): 27.48 Sample 92 – age (years): 59 sex: female height (m): 1.57 weight (Kg): 60.4 BMI (kg/m2): 24.50 Sample 93 – age (years): 52 sex: female height (m): 1.70 weight (Kg): 114 BMI (kg/m2): 39.45 Sample 95 – age (years): 50 sex: female height (m): 1.72 weight (Kg): 66 BMI (kg/m2): 22.31 Total RNA samples were assessed on the Agilent Bioanalyser (Agilent Technologies, #G2939AA) with the RNA 6000 Nano Kit (#5067-1511) for quality and integrity of total RNA. Samples were DNase-treated using the TURBO DNA-free™ kit (Thermo Fisher, #AM1907) and then quantified using the Qubit 2.0 Fluorometer (Thermo Fisher Scientific Inc, #Q32866) and the Qubit RNA BR assay kit (#Q10210), and assessed for residual DNA contamination using the Qubit dsDNA HS assay Kit (catalogue # Q32851). Libraries were prepared from each TURBO™ DNase treated total-RNA sample using the TruSeq Stranded Total RNA with Ribo-Zero kit (#RS-122-2201) according to the provided protocol. 100ng of total-RNA was processed to deplete rRNA before being purified, fragmented and primed with random hexamers. Primed RNA fragments were reverse transcribed into first strand cDNA using reverse transcriptase and random primers. RNA templates were removed and a replacement strand synthesised incorporating dUTP in place of dTTP to generate ds cDNA. AMPure XP beads (Beckman Coulter, #A63881) were then used to separate the ds cDNA from the second strand reaction mix, providing blunt-ended cDNA. A single 'A' nucleotide was added to the 3' ends of the blunt fragments to prevent them from ligating to another during the subsequent adapter ligation reaction, and a corresponding single 'T' nucleotide on the 3' end of the adapter provided a complementary overhang for ligating the adapter to the fragment. Multiple indexing adapters were then ligated to the ends of the ds cDNA to prepare them for hybridisation onto a flow cell, before 15 cycles of PCR were used to selectively enrich those DNA fragments that had adapter molecules on both ends and amplify the amount of DNA in the library suitable for sequencing. Libraries were quantified using the Qubit dsDNA HS kit and by PCR using the Kapa Universal Illumina Library Quantification kit complete kit (#KK4824) and assessed for quality using the Agilent Bioanalyser with the DNA HS Kit.;PAIRED;;ILLUMINA;;;;;;;;;;NextSeq 550 sequencing: Bulk RNA-seq of paired human brown and white adipocytes;;cultured cells;Adipose - Subcutaneous;;
PRJNA637378;27/01/2021;Non-CG methylation and multiple epigenetic layers associate child abuse with immune and small GTPase dysregulation;Non-CG methylation and multiple epigenetic layers associate child abuse with immune and small GTPase dysregulation;SRR13485950;SAMN17384639;Anterior Cingulate cortex, sbb27, RNAseq;Anterior Cingulate cortex, sbb27, RNAseq;;cDNA;TRANSCRIPTOMIC;RNA-Seq;TrueSeq Stranded Total RNA Sample Preparation + Ribo-Zero Gold kits (Illumina);PAIRED;;ILLUMINA;;;;;Anterior Cingulate cortex (human brain tissue);;;;;Illumina HiSeq 2000 sequencing: GSM5026574: Anterior Cingulate cortex, sbb27, RNAseq Homo sapiens RNA-Seq;;;Brain - Anterior cingulate cortex;;
PRJNA726237;17/11/2021;Ischemic heart disease selectively modifies the right atrial appendage transcriptome;Ischemic heart disease selectively modifies the right atrial appendage transcriptome;SRR14362356;SAMN18926125;(ICA)-positive IHD undergoing coronary artery bypass surgery, 09-03-15-EJH;(ICA)-positive IHD undergoing coronary artery bypass surgery, 09-03-15-EJH;;cDNA;TRANSCRIPTOMIC;RNA-Seq;During cardiac surgery, a biopsy sample of the RAA was collected from each patient. Tissue samples were collected at the cannulation site, the insertion site of the venous line for the heart–lung machine. Dissected biopsies were briefly washed in ice-cold sterile saline, cut into 0.5 cm thick tissue pieces, and immersed into 3 ml of RNAlater (Sigma Aldrich, Merck KGaA, Darmstadt, Germany) to inactivate RNAses and stabilize RNA. Samples were let to stabilize at +4°C for one day and stored at under -70°C until processing. Total RNA was isolated from RAA biopsies via initial ice-cold tissue homogenization using a Precellys 24 tissue homogenizer equipped with the Cryolys cooling option (Bertin Technologies SAS, Montigny-le-Bretonneux, France) followed by RNA isolation using combined QIAzol / chloroform extraction and Qiagen RNeasy mini spin column purification according to the manufacturer's instructions (Qiagen, Venlo, Netherlands). The sample RNA integrity number (RIN mean 7.95 ± 0.55 range 7.1–9.0) and total quantity (mean 3069.55 ± 1141.08 ng range 867.8–6855.0 ng) was evaluated in the Functional Genomics Unit (FuGU, University of Helsinki, Helsinki, Finland). Isolated total RNA was stored at under -70oC until sequencing. Ribosomal RNA was removed using the Ribo-ZeroTM Magnetic kit (Illumina Inc, San Diego, CA). RNA libraries were prepared for sequencing using standard Illumina protocols;PAIRED;;ILLUMINA;;;;;Heart (Atrial Appendage);;;;;Illumina HiSeq 4000 sequencing: GSM5271533: (ICA)-positive IHD undergoing coronary artery bypass surgery, 09-03-15-EJH Homo sapiens RNA-Seq;;non-cancer disease;Heart - Atrial appendage;;
PRJNA486023;14/03/2019;Fudan University Shanghai Cancer Center Triple Negative Breast Cancer (FUSCCTNBC);Homo sapiens;SRR8518132;SAMN09837093;Human sample from Homo sapiens;Human sample from Homo sapiens;Lib_FUSCCTNBC229.PT;Inverse rRNA;TRANSCRIPTOMIC;RNA-Seq;;PAIRED;;ILLUMINA;;;;;Paired normal breast tissue;;FUSCCTNBC229;;;HiSeq X Ten sequencing: RNAseq of Homo sapiens: triple negative breast cancer from FUSCCTNBC project;;tumor-adjacent;Breast;;
PRJNA352076;21/06/2017;RNAseq study of synovial biopsies;Homo sapiens;SRR4785823;SAMN05963937;healthy tissue 12;healthy tissue 12;;cDNA;TRANSCRIPTOMIC;RNA-Seq;Total RNA was extracted from RA synovial samples and the quality of all RNA samples was evaluated using an Agilent Bioanalyzer Sequencing libraries were prepared using TruSeq Stranded Total RNA RiboZero protocol from Illumina. Libraries were pooled and sequenced with an Illumina HiSeq 2000 with paired-end 100 bp flow cells. Raw read quality was evaluated using FastQC.;PAIRED;;ILLUMINA;;;;;;;;;;Illumina HiSeq 2000 sequencing: GSM2370981: healthy tissue 12 Homo sapiens RNA-Seq;;;Synovial Fluid;;
PRJNA637378;23/09/2020;Non-CG methylation and multiple epigenetic layers associate child abuse with immune and small GTPase dysregulation;Non-CG methylation and multiple epigenetic layers associate child abuse with immune and small GTPase dysregulation;SRR11927169;SAMN15104771;Lateral amygdala, S38, RNAseq;Lateral amygdala, S38, RNAseq;;cDNA;TRANSCRIPTOMIC;RNA-Seq;TrueSeq Stranded Total RNA Sample Preparation + Ribo-Zero Gold kits (Illumina);PAIRED;;ILLUMINA;;;;;Lateral Amygdala (human brain tissue);;;;;Illumina HiSeq 2000 sequencing: GSM4591850: Lateral amygdala, S38, RNAseq Homo sapiens RNA-Seq;;;Brain - Amygdala;;
PRJNA270632;27/06/2015;Tissue-specific circular RNA induction during human fetal development;Homo sapiens;SRR1721304;SAMN03267778;Lung_17wkB;Lung_17wkB;;cDNA;TRANSCRIPTOMIC;RNA-Seq;Fetal tissue samples <100 mg in size were placed into DNase- and RNase-free 1.5 ml microfuge tubes containing 1 ml of RNAlater RNA Stabilization Reagent (Qiagen) within 1 hour of the pregnancy termination procedure. After storage at room temperature for a period of 24-72 h, excess RNAlater was removed from the microfuge tubes and the samples were placed in the -80oC freezer for storage until RNA isolation was performed. The tissues were lysed in mirVana (Life Technologies) lysis buffer, using a Mini-Beadbeater-16 (Biospec), with agitation for 1 min in the presence of 1 mm zirconia beads. Samples were then centrifuged at maximum speed in a tabletop microcentrifuge for 1 min and the lysed solution was transferred to a fresh microfuge tube. The remainder of the extraction was per the manufacturer's protocol for the mirVana kit (Life Technologies). Following RNA isolation (mirVana miRNA Isolation Kit, Life Technologies, Inc.), the RNA was quantified (Qubit RNA Assay Kit, Life Technologies, Inc.), and quality controlled (RNA6000 Nano Kit and BioAnalyzer 2100, Agilent). 200 ng to 1000 ng was used as input for the Illumina TruSeq Stranded Total RNA with Ribo-Zero Gold sample prep kit (Illumina, Inc.) and sequencing libraries were created according to the manufacturer’s protocol. Briefly, first both cytoplasmic and mitochondrial rRNA was removed by selectively hybridizing biotinylated probes to target sequences and using magnetic beads to capture the bound products. Following rRNA removal, the RNA was fragmented and copied into first strand cDNA using random primers and reverse transcriptase. Next, second strand cDNA synthesis was completed using DNA Polymerase I and RNase H. The cDNA was then ligated to Illumina supplied adapters and enriched with PCR to create the final cDNA libraries. The libraries were then pooled and sequenced on a HiSeq 2000 (Illumina, Inc.) instrument as per manufacturer’s instructions. Sequencing was performed up to 2 X 101 cycles.;PAIRED;;ILLUMINA;;;;;;;;;;Illumina HiSeq 2000 sequencing: GSM1567936: Lung_17wkB Homo sapiens RNA-Seq;;fetal;Lung;;
PRJNA989574;03/07/2023;Effect of pulmonary hypertension due to left heart disease on gene expression in pulmonary arteries;Effect of pulmonary hypertension due to left heart disease on gene expression in pulmonary arteries;SRR25098111;SAMN36175545;;;GSM7520376;cDNA;TRANSCRIPTOMIC;RNA-Seq;Snap-frozen PA specimens were subjected to TRIzol-RNA extraction. RNA quality was assessed by measuring the RNA integrity number (RIN) using a Fragment Analyzer HS Total RNA Kit (Advanced Analytical Technologies, Inc.). Library preparation for total RNA-Seq was performed using TruSeq™ Stranded Total RNA with Ribo-Zero Gold (Illumina, Cat. Nr. RS-122-2301) starting from 1000 ng of total RNA. The size range of the final cDNA libraries was determined by applying the SS NGS Fragment 1- to 6000-bp Kit on the Fragment Analyzer (average 340 bp). Accurate quantification of cDNA libraries was performed by using the QuantiFluor™ dsDNA System (Promega).;SINGLE;;ILLUMINA;;;;;;;;;;Illumina HiSeq 2000 sequencing: GSM7520376: Donor_4 Homo sapiens RNA-Seq;;;Artery - Pulmonary trunk;;
PRJEB40695;29/10/2020;RNA-Seq of cultivated (i) bulk human thymic epithelial cells (hTECs) (ii) cortical hTECs (iii) medullary hTECs (iv) human thymic interstitial cells (hTICs);RNA-Seq of cultivated (i) bulk human thymic epithelial cells (hTECs) (ii) cortical hTECs (iii) medullary hTECs (iv) human thymic interstitial cells (hTICs);ERR4659288;SAMEA7377135;hTECs32;Protocols: detachment of cells from 2d dish, freezing of cultivated cells into RNAlater. TECs: growth onto irradiated 3T3-J2 feeder layer. TICs: cultuvation in MegaCell medium in 2d dish. RNeasy Plus Micro Kit, Qiagen. TruSeq® Stranded Total RNA.;hTECs32_p;Inverse rRNA;TRANSCRIPTOMIC;RNA-Seq;detachment of cells from 2d dish, freezing of cultivated cells into RNAlater. TECs: growth onto irradiated 3T3-J2 feeder layer. TICs: cultuvation in MegaCell medium in 2d dish. RNeasy Plus Micro Kit, Qiagen. TruSeq® Stranded Total RNA.;PAIRED;;ILLUMINA;;;epithelial cell of thymus;;;;;;;Illumina NovaSeq 6000 sequencing: RNA-Seq of cultivated (i) bulk human thymic epithelial cells (hTECs) (ii) cortical hTECs (iii) medullary hTECs (iv) human thymic interstitial cells (hTICs);;;Thymus - Epithelial cell;;
PRJDB12535;03/12/2021;RNA-seq of HCCs;Homo sapiens;DRR326888;SAMD00414255;HCC-275N;normal;;Inverse rRNA;TRANSCRIPTOMIC;RNA-Seq;;PAIRED;;ILLUMINA;;;;;;;;;;NextSeq 500 paired end sequencing: NextSeq 500 paired end sequencing of SAMD00414264;;;Liver;;
PRJNA318642;11/08/2016;Transcriptome profiling of the human dorsal striatum in bipolar disorder;Homo sapiens;SRR3393525;SAMN04859308;bipolar-34;bipolar-34;;cDNA;TRANSCRIPTOMIC;RNA-Seq;Frozen postmortem dorsal striatum samples were transferred to RNAlater-ICE (Ambion) and stored at -20C upon receipt. Total RNA was extracted from dissected caudate-putamen tissue by Trizol (Life Technologies), column-purified by the RNeasy Lipid Tissue Kit (Qiagen) and treated with the Turbo DNA-free Kit (Life Technologies). RNA samples were assayed on the BioAnalyzer (Agilent, Santa Clara, CA) to obtain RNA integrity number (RIN) values. Ribosomal RNA (rRNA) was depleted from samples using the RiboMinus Eukaryote Kit v2 (Life Technologies). Strand-specific cDNA libraries were made using the Next Ultra Directional RNA Library Prep Kit (NEB) and sequenced on the Illumina HiSeq2000.;SINGLE;;ILLUMINA;;;;;;;;;;Illumina HiSeq 2000 sequencing: GSM2124771: bipolar-34 Homo sapiens RNA-Seq;;postmortem;Brain - Dorsal Striatum;;
PRJNA817436;24/12/2023;Exercise-induced Crosstalk between Immune Cells and Adipocytes in Humans: Role of Oncostatin-M;Exercise-induced Crosstalk between Immune Cells and Adipocytes in Humans: Role of Oncostatin-M;SRR18363174;SAMN26788799;23_PRE;23_PRE;GSM5960647;cDNA;TRANSCRIPTOMIC;RNA-Seq;Approximately 30 mg of adipose tissue was used for RNA extraction. Tissues were homogenized using TissueLyser (Qiagen) in 1 mL TRIzol (Sigma-Aldrich). Chloroform was added, samples were mixed, subjected to centrifugation, and the aqueous phase was transferred to a new tube. Thereafter, 1:1 70% ethanol was added, and the total volume was loaded on silica-membrane columns. RNA extraction was performed using a commercially available kit (Rneasy lipid tissue kit, Qiagen). RNA concentration and purity were assessed by absorbance at 260 and 280 nm using NanoDrop One (Thermo Fisher Scientific, Waltham, MA). Aliquots of RNA (300 ng) were analyzed using the Illumina TruSeq Stranded Total RNA with Ribo-Zero Gold protocol (Illumina) as described (ref). Ribosomal RNA was removed from the sample using 35 μl of rRNA removal beads (Illumina) on a magnetic plate followed by cleanup of the ribosomal-depleted RNA with 193 μl of Agencourt RNAClean XP beads (Beckman Coulter), 70% ethanol wash, and elution into 10 μl elution buffer (Illumina). The RNA sample was fragmented for 4 min at 94°C in Elute, Prime, Fragment High Mix (Illumina) and then subjected to first-strand cDNA synthesis with 1 μl of Superscript III reverse transcriptase (Life Technologies) per sample using a thermocycler programmed to 25°C for 10 min, 50°C for 15 min, and 70°C for 15 min. Second-strand cDNA was synthesized by addition of Second-Strand Marking Master Mix, and samples were incubated at 16°C for 60 min. Samples were subjected to another bead cleanup before A-tailing and ligation of adapters as per kit instructions (Illumina). Following a third bead cleanup, samples were enriched for DNA fragments by amplification using the Illumina polymerase chain reaction (PCR) Primer Cocktail and PCR Master Mix, subjected to 98°C for 30 min, followed by a predefined cycle (98°C for 10 s, 60°C for 30 s, and 72°C for 30 s) that was repeated 3 to 15 times, on the basis of each individual sample, and finally incubated for 5 min at 72°C. Samples were cleaned and validated for DNA concentration using the Qubit dsDNA HS assay kit (Invitrogen) and for base pair size and purity using the Agilent High Sensitivity DNA chip and Bioanalyzer instrument. 38-bp paired-end sequencing on a NextSeq500;PAIRED;;ILLUMINA;;;;;Adipose tissue biopsy;;;;;NextSeq 500 sequencing: GSM5960647: 23_PRE Homo sapiens RNA-Seq;;;Adipose;;
PRJEB14688;06/01/2017;RNASeq of musculoskeletal ageing using human mesenchymal stem cells and their tissue constructs;RNASeq of musculoskeletal ageing using human mesenchymal stem cells and their tissue constructs;ERR1514455;SAMEA4062953;Sample 2;Protocols: MScs purchased from young and old human donors miRNAeasy kit for RNA extraction Total RNA samples were ribosomal RNA depleted using the Human, mouse, rat low inputRibozero kit from Epicentre. 1ug of RNA (or the max amount available) was mixed with the low input kit baits and allowed to anneal. This was then mixed with the magnetic microspheres which bind the ribosomal complexes and subsequently pulled out with a magnet. The remaining RNA was purified with RNA clean beads and analysed with the Agilent Bioanalyser with a RNA pico chip. Recovery was generally less than 1% of the original starting material. All of this material was used in the script seq reaction (Epicentre). Samples were denatured and annealed to cDNA primers and cDNA was generated. This was amplified with indexed primers for 15 cycles to make the library for sequencing. Libraries were checked on the Agilent Bioanalyser with a High sensitivity chip and quantities determined with Qubit DNA High sensitivity reagents.;Sample 2_p;PCR;TRANSCRIPTOMIC;RNA-Seq;MScs purchased from young and old human donors miRNAeasy kit for RNA extraction Total RNA samples were ribosomal RNA depleted using the Human, mouse, rat low inputRibozero kit from Epicentre. 1ug of RNA (or the max amount available) was mixed with the low input kit baits and allowed to anneal. This was then mixed with the magnetic microspheres which bind the ribosomal complexes and subsequently pulled out with a magnet. The remaining RNA was purified with RNA clean beads and analysed with the Agilent Bioanalyser with a RNA pico chip. Recovery was generally less than 1% of the original starting material. All of this material was used in the script seq reaction (Epicentre). Samples were denatured and annealed to cDNA primers and cDNA was generated. This was amplified with indexed primers for 15 cycles to make the library for sequencing. Libraries were checked on the Agilent Bioanalyser with a High sensitivity chip and quantities determined with Qubit DNA High sensitivity reagents.;PAIRED;;ILLUMINA;;;osteocyte;;;;;;;Illumina HiSeq 2000 paired end sequencing: RNASeq of musculoskeletal ageing using human mesenchymal stem cells and their tissue constructs;some aged donors;;Bone - Osteocyte;;
PRJNA312169;07/02/2017;Transcriptome profiling of human keratoconus corneas through RNA sequencing identifies collagen synthesis disruption and downregulation of core elements of TGF-ß, Hippo, and Wnt pathways;Homo sapiens;SRR3170183;SAMN04504395;KR_19;KR_19;;cDNA;TRANSCRIPTOMIC;RNA-Seq;The corneas were transferred to 400 µl of lysis solution (Norgen Biotek, Thorold, ON, Canada) in a 2-mL microtube with Lysing Matrix D (MP Biomedicals, Irvine, CA, USA) and homogenized using a FastPrep®-24 Instrument (MP Biomedicals). Further total RNA extraction and purification steps were performed according to the manufacturer’s instructions supplied with a Total RNA Purification Kit (Norgen Biotek). To maximize the removal of residual DNA that could affect downstream analyses, an on-column DNase I (Zymo Research, Irvine, CA, USA) treatment was performed. Libraries were prepared with a TruSeq Stranded Total RNA LT with Ribo-Zero™ Human/Mouse/Rat Kit (Illumina, San Diego, CA, USA) according to the manufacturer’s protocol, with slight modifications.;PAIRED;;ILLUMINA;;;;;cornea;;;;;Illumina HiSeq 1500 sequencing: GSM2061716: KR_19 Homo sapiens RNA-Seq;;;Eye - Cornea;;
PRJNA997353;22/12/2023;Race-specific coregulatory and transcriptomic profiles associated with DNA methylation and androgen receptor in prostate cancer [RNA-Seq];Race-specific coregulatory and transcriptomic profiles associated with DNA methylation and androgen receptor in prostate cancer [RNA-Seq];SRR25387907;SAMN36678783;PT-00227158_NT_AA;PT-00227158_NT_AA;GSM7657495;cDNA;TRANSCRIPTOMIC;RNA-Seq;Illumina TruSeq Stranded Total RNA Library Prep Kit with Ribo-Zero Gol RNA libraries were prepared for sequencing using standard Illumina protocols;PAIRED;;ILLUMINA;;;;;prostate;;;;;Illumina HiSeq 2500 sequencing: GSM7657495: PT-00227158_NT_AA Homo sapiens RNA-Seq;;tumor-adjacent;Prostate;;
PRJNA625391;16/04/2020;RNA-seq of matched adjacent normal and primary tumor samples from 33 HCC patients;;SRR11547404;SAMN14599306;Human sample from Homo sapiens;Human sample from Homo sapiens;42;Inverse rRNA;TRANSCRIPTOMIC;RNA-Seq;;PAIRED;;ILLUMINA;;;;;Liver tissue;;normal;;;Illumina HiSeq 2500 sequencing: RNA-Seq of Homo sapiens :liver;;;Liver;;
PRJEB39161;11/02/2022;Whole Transcriptome Sequencing of Cervical Adenocarcinoma;Whole Transcriptome Sequencing of Cervical Adenocarcinoma;ERR4310919;SAMEA7031530;Sample 2;Protocols: The normal tissues and tumor tissues were collected from ACTREC-TMC Total RNA was extracted from tumor tissue and available normal tissue sample using TRIzol reagent Library preparation was performed using SENSE Total RNA-Seq Library Prep Kit from Lexogen (Lexogen Inc). The ribosomal RNA (rRNA) was depleted from Total RNA using RiboCop rRNA Depletion Kit V1.2 (Lexogen Inc). RNA samples are then subjected to reverse transcription and ligation in a single tube employing starter-stopper heterodimer primers. Then the cDNA was enriched for sequencing.;Sample 2_p;Inverse rRNA;TRANSCRIPTOMIC;RNA-Seq;The normal tissues and tumor tissues were collected from ACTREC-TMC Total RNA was extracted from tumor tissue and available normal tissue sample using TRIzol reagent Library preparation was performed using SENSE Total RNA-Seq Library Prep Kit from Lexogen (Lexogen Inc). The ribosomal RNA (rRNA) was depleted from Total RNA using RiboCop rRNA Depletion Kit V1.2 (Lexogen Inc). RNA samples are then subjected to reverse transcription and ligation in a single tube employing starter-stopper heterodimer primers. Then the cDNA was enriched for sequencing.;PAIRED;;ILLUMINA;;;;;;;;;cervix;Illumina HiSeq 4000 paired end sequencing: Whole Transcriptome Sequencing of Cervical Adenocarcinoma;;tumor-adjacent;Oropharynx;;
PRJNA863260;29/07/2023;Pityriasis rubra pilaris transcriptomics implicate IL-17 signaling and correlate with response to IL-17A inhibition;Pityriasis rubra pilaris transcriptomics implicate IL-17 signaling and correlate with response to IL-17A inhibition;SRR20695352;SAMN30025520;ctrl_dermis [n114];ctrl_dermis [n114];GSM6412000;cDNA;TRANSCRIPTOMIC;RNA-Seq;"Qiagen RNA and purification kit ""Illumina Stranded Total RNA Prep, Ligation with Ribo-Zero Plus” using 100ng of total RNA as input and 14 rounds of amplification";PAIRED;;ILLUMINA;;;;;dermis;;;;;Illumina NovaSeq 6000 sequencing: GSM6412000: ctrl_dermis [n114] Homo sapiens RNA-Seq;;;Skin - Dermis;;1
PRJNA448679;26/06/2018;Time series integrative analysis of RNA-Seq and miRNA expression data reveals key biologic pathways during keloid formation;;SRR6937781;SAMN08863109;N2-1st;Keloid data set RNA-Seq;705;Inverse rRNA;TRANSCRIPTOMIC;RNA-Seq;;PAIRED;;ILLUMINA;;;;;skin;;N2;;;Illumina HiSeq 3000 sequencing: RNA Seq of Keloid skin;;;Skin;;
PRJNA939148;09/07/2023;Transcriptomes of human primary skin fibroblasts reveal age-associated mRNAs and long noncoding RNAs;Transcriptomes of human primary skin fibroblasts reveal age-associated mRNAs and long noncoding RNAs;SRR23630215;SAMN33458066;SKIN_AGE42_F_GR2_Gt059;SKIN_AGE42_F_GR2_Gt059;GSM7067593;cDNA;TRANSCRIPTOMIC;RNA-Seq;After expansion, total RNA was isolated using the Direct-zolTM RNA MiniPrep kit (Zymo Research) following the manufacturer's instruction. Ribo-RNA depletion with Low Input RiboMinus Eukaryote System v2 (Thermo Fisher Scientific). Ribo-RNA-depleted samples were then used for cDNA synthesis with Ovation® RNA-Seq System V2 (Nugen) following the manufacturer's protocol. Following cDNA fragmentation and size selection, libraries were prepared using Illumina TruSeq ChIP Library Preparation Kit (Illumina) according to manufacturer's protocol.;PAIRED;;ILLUMINA;;;primary skin fibroblasts;;;;;;;Illumina NovaSeq 6000 sequencing: GSM7067593: SKIN_AGE42_F_GR2_Gt059 Homo sapiens RNA-Seq;;;Cells - Cultured fibroblasts;;
PRJEB21050;22/05/2018;RNA-seq of formalin-fixed, paraffin-embedded uninvolved terminal ileal tissue obtained from ileo-colic resection surgeries of Crohn’s disease and control patients;RNA-seq of formalin-fixed, paraffin-embedded uninvolved terminal ileal tissue obtained from ileo-colic resection surgeries of Crohn’s disease and control patients;ERR1993176;SAMEA104101973;WUCA-Cont-4;Protocols: We retrospectively obtained de-identified FFPE tissue from patients who underwent ileo-colic resection surgery at Barnes-Jewish Hospital, St. Louis between 2005 and 2010. CD patient surgical resections were due to complications associated with the disease, whereas control resections were due to adenoma, carcinoma or abdominal trauma. The set of hematoxylin and eosin-stained tissue sections from each resection were obtained and examined by two pathologists (T.C.L. and T.S.S.) to identify the uninvolved proximal margin (terminal ileum) of each resection. These tissue sections were then further evaluated to identify those that met the histological inclusion criteria for this study. The criteria were that the sample had at least 100 well-oriented intestinal crypts (contained crypt lumens that extended from the apex to the base of the crypt) and absent/minimal active or chronic inflammatory disease (e.g., cryptitis, crypt abscess, architectural distortion, pyloric gland metaplasia, etc.).The study protocol was approved by the Institutional Review Board of Washington University. Patients were recruited by the Washington University Digestive Diseases Research Core Center (DDRCC). Written informed consent was obtained from all study participants prior to inclusion in the study. For samples that met the histological inclusion criteria, two fresh, unstained 5-µm FFPE tissue sections on glass microscope slides were obtained. Slides were not baked after cutting. For each sample, the two tissue sections were scraped off of the slides using a clean razor and placed in 1.5 mL Eppendorf tubes. The tubes were briefly centrifuged to place the sample towards the bottoms or sides of the tube. RNA extraction and DNase treatment was performed using the RNeasy FFPE kit (Qiagen) according to the manufacturer’s instructions, using the Xylene protocol for the paraffin removal step and 30 µL RNase-free H2O for the elution step. RNA was initially quantified by NanoDrop. Subsequent total RNA quantification and quality assessment was performed by Bioanalyzer 2100 (Agilent Technologies). Samples were excluded from the study if >20% of the RNA fragments were >200 base pairs in length, as determined with the Bioanalyzer software. Library preparation was performed by the Genome Technology Access Center (GTAC) at Washington University. Library preparation used 150 ng of total RNA. ds-cDNA was generated using the Ovation RNA-seq FFPE system (Nugen, per manufacturer’s instructions). cDNA was blunt ended, had an A base added to the 3’ ends, and then had Illumina sequencing adapters ligated to the ends. Ligated fragments were then amplified for 12 cycles using primers incorporating unique index tags.;WUCA-Cont-4_s;Inverse rRNA;TRANSCRIPTOMIC;RNA-Seq;We retrospectively obtained de-identified FFPE tissue from patients who underwent ileo-colic resection surgery at Barnes-Jewish Hospital, St. Louis between 2005 and 2010. CD patient surgical resections were due to complications associated with the disease, whereas control resections were due to adenoma, carcinoma or abdominal trauma. The set of hematoxylin and eosin-stained tissue sections from each resection were obtained and examined by two pathologists (T.C.L. and T.S.S.) to identify the uninvolved proximal margin (terminal ileum) of each resection. These tissue sections were then further evaluated to identify those that met the histological inclusion criteria for this study. The criteria were that the sample had at least 100 well-oriented intestinal crypts (contained crypt lumens that extended from the apex to the base of the crypt) and absent/minimal active or chronic inflammatory disease (e.g., cryptitis, crypt abscess, architectural distortion, pyloric gland metaplasia, etc.).The study protocol was approved by the Institutional Review Board of Washington University. Patients were recruited by the Washington University Digestive Diseases Research Core Center (DDRCC). Written informed consent was obtained from all study participants prior to inclusion in the study. For samples that met the histological inclusion criteria, two fresh, unstained 5-µm FFPE tissue sections on glass microscope slides were obtained. Slides were not baked after cutting. For each sample, the two tissue sections were scraped off of the slides using a clean razor and placed in 1.5 mL Eppendorf tubes. The tubes were briefly centrifuged to place the sample towards the bottoms or sides of the tube. RNA extraction and DNase treatment was performed using the RNeasy FFPE kit (Qiagen) according to the manufacturer’s instructions, using the Xylene protocol for the paraffin removal step and 30 µL RNase-free H2O for the elution step. RNA was initially quantified by NanoDrop. Subsequent total RNA quantification and quality assessment was performed by Bioanalyzer 2100 (Agilent Technologies). Samples were excluded from the study if >20% of the RNA fragments were >200 base pairs in length, as determined with the Bioanalyzer software. Library preparation was performed by the Genome Technology Access Center (GTAC) at Washington University. Library preparation used 150 ng of total RNA. ds-cDNA was generated using the Ovation RNA-seq FFPE system (Nugen, per manufacturer’s instructions). cDNA was blunt ended, had an A base added to the 3’ ends, and then had Illumina sequencing adapters ligated to the ends. Ligated fragments were then amplified for 12 cycles using primers incorporating unique index tags.;SINGLE;;ILLUMINA;;;;;;;;;;Illumina HiSeq 2000 sequencing: RNA-seq of formalin-fixed, paraffin-embedded uninvolved terminal ileal tissue obtained from ileo-colic resection surgeries of Crohn’s disease and control patients;;;Small Intestine - Ileum;;
PRJNA448679;26/06/2018;Time series integrative analysis of RNA-Seq and miRNA expression data reveals key biologic pathways during keloid formation;;SRR6937807;SAMN08863073;N5-1st;Keloid data set RNA-Seq;621;Inverse rRNA;TRANSCRIPTOMIC;RNA-Seq;;PAIRED;;ILLUMINA;;;;;skin;;N5;;;Illumina HiSeq 2500 sequencing: RNA Seq of Keloid skin;;;Skin;;
PRJNA625391;15/04/2020;RNA-seq of matched adjacent normal and primary tumor samples from 33 HCC patients;;SRR11547378;SAMN14599330;Human sample from Homo sapiens;Human sample from Homo sapiens;66;Inverse rRNA;TRANSCRIPTOMIC;RNA-Seq;;PAIRED;;ILLUMINA;;;;;Liver tissue;;normal;;;Illumina HiSeq 2500 sequencing: RNA-Seq of Homo sapiens :liver;;;Liver;;
PRJNA209081;15/04/2014;RNA-seq identifies novel transcript elements and transcript processing in the normal and failing hearts;Homo sapiens;SRR915770;SAMN02209935;control rep7;control rep7;;cDNA;TRANSCRIPTOMIC;RNA-Seq;RNA was extracted with Trizol (Invitrogen) and further purified on RNeasy columns (Qiagen) with on column DNase digestion. Ribosomal RNA was depleted using the RiboMinus kit (Invitrogen). 1 µg rRNA-depleted RNA was used for the construction of sequencing libraries Illumina RNA-seq libraries were prepared from rRNA-depleted samples using the standard Illumina protocol. SOLiD RNA-seq libraries were prepared from a pool of all of 15 ICM samples and a pool of all of 15 Ctrl samples using the standard SOLiD strand-specific library protocol.;PAIRED;;ILLUMINA;;;;;heart;;;;;Illumina Genome Analyzer II sequencing: GSM1171562: control rep14 Homo sapiens RNA-Seq;;;Heart;;
PRJNA975585;08/09/2023;Whole genome transcriptomics of upper extremity veins from end-stage kidney disease patients and non-kidney disease organ donors;Whole genome transcriptomics of upper extremity veins from end-stage kidney disease patients and non-kidney disease organ donors;SRR24709852;SAMN35340233;S045,Basilic vein,Healthy,NA;S045,Basilic vein,Healthy,NA;GSM7418762;cDNA;TRANSCRIPTOMIC;RNA-Seq;RNAlater-preserved samples were ground in liquid nitrogen and isolated with Trizol (Thermo Fisher Scientific) followed by column purification (EZNA Total RNA Kit I, Omega Bio-tek). 500 ng of total RNA was used as input for the Illumina TruSeq Stranded Total RNA Library Prep Kit with Ribo-Zero to generate ribosomal RNA-depleted sequencing libraries. Each sample had a unique barcode to allow multiplexing, and was sequenced to >40 million raw reads in a single end 75 bp sequencing run on the Illumina NextSeq500.;SINGLE;;ILLUMINA;;;;;Basilic vein;;;;;NextSeq 500 sequencing: GSM7418762: S045,Basilic vein,Healthy,NA Homo sapiens RNA-Seq;;;Blood Vessel;;
PRJNA668929;18/06/2021;Effect of age on human retinal pigment epithelium (RPE) transcriptome;Effect of age on human retinal pigment epithelium (RPE) transcriptome;SRR12817263;SAMN16427608;donor3;donor3;;cDNA;TRANSCRIPTOMIC;RNA-Seq;RNeasy Plus Mini kit Ribosomal RNA was depleted from total RNA using the Ribo-Zero rRNA Removal kit. Library preparation performed using Illumina HiSeq 2000.;PAIRED;;ILLUMINA;;;;;;;;;;Illumina HiSeq 2000 sequencing: GSM4829764: donor3 Homo sapiens RNA-Seq;;;Eye - Retina;;
PRJNA907264;06/12/2022;Distinct Transcriptomic and Metabolomic Profiles Characterize NSAID-Induced Urticaria/Angioedema Patients Undergoing Aspirin Desensitization;Distinct Transcriptomic and Metabolomic Profiles Characterize NSAID-Induced Urticaria/Angioedema Patients Undergoing Aspirin Desensitization;SRR22478858;SAMN31967609;HD007_Healthy;HD007_Healthy;GSM6774721;cDNA;TRANSCRIPTOMIC;RNA-Seq;Venous blood was collected from subjects into ethylenediaminetetraacetic acid tubes. Peripheral blood monocular cells (PBMCs) were isolated using SepMate tubes (STEMCELL Technologies) according to the manufacturer's instructions. Briefly, blood was diluted with phosphate buffered saline (PBS Gibco) after plasma collection. The diluted blood was then layered on top of Ficoll-Paque PLUS (Merck). After centrifugation (1200 g, 10 min, brake on), the supernatant was poured into a 50 mL polypropylene tube. Collected PBMCs were washed twice in PBS. PBMCs were counted using a hemacytometer with trypan blue (Lonza) to determine cell viability. Ribonucleic acid (RNA) was prepared using the PureLink RNA Mini kit (Thermo Fisher Scientific). The total RNA was quantified using Qubit Fluorometer (ThermoFisher Scientific). The purity was checked using NanoPhotometer spectrophotometer (Implen). The integrity and quality of the RNA was assessed using Agilent Bioanalyzer 2100 system (Agilent Technologies) and agarose gel electrophoresis (1% agarose gel, 180 V, 16 min). A total of 2 µg RNA from each sample was subjected to ribosomal RNA (rRNA) removal using Epicentre RiboZeroTM rRNA Removal Kit (Epicentre). The rRNA was cleaned up using ethanol precipitation method. The Next Generation Sequencing (NGS) library was prepared using NEBNext UltraTM Directional RNA Library Prep Kit for Illumina (NEB). In brief, the RNA were fragmented using divalent cations at 94°C in the presence of NEBNext First Strand Synthesis Reaction Buffer and Random Primers. Subsequently, the first strand complementary deoxyribonucleic acid (cDNA) was synthesized using random hexamer and M-MulV reverse transcriptase and the second strand cDNA was synthesized using DNA Polymerase and RNAse H. The dTTP was replaced by dUTP during the second strand cDNA synthesis. The double stranded cDNA fragment was converted to blunt end via end repair reaction and the NEBNext adapter (hairpin loop structure adapter) was ligated to the adenylated cDNA fragment using ligase. Next, the second-strand cDNA was degraded with the aids of USER enzyme. Size selection and sample purification was performed using AMPure XP Beads (Beckman Coulter). Subsequently, Illumina sequencing adapter and indexes were added onto the cDNA fragment via PCR amplification (hereafter known as sequencing library). The sequencing library was purified using Ampure XP Beads (Beckman Coulter). The size distribution of the sequencing library was assessed using Agilent Bioanalyzer 2100 system (Agilent Technologies). The qualified sequencing library was loaded onto NovaSeq 6000 (Illumina) for sequencing using paired-end 150 sequencing strategy. Raw data generated from the sequencer were demultiplexed and converted to FASTQ file using Illumina bcl2fastq.;PAIRED;;ILLUMINA;;;PBMC;;;;;;;Illumina HiSeq 4000 sequencing: GSM6774721: HD007_Healthy Homo sapiens RNA-Seq;;;Blood - Peripheral Blood Mononuclear Cell;;
PRJEB42969;21/03/2022;This study was conducted to understand the genomics of progression of oral precancerous lesion (leukoplakia) to malignant oral tumor.;Genomic study of gingivobuccal oral cancer progression from oral precancerous lesion.;ERR5285529;SAMEA8045540;Adjacent normal;Adjacent normal;Truseq;Inverse rRNA selection;TRANSCRIPTOMIC;RNA-Seq;Illumina Truseq RNA sample preparation;PAIRED;;ILLUMINA;;;;;;;;;;Illumina HiSeq 2500 paired end sequencing;;tumor-adjacent;Mouth;;
PRJNA574470;12/05/2020;Hippocampal Subfield Transcriptome Analysis in Schizophrenia Psychosis;Hippocampal Subfield Transcriptome Analysis in Schizophrenia Psychosis;SRR10192641;SAMN12858842;CA1_CTL_0834;CA1_CTL_0834;;1;TRANSCRIPTOMIC;RNA-Seq;Total RNA was extracted and purified using a protocol combining Trizol and chloroform extraction, the GeneJET RNA Purification Kit, and a motorized mini-pestle vibrator for tissue homogenization. RNA purity and concentration were assessed on the Nanodrop spectrophotometer and Agilent2100 Bioanalyzer for RNA Integrity number (RIN) determination. Total RNA was rRNA ribo-depleted, and strand-specific cDNA libraries were synthesized before sequencing on an Illumina HiSeq 2500 sequencer. Stranded, single-end 50-base-pair reads were generated for the preliminary CA3 cohort data. Stranded paired-end 100-base-pair reads were generated for additional cohorts. Libraries and sequencing were performed at the UTSW McDermott Sequencing Core and UTSW Genomics & Microarray Core.;PAIRED;;ILLUMINA;;;;;hippocampus;;;;;Illumina HiSeq 2500 sequencing: GSM4098905: CA1_CTL_0834 Homo sapiens RNA-Seq;;;Brain - Hippocampus;;
PRJNA863260;29/07/2023;Pityriasis rubra pilaris transcriptomics implicate IL-17 signaling and correlate with response to IL-17A inhibition;Pityriasis rubra pilaris transcriptomics implicate IL-17 signaling and correlate with response to IL-17A inhibition;SRR20695337;SAMN30025505;ctrl_epidermis [n125];ctrl_epidermis [n125];GSM6412015;cDNA;TRANSCRIPTOMIC;RNA-Seq;"Qiagen RNA and purification kit ""Illumina Stranded Total RNA Prep, Ligation with Ribo-Zero Plus” using 100ng of total RNA as input and 14 rounds of amplification";PAIRED;;ILLUMINA;;;;;epidermis;;;;;Illumina NovaSeq 6000 sequencing: GSM6412015: ctrl_epidermis [n125] Homo sapiens RNA-Seq;;;Skin - Epidermis;;1
PRJNA695543;01/02/2021;Transcriptome analysis discloses dysregulated genes in normal appearing tumor-adjacent thyroid tissues from patients with papillary thyroid carcinoma;Transcriptome analysis discloses dysregulated genes in normal appearing tumor-adjacent thyroid tissues from patients with papillary thyroid carcinoma;SRR13572967;SAMN17616021;N Rep56;N Rep56;;cDNA;TRANSCRIPTOMIC;RNA-Seq;Total RNA was isolated using TRIzol reagent (Invitrogen) according to the manufacturer's instructions. The purity of extracted RNA was measured using a NanoDrop ND-1000 spectrophotometer (NanoDrop Technologies, Inc., Wilmington, DE) and the concentration was assessed with Qubit 2.0 Fluorometer (Agilent Technologies, Santa Clara, CA) using an RNA HS Assay Kit. Samples with RNA Integrity Number (RIN) greater than 4 as assessed by a BioAnalyzer (Agilent) with no visible sign of genomic DNA contamination from the HS Nanochip tracings were used for total RNA library generation. RNA-seq libraries were prepared using the Illumina TruSeq Stranded Total RNA Sample Prep Kit with Ribo-Zero Gold (catalog #RS-122-2201) according to the manufacturer protocol. The sequencing was performed in paired end manner, generating 2 X 100 bp paired-end reads using the Illumina HiSeq 2500 system. Pre-alignment data QC were assessed with FastQC. Post-alignment data quality was assessed with an in-house quality control pipeline/database for RNA-seq database (14). RNA-seq data were trimmed for any adapter sequences using Adapter Removal (15).;PAIRED;;ILLUMINA;;;;;"Normal appearing thyroid tissue adjacent to PTC tumor;Thyroid";;;;;Illumina HiSeq 2500 sequencing: GSM5048759: NAT Rep9 Homo sapiens RNA-Seq;;tumor-adjacent;Thyroid Gland;;
PRJNA540989;08/07/2022;Annotation and functional characterization of long noncoding RNAs deregulated in pancreatic adenocarcinoma;Annotation and functional characterization of long noncoding RNAs deregulated in pancreatic adenocarcinoma;SRR9007573;SAMN11569973;Non-tumor 14N;Non-tumor 14N;;cDNA;TRANSCRIPTOMIC;RNA-Seq;Surgical fragments of PDAC and peritumoral nonmalignant tissues were collected and snap frozen in liquid nitrogen. RNA was isolated using the Trizol reagent (ThermoFisher) and purified according to the manufacturer's protocol. RNA-Seq libraries were generated using the Illumina TruSeq Stranded Total RNA LT sample preparation kit with Ribo-Zero Gold (Cat# RS-122-2001) according to the standard manufacturer's protocol (Part no. 15031048 Rev. D April 2013).;PAIRED;;ILLUMINA;;;;;Non-tumor-adjacent pancreatic tissue;;;;;Illumina HiSeq 1500 sequencing: GSM3747784: Non-tumor 14N Homo sapiens RNA-Seq;;tumor-adjacent;Pancreas;;
PRJNA448679;26/06/2018;Time series integrative analysis of RNA-Seq and miRNA expression data reveals key biologic pathways during keloid formation;;SRR6937780;SAMN08863111;N3-1st;Keloid data set RNA-Seq;707;Inverse rRNA;TRANSCRIPTOMIC;RNA-Seq;;PAIRED;;ILLUMINA;;;;;skin;;N3;;;Illumina HiSeq 3000 sequencing: RNA Seq of Keloid skin;;;Skin;;
PRJNA318642;11/08/2016;Transcriptome profiling of the human dorsal striatum in bipolar disorder;Homo sapiens;SRR3393510;SAMN04859293;bipolar-4;bipolar-4;;cDNA;TRANSCRIPTOMIC;RNA-Seq;Frozen postmortem dorsal striatum samples were transferred to RNAlater-ICE (Ambion) and stored at -20C upon receipt. Total RNA was extracted from dissected caudate-putamen tissue by Trizol (Life Technologies), column-purified by the RNeasy Lipid Tissue Kit (Qiagen) and treated with the Turbo DNA-free Kit (Life Technologies). RNA samples were assayed on the BioAnalyzer (Agilent, Santa Clara, CA) to obtain RNA integrity number (RIN) values. Ribosomal RNA (rRNA) was depleted from samples using the RiboMinus Eukaryote Kit v2 (Life Technologies). Strand-specific cDNA libraries were made using the Next Ultra Directional RNA Library Prep Kit (NEB) and sequenced on the Illumina HiSeq2000.;SINGLE;;ILLUMINA;;;;;;;;;;Illumina HiSeq 2000 sequencing: GSM2124756: bipolar-4 Homo sapiens RNA-Seq;;postmortem;Brain - Dorsal Striatum;;
PRJNA253002;19/11/2015;Human cortical transcriptome informs brain imaging;Homo sapiens;SRR1424692;SAMN02866100;Human_4915_BA39_8;Human_4915_BA39_8;;cDNA;TRANSCRIPTOMIC;RNA-Seq;All RNA samples were examined for quantity and quality by NanoDrop and Bioanalyzer (Agilent). Samples were randomized for RNA extractions and sequencing. 5ug of total RNA were treated with a Ribominus column according to the manufacturer’s instructions to remove ribosomal RNA. Libraries were prepared using an Illumina TruSeq kit according to the manufacturer’s instructions.;SINGLE;;ILLUMINA;;;;;;;;;;Illumina HiSeq 2000 sequencing: GSM1414965: Human_4915_BA39_8 Homo sapiens RNA-Seq;;;Brain - Angular Gyrus;;
PRJNA253002;19/11/2015;Human cortical transcriptome informs brain imaging;Homo sapiens;SRR1424690;SAMN02866084;Human_4915_BA9_1;Human_4915_BA9_1;;cDNA;TRANSCRIPTOMIC;RNA-Seq;All RNA samples were examined for quantity and quality by NanoDrop and Bioanalyzer (Agilent). Samples were randomized for RNA extractions and sequencing. 5ug of total RNA were treated with a Ribominus column according to the manufacturer’s instructions to remove ribosomal RNA. Libraries were prepared using an Illumina TruSeq kit according to the manufacturer’s instructions.;SINGLE;;ILLUMINA;;;;;;;;;;Illumina HiSeq 2000 sequencing: GSM1414963: Human_4915_BA9_1 Homo sapiens RNA-Seq;;;Brain - Dorsolateral Prefrontal Cortex;;
PRJNA914646;24/12/2023;Integrated Unbiased Multiomics Defines Disease-Independent Placental Clusters in Common Obstetrical Syndromes;;SRR22925257;SAMN32490820;Human sample from Homo sapiens;Human sample from Homo sapiens;TP18.B281;Inverse rRNA;TRANSCRIPTOMIC;RNA-Seq;;PAIRED;;ILLUMINA;;;;;Placenta;;Control;;;Illumina NovaSeq 6000 sequencing: Control;;healthy;Placenta;;
PRJNA946747;30/03/2023;Transcriptome Profiling of Intact Bowel Wall Reveals that PDE1A and SEMA3D are Possible Markers with Roles in Enteric Smooth Muscle Apoptosis, Proliferative Disorders, and Autonomic Nervous Abnormality in Crohn's Disease.;Transcriptome Profiling of Intact Bowel Wall Reveals that PDE1A and SEMA3D are Possible Markers with Roles in Enteric Smooth Muscle Apoptosis, Proliferative Disorders, and Autonomic Nervous Abnormality in Crohn's Disease.;SRR23920440;SAMN33831181;iCD5, male, 46 years old;iCD5, male, 46 years old;GSM7106754;cDNA;TRANSCRIPTOMIC;RNA-Seq;A. Add 600 μL Lysis/Binding Buffer to the cell or tissue lysate. Then add 30 μL miRNA Homogenate Additive to homogenate, and mix well by vortexing or inverting the tube several times. Leave the mixture on ice for 10 min. B. Add a volume of Acid-Phenol: Chloroform that is equal to the lysate volume before addition of the miRNA Homogenate Additive. Centrifuge for 5 min at maximum speed (10,000 x g) to separate the aqueous and organic phases. Carefully remove the aqueous (upper) phase without disturbing the lower phase, and transfer it to a fresh tube. C. Add 1.25 volumes of room temperature 100% ethanol to the aqueous phase. D. Pipet the lysate/ethanol mixture (from the previous step) onto the Filter Cartridge (Note: Up to 700 μL can be applied to a Filter Cartridge at a time.). Centrifuge for 30 sec at 13,000 rpm to pass the mixture through the filter. Discard the flow-through. E. Apply 350 μL miRNA Wash Solution 1 to the Filter Cartridge and centrifuge for 30 sec at 13,000 rpm. Discard the flow-through from the Collection Tube, and replace the Filter Cartridge into the same Collection Tube. F. The 10 μL DNase I and 70 μL Buffer RDD QIAGEN (#79254) were mixed. Then the mixture was added to the Filter Cartridge. Leave it at the room temperature for 15 min. G. Apply 350 μL miRNA Wash Solution 1 to the Filter Cartridge and centrifuge for 30 sec at 13,000 rpm. Discard the flow-through from the Collection Tube, and replace the Filter Cartridge into the same Collection Tube. H. Apply 500 μL Wash Solution 2/3 and centrifuge for 30 sec at 13,000 rpm. Draw it through the Filter Cartridge as in the previous step. Repeat with a second 500 μL aliquot of Wash Solution 2/3. I. Spin the assembly for 1 min to remove residual fluid from the filter. Transfer the Filter Cartridge into a fresh Collection Tube. Apply 100 μL of pre-heated (95°C) Elution Solution to the center of the filter. Leave it at the room temperature for 2 min. Spin for 20–30 sec at maximum speed to recover the RNA. Collect the eluate (which contains the RNA) and store it at -70°C. 1 Ribo-Zero Deplete and Fragment RNA a. Add 5 μL rRNA Binding Buffer and 5 μL rRNA Removal Mix-Gold to each well with 10 μL total RNA (1 μg). Gently pipette the entire volume up and down 6 times to mix thoroughly. b. Incubate the PCR plate at 68°C for 5 min, and then place at room temperature for 1 min. c. Add 35 μL of rRNA Removal Beads to each well of the new PCR plate. Adjust the pipette to 45 μL, then with the tip of the pipette at the bottom of the well, pipette quickly up and down 20 times to mix thoroughly. Incubate at room temperature for 1 min. Place the PCR plate on the magnetic stand at room temperature for 1 min. Transfer all of the supernatant from each well to the corresponding well of the new PCR plate. d. Add 99 μL of RNAClean XP beads (If starting with degraded total RNA, add 193 μL of RNAClean XP beads to each well) to each well of the PCR plate. Gently pipette the entire volume up and down 10 times to mix thoroughly. Incubate the PCR plate at room temperature for 15 min. e. Place the PCR plate on the magnetic stand at room temperature for 5 min. Remove and discard all of the supernatant from each well of the PCR plate. f. Add 200 μL freshly prepared 70% EtOH to each well. Incubate the PCR plate at room temperature for 30 s, and then remove and discard all of the supernatant from each well. Let the PCR plate stand at room temperature for 15 min to dry. g. Add 11 μL Elution Buffer to each well of the PCR plate. Gently pipette the entire volume up and down 10 times to mix thoroughly. Incubate the PCR plate at room temperature for 2 min. Place the PCR plate on the magnetic stand at room temperature for 5 min. Transfer 8.5 μL supernatant from the PCR plate to the new 0.2 ml tube. h. Add 8.5 μL Elute, Prime, Fragment High Mix to each well of the plate. Gently pipette the entire volume up and down 6 times to mix thoroughly. i. Incubate at 94°C for 8 min, hold at 4°C, and then centrifuge shortly 2 Synthesize First Strand cDNA a. Add 8 μL First Strand Synthesis Act D Mix and SuperScript II Reverse Transcriptase in each well of the PCR plate. Gently pipette the entire volume up and down 6 times to mix thoroughly. b. The mixture was incubated in the following progress: 25°C for 10 min, 42°C for 15 min, 70°C for 15 min, hold at 4°C. 3 Synthesize Second Strand cDNA a. Add 5 μL End Repair Control (2 μL End Repair Control + 98 μL Resuspension Buffer) in each well of the PCR plate. b. Add 20 μL Second Strand Marking Master Mix. Gently pipette the entire volume up and down 6 times to mix thoroughly. c. Incubate at 16°C for 60 min. Remove the plate from the thermal cycler. 4 Purification a. Add 90 μL mixed AMPure XP beads to each well of the plate. Gently pipette the entire volume up and down 10 times to mix thoroughly. Incubate the plate at room temperature for 15 min. b. Place it on the magnetic stand at room temperature for 5 min. c. Remove and discard 135 μL supernatant from each well of the plate. d. With the plate on the magnetic stand, add 200 μL freshly prepared 80% EtOH to each well. Incubate the plate at room temperature for 30 s, and then remove and discard all of the supernatant from each well. e. Repeat step d one time. f. Let the plate stand at room temperature for 15 min to dry, and then remove the plate from the magnetic stand. g. Add 17.5 μL Resuspension Buffer to each well of the plate. Gently pipette the entire volume up and down 10 times to mix thoroughly. h. Incubate the plate at room temperature for 2 min. Then place the plate on the magnetic stand at room temperature for 5 min. i. Transfer 15 μL supernatant from the plate to the new PCR plate. 5 Adenylate 3' Ends a. Add 2.5 μL of diluted A-Tailing Control (1 μL A-Tailing Control + 99 μL Resuspension Buffer) to each well of the plate. b. Add 12.5 μL of A-Tailing Mix to each well of the plate. Gently pipette the entire volume up and down 10 times to mix thoroughly. c. The mixture was incubated in the following progress: 37°C for 30 min, 70°C for 5 min, hold at 4°C. 6 Ligate Adapters a. Add 2.5 μL of diluted Ligation Control (1 μL Ligation Control + 99 μLResuspension Buffer) to each well of the plate. b. Add 2.5 μL of Ligation Mix to each well of the plate. c. Add 2.5 μL of RNA Adapter Index to each well of the plate. Gently pipette the entire volume up and down 10 times to mix thoroughly. d. Incubate at 30°C for 10 min. e. Add 5 μL of Stop Ligation Buffer to each well of the plate. Gently pipette the entire volume up and down 10 times to mix thoroughly. 7 Purification a. Add 42 μL of mixed AMPure XP Beads to each well of the plate. Gently pipette the entire volume up and down 10 times to mix thoroughly. Incubate the plate at room temperature for 15 min. b. Place the plate on the magnetic stand at room temperature for 15 min or until the liquid is clear. c. Remove and discard 79.5 μL supernatant from each well of the plate. d. With the plate on the magnetic stand, add 200 μL freshly prepared 80% EtOH to each well. Incubate the plate at room temperature for 30 s, and then remove and discard all of the supernatant from each well. e. Repeat step d one time for a total of two 80% EtOH washes. f. With the plate on the magnetic stand, let the samples air-dry at room temperature for 15 min. Remove the plate from the magnetic stand. g. Add 52.5 μL Resuspension Buffer to each well of the plate. Gently pipette the entire volume up and down 10 times to mix thoroughly. h. Incubate the plate at room temperature for 2 min. Place the plate on the magnetic stand at room temperature for 5 minutes or until the liquid is clear. i. Transfer 50 μL supernatant from each well of the plate to the corresponding well of the new PCR plate. j. Add 50 μL of mixed AMPure XP Beads to each well of the plate. Gently pipette the entire volume up and down 10 times to mix thoroughly. Incubate the plate at room temperature for 15 min. k. Place the plate on the magnetic stand at room temperature for 15 min or until the liquid is clear. l. Remove and discard 95 μL supernatant from each well of the plate. m. With the plate on the magnetic stand, add 200 μL freshly prepared 80% EtOH to each well. Incubate the plate at room temperature for 30 s, and then remove and discard all of the supernatant from each well. n. Repeat step m one time for a total of two 80% EtOH washes. o. With the plate on the magnetic stand, let the samples air-dry at room temperature for 15 min, and then remove the plate from the magnetic stand. p. Add 22.5 μL Resuspension Buffer to each well of the plate. Gently pipette the entire volume up and down 10 times to mix thoroughly. q. Incubate the plate at room temperature for 2 min. Place the plate on the magnetic stand at room temperature for 5 min or until the liquid is clear. r. Transfer 20 μL supernatant from each well of the plate to the corresponding well of the new PCR plate 8 Enrich DNA Fragments a. Add 5 μL of PCR Primer Cocktail to each well of the PCR plate. b. Add 25 μL of PCR Master Mix to each well of the PCR plate. Gently pipette the entire volume up and down to mix thoroughly. c. The mixture was incubated in the following progress: 1 cycle 98°C for 30 s 15 cycles 98°C for 10 s, 60°C for 30 s, 72°C for 30 s 1 cycle 72°C for 5 min hold at 10°C 9 Purification a. Add 50 μL of the mixed AMPure XP Beads to each well of the PCR plate. Gently pipette the entire volume up and down 10 times to mix thoroughly. Incubate the PCR plate at room temperature for 15 min. b. Place the plate on the magnetic stand at room temperature for 15 min or until the liquid is clear. c. Remove and discard 95 μL supernatant from each well of the PCR plate. d. With the PCR plate on the magnetic stand, add 200 μL freshly prepared 80% EtOH to each well. Incubate the PCR plate at room temperature for 30 s, and then remove and discard all of the supernatant from each well. e. Repeat step d one time for a total of two 80% EtOH washes. f. With the PCR plate on the magnetic stand, let the samples air-dry at room temperature for 15 min, and then remove the plate from the magnetic stand. g. Add 32.5 μL Resuspension Buffer to each well of the PCR plate. Gently pipette the entire volume up and down 10 times to mix thoroughly. h. Incubate the PCR plate at room temperature for 2 min. Place the PCR plate on the magnetic stand at room temperature for 5 min or until the liquid is clear. i. Transfer 30 μL supernatant from each well of the PCR plate to the corresponding well of the new PCR plate 10 Validate library a. Load 1 μL sample on an Agilent Technologies 2100 Bioanalyze. b. Check the size and purity of the sample.;PAIRED;;ILLUMINA;;;;;colon, intact bowel wall;;;;;HiSeq X Ten sequencing: GSM7106754: iCD5, male, 46 years old Homo sapiens RNA-Seq;Crohn's diseas;non-cancer disease;Colon;;
PRJNA454694;09/02/2019;Sequencing based maternal whole blood expression changes with gestational age and labor in normal pregnancy;Sequencing based maternal whole blood expression changes with gestational age and labor in normal pregnancy;SRR7094257;SAMN09011929;Sample_12 [RNA-seq];Sample_12 [RNA-seq];;cDNA;TRANSCRIPTOMIC;RNA-Seq;RNA was isolated from  PAXgene® Blood RNA collection tube (BD 762165) as described in the PAXgene® Blood miRNA Kit Handbook (December, 2015). Purified RNA was quantified by UV spectrophotometry using the DropSense96® Microplate Spectrophotometer (Trinean) and quality assessed by microfluidics using the RNA ScreenTape on the Agilent 2200 TapeStation. Starting with 500 ng of total RNA, cDNA library templates were synthesized using the Illumina TruSeq® Stranded Total RNA LT (Set A) Kit with Ribo-Zero Globin rRNA reduction, as described in the TruSeq® Stranded Total RNA Sample Preparation Guide (Rev. E, October 2013). Libraries were validated using the HS D1000 ScreenTape on the Agilent 2200 TapeStation, and quantified on the Qubit® 2.0 Fluorometer by the Qubit® dsDNA HS Assay (ThermoFisher). The Illumina HiSeq 2500 instrument was used to cluster the samples onto the flow cell. The pools were put on at 10pM and run in rapid mode at 2×100 paired end. Illumina HiSeq Rapid PE Cluster kit V2 and HiSeq Rapid SBS kit v2 200 cycles was used.;PAIRED;;ILLUMINA;;;;;;;;;;Illumina HiSeq 2500 sequencing: GSM3124791: Sample_12 [RNA-seq] Homo sapiens RNA-Seq;;;Blood - Whole blood;;
PRJNA742971;12/11/2022;A resource for integrated genomic analysis of the human liver;A resource for integrated genomic analysis of the human liver;SRR15013609;SAMN19988427;SJLB421;SJLB421;;cDNA;TRANSCRIPTOMIC;RNA-Seq;Total RNA was extracted from tissue homogenized in TRIzol reagent, followed by Qiagen RNAeasy cleanup mRNA libraries were prepared using the Illuminia TruSeq Stranded Total RNA with Ribo-Zero protocol;PAIRED;;ILLUMINA;;;;;liver;;;;;Illumina HiSeq 2000 sequencing: GSM5412244: SJLB421 Homo sapiens RNA-Seq;check ribozero;likely postmportem;Liver;;
PRJNA819837;20/01/2023;Homo sapiens Raw sequence reads;Homo sapiens;SRR18572049;SAMN27020249;Human sample from Homo sapiens;Human sample from Homo sapiens;GSM5994506;cDNA;TRANSCRIPTOMIC;RNA-Seq;IPF patients were diagnosed based on multidisciplinary review and published criteria. Non-IPF donor lungs not suitable for transplantation were obtained from the Regional Organ Bank of Illinois. IPF lungs were grossly examined within 6-12 hours from the time of explant, and multiple 1cm3 biopsies were obtained from visibly non-fibrotic central (IPF.C) and fibrotic peripheral (IPF.P) areas. Non-IPF donor lung biopsies of central (CTR.C) and peripheral (CTR.P) were similarly obtained. H&E-stained biopsies were reviewed and confirmed by two clinical pathologists Total RNA was isolated using TRIzol (Invitrogen) following manufacturer's protocol. All RNA samples displayed RNA Integrity Number (RIN) >7. RNAseq including cDNA library preparation was processed at the Genomics Core Facility of University of Chicago (https://fgf.uchicago.edu/). Total RNA in the amount of 100-500µg per sample was depleted of ribosomal RNA using the Ribo-Zero kit (Epicentre, Madison, WI). The directional (first strand) cDNA libraries were prepared following the guide of TruSeq Stranded Total RNA Sample Preparation kit.;PAIRED;;ILLUMINA;;;;;lung;;D6C;;;Illumina HiSeq 4000 sequencing: GSM5994506: SmaC6C Homo sapiens RNA-Seq;Non fibrotic;healthy;Lung;;
PRJNA478051;21/02/2020;Dynamics of the transcriptional landscape during human gonad development during fetal life;Dynamics of the transcriptional landscape during human gonad development during fetal life;SRR7430740;SAMN09495548;XX_12GW_p0_EH846;XX_12GW_p0_EH846;;cDNA;TRANSCRIPTOMIC;RNA-Seq;Total RNA were extracted from tissues using the RNeasy mini Kit (Qiagen), quantified using a NanoDrop™ 8000 spectrophotometer (Thermo Scientific) and quality controlled using a 2100 Electrophoresis Bioanalyzer (Agilent). Libraries of template molecules suitable for strand specific high throughput DNA sequencing were created using “TruSeq Stranded Total RNA with Ribo-Zero Gold Prep Kit” (catalog # RS-122-2301, Illumina Inc.). Briefly, the removal of cytoplasmic and mitochondrial ribosomal RNA (rRNA) was performed from 500 ng of total RNA using biotinylated, target-specific oligos combined with Ribo-Zero rRNA removal beads. Following purification, the RNA was fragmented using divalent cations under elevated temperature. The cleaved RNA fragments were copied into first strand cDNA using reverse transcriptase and random primers, followed by second strand cDNA synthesis using DNA Polymerase I and RNase H. The double stranded cDNA fragments were blunted using T4 DNA polymerase, Klenow DNA polymerase and T4 PNK. A single 'A' nucleotide was added to the 3' ends of the blunt DNA fragments using a Klenow fragment (3' to 5'exo minus) enzyme. The cDNA fragments were ligated to double stranded adapters using T4 DNA Ligase. The ligated products were enriched by PCR amplification (30 sec at 98°C [10 sec at 98°C, 30 sec at 60°C, 30 sec at 72°C] x 12 cycles 5 min at 72°C). Excess of PCR primers was removed by purification using AMPure XP beads (Agencourt Biosciences Corporation). Final cDNA libraries were quality-checked and quantified using a 2100 Electrophoresis Bioanalyzer (Agilent). The libraries were loaded in the flow cell at 7pM concentration and clusters were generated in the Cbot and sequenced in the Illumina Hiseq 2500 as paired-end 2x50 base reads following Illumina's instructions. Image analysis and base calling were performed using RTA 1.17.20 and CASAVA 1.8.2.;PAIRED;;ILLUMINA;;;;;Ovary;;;;;Illumina HiSeq 2500 sequencing: GSM3223691: XX_12GW_p0_EH846 Homo sapiens RNA-Seq;;;Ovary;;
PRJNA939148;11/07/2023;Transcriptomes of human primary skin fibroblasts reveal age-associated mRNAs and long noncoding RNAs;Transcriptomes of human primary skin fibroblasts reveal age-associated mRNAs and long noncoding RNAs;SRR23630212;SAMN33458063;SKIN_AGE45_M_GR2_Gt017;SKIN_AGE45_M_GR2_Gt017;GSM7067596;cDNA;TRANSCRIPTOMIC;RNA-Seq;After expansion, total RNA was isolated using the Direct-zolTM RNA MiniPrep kit (Zymo Research) following the manufacturer's instruction. Ribo-RNA depletion with Low Input RiboMinus Eukaryote System v2 (Thermo Fisher Scientific). Ribo-RNA-depleted samples were then used for cDNA synthesis with Ovation® RNA-Seq System V2 (Nugen) following the manufacturer's protocol. Following cDNA fragmentation and size selection, libraries were prepared using Illumina TruSeq ChIP Library Preparation Kit (Illumina) according to manufacturer's protocol.;PAIRED;;ILLUMINA;;;primary skin fibroblasts;;;;;;;Illumina NovaSeq 6000 sequencing: GSM7067596: SKIN_AGE45_M_GR2_Gt017 Homo sapiens RNA-Seq;;;Cells - Cultured fibroblasts;;
PRJNA742971;12/11/2022;A resource for integrated genomic analysis of the human liver;A resource for integrated genomic analysis of the human liver;SRR15013624;SAMN19988546;SJLB457;SJLB457;;cDNA;TRANSCRIPTOMIC;RNA-Seq;Total RNA was extracted from tissue homogenized in TRIzol reagent, followed by Qiagen RNAeasy cleanup mRNA libraries were prepared using the Illuminia TruSeq Stranded Total RNA with Ribo-Zero protocol;PAIRED;;ILLUMINA;;;;;liver;;;;;Illumina HiSeq 2000 sequencing: GSM5412259: SJLB457 Homo sapiens RNA-Seq;check ribozero;likely postmportem;Liver;;
PRJNA819837;20/01/2023;Homo sapiens Raw sequence reads;Homo sapiens;SRR18572059;SAMN27020247;Human sample from Homo sapiens;Human sample from Homo sapiens;GSM5994504;cDNA;TRANSCRIPTOMIC;RNA-Seq;IPF patients were diagnosed based on multidisciplinary review and published criteria. Non-IPF donor lungs not suitable for transplantation were obtained from the Regional Organ Bank of Illinois. IPF lungs were grossly examined within 6-12 hours from the time of explant, and multiple 1cm3 biopsies were obtained from visibly non-fibrotic central (IPF.C) and fibrotic peripheral (IPF.P) areas. Non-IPF donor lung biopsies of central (CTR.C) and peripheral (CTR.P) were similarly obtained. H&E-stained biopsies were reviewed and confirmed by two clinical pathologists Total RNA was isolated using TRIzol (Invitrogen) following manufacturer's protocol. All RNA samples displayed RNA Integrity Number (RIN) >7. RNAseq including cDNA library preparation was processed at the Genomics Core Facility of University of Chicago (https://fgf.uchicago.edu/). Total RNA in the amount of 100-500µg per sample was depleted of ribosomal RNA using the Ribo-Zero kit (Epicentre, Madison, WI). The directional (first strand) cDNA libraries were prepared following the guide of TruSeq Stranded Total RNA Sample Preparation kit.;PAIRED;;ILLUMINA;;;;;lung;;D5C;;;Illumina HiSeq 4000 sequencing: GSM5994504: SmaC5C Homo sapiens RNA-Seq;Non fibrotic;healthy;Lung;;
PRJNA901461;02/02/2023;COVID-19 patient samples collected by the PREDICT-19 consortium;COVID-19 patient samples collected by the PREDICT-19 consortium;SRR22283263;SAMN31714422;Whole blood, healthy control, rep 42;Whole blood, healthy control, rep 42;;cDNA;TRANSCRIPTOMIC;RNA-Seq;Total RNA was isolated from whole blood samples stored and stabilized in PAXgene RNA tubes according to the manufacturer's guidelines (PreAnalytiX) Libraries were prepared with 300ng of total RNA per sample using the Illumina Stranded Total RNA Prep with Ribo-Zero Plus (RZP) as per manufacturer instructions (Illumina, CA, USA).;PAIRED;;ILLUMINA;;;;;Whole blood;;;;;Illumina NovaSeq 6000 sequencing: GSM7507764: Whole blood, COVID positive, rep 301 Homo sapiens RNA-Seq;;;Blood - Whole Blood;;
PRJNA680762;24/09/2021;Identification and evolutionary comparison of circular RNAs in five mammalian species and three organs.;Identification and evolutionary comparison of circular RNAs in five mammalian species and three organs.;SRR13142165;SAMN16912810;rrhs_ce3;rrhs_ce3;;cDNA;TRANSCRIPTOMIC;RNA-Seq;Tissue was dissected at indicated ages (see section ”Samples” in GEO metadata). RNA for mouse, rat, rhesus and human was extracted using the RNeasy protocol from QIAGEN for opossum, a TRIzol/chloroform-based protocol was used. Tissues were stored at -80 C until library preparation. We used 5µg of RNA per tissue as starting material for library preparation, which were treated with RNase R for 1 h at 37 ̊C to degrade linear RNAs, followed by RNA purification with RNA Clean & Concentrator-5 kit (Zymo Research) according to the manufacturer's protocol. Libraries were prepared from the purified RNA with the Illumina TruSeq Stranded Total RNA with Ribo-Zero Gold according to the protocol with the following modifications to select larger fragments: 1). Instead of the recommended 8 min at 68 ̊C for fragmentation, we incubated samples for only 4 min at 68 ̊C to increase the fragment size 2). In the final PCR clean-up after enrichment of the DNA fragments, we changed the 1:1 ratio of DNA to AMPure XP Beads to a 0.7:1 ratio to select for binding of larger fragments. Libraries were analyzed on the fragment analyzer for their quality and sequenced with the Illumina HiSeq 2500 platform.;PAIRED;;ILLUMINA;;;;;Cerebellum;;;;;Illumina HiSeq 2500 sequencing: GSM4943575: rrhs_ce3 Homo sapiens RNA-Seq;;;Brain - Cerebellum;;
PRJNA1029930;29/10/2023;Transcriptomic profiling of lymphocytic colitis highlights distinct diarrhoeal pathomechanisms;Transcriptomic profiling of lymphocytic colitis highlights distinct diarrhoeal pathomechanisms;SRR26436582;SAMN37882023;Hc5;Hc5;GSM7848741;cDNA;TRANSCRIPTOMIC;RNA-Seq;Biopsies preserved in AllProtect were homogenized in RLT buffer from RNeasy Mini Kit supplemented with 1% 2-mercaptoethanol in a TissueLyser II instrument (all from Qiagen, Hilden, Germany). Total RNA from homogenized biopsy samples was isolated using RNeasy Mini Kit (Qiagen) following the manufacturer's instructions. TruSeq ribozero gold kit;PAIRED;;ILLUMINA;;;;;Colon, whole mucosa;;;;;Illumina NovaSeq 6000 sequencing: GSM7848741: Hc5 Homo sapiens RNA-Seq;;;Colon, Mucosa;;
PRJNA918345;27/02/2023;Rhinoviruses and enterovirus-D68 replicate more robustly in respiratory tissues originating from asthmatic patients compared to non-asthmatic controls;Rhinoviruses and enterovirus-D68 replicate more robustly in respiratory tissues originating from asthmatic patients compared to non-asthmatic controls;SRR22966258;SAMN32574187;B48_Healthy_3_L3;B48_Healthy_3_L3;GSM6915325;cDNA;TRANSCRIPTOMIC;RNA-Seq;human airway epithlia from healthy versus asthmatic donors have been infected or not with rhinoviruses. Infected and non-infected tissues were lysed in 800l of trizol (Ambion, 5596018) and RNA was extracted according to manufacturer's instruction. The TruSeq Stranded total RNA kit with Ribo-Zero Gold was used for the library preparation with 150 ng of total RNA as input. The 18 libraries were pooled at equimolarity and loaded at 8.5 pM for clustering on a single-read Illumina Flow cell. All 100-base sequencing was performed using the TruSeq SBS HS v3 chemistry on an Illumina HiSeq 2500 sequencer;SINGLE;;ILLUMINA;;differentiated primary cells;epitheial;;airway epithelia;;;;;Illumina HiSeq 2500 sequencing: GSM6915325: B48_Healthy_3_L3 Homo sapiens RNA-Seq;;;Respiratory tract epithelium;;
PRJNA817436;24/12/2023;Exercise-induced Crosstalk between Immune Cells and Adipocytes in Humans: Role of Oncostatin-M;Exercise-induced Crosstalk between Immune Cells and Adipocytes in Humans: Role of Oncostatin-M;SRR18363104;SAMN26788757;44_PRE;44_PRE;GSM5960689;cDNA;TRANSCRIPTOMIC;RNA-Seq;Approximately 30 mg of adipose tissue was used for RNA extraction. Tissues were homogenized using TissueLyser (Qiagen) in 1 mL TRIzol (Sigma-Aldrich). Chloroform was added, samples were mixed, subjected to centrifugation, and the aqueous phase was transferred to a new tube. Thereafter, 1:1 70% ethanol was added, and the total volume was loaded on silica-membrane columns. RNA extraction was performed using a commercially available kit (Rneasy lipid tissue kit, Qiagen). RNA concentration and purity were assessed by absorbance at 260 and 280 nm using NanoDrop One (Thermo Fisher Scientific, Waltham, MA). Aliquots of RNA (300 ng) were analyzed using the Illumina TruSeq Stranded Total RNA with Ribo-Zero Gold protocol (Illumina) as described (ref). Ribosomal RNA was removed from the sample using 35 μl of rRNA removal beads (Illumina) on a magnetic plate followed by cleanup of the ribosomal-depleted RNA with 193 μl of Agencourt RNAClean XP beads (Beckman Coulter), 70% ethanol wash, and elution into 10 μl elution buffer (Illumina). The RNA sample was fragmented for 4 min at 94°C in Elute, Prime, Fragment High Mix (Illumina) and then subjected to first-strand cDNA synthesis with 1 μl of Superscript III reverse transcriptase (Life Technologies) per sample using a thermocycler programmed to 25°C for 10 min, 50°C for 15 min, and 70°C for 15 min. Second-strand cDNA was synthesized by addition of Second-Strand Marking Master Mix, and samples were incubated at 16°C for 60 min. Samples were subjected to another bead cleanup before A-tailing and ligation of adapters as per kit instructions (Illumina). Following a third bead cleanup, samples were enriched for DNA fragments by amplification using the Illumina polymerase chain reaction (PCR) Primer Cocktail and PCR Master Mix, subjected to 98°C for 30 min, followed by a predefined cycle (98°C for 10 s, 60°C for 30 s, and 72°C for 30 s) that was repeated 3 to 15 times, on the basis of each individual sample, and finally incubated for 5 min at 72°C. Samples were cleaned and validated for DNA concentration using the Qubit dsDNA HS assay kit (Invitrogen) and for base pair size and purity using the Agilent High Sensitivity DNA chip and Bioanalyzer instrument. 38-bp paired-end sequencing on a NextSeq500;PAIRED;;ILLUMINA;;;;;Adipose tissue biopsy;;;;;NextSeq 500 sequencing: GSM5960689: 44_PRE Homo sapiens RNA-Seq;;;Adipose;;
PRJEB21050;22/05/2018;RNA-seq of formalin-fixed, paraffin-embedded uninvolved terminal ileal tissue obtained from ileo-colic resection surgeries of Crohn’s disease and control patients;RNA-seq of formalin-fixed, paraffin-embedded uninvolved terminal ileal tissue obtained from ileo-colic resection surgeries of Crohn’s disease and control patients;ERR1993181;SAMEA104101978;WUCA-Cont-9;Protocols: We retrospectively obtained de-identified FFPE tissue from patients who underwent ileo-colic resection surgery at Barnes-Jewish Hospital, St. Louis between 2005 and 2010. CD patient surgical resections were due to complications associated with the disease, whereas control resections were due to adenoma, carcinoma or abdominal trauma. The set of hematoxylin and eosin-stained tissue sections from each resection were obtained and examined by two pathologists (T.C.L. and T.S.S.) to identify the uninvolved proximal margin (terminal ileum) of each resection. These tissue sections were then further evaluated to identify those that met the histological inclusion criteria for this study. The criteria were that the sample had at least 100 well-oriented intestinal crypts (contained crypt lumens that extended from the apex to the base of the crypt) and absent/minimal active or chronic inflammatory disease (e.g., cryptitis, crypt abscess, architectural distortion, pyloric gland metaplasia, etc.).The study protocol was approved by the Institutional Review Board of Washington University. Patients were recruited by the Washington University Digestive Diseases Research Core Center (DDRCC). Written informed consent was obtained from all study participants prior to inclusion in the study. For samples that met the histological inclusion criteria, two fresh, unstained 5-µm FFPE tissue sections on glass microscope slides were obtained. Slides were not baked after cutting. For each sample, the two tissue sections were scraped off of the slides using a clean razor and placed in 1.5 mL Eppendorf tubes. The tubes were briefly centrifuged to place the sample towards the bottoms or sides of the tube. RNA extraction and DNase treatment was performed using the RNeasy FFPE kit (Qiagen) according to the manufacturer’s instructions, using the Xylene protocol for the paraffin removal step and 30 µL RNase-free H2O for the elution step. RNA was initially quantified by NanoDrop. Subsequent total RNA quantification and quality assessment was performed by Bioanalyzer 2100 (Agilent Technologies). Samples were excluded from the study if >20% of the RNA fragments were >200 base pairs in length, as determined with the Bioanalyzer software. Library preparation was performed by the Genome Technology Access Center (GTAC) at Washington University. Library preparation used 150 ng of total RNA. ds-cDNA was generated using the Ovation RNA-seq FFPE system (Nugen, per manufacturer’s instructions). cDNA was blunt ended, had an A base added to the 3’ ends, and then had Illumina sequencing adapters ligated to the ends. Ligated fragments were then amplified for 12 cycles using primers incorporating unique index tags.;WUCA-Cont-9_s;Inverse rRNA;TRANSCRIPTOMIC;RNA-Seq;We retrospectively obtained de-identified FFPE tissue from patients who underwent ileo-colic resection surgery at Barnes-Jewish Hospital, St. Louis between 2005 and 2010. CD patient surgical resections were due to complications associated with the disease, whereas control resections were due to adenoma, carcinoma or abdominal trauma. The set of hematoxylin and eosin-stained tissue sections from each resection were obtained and examined by two pathologists (T.C.L. and T.S.S.) to identify the uninvolved proximal margin (terminal ileum) of each resection. These tissue sections were then further evaluated to identify those that met the histological inclusion criteria for this study. The criteria were that the sample had at least 100 well-oriented intestinal crypts (contained crypt lumens that extended from the apex to the base of the crypt) and absent/minimal active or chronic inflammatory disease (e.g., cryptitis, crypt abscess, architectural distortion, pyloric gland metaplasia, etc.).The study protocol was approved by the Institutional Review Board of Washington University. Patients were recruited by the Washington University Digestive Diseases Research Core Center (DDRCC). Written informed consent was obtained from all study participants prior to inclusion in the study. For samples that met the histological inclusion criteria, two fresh, unstained 5-µm FFPE tissue sections on glass microscope slides were obtained. Slides were not baked after cutting. For each sample, the two tissue sections were scraped off of the slides using a clean razor and placed in 1.5 mL Eppendorf tubes. The tubes were briefly centrifuged to place the sample towards the bottoms or sides of the tube. RNA extraction and DNase treatment was performed using the RNeasy FFPE kit (Qiagen) according to the manufacturer’s instructions, using the Xylene protocol for the paraffin removal step and 30 µL RNase-free H2O for the elution step. RNA was initially quantified by NanoDrop. Subsequent total RNA quantification and quality assessment was performed by Bioanalyzer 2100 (Agilent Technologies). Samples were excluded from the study if >20% of the RNA fragments were >200 base pairs in length, as determined with the Bioanalyzer software. Library preparation was performed by the Genome Technology Access Center (GTAC) at Washington University. Library preparation used 150 ng of total RNA. ds-cDNA was generated using the Ovation RNA-seq FFPE system (Nugen, per manufacturer’s instructions). cDNA was blunt ended, had an A base added to the 3’ ends, and then had Illumina sequencing adapters ligated to the ends. Ligated fragments were then amplified for 12 cycles using primers incorporating unique index tags.;SINGLE;;ILLUMINA;;;;;;;;;;Illumina HiSeq 2000 sequencing: RNA-seq of formalin-fixed, paraffin-embedded uninvolved terminal ileal tissue obtained from ileo-colic resection surgeries of Crohn’s disease and control patients;;;Small Intestine - Ileum;;
PRJNA914646;24/12/2023;Integrated Unbiased Multiomics Defines Disease-Independent Placental Clusters in Common Obstetrical Syndromes;;SRR22925192;SAMN32490841;Human sample from Homo sapiens;Human sample from Homo sapiens;TP18.B749;Inverse rRNA;TRANSCRIPTOMIC;RNA-Seq;;PAIRED;;ILLUMINA;;;;;Placenta;;Control;;;Illumina NovaSeq 6000 sequencing: Control;;healthy;Placenta;;
PRJNA742971;12/11/2022;A resource for integrated genomic analysis of the human liver;A resource for integrated genomic analysis of the human liver;SRR15013552;SAMN19988420;SJLB338;SJLB338;;cDNA;TRANSCRIPTOMIC;RNA-Seq;Total RNA was extracted from tissue homogenized in TRIzol reagent, followed by Qiagen RNAeasy cleanup mRNA libraries were prepared using the Illuminia TruSeq Stranded Total RNA with Ribo-Zero protocol;PAIRED;;ILLUMINA;;;;;liver;;;;;Illumina HiSeq 2000 sequencing: GSM5412191: SJLB338 Homo sapiens RNA-Seq;check ribozero;likely postmportem;Liver;;
PRJEB14688;06/01/2017;RNASeq of musculoskeletal ageing using human mesenchymal stem cells and their tissue constructs;RNASeq of musculoskeletal ageing using human mesenchymal stem cells and their tissue constructs;ERR1514453;SAMEA4062951;Sample 18;Protocols: MScs purchased from young and old human donors miRNAeasy kit for RNA extraction Total RNA samples were ribosomal RNA depleted using the Human, mouse, rat low inputRibozero kit from Epicentre. 1ug of RNA (or the max amount available) was mixed with the low input kit baits and allowed to anneal. This was then mixed with the magnetic microspheres which bind the ribosomal complexes and subsequently pulled out with a magnet. The remaining RNA was purified with RNA clean beads and analysed with the Agilent Bioanalyser with a RNA pico chip. Recovery was generally less than 1% of the original starting material. All of this material was used in the script seq reaction (Epicentre). Samples were denatured and annealed to cDNA primers and cDNA was generated. This was amplified with indexed primers for 15 cycles to make the library for sequencing. Libraries were checked on the Agilent Bioanalyser with a High sensitivity chip and quantities determined with Qubit DNA High sensitivity reagents.;Sample 18_p;PCR;TRANSCRIPTOMIC;RNA-Seq;MScs purchased from young and old human donors miRNAeasy kit for RNA extraction Total RNA samples were ribosomal RNA depleted using the Human, mouse, rat low inputRibozero kit from Epicentre. 1ug of RNA (or the max amount available) was mixed with the low input kit baits and allowed to anneal. This was then mixed with the magnetic microspheres which bind the ribosomal complexes and subsequently pulled out with a magnet. The remaining RNA was purified with RNA clean beads and analysed with the Agilent Bioanalyser with a RNA pico chip. Recovery was generally less than 1% of the original starting material. All of this material was used in the script seq reaction (Epicentre). Samples were denatured and annealed to cDNA primers and cDNA was generated. This was amplified with indexed primers for 15 cycles to make the library for sequencing. Libraries were checked on the Agilent Bioanalyser with a High sensitivity chip and quantities determined with Qubit DNA High sensitivity reagents.;PAIRED;;ILLUMINA;;;tenocyte;;;;;;;Illumina HiSeq 2000 paired end sequencing: RNASeq of musculoskeletal ageing using human mesenchymal stem cells and their tissue constructs;some aged donors;cultured cells;Tendon - tenocyte;;
PRJNA533799;30/10/2019;A Novel LincRNA HERES Epigenetically Regulates Wnt Signaling Pathway via Interaction with EZH2 in Esophageal Squamous Cell Carcinoma;A Novel LincRNA HERES Epigenetically Regulates Wnt Signaling Pathway via Interaction with EZH2 in Esophageal Squamous Cell Carcinoma;SRR8932005;SAMN11467194;Patient_10_normal;Patient_10_normal;0;cDNA;TRANSCRIPTOMIC;RNA-Seq;Total RNA was extracted from ESCC tissues using TRIzol reagent (Invitrogen) for construction of RNA-seq libraries. The sequencing library was prepared from 1 ug of total RNA using Illumina TruSeq Stranded Total RNA Library Prep Kit with Ribo-Zero Human/Mouse/Rat (RS-122-2203).;PAIRED;;ILLUMINA;;;;;ESCC;;;;;Illumina HiSeq 2000 sequencing: GSM3731552: Patient_10_normal Homo sapiens RNA-Seq;;tumor-adjacent;Esophagus;;
PRJNA496323;27/01/2019;Atopic Dermatitis, Psoriasis and healthy control RNA-seq cohort;Atopic Dermatitis, Psoriasis and healthy control RNA-seq cohort;SRR8052782;SAMN10238669;CTRL_040_healthy;CTRL_040_healthy;;cDNA;TRANSCRIPTOMIC;RNA-Seq;5mm skin punch biopsies were stored in PaxGene tissue containers (PreAnalytiX) at -80°C until isolation of total RNA with the Qiagen AllPrep DNA/RNA Mini Kit preceded by an additional disruption/homogenization step with innuSPEED Lysis Tubes W (Analytik Jena) and Qiagen QIAshredder spin-columns. RNA samples were prepared for sequencing using the Illumina Truseq® Stranded total RNA Protocol in combination with the RiboZero rRNA removal Kit and sequenced on the HiSeq2500 with 2x125bp.;PAIRED;;ILLUMINA;;;;;;;;;;Illumina HiSeq 2500 sequencing: GSM3427942: CTRL_040_healthy Homo sapiens RNA-Seq;;Healthy;Skin;;
PRJNA496323;27/01/2019;Atopic Dermatitis, Psoriasis and healthy control RNA-seq cohort;Atopic Dermatitis, Psoriasis and healthy control RNA-seq cohort;SRR8052776;SAMN10238602;CTRL_034_healthy;CTRL_034_healthy;;cDNA;TRANSCRIPTOMIC;RNA-Seq;5mm skin punch biopsies were stored in PaxGene tissue containers (PreAnalytiX) at -80°C until isolation of total RNA with the Qiagen AllPrep DNA/RNA Mini Kit preceded by an additional disruption/homogenization step with innuSPEED Lysis Tubes W (Analytik Jena) and Qiagen QIAshredder spin-columns. RNA samples were prepared for sequencing using the Illumina Truseq® Stranded total RNA Protocol in combination with the RiboZero rRNA removal Kit and sequenced on the HiSeq2500 with 2x125bp.;PAIRED;;ILLUMINA;;;;;;;;;;Illumina HiSeq 2500 sequencing: GSM3427936: CTRL_034_healthy Homo sapiens RNA-Seq;;Healthy;Skin;;
PRJEB42969;21/03/2022;This study was conducted to understand the genomics of progression of oral precancerous lesion (leukoplakia) to malignant oral tumor.;Genomic study of gingivobuccal oral cancer progression from oral precancerous lesion.;ERR5285496;SAMEA8045505;Adjacent normal;Adjacent normal;Truseq;Inverse rRNA selection;TRANSCRIPTOMIC;RNA-Seq;Illumina Truseq RNA sample preparation;PAIRED;;ILLUMINA;;;;;;;;;;Illumina HiSeq 2500 paired end sequencing;;tumor-adjacent;Mouth;;
PRJNA232669;05/05/2016;RNAseq in Alzheimer's Disease patients;Homo sapiens;SRR2422918;SAMN04090356;RNAseq_Ctrl_1;RNAseq_Ctrl_1;;cDNA;TRANSCRIPTOMIC;RNA-Seq;Trizol extraction Illumina High-throughput TruSeq RNA Sample preparation: ribominus selection (Invitrogen) and size selection: 50 - 200bp;PAIRED;;ILLUMINA;;;;;brain;;;;;Illumina HiSeq 2500 sequencing: GSM1885080: RNAseq_Ctrl_1 Homo sapiens RNA-Seq;;;Brain - Prefrontal Cortex;;
PRJNA478051;21/02/2020;Dynamics of the transcriptional landscape during human gonad development during fetal life;Dynamics of the transcriptional landscape during human gonad development during fetal life;SRR7430742;SAMN09495546;XY_12GW_m3_EH885;XY_12GW_m3_EH885;;cDNA;TRANSCRIPTOMIC;RNA-Seq;Total RNA were extracted from tissues using the RNeasy mini Kit (Qiagen), quantified using a NanoDrop™ 8000 spectrophotometer (Thermo Scientific) and quality controlled using a 2100 Electrophoresis Bioanalyzer (Agilent). Libraries of template molecules suitable for strand specific high throughput DNA sequencing were created using “TruSeq Stranded Total RNA with Ribo-Zero Gold Prep Kit” (catalog # RS-122-2301, Illumina Inc.). Briefly, the removal of cytoplasmic and mitochondrial ribosomal RNA (rRNA) was performed from 500 ng of total RNA using biotinylated, target-specific oligos combined with Ribo-Zero rRNA removal beads. Following purification, the RNA was fragmented using divalent cations under elevated temperature. The cleaved RNA fragments were copied into first strand cDNA using reverse transcriptase and random primers, followed by second strand cDNA synthesis using DNA Polymerase I and RNase H. The double stranded cDNA fragments were blunted using T4 DNA polymerase, Klenow DNA polymerase and T4 PNK. A single 'A' nucleotide was added to the 3' ends of the blunt DNA fragments using a Klenow fragment (3' to 5'exo minus) enzyme. The cDNA fragments were ligated to double stranded adapters using T4 DNA Ligase. The ligated products were enriched by PCR amplification (30 sec at 98°C [10 sec at 98°C, 30 sec at 60°C, 30 sec at 72°C] x 12 cycles 5 min at 72°C). Excess of PCR primers was removed by purification using AMPure XP beads (Agencourt Biosciences Corporation). Final cDNA libraries were quality-checked and quantified using a 2100 Electrophoresis Bioanalyzer (Agilent). The libraries were loaded in the flow cell at 7pM concentration and clusters were generated in the Cbot and sequenced in the Illumina Hiseq 2500 as paired-end 2x50 base reads following Illumina's instructions. Image analysis and base calling were performed using RTA 1.17.20 and CASAVA 1.8.2.;PAIRED;;ILLUMINA;;;;;Testis;;;;;Illumina HiSeq 2500 sequencing: GSM3223693: XY_12GW_m3_EH885 Homo sapiens RNA-Seq;;;Testis;;
PRJNA939148;30/07/2023;Transcriptomes of human primary skin fibroblasts reveal age-associated mRNAs and long noncoding RNAs;Transcriptomes of human primary skin fibroblasts reveal age-associated mRNAs and long noncoding RNAs;SRR23630242;SAMN33458045;SKIN_AGE60_M_GR3_Gt013;SKIN_AGE60_M_GR3_Gt013;GSM7067614;cDNA;TRANSCRIPTOMIC;RNA-Seq;After expansion, total RNA was isolated using the Direct-zolTM RNA MiniPrep kit (Zymo Research) following the manufacturer's instruction. Ribo-RNA depletion with Low Input RiboMinus Eukaryote System v2 (Thermo Fisher Scientific). Ribo-RNA-depleted samples were then used for cDNA synthesis with Ovation® RNA-Seq System V2 (Nugen) following the manufacturer's protocol. Following cDNA fragmentation and size selection, libraries were prepared using Illumina TruSeq ChIP Library Preparation Kit (Illumina) according to manufacturer's protocol.;PAIRED;;ILLUMINA;;;primary skin fibroblasts;;;;;;;Illumina NovaSeq 6000 sequencing: GSM7067614: SKIN_AGE60_M_GR3_Gt013 Homo sapiens RNA-Seq;;;Cells - Cultured fibroblasts;;
PRJNA768868;06/01/2022;Transcriptomics of receptive endometrium in women with sonographic features of adenomyosis;Transcriptomics of receptive endometrium in women with sonographic features of adenomyosis;SRR16212316;SAMN22068480;K17;K17;;cDNA;TRANSCRIPTOMIC;RNA-Seq;Retrieved endometrial samples were immediately placed in RNAlater solution (Thermo Fisher Scientific Baltics UAB, Vilnius, Lithuania), stored overnight at +4 °C and then transferred to –80 °C. Total RNA was isolated using the miRNeasy Mini Kit (Qiagen GmbH, Hilden, Germany) according to the manufacturer's instructions. Each whole-tissue endometrial sample was first disrupted with a Bullet Blender Storm Pro homogenizer (Next Advance, lnc., Troy, NY, USA) using 1 mm zirconium oxide beads in 700 µL of QIAzol Lysis Reagent from the miRNeasy Mini Kit. Both lncRNA and mRNA 150 bp paired-end libraries were constructed and subsequently sequenced by Novogene Bioinformatics Technology Co., Ltd. (Hong Kong, China). Briefly, a total amount of 2 µg of RNA per sample was used for cDNA sequencing library preparation. Ribosomal RNA (rRNA) was removed using the Epicentre Ribo-zeroTM rRNA Removal Kit (Epicentre, Brooklyn, NY, USA), and the remaining RNA was used for library generation by the NEBNext® UltraTM Directional RNA Library Prep Kit for Illumina® (NEB, Ipswich, MA, USA). First, rRNA-depleted RNA samples were fragmented followed by first- and second-strand cDNA synthesis. The sequencing adaptors were ligated, and library fragments were purified to obtain cDNA fragments 150~200 bp in length. Polymerase chain reaction (PCR) amplification of size-selected, adaptor-ligated cDNA was performed using universal PCR primers and index primers. Index-coded samples were clustered by Illumina TruSeq PE Cluster Kit v3-cBot-Hs. Libraries were sequenced on an Illumina NovaSeq 6000 platform, which generated 150 bp paired-end reads.;PAIRED;;ILLUMINA;;;;;;;;;;Illumina NovaSeq 6000 sequencing: GSM5613997: K17 Homo sapiens RNA-Seq;;;Uterus - Endometrium;;
PRJNA352076;21/06/2017;RNAseq study of synovial biopsies;Homo sapiens;SRR4785821;SAMN05963939;healthy tissue 10;healthy tissue 10;;cDNA;TRANSCRIPTOMIC;RNA-Seq;Total RNA was extracted from RA synovial samples and the quality of all RNA samples was evaluated using an Agilent Bioanalyzer Sequencing libraries were prepared using TruSeq Stranded Total RNA RiboZero protocol from Illumina. Libraries were pooled and sequenced with an Illumina HiSeq 2000 with paired-end 100 bp flow cells. Raw read quality was evaluated using FastQC.;PAIRED;;ILLUMINA;;;;;;;;;;Illumina HiSeq 2000 sequencing: GSM2370979: healthy tissue 10 Homo sapiens RNA-Seq;;;Synovial Fluid;;
PRJNA486023;14/03/2019;Fudan University Shanghai Cancer Center Triple Negative Breast Cancer (FUSCCTNBC);Homo sapiens;SRR8518432;SAMN09836923;Human sample from Homo sapiens;Human sample from Homo sapiens;Lib_FUSCCTNBC032.PT;Inverse rRNA;TRANSCRIPTOMIC;RNA-Seq;;PAIRED;;ILLUMINA;;;;;Paired normal breast tissue;;FUSCCTNBC032;;;HiSeq X Ten sequencing: RNAseq of Homo sapiens: triple negative breast cancer from FUSCCTNBC project;;tumor-adjacent;Breast;;
PRJNA625391;16/04/2020;RNA-seq of matched adjacent normal and primary tumor samples from 33 HCC patients;;SRR11547420;SAMN14599292;Human sample from Homo sapiens;Human sample from Homo sapiens;28;Inverse rRNA;TRANSCRIPTOMIC;RNA-Seq;;PAIRED;;ILLUMINA;;;;;Liver tissue;;normal;;;Illumina HiSeq 2500 sequencing: RNA-Seq of Homo sapiens :liver;;;Liver;;
PRJNA939148;09/07/2023;Transcriptomes of human primary skin fibroblasts reveal age-associated mRNAs and long noncoding RNAs;Transcriptomes of human primary skin fibroblasts reveal age-associated mRNAs and long noncoding RNAs;SRR23630239;SAMN33458042;SKIN_AGE62_F_GR3_Gt070;SKIN_AGE62_F_GR3_Gt070;GSM7067617;cDNA;TRANSCRIPTOMIC;RNA-Seq;After expansion, total RNA was isolated using the Direct-zolTM RNA MiniPrep kit (Zymo Research) following the manufacturer's instruction. Ribo-RNA depletion with Low Input RiboMinus Eukaryote System v2 (Thermo Fisher Scientific). Ribo-RNA-depleted samples were then used for cDNA synthesis with Ovation® RNA-Seq System V2 (Nugen) following the manufacturer's protocol. Following cDNA fragmentation and size selection, libraries were prepared using Illumina TruSeq ChIP Library Preparation Kit (Illumina) according to manufacturer's protocol.;PAIRED;;ILLUMINA;;;primary skin fibroblasts;;;;;;;Illumina NovaSeq 6000 sequencing: GSM7067617: SKIN_AGE62_F_GR3_Gt070 Homo sapiens RNA-Seq;;;Cells - Cultured fibroblasts;;
PRJNA595590;17/12/2019;Comparison of Kidney Transcriptomic Profiles of Early and Advanced Diabetic Nephropathy Reveals Potential New Mechanisms for Disease Progression;Comparison of Kidney Transcriptomic Profiles of Early and Advanced Diabetic Nephropathy Reveals Potential New Mechanisms for Disease Progression;SRR10691660;SAMN13560923;N5B;N5B;;cDNA;TRANSCRIPTOMIC;RNA-Seq;Total RNA was extracted using TRIzol (Thermo Fisher Scientific). The RNA quality was evaluated by an Agilent 2100 Bioanalyzer. The total RNA sample was treated using a Ribo-Zero Magnetic Gold Kit to deplete rRNA, and cDNA libraries were prepared and sequenced at BGI using a HiSeq 4000 system.;PAIRED;;ILLUMINA;;;;;;;;;;Illumina HiSeq 4000 sequencing: GSM4217810: N5B Homo sapiens RNA-Seq;;;Kidney;;
PRJNA742971;12/11/2022;A resource for integrated genomic analysis of the human liver;A resource for integrated genomic analysis of the human liver;SRR15013585;SAMN19988451;SJLB378;SJLB378;;cDNA;TRANSCRIPTOMIC;RNA-Seq;Total RNA was extracted from tissue homogenized in TRIzol reagent, followed by Qiagen RNAeasy cleanup mRNA libraries were prepared using the Illuminia TruSeq Stranded Total RNA with Ribo-Zero protocol;PAIRED;;ILLUMINA;;;;;liver;;;;;Illumina HiSeq 2000 sequencing: GSM5412220: SJLB378 Homo sapiens RNA-Seq;check ribozero;likely postmportem;Liver;;
PRJNA742971;12/11/2022;A resource for integrated genomic analysis of the human liver;A resource for integrated genomic analysis of the human liver;SRR15013521;SAMN19988366;SJLB318;SJLB318;;cDNA;TRANSCRIPTOMIC;RNA-Seq;Total RNA was extracted from tissue homogenized in TRIzol reagent, followed by Qiagen RNAeasy cleanup mRNA libraries were prepared using the Illuminia TruSeq Stranded Total RNA with Ribo-Zero protocol;PAIRED;;ILLUMINA;;;;;liver;;;;;Illumina HiSeq 2000 sequencing: GSM5412177: SJLB318 Homo sapiens RNA-Seq;check ribozero;likely postmportem;Liver;;
PRJNA342787;06/10/2016;Transcriptional profiling of Myotonic dystrophy muscle and heart;Homo sapiens;SRR4240781;SAMN05768005;Quad_Control_3;Quad_Control_3;;cDNA;TRANSCRIPTOMIC;RNA-Seq;Frozen tissue samples were lysed using a homogenizer in Trizol. Chloroform was added and mixed, and the aqueous layer was added to isopropanol to precipitate RNA. The RNA was then cleaned up on RNeasy columns (Qiagen) with on column DNase treatment. Strand-specific libraries (using dUTP incorporation during reverse transcription, and USER treatment prior to PCR) were prepared using standard protocols. RNA was first fragmented, and then ribosomal RNA was subtracted using ribo-zero beads from Epicentre Biotechnologies. Reverse transcription was performed using random primers, followed by 2nd strand cDNA synthesis, end repair, adenylation, and ligation of adapters. Products were run on agarose, size selected, and then subjected to 14-18 cycles of PCR.;PAIRED;;ILLUMINA;;;;;Quadriceps muscle;;;;;Illumina HiSeq 2000 sequencing: GSM2309554: Quad_Control_3 Homo sapiens RNA-Seq;;;Muscle - Skeletal;;
PRJNA773413;04/04/2022;Compartment-specific total RNA profile of Hippocampal and Cortical cells from Mesial Temporal Lobe Epilepsy tissue;Compartment-specific total RNA profile of Hippocampal and Cortical cells from Mesial Temporal Lobe Epilepsy tissue;SRR16522669;SAMN22483725;Cortex_nucleus_control6 [Cx_nuc_S10-109];Cortex_nucleus_control6 [Cx_nuc_S10-109];;cDNA;TRANSCRIPTOMIC;RNA-Seq;Complete details can be found on manuscripts methods section. Briefly, subcellular fractionation was performed isolating pure cytosolic and nuclei cell compartments. Isolated cytoplasmic and nuclei samples were stored in Qiazol (Qiagen) at -80oC until RNA extraction was performed. Total RNA was extracted using miRNeasy kit (Qiagen), according to manufacturer's protocol. A total of 2 ug of RNA per sample in a 5 ul volume was rRNA-depleted using the Ribo-Zero Magnetic Kit (human/mouse/rat Illumina) before library preparation. Stranded, paired-end sequencing libraries were prepared using the ScriptSeq v2 (Epicentre), after which samples were subjected to quality control on the 2100 Bioanalyzer (Agilent). Sequencing was performed as paired end 100 bp reads on an Illumina HiSeq 4000 sequencer at the Beijing Genomics Institute (BGI) (Hongkong, China).;PAIRED;;ILLUMINA;;;;;Cortex;;;;;Illumina HiSeq 4000 sequencing: GSM5643926: Cortex_nucleus_control6 [Cx_nuc_S10-109] Homo sapiens RNA-Seq;nucleus;non-cancer disease;Brain - Cortex;;
PRJNA742971;12/11/2022;A resource for integrated genomic analysis of the human liver;A resource for integrated genomic analysis of the human liver;SRR15013539;SAMN19988359;SJLB331;SJLB331;;cDNA;TRANSCRIPTOMIC;RNA-Seq;Total RNA was extracted from tissue homogenized in TRIzol reagent, followed by Qiagen RNAeasy cleanup mRNA libraries were prepared using the Illuminia TruSeq Stranded Total RNA with Ribo-Zero protocol;PAIRED;;ILLUMINA;;;;;liver;;;;;Illumina HiSeq 2000 sequencing: GSM5412184: SJLB331 Homo sapiens RNA-Seq;check ribozero;likely postmportem;Liver;;
PRJNA901461;02/02/2023;COVID-19 patient samples collected by the PREDICT-19 consortium;COVID-19 patient samples collected by the PREDICT-19 consortium;SRR22283248;SAMN31714300;Whole blood, healthy control, rep 27;Whole blood, healthy control, rep 27;;cDNA;TRANSCRIPTOMIC;RNA-Seq;Total RNA was isolated from whole blood samples stored and stabilized in PAXgene RNA tubes according to the manufacturer's guidelines (PreAnalytiX) Libraries were prepared with 300ng of total RNA per sample using the Illumina Stranded Total RNA Prep with Ribo-Zero Plus (RZP) as per manufacturer instructions (Illumina, CA, USA).;PAIRED;;ILLUMINA;;;;;Whole blood;;;;;Illumina NovaSeq 6000 sequencing: GSM7507717: Whole blood, COVID positive, rep 254 Homo sapiens RNA-Seq;;;Blood - Whole Blood;;
PRJEB21050;22/05/2018;RNA-seq of formalin-fixed, paraffin-embedded uninvolved terminal ileal tissue obtained from ileo-colic resection surgeries of Crohn’s disease and control patients;RNA-seq of formalin-fixed, paraffin-embedded uninvolved terminal ileal tissue obtained from ileo-colic resection surgeries of Crohn’s disease and control patients;ERR1993168;SAMEA104101965;WUCA-Cont-26;Protocols: We retrospectively obtained de-identified FFPE tissue from patients who underwent ileo-colic resection surgery at Barnes-Jewish Hospital, St. Louis between 2005 and 2010. CD patient surgical resections were due to complications associated with the disease, whereas control resections were due to adenoma, carcinoma or abdominal trauma. The set of hematoxylin and eosin-stained tissue sections from each resection were obtained and examined by two pathologists (T.C.L. and T.S.S.) to identify the uninvolved proximal margin (terminal ileum) of each resection. These tissue sections were then further evaluated to identify those that met the histological inclusion criteria for this study. The criteria were that the sample had at least 100 well-oriented intestinal crypts (contained crypt lumens that extended from the apex to the base of the crypt) and absent/minimal active or chronic inflammatory disease (e.g., cryptitis, crypt abscess, architectural distortion, pyloric gland metaplasia, etc.).The study protocol was approved by the Institutional Review Board of Washington University. Patients were recruited by the Washington University Digestive Diseases Research Core Center (DDRCC). Written informed consent was obtained from all study participants prior to inclusion in the study. For samples that met the histological inclusion criteria, two fresh, unstained 5-µm FFPE tissue sections on glass microscope slides were obtained. Slides were not baked after cutting. For each sample, the two tissue sections were scraped off of the slides using a clean razor and placed in 1.5 mL Eppendorf tubes. The tubes were briefly centrifuged to place the sample towards the bottoms or sides of the tube. RNA extraction and DNase treatment was performed using the RNeasy FFPE kit (Qiagen) according to the manufacturer’s instructions, using the Xylene protocol for the paraffin removal step and 30 µL RNase-free H2O for the elution step. RNA was initially quantified by NanoDrop. Subsequent total RNA quantification and quality assessment was performed by Bioanalyzer 2100 (Agilent Technologies). Samples were excluded from the study if >20% of the RNA fragments were >200 base pairs in length, as determined with the Bioanalyzer software. Library preparation was performed by the Genome Technology Access Center (GTAC) at Washington University. Library preparation used 150 ng of total RNA. ds-cDNA was generated using the Ovation RNA-seq FFPE system (Nugen, per manufacturer’s instructions). cDNA was blunt ended, had an A base added to the 3’ ends, and then had Illumina sequencing adapters ligated to the ends. Ligated fragments were then amplified for 12 cycles using primers incorporating unique index tags.;WUCA-Cont-26_s;Inverse rRNA;TRANSCRIPTOMIC;RNA-Seq;We retrospectively obtained de-identified FFPE tissue from patients who underwent ileo-colic resection surgery at Barnes-Jewish Hospital, St. Louis between 2005 and 2010. CD patient surgical resections were due to complications associated with the disease, whereas control resections were due to adenoma, carcinoma or abdominal trauma. The set of hematoxylin and eosin-stained tissue sections from each resection were obtained and examined by two pathologists (T.C.L. and T.S.S.) to identify the uninvolved proximal margin (terminal ileum) of each resection. These tissue sections were then further evaluated to identify those that met the histological inclusion criteria for this study. The criteria were that the sample had at least 100 well-oriented intestinal crypts (contained crypt lumens that extended from the apex to the base of the crypt) and absent/minimal active or chronic inflammatory disease (e.g., cryptitis, crypt abscess, architectural distortion, pyloric gland metaplasia, etc.).The study protocol was approved by the Institutional Review Board of Washington University. Patients were recruited by the Washington University Digestive Diseases Research Core Center (DDRCC). Written informed consent was obtained from all study participants prior to inclusion in the study. For samples that met the histological inclusion criteria, two fresh, unstained 5-µm FFPE tissue sections on glass microscope slides were obtained. Slides were not baked after cutting. For each sample, the two tissue sections were scraped off of the slides using a clean razor and placed in 1.5 mL Eppendorf tubes. The tubes were briefly centrifuged to place the sample towards the bottoms or sides of the tube. RNA extraction and DNase treatment was performed using the RNeasy FFPE kit (Qiagen) according to the manufacturer’s instructions, using the Xylene protocol for the paraffin removal step and 30 µL RNase-free H2O for the elution step. RNA was initially quantified by NanoDrop. Subsequent total RNA quantification and quality assessment was performed by Bioanalyzer 2100 (Agilent Technologies). Samples were excluded from the study if >20% of the RNA fragments were >200 base pairs in length, as determined with the Bioanalyzer software. Library preparation was performed by the Genome Technology Access Center (GTAC) at Washington University. Library preparation used 150 ng of total RNA. ds-cDNA was generated using the Ovation RNA-seq FFPE system (Nugen, per manufacturer’s instructions). cDNA was blunt ended, had an A base added to the 3’ ends, and then had Illumina sequencing adapters ligated to the ends. Ligated fragments were then amplified for 12 cycles using primers incorporating unique index tags.;SINGLE;;ILLUMINA;;;;;;;;;;Illumina HiSeq 2000 sequencing: RNA-seq of formalin-fixed, paraffin-embedded uninvolved terminal ileal tissue obtained from ileo-colic resection surgeries of Crohn’s disease and control patients;;;Small Intestine - Ileum;;
PRJNA742971;12/11/2022;A resource for integrated genomic analysis of the human liver;A resource for integrated genomic analysis of the human liver;SRR15013587;SAMN19988449;SJLB380;SJLB380;;cDNA;TRANSCRIPTOMIC;RNA-Seq;Total RNA was extracted from tissue homogenized in TRIzol reagent, followed by Qiagen RNAeasy cleanup mRNA libraries were prepared using the Illuminia TruSeq Stranded Total RNA with Ribo-Zero protocol;PAIRED;;ILLUMINA;;;;;liver;;;;;Illumina HiSeq 2000 sequencing: GSM5412222: SJLB380 Homo sapiens RNA-Seq;check ribozero;likely postmportem;Liver;;
PRJNA637378;27/01/2021;Non-CG methylation and multiple epigenetic layers associate child abuse with immune and small GTPase dysregulation;Non-CG methylation and multiple epigenetic layers associate child abuse with immune and small GTPase dysregulation;SRR13485945;SAMN17384681;Anterior Cingulate cortex, sbb22, RNAseq;Anterior Cingulate cortex, sbb22, RNAseq;;cDNA;TRANSCRIPTOMIC;RNA-Seq;TrueSeq Stranded Total RNA Sample Preparation + Ribo-Zero Gold kits (Illumina);PAIRED;;ILLUMINA;;;;;Anterior Cingulate cortex (human brain tissue);;;;;Illumina HiSeq 2000 sequencing: GSM5026569: Anterior Cingulate cortex, sbb22, RNAseq Homo sapiens RNA-Seq;;;Brain - Anterior cingulate cortex;;
PRJNA914646;24/12/2023;Integrated Unbiased Multiomics Defines Disease-Independent Placental Clusters in Common Obstetrical Syndromes;;SRR22925206;SAMN32490802;Human sample from Homo sapiens;Human sample from Homo sapiens;TP18.B1612;Inverse rRNA;TRANSCRIPTOMIC;RNA-Seq;;PAIRED;;ILLUMINA;;;;;Placenta;;Control;;;Illumina NovaSeq 6000 sequencing: Control;;healthy;Placenta;;
PRJNA625391;16/04/2020;RNA-seq of matched adjacent normal and primary tumor samples from 33 HCC patients;;SRR11547433;SAMN14599280;Human sample from Homo sapiens;Human sample from Homo sapiens;16;Inverse rRNA;TRANSCRIPTOMIC;RNA-Seq;;PAIRED;;ILLUMINA;;;;;Liver tissue;;normal;;;Illumina HiSeq 2500 sequencing: RNA-Seq of Homo sapiens :liver;;;Liver;;
PRJNA666441;03/10/2020;Long non-coding RNAs ENST00000429730.1 and MSTRG.93125.4 associate with metabolic activity in tuberculosis lesions of sputum-negative tuberculosis patients;Long non-coding RNAs ENST00000429730.1 and MSTRG.93125.4 associate with metabolic activity in tuberculosis lesions of sputum-negative tuberculosis patients;SRR12743479;SAMN16293843;lung tissue H1;lung tissue H1;;cDNA;TRANSCRIPTOMIC;RNA-Seq;Total RNA of each lung sample was extracted by using TRIzol Reagent (Invitrogen, US) and further purified using the RNeasy Mini Kit (Qiagen, Germany) according to the manufacturer's instructions. Total RNA of each sample was quantified and qualified by Agilent 2100 Bioanalyzer (Agilent Technologies, USA), NanoDrop (Thermo Fisher Scientific Inc., USA) and 1% agarose gel. Total RNA (1 μg) with the value of RNA integrity number (RIN) > 7 was used for library preparation of the following next generation sequencing, with the NEBNext Ultra II Directional RNA Library Prep. Kit for Illumina. The rRNA was depleted from total RNA using Ribo-Zero™ rRNA removal Kit (Illumina, USA), and cDNA libraries were generated following manufacture's protocols. Then, libraries with different indices were multiplexed and loaded on Illumina HiSeq instrument (Illumina, USA) for 2 × 150 paired-end sequencing according to manufacturer's instructions.;PAIRED;;ILLUMINA;;;;;;;;;;Illumina NovaSeq 6000 sequencing: GSM4810280: lung tissue H1 Homo sapiens RNA-Seq;possible TB;;Lung;;
PRJNA742971;12/11/2022;A resource for integrated genomic analysis of the human liver;A resource for integrated genomic analysis of the human liver;SRR15013672;SAMN19988461;SJLB724;SJLB724;;cDNA;TRANSCRIPTOMIC;RNA-Seq;Total RNA was extracted from tissue homogenized in TRIzol reagent, followed by Qiagen RNAeasy cleanup mRNA libraries were prepared using the Illuminia TruSeq Stranded Total RNA with Ribo-Zero protocol;PAIRED;;ILLUMINA;;;;;liver;;;;;Illumina HiSeq 2000 sequencing: GSM5412304: SJLB724 Homo sapiens RNA-Seq;check ribozero;likely postmportem;Liver;;
PRJNA939148;11/07/2023;Transcriptomes of human primary skin fibroblasts reveal age-associated mRNAs and long noncoding RNAs;Transcriptomes of human primary skin fibroblasts reveal age-associated mRNAs and long noncoding RNAs;SRR23630183;SAMN33458020;SKIN_AGE80_F_GR5_Gt032;SKIN_AGE80_F_GR5_Gt032;GSM7067639;cDNA;TRANSCRIPTOMIC;RNA-Seq;After expansion, total RNA was isolated using the Direct-zolTM RNA MiniPrep kit (Zymo Research) following the manufacturer's instruction. Ribo-RNA depletion with Low Input RiboMinus Eukaryote System v2 (Thermo Fisher Scientific). Ribo-RNA-depleted samples were then used for cDNA synthesis with Ovation® RNA-Seq System V2 (Nugen) following the manufacturer's protocol. Following cDNA fragmentation and size selection, libraries were prepared using Illumina TruSeq ChIP Library Preparation Kit (Illumina) according to manufacturer's protocol.;PAIRED;;ILLUMINA;;;primary skin fibroblasts;;;;;;;Illumina NovaSeq 6000 sequencing: GSM7067639: SKIN_AGE80_F_GR5_Gt032 Homo sapiens RNA-Seq;;;Cells - Cultured fibroblasts;;
PRJNA819837;20/01/2023;Homo sapiens Raw sequence reads;Homo sapiens;SRR18572055;SAMN27020244;Human sample from Homo sapiens;Human sample from Homo sapiens;GSM5994501;cDNA;TRANSCRIPTOMIC;RNA-Seq;IPF patients were diagnosed based on multidisciplinary review and published criteria. Non-IPF donor lungs not suitable for transplantation were obtained from the Regional Organ Bank of Illinois. IPF lungs were grossly examined within 6-12 hours from the time of explant, and multiple 1cm3 biopsies were obtained from visibly non-fibrotic central (IPF.C) and fibrotic peripheral (IPF.P) areas. Non-IPF donor lung biopsies of central (CTR.C) and peripheral (CTR.P) were similarly obtained. H&E-stained biopsies were reviewed and confirmed by two clinical pathologists Total RNA was isolated using TRIzol (Invitrogen) following manufacturer's protocol. All RNA samples displayed RNA Integrity Number (RIN) >7. RNAseq including cDNA library preparation was processed at the Genomics Core Facility of University of Chicago (https://fgf.uchicago.edu/). Total RNA in the amount of 100-500µg per sample was depleted of ribosomal RNA using the Ribo-Zero kit (Epicentre, Madison, WI). The directional (first strand) cDNA libraries were prepared following the guide of TruSeq Stranded Total RNA Sample Preparation kit.;PAIRED;;ILLUMINA;;;;;lung;;D3P;;;Illumina HiSeq 4000 sequencing: GSM5994501: SmaC3P Homo sapiens RNA-Seq;Non fibrotic;healthy;Lung;;
PRJNA914646;24/12/2023;Integrated Unbiased Multiomics Defines Disease-Independent Placental Clusters in Common Obstetrical Syndromes;;SRR22925293;SAMN32490898;Human sample from Homo sapiens;Human sample from Homo sapiens;TP19.B2923;Inverse rRNA;TRANSCRIPTOMIC;RNA-Seq;;PAIRED;;ILLUMINA;;;;;Placenta;;Control;;;Illumina NovaSeq 6000 sequencing: Control;;healthy;Placenta;;
PRJNA450845;18/06/2019;Genome-wide expression from the esophageal biopsies of subjects with and without eosinophilic esophagitis;Genome-wide expression from the esophageal biopsies of subjects with and without eosinophilic esophagitis;SRR7030499;SAMN08949711;11-CB2336-114PL;11-CB2336-114PL;;cDNA;TRANSCRIPTOMIC;RNA-Seq;Esophageal biopsy RNA was isolated from distal esophageal biopsy RNA from EoE patients with active disease and from unaffected controls using a Qiagen kit. Libraries were prepared for sequencign using TruSeq Stranded Total RNA Library Prep Kit with Ribo-Zero. RiboZero RNA-Seq dUTP;PAIRED;;ILLUMINA;;;;;;;;;;Illumina HiSeq 2500 sequencing: GSM3103962: 11-CB2336-114PL Homo sapiens RNA-Seq;;;Esophagus;;
PRJEB59710;17/02/2023;RNA-seq of human post-mortem brain tissue of the frontal lobe from patients with FTD and healthy controls;RNA-seq of human post-mortem brain tissue of the frontal lobe from patients with FTD and healthy controls;ERR10851961;SAMEA112484866;rimod1;Protocols: The brain samples and/or bio samples were obtained from the Netherlands Brain Bank, Netherlands Institute for Neuroscience, Amsterdam (open access: www.brainbank.nl). All Material has been collected from donors for or from whom a written informed consent for a brain autopsy and the use of the material and clinical information for research purposes had been obtained by the NBB. Additional samples were provided by the Queen Square Brain Bank of Neurological Disorders and MRC, King College London. We complied to all relevant regulations of the mentioned brain banks for the work with these samples. Total RNA for RNA-seq was isolated from ±100mg of frozen brain tissue with TRIzol reagent (Thermo Fischer Scientific) according to the manufacturer recommendation, followed by purification with the RNeasy mini columns (Qiagen) after DNAse treatment.  Total RNA-seq libraries were prepared from 1 microgram of total RNA from frozen brain tissue using the TruSeq Stranded Total RNA with Ribo-Zero Gold kit (Illumina) according to the protocol specifications.;rimod1_p;PCR;TRANSCRIPTOMIC;RNA-Seq;The brain samples and/or bio samples were obtained from the Netherlands Brain Bank, Netherlands Institute for Neuroscience, Amsterdam (open access: www.brainbank.nl). All Material has been collected from donors for or from whom a written informed consent for a brain autopsy and the use of the material and clinical information for research purposes had been obtained by the NBB. Additional samples were provided by the Queen Square Brain Bank of Neurological Disorders and MRC, King College London. We complied to all relevant regulations of the mentioned brain banks for the work with these samples. Total RNA for RNA-seq was isolated from ±100mg of frozen brain tissue with TRIzol reagent (Thermo Fischer Scientific) according to the manufacturer recommendation, followed by purification with the RNeasy mini columns (Qiagen) after DNAse treatment.  Total RNA-seq libraries were prepared from 1 microgram of total RNA from frozen brain tissue using the TruSeq Stranded Total RNA with Ribo-Zero Gold kit (Illumina) according to the protocol specifications.;PAIRED;;ILLUMINA;;;;;;;;;;Illumina HiSeq 2500 sequencing: RNA-seq of human post-mortem brain tissue of the frontal lobe from patients with FTD and healthy controls;;postmortem;Brain - Frontal lobe;;
PRJNA918345;27/02/2023;Rhinoviruses and enterovirus-D68 replicate more robustly in respiratory tissues originating from asthmatic patients compared to non-asthmatic controls;Rhinoviruses and enterovirus-D68 replicate more robustly in respiratory tissues originating from asthmatic patients compared to non-asthmatic controls;SRR22966222;SAMN32574155;M_Healthy_2_L2;M_Healthy_2_L2;GSM6915357;cDNA;TRANSCRIPTOMIC;RNA-Seq;human airway epithlia from healthy versus asthmatic donors have been infected or not with rhinoviruses. Infected and non-infected tissues were lysed in 800l of trizol (Ambion, 5596018) and RNA was extracted according to manufacturer's instruction. The TruSeq Stranded total RNA kit with Ribo-Zero Gold was used for the library preparation with 150 ng of total RNA as input. The 18 libraries were pooled at equimolarity and loaded at 8.5 pM for clustering on a single-read Illumina Flow cell. All 100-base sequencing was performed using the TruSeq SBS HS v3 chemistry on an Illumina HiSeq 2500 sequencer;SINGLE;;ILLUMINA;;differentiated primary cells;epitheial;;airway epithelia;;;;;Illumina HiSeq 2500 sequencing: GSM6915357: M_Healthy_2_L2 Homo sapiens RNA-Seq;;;Respiratory tract epithelium;;
PRJNA908818;25/06/2023;Effect of cigarette smoking on gene expression of peripheral blood B cells and on transcriptome changes by naïve-to-memory B cell shift;Effect of cigarette smoking on gene expression of peripheral blood B cells and on transcriptome changes by naïve-to-memory B cell shift;SRR22532364;SAMN32045257;;;GSM6788597;cDNA;TRANSCRIPTOMIC;RNA-Seq;Granulocytes were isolated directly from whole blood using anti-CD15+ antibody–coated magnetic beads following the protocol (Invitrogen). Density gradient centrifugation using Histopaque-1077 Ficoll medium and Accuspin™ Tubes (Sigma-Aldrich) was used to isolate the mononuclear layer of CD19+ B cells using antibody-coated magnetic beads (Invitrogen). RNA was harvested using RNeasy mini plus kit (Qiagen). Aliquots of RNA (375 ng) were used to generate poly-adenylated RNA libraries with TruSeq Stranded Total RNA Ribo-Zero Human Gold kit (Illumina). Samples were indexed with NEXTfle-96 RNA-Seq Barcodes (Bioo-scientific, Austin, TX).;PAIRED;;ILLUMINA;;;;;;;;;;Illumina NovaSeq 6000 sequencing: GSM6788597: F199-1_Bcell_nonSmoker Homo sapiens RNA-Seq;;some smokers;Blood - Granulocyte;;
PRJNA595590;17/12/2019;Comparison of Kidney Transcriptomic Profiles of Early and Advanced Diabetic Nephropathy Reveals Potential New Mechanisms for Disease Progression;Comparison of Kidney Transcriptomic Profiles of Early and Advanced Diabetic Nephropathy Reveals Potential New Mechanisms for Disease Progression;SRR10691666;SAMN13560918;N13B;N13B;;cDNA;TRANSCRIPTOMIC;RNA-Seq;Total RNA was extracted using TRIzol (Thermo Fisher Scientific). The RNA quality was evaluated by an Agilent 2100 Bioanalyzer. The total RNA sample was treated using a Ribo-Zero Magnetic Gold Kit to deplete rRNA, and cDNA libraries were prepared and sequenced at BGI using a HiSeq 4000 system.;PAIRED;;ILLUMINA;;;;;;;;;;Illumina HiSeq 4000 sequencing: GSM4217816: N13B Homo sapiens RNA-Seq;;;Kidney;;
PRJNA486023;14/03/2019;Fudan University Shanghai Cancer Center Triple Negative Breast Cancer (FUSCCTNBC);Homo sapiens;SRR8518134;SAMN09836900;Human sample from Homo sapiens;Human sample from Homo sapiens;Lib_FUSCCTNBC011.PT;Inverse rRNA;TRANSCRIPTOMIC;RNA-Seq;;PAIRED;;ILLUMINA;;;;;Paired normal breast tissue;;FUSCCTNBC011;;;HiSeq X Ten sequencing: RNAseq of Homo sapiens: triple negative breast cancer from FUSCCTNBC project;;tumor-adjacent;Breast;;
PRJNA939148;10/07/2023;Transcriptomes of human primary skin fibroblasts reveal age-associated mRNAs and long noncoding RNAs;Transcriptomes of human primary skin fibroblasts reveal age-associated mRNAs and long noncoding RNAs;SRR23630252;SAMN33458087;SKIN_AGE27_M_GR1_Gt142;SKIN_AGE27_M_GR1_Gt142;GSM7067572;cDNA;TRANSCRIPTOMIC;RNA-Seq;After expansion, total RNA was isolated using the Direct-zolTM RNA MiniPrep kit (Zymo Research) following the manufacturer's instruction. Ribo-RNA depletion with Low Input RiboMinus Eukaryote System v2 (Thermo Fisher Scientific). Ribo-RNA-depleted samples were then used for cDNA synthesis with Ovation® RNA-Seq System V2 (Nugen) following the manufacturer's protocol. Following cDNA fragmentation and size selection, libraries were prepared using Illumina TruSeq ChIP Library Preparation Kit (Illumina) according to manufacturer's protocol.;PAIRED;;ILLUMINA;;;primary skin fibroblasts;;;;;;;Illumina NovaSeq 6000 sequencing: GSM7067572: SKIN_AGE27_M_GR1_Gt142 Homo sapiens RNA-Seq;;;Cells - Cultured fibroblasts;;
PRJNA533799;30/10/2019;A Novel LincRNA HERES Epigenetically Regulates Wnt Signaling Pathway via Interaction with EZH2 in Esophageal Squamous Cell Carcinoma;A Novel LincRNA HERES Epigenetically Regulates Wnt Signaling Pathway via Interaction with EZH2 in Esophageal Squamous Cell Carcinoma;SRR10173255;SAMN12828226;Patient_19_normal;Patient_19_normal;0;cDNA;TRANSCRIPTOMIC;RNA-Seq;Total RNA was extracted from ESCC tissues using TRIzol reagent (Invitrogen) for construction of RNA-seq libraries. The sequencing library was prepared from 1 ug of total RNA using Illumina TruSeq Stranded Total RNA Library Prep Kit with Ribo-Zero Human/Mouse/Rat (RS-122-2203).;PAIRED;;ILLUMINA;;;;;ESCC;;;;;Illumina HiSeq 2000 sequencing: GSM4094351: Patient_19_normal Homo sapiens RNA-Seq;;tumor-adjacent;Esophagus;;
PRJNA263196;23/03/2015;RNA-Seq of the corpus callosum from 12 individuals;Homo sapiens;SRR1603661;SAMN03097499;RNA-seq of the corpus callosum #5308;RNA-seq of the corpus callosum #5308;;cDNA;TRANSCRIPTOMIC;RNA-Seq;Tissue blocks were provided from NICHD brain bank. Total RNA was extracted from flash frozen tissue samples using Trizol reagent. Then the total RNA was treated with RNase-Free DNase (Qiagen) followed by purification with RNeasy MinElute Cleanup Kit (Qiagen) following the manufacturer’s instructions. 2 µg of total RNA each sample was subject to RNA-seq library preparation with ScriptSeq™ Complete Gold Kit from Epicentre (Cat. # SCL24EP, Madison, WI) following the manufacturer’s instructions. In brief, ribosomal RNA was depleted from total RNA using Ribo-Zero magnetic beads, then the ribosomal RNA depleted RNA was purified and fragmented. Random primer tailed with Illumina adaptor was used to perform reverse transcription to get cDNA library. Adaptor sequence was added to the other end of cDNA library with a Terminal-Tagging step. cDNA library was amplified with Illumina primers provided with this kit. The product was size selected (350~500 bp) from 2% agarose E-gels (Invitrogen) and sequenced in 1 lane per sample on Illumina’s HiSeq 2000 platform.;PAIRED;;ILLUMINA;;;;;frozen postmortem brain from NICHD;;;;;Illumina HiSeq 2000 sequencing: GSM1519616: RNA-seq of the corpus callosum #5308 Homo sapiens RNA-Seq;;postmortem;Brain - Corpus Callosum;;
PRJNA270632;27/06/2015;Tissue-specific circular RNA induction during human fetal development;Homo sapiens;SRR1721307;SAMN03267779;Stomach_10wkA;Stomach_10wkA;;cDNA;TRANSCRIPTOMIC;RNA-Seq;Fetal tissue samples <100 mg in size were placed into DNase- and RNase-free 1.5 ml microfuge tubes containing 1 ml of RNAlater RNA Stabilization Reagent (Qiagen) within 1 hour of the pregnancy termination procedure. After storage at room temperature for a period of 24-72 h, excess RNAlater was removed from the microfuge tubes and the samples were placed in the -80oC freezer for storage until RNA isolation was performed. The tissues were lysed in mirVana (Life Technologies) lysis buffer, using a Mini-Beadbeater-16 (Biospec), with agitation for 1 min in the presence of 1 mm zirconia beads. Samples were then centrifuged at maximum speed in a tabletop microcentrifuge for 1 min and the lysed solution was transferred to a fresh microfuge tube. The remainder of the extraction was per the manufacturer's protocol for the mirVana kit (Life Technologies). Following RNA isolation (mirVana miRNA Isolation Kit, Life Technologies, Inc.), the RNA was quantified (Qubit RNA Assay Kit, Life Technologies, Inc.), and quality controlled (RNA6000 Nano Kit and BioAnalyzer 2100, Agilent). 200 ng to 1000 ng was used as input for the Illumina TruSeq Stranded Total RNA with Ribo-Zero Gold sample prep kit (Illumina, Inc.) and sequencing libraries were created according to the manufacturer’s protocol. Briefly, first both cytoplasmic and mitochondrial rRNA was removed by selectively hybridizing biotinylated probes to target sequences and using magnetic beads to capture the bound products. Following rRNA removal, the RNA was fragmented and copied into first strand cDNA using random primers and reverse transcriptase. Next, second strand cDNA synthesis was completed using DNA Polymerase I and RNase H. The cDNA was then ligated to Illumina supplied adapters and enriched with PCR to create the final cDNA libraries. The libraries were then pooled and sequenced on a HiSeq 2000 (Illumina, Inc.) instrument as per manufacturer’s instructions. Sequencing was performed up to 2 X 101 cycles.;PAIRED;;ILLUMINA;;;;;;;;;;Illumina HiSeq 2000 sequencing: GSM1567939: Stomach_10wkA Homo sapiens RNA-Seq;;fetal;Stomach;;
PRJNA454694;09/02/2019;Sequencing based maternal whole blood expression changes with gestational age and labor in normal pregnancy;Sequencing based maternal whole blood expression changes with gestational age and labor in normal pregnancy;SRR7094293;SAMN09011911;Sample_32 [RNA-seq];Sample_32 [RNA-seq];;cDNA;TRANSCRIPTOMIC;RNA-Seq;RNA was isolated from  PAXgene® Blood RNA collection tube (BD 762165) as described in the PAXgene® Blood miRNA Kit Handbook (December, 2015). Purified RNA was quantified by UV spectrophotometry using the DropSense96® Microplate Spectrophotometer (Trinean) and quality assessed by microfluidics using the RNA ScreenTape on the Agilent 2200 TapeStation. Starting with 500 ng of total RNA, cDNA library templates were synthesized using the Illumina TruSeq® Stranded Total RNA LT (Set A) Kit with Ribo-Zero Globin rRNA reduction, as described in the TruSeq® Stranded Total RNA Sample Preparation Guide (Rev. E, October 2013). Libraries were validated using the HS D1000 ScreenTape on the Agilent 2200 TapeStation, and quantified on the Qubit® 2.0 Fluorometer by the Qubit® dsDNA HS Assay (ThermoFisher). The Illumina HiSeq 2500 instrument was used to cluster the samples onto the flow cell. The pools were put on at 10pM and run in rapid mode at 2×100 paired end. Illumina HiSeq Rapid PE Cluster kit V2 and HiSeq Rapid SBS kit v2 200 cycles was used.;PAIRED;;ILLUMINA;;;;;;;;;;Illumina HiSeq 2500 sequencing: GSM3124809: Sample_32 [RNA-seq] Homo sapiens RNA-Seq;;;Blood - Whole blood;;
PRJNA908818;25/06/2023;Effect of cigarette smoking on gene expression of peripheral blood B cells and on transcriptome changes by naïve-to-memory B cell shift;Effect of cigarette smoking on gene expression of peripheral blood B cells and on transcriptome changes by naïve-to-memory B cell shift;SRR22532369;SAMN32045262;;;GSM6788592;cDNA;TRANSCRIPTOMIC;RNA-Seq;Granulocytes were isolated directly from whole blood using anti-CD15+ antibody–coated magnetic beads following the protocol (Invitrogen). Density gradient centrifugation using Histopaque-1077 Ficoll medium and Accuspin™ Tubes (Sigma-Aldrich) was used to isolate the mononuclear layer of CD19+ B cells using antibody-coated magnetic beads (Invitrogen). RNA was harvested using RNeasy mini plus kit (Qiagen). Aliquots of RNA (375 ng) were used to generate poly-adenylated RNA libraries with TruSeq Stranded Total RNA Ribo-Zero Human Gold kit (Illumina). Samples were indexed with NEXTfle-96 RNA-Seq Barcodes (Bioo-scientific, Austin, TX).;PAIRED;;ILLUMINA;;;;;;;;;;Illumina NovaSeq 6000 sequencing: GSM6788592: F173-1_Bcell_Smoker Homo sapiens RNA-Seq;some smokers;;Blood - Granulocyte;;
PRJNA669882;24/10/2020;SMA cases and postnatal controls from spinal cord, diaphragm and iliopsoas tissues;SMA cases and postnatal controls from spinal cord, diaphragm and iliopsoas tissues;SRR12844810;SAMN16480207;CNTL95-04-SC;CNTL95-04-SC;;cDNA;TRANSCRIPTOMIC;RNA-Seq;The total RNA was then extracted RNeasy Plus Mini Kit according to manufacturer's instructions The RNA-seq libraries were prepared using TruSeq Stranded Total RNA Library Prep Kit with Ribo-Zero Gold;PAIRED;;ILLUMINA;;;;;Spinal Cord;;;;;Illumina HiSeq 2500 sequencing: GSM4836572: CNTL95-04-SC Homo sapiens RNA-Seq;;;Brain - Spinal cord;;
PRJEB42969;21/03/2022;This study was conducted to understand the genomics of progression of oral precancerous lesion (leukoplakia) to malignant oral tumor.;Genomic study of gingivobuccal oral cancer progression from oral precancerous lesion.;ERR5285523;SAMEA8045534;Adjacent normal;Adjacent normal;Truseq;Inverse rRNA selection;TRANSCRIPTOMIC;RNA-Seq;Illumina Truseq RNA sample preparation;PAIRED;;ILLUMINA;;;;;;;;;;Illumina HiSeq 2500 paired end sequencing;;tumor-adjacent;Mouth;;
PRJDB10737;21/01/2022;Transcriptomic Landscape of Gallbladder Cancer for Molecular Classification and Tumor Microenvironment Characterization;Homo sapiens;DRR253280;SAMD00254780;GBN3_normal_gallbladder_RNA;GBN3_normal_gallbladder_RNA;;Inverse rRNA;TRANSCRIPTOMIC;RNA-Seq;KAPA RNA HyperPrep Kit with RiboErase;PAIRED;;ILLUMINA;;;;;gallbladder mucosa;;GBN3;;;Illumina HiSeq 2500 paired end sequencing: Illumina HiSeq 2500 paired end sequencing of SAMD00254780;;;Gallbladder - Mucosa;;
PRJNA726237;17/11/2021;Ischemic heart disease selectively modifies the right atrial appendage transcriptome;Ischemic heart disease selectively modifies the right atrial appendage transcriptome;SRR14362347;SAMN18926133;(ICA)-positive IHD undergoing coronary artery bypass surgery, 03-12-14-OL;(ICA)-positive IHD undergoing coronary artery bypass surgery, 03-12-14-OL;;cDNA;TRANSCRIPTOMIC;RNA-Seq;During cardiac surgery, a biopsy sample of the RAA was collected from each patient. Tissue samples were collected at the cannulation site, the insertion site of the venous line for the heart–lung machine. Dissected biopsies were briefly washed in ice-cold sterile saline, cut into 0.5 cm thick tissue pieces, and immersed into 3 ml of RNAlater (Sigma Aldrich, Merck KGaA, Darmstadt, Germany) to inactivate RNAses and stabilize RNA. Samples were let to stabilize at +4°C for one day and stored at under -70°C until processing. Total RNA was isolated from RAA biopsies via initial ice-cold tissue homogenization using a Precellys 24 tissue homogenizer equipped with the Cryolys cooling option (Bertin Technologies SAS, Montigny-le-Bretonneux, France) followed by RNA isolation using combined QIAzol / chloroform extraction and Qiagen RNeasy mini spin column purification according to the manufacturer's instructions (Qiagen, Venlo, Netherlands). The sample RNA integrity number (RIN mean 7.95 ± 0.55 range 7.1–9.0) and total quantity (mean 3069.55 ± 1141.08 ng range 867.8–6855.0 ng) was evaluated in the Functional Genomics Unit (FuGU, University of Helsinki, Helsinki, Finland). Isolated total RNA was stored at under -70oC until sequencing. Ribosomal RNA was removed using the Ribo-ZeroTM Magnetic kit (Illumina Inc, San Diego, CA). RNA libraries were prepared for sequencing using standard Illumina protocols;PAIRED;;ILLUMINA;;;;;Heart (Atrial Appendage);;;;;Illumina HiSeq 4000 sequencing: GSM5271524: (ICA)-positive IHD undergoing coronary artery bypass surgery, 03-12-14-OL Homo sapiens RNA-Seq;;non-cancer disease;Heart - Atrial appendage;;
PRJNA901461;02/02/2023;COVID-19 patient samples collected by the PREDICT-19 consortium;COVID-19 patient samples collected by the PREDICT-19 consortium;SRR22283270;SAMN31714429;Whole blood, healthy control, rep 49;Whole blood, healthy control, rep 49;;cDNA;TRANSCRIPTOMIC;RNA-Seq;Total RNA was isolated from whole blood samples stored and stabilized in PAXgene RNA tubes according to the manufacturer's guidelines (PreAnalytiX) Libraries were prepared with 300ng of total RNA per sample using the Illumina Stranded Total RNA Prep with Ribo-Zero Plus (RZP) as per manufacturer instructions (Illumina, CA, USA).;PAIRED;;ILLUMINA;;;;;Whole blood;;;;;Illumina NovaSeq 6000 sequencing: GSM7507785: Whole blood, COVID positive, rep 322 Homo sapiens RNA-Seq;;;Blood - Whole Blood;;
PRJNA318642;11/08/2016;Transcriptome profiling of the human dorsal striatum in bipolar disorder;Homo sapiens;SRR3393521;SAMN04859304;bipolar-25;bipolar-25;;cDNA;TRANSCRIPTOMIC;RNA-Seq;Frozen postmortem dorsal striatum samples were transferred to RNAlater-ICE (Ambion) and stored at -20C upon receipt. Total RNA was extracted from dissected caudate-putamen tissue by Trizol (Life Technologies), column-purified by the RNeasy Lipid Tissue Kit (Qiagen) and treated with the Turbo DNA-free Kit (Life Technologies). RNA samples were assayed on the BioAnalyzer (Agilent, Santa Clara, CA) to obtain RNA integrity number (RIN) values. Ribosomal RNA (rRNA) was depleted from samples using the RiboMinus Eukaryote Kit v2 (Life Technologies). Strand-specific cDNA libraries were made using the Next Ultra Directional RNA Library Prep Kit (NEB) and sequenced on the Illumina HiSeq2000.;SINGLE;;ILLUMINA;;;;;;;;;;Illumina HiSeq 2000 sequencing: GSM2124767: bipolar-25 Homo sapiens RNA-Seq;;postmortem;Brain - Dorsal Striatum;;
PRJNA263196;23/03/2015;RNA-Seq of the corpus callosum from 12 individuals;Homo sapiens;SRR1603662;SAMN03097500;RNA-seq of the corpus callosum #5144;RNA-seq of the corpus callosum #5144;;cDNA;TRANSCRIPTOMIC;RNA-Seq;Tissue blocks were provided from NICHD brain bank. Total RNA was extracted from flash frozen tissue samples using Trizol reagent. Then the total RNA was treated with RNase-Free DNase (Qiagen) followed by purification with RNeasy MinElute Cleanup Kit (Qiagen) following the manufacturer’s instructions. 2 µg of total RNA each sample was subject to RNA-seq library preparation with ScriptSeq™ Complete Gold Kit from Epicentre (Cat. # SCL24EP, Madison, WI) following the manufacturer’s instructions. In brief, ribosomal RNA was depleted from total RNA using Ribo-Zero magnetic beads, then the ribosomal RNA depleted RNA was purified and fragmented. Random primer tailed with Illumina adaptor was used to perform reverse transcription to get cDNA library. Adaptor sequence was added to the other end of cDNA library with a Terminal-Tagging step. cDNA library was amplified with Illumina primers provided with this kit. The product was size selected (350~500 bp) from 2% agarose E-gels (Invitrogen) and sequenced in 1 lane per sample on Illumina’s HiSeq 2000 platform.;PAIRED;;ILLUMINA;;;;;frozen postmortem brain from NICHD;;;;;Illumina HiSeq 2000 sequencing: GSM1519617: RNA-seq of the corpus callosum #5144 Homo sapiens RNA-Seq;;postmortem;Brain - Corpus Callosum;;
PRJNA637378;23/09/2020;Non-CG methylation and multiple epigenetic layers associate child abuse with immune and small GTPase dysregulation;Non-CG methylation and multiple epigenetic layers associate child abuse with immune and small GTPase dysregulation;SRR11927162;SAMN15104732;Lateral amygdala, S31, RNAseq;Lateral amygdala, S31, RNAseq;;cDNA;TRANSCRIPTOMIC;RNA-Seq;TrueSeq Stranded Total RNA Sample Preparation + Ribo-Zero Gold kits (Illumina);PAIRED;;ILLUMINA;;;;;Lateral Amygdala (human brain tissue);;;;;Illumina HiSeq 2000 sequencing: GSM4591843: Lateral amygdala, S31, RNAseq Homo sapiens RNA-Seq;;;Brain - Amygdala;;
PRJNA668929;18/06/2021;Effect of age on human retinal pigment epithelium (RPE) transcriptome;Effect of age on human retinal pigment epithelium (RPE) transcriptome;SRR12817261;SAMN16427610;donor1;donor1;;cDNA;TRANSCRIPTOMIC;RNA-Seq;RNeasy Plus Mini kit Ribosomal RNA was depleted from total RNA using the Ribo-Zero rRNA Removal kit. Library preparation performed using Illumina HiSeq 2000.;PAIRED;;ILLUMINA;;;;;;;;;;Illumina HiSeq 2000 sequencing: GSM4829762: donor1 Homo sapiens RNA-Seq;;;Eye - Retina;;
PRJNA997353;22/12/2023;Race-specific coregulatory and transcriptomic profiles associated with DNA methylation and androgen receptor in prostate cancer [RNA-Seq];Race-specific coregulatory and transcriptomic profiles associated with DNA methylation and androgen receptor in prostate cancer [RNA-Seq];SRR25387857;SAMN36678742;PT-00196174_NT_EA;PT-00196174_NT_EA;GSM7657536;cDNA;TRANSCRIPTOMIC;RNA-Seq;Illumina TruSeq Stranded Total RNA Library Prep Kit with Ribo-Zero Gol RNA libraries were prepared for sequencing using standard Illumina protocols;PAIRED;;ILLUMINA;;;;;prostate;;;;;Illumina HiSeq 2500 sequencing: GSM7657536: PT-00196174_NT_EA Homo sapiens RNA-Seq;;tumor-adjacent;Prostate;;
PRJNA939148;12/07/2023;Transcriptomes of human primary skin fibroblasts reveal age-associated mRNAs and long noncoding RNAs;Transcriptomes of human primary skin fibroblasts reveal age-associated mRNAs and long noncoding RNAs;SRR23630194;SAMN33458047;SKIN_AGE57_M_GR3_Gt004;SKIN_AGE57_M_GR3_Gt004;GSM7067612;cDNA;TRANSCRIPTOMIC;RNA-Seq;After expansion, total RNA was isolated using the Direct-zolTM RNA MiniPrep kit (Zymo Research) following the manufacturer's instruction. Ribo-RNA depletion with Low Input RiboMinus Eukaryote System v2 (Thermo Fisher Scientific). Ribo-RNA-depleted samples were then used for cDNA synthesis with Ovation® RNA-Seq System V2 (Nugen) following the manufacturer's protocol. Following cDNA fragmentation and size selection, libraries were prepared using Illumina TruSeq ChIP Library Preparation Kit (Illumina) according to manufacturer's protocol.;PAIRED;;ILLUMINA;;;primary skin fibroblasts;;;;;;;Illumina NovaSeq 6000 sequencing: GSM7067612: SKIN_AGE57_M_GR3_Gt004 Homo sapiens RNA-Seq;;;Cells - Cultured fibroblasts;;
PRJNA901461;02/02/2023;COVID-19 patient samples collected by the PREDICT-19 consortium;COVID-19 patient samples collected by the PREDICT-19 consortium;SRR22283231;SAMN31714280;Whole blood, healthy control, rep 10;Whole blood, healthy control, rep 10;;cDNA;TRANSCRIPTOMIC;RNA-Seq;Total RNA was isolated from whole blood samples stored and stabilized in PAXgene RNA tubes according to the manufacturer's guidelines (PreAnalytiX) Libraries were prepared with 300ng of total RNA per sample using the Illumina Stranded Total RNA Prep with Ribo-Zero Plus (RZP) as per manufacturer instructions (Illumina, CA, USA).;PAIRED;;ILLUMINA;;;;;Whole blood;;;;;Illumina NovaSeq 6000 sequencing: GSM7507667: Whole blood, COVID positive, rep 204 Homo sapiens RNA-Seq;;;Blood - Whole Blood;;
PRJDB12535;03/12/2021;RNA-seq of HCCs;Homo sapiens;DRR326898;SAMD00414265;HCC-421N;normal;;Inverse rRNA;TRANSCRIPTOMIC;RNA-Seq;;PAIRED;;ILLUMINA;;;;;;;;;;NextSeq 500 paired end sequencing: NextSeq 500 paired end sequencing of SAMD00414256;;;Liver;;
PRJNA901461;02/02/2023;COVID-19 patient samples collected by the PREDICT-19 consortium;COVID-19 patient samples collected by the PREDICT-19 consortium;SRR22283256;SAMN31714415;Whole blood, healthy control, rep 35;Whole blood, healthy control, rep 35;;cDNA;TRANSCRIPTOMIC;RNA-Seq;Total RNA was isolated from whole blood samples stored and stabilized in PAXgene RNA tubes according to the manufacturer's guidelines (PreAnalytiX) Libraries were prepared with 300ng of total RNA per sample using the Illumina Stranded Total RNA Prep with Ribo-Zero Plus (RZP) as per manufacturer instructions (Illumina, CA, USA).;PAIRED;;ILLUMINA;;;;;Whole blood;;;;;Illumina NovaSeq 6000 sequencing: GSM7507740: Whole blood, COVID positive, rep 277 Homo sapiens RNA-Seq;;;Blood - Whole Blood;;
PRJNA908818;25/06/2023;Effect of cigarette smoking on gene expression of peripheral blood B cells and on transcriptome changes by naïve-to-memory B cell shift;Effect of cigarette smoking on gene expression of peripheral blood B cells and on transcriptome changes by naïve-to-memory B cell shift;SRR22532392;SAMN32045284;;;GSM6788570;cDNA;TRANSCRIPTOMIC;RNA-Seq;Granulocytes were isolated directly from whole blood using anti-CD15+ antibody–coated magnetic beads following the protocol (Invitrogen). Density gradient centrifugation using Histopaque-1077 Ficoll medium and Accuspin™ Tubes (Sigma-Aldrich) was used to isolate the mononuclear layer of CD19+ B cells using antibody-coated magnetic beads (Invitrogen). RNA was harvested using RNeasy mini plus kit (Qiagen). Aliquots of RNA (375 ng) were used to generate poly-adenylated RNA libraries with TruSeq Stranded Total RNA Ribo-Zero Human Gold kit (Illumina). Samples were indexed with NEXTfle-96 RNA-Seq Barcodes (Bioo-scientific, Austin, TX).;PAIRED;;ILLUMINA;;;;;;;;;;Illumina NovaSeq 6000 sequencing: GSM6788570: F043-1_Bcell_nonSmoker Homo sapiens RNA-Seq;some smokers;;Blood - Granulocyte;;
PRJNA742971;12/11/2022;A resource for integrated genomic analysis of the human liver;A resource for integrated genomic analysis of the human liver;SRR15013653;SAMN19988480;SJLB633;SJLB633;;cDNA;TRANSCRIPTOMIC;RNA-Seq;Total RNA was extracted from tissue homogenized in TRIzol reagent, followed by Qiagen RNAeasy cleanup mRNA libraries were prepared using the Illuminia TruSeq Stranded Total RNA with Ribo-Zero protocol;PAIRED;;ILLUMINA;;;;;liver;;;;;Illumina HiSeq 2000 sequencing: GSM5412285: SJLB633 Homo sapiens RNA-Seq;check ribozero;likely postmportem;Liver;;
PRJEB42969;21/03/2022;This study was conducted to understand the genomics of progression of oral precancerous lesion (leukoplakia) to malignant oral tumor.;Genomic study of gingivobuccal oral cancer progression from oral precancerous lesion.;ERR5285559;SAMEA8045570;Adjacent normal;Adjacent normal;Truseq;Inverse rRNA selection;TRANSCRIPTOMIC;RNA-Seq;Illumina Truseq RNA sample preparation;PAIRED;;ILLUMINA;;;;;;;;;;Illumina HiSeq 2500 paired end sequencing;;tumor-adjacent;Mouth;;
PRJNA901461;02/02/2023;COVID-19 patient samples collected by the PREDICT-19 consortium;COVID-19 patient samples collected by the PREDICT-19 consortium;SRR22283225;SAMN31714271;Whole blood, healthy control, rep 4;Whole blood, healthy control, rep 4;;cDNA;TRANSCRIPTOMIC;RNA-Seq;Total RNA was isolated from whole blood samples stored and stabilized in PAXgene RNA tubes according to the manufacturer's guidelines (PreAnalytiX) Libraries were prepared with 300ng of total RNA per sample using the Illumina Stranded Total RNA Prep with Ribo-Zero Plus (RZP) as per manufacturer instructions (Illumina, CA, USA).;PAIRED;;ILLUMINA;;;;;Whole blood;;;;;Illumina NovaSeq 6000 sequencing: GSM7507749: Whole blood, COVID positive, rep 286 Homo sapiens RNA-Seq;;;Blood - Whole Blood;;
PRJNA326252;04/08/2016;Genome-wide expression screening discloses long noncoding RNAs involved in thyroid carcinogenesis;Homo sapiens;SRR3703021;SAMN05272477;Case4_N;Case4_N;;cDNA;TRANSCRIPTOMIC;RNA-Seq;Total RNA was isolated using TRIzol reagent (Invitrogen) according to the manufacturer's instructions. The purity of extracted RNA was measured using a NanoDrop ND- 1000 spectrophotometer (NanoDrop Technologies, Inc., Wilmington, DE) and the concentration was assessed with Qubit 2.0 Fluorometer (Agilent Technologies, Santa Clara, CA) using an RNA HS Assay Kit. Samples with RNA Integrity Number (RIN) greater than 4 as assessed by a BioAnalyzer (Agilent) with no visible sign of genomic DNA contamination from the HS Nanochip tracings were used for total RNA library generation. Used the Illumina TruSeq Stranded Total RNA Sample Prep Kit with Ribo-Zero Gold (catalog #RS-122-2201), which transformed RNA into cDNA. This kit employed Ribo-Zero to remove rRNA and mitochondrial RNA prior to library preparation. The protocol consisted of random primer and stranded RNA extraction, RNA fragmentation, reverse transcription, and 100bp paired-125 end sequencing using the Illumina HiSeq 2500 system.;PAIRED;;ILLUMINA;;;;;Noncancerous tissue;;;;;Illumina HiSeq 2500 sequencing: GSM2205849: Case4_N Homo sapiens RNA-Seq;;;Thyroid Gland;;
PRJNA625391;15/04/2020;RNA-seq of matched adjacent normal and primary tumor samples from 33 HCC patients;;SRR11547386;SAMN14599323;Human sample from Homo sapiens;Human sample from Homo sapiens;59;Inverse rRNA;TRANSCRIPTOMIC;RNA-Seq;;PAIRED;;ILLUMINA;;;;;Liver tissue;;normal;;;Illumina HiSeq 2500 sequencing: RNA-Seq of Homo sapiens :liver;;;Liver;;
PRJNA633861;01/07/2020;Transcriptomic changes of sigmoidal gut biopsies in psoriasis patients and healthy subjects;Transcriptomic changes of sigmoidal gut biopsies in psoriasis patients and healthy subjects;SRR11812193;SAMN14972282;7369: Healthy.11;7369: Healthy.11;;cDNA;TRANSCRIPTOMIC;RNA-Seq;RNA was isolated using the RNeasy Plus Universal Kits (Qiagen) and processed as per manufacturer's instructions. libraries were prepared using the TruSeq Stranded Total RNA Library Prep kit (Illumina) with Ribo-Zero Gold, according to the manufacturer's instructions.;PAIRED;;ILLUMINA;;;;;sigmoidal colon;;;;;Illumina HiSeq 4000 sequencing: GSM4559712: 7369: Healthy.11 Homo sapiens RNA-Seq;;;Colon, Sigmoid colon;;
PRJNA695543;01/02/2021;Transcriptome analysis discloses dysregulated genes in normal appearing tumor-adjacent thyroid tissues from patients with papillary thyroid carcinoma;Transcriptome analysis discloses dysregulated genes in normal appearing tumor-adjacent thyroid tissues from patients with papillary thyroid carcinoma;SRR13572968;SAMN17616020;N Rep57;N Rep57;;cDNA;TRANSCRIPTOMIC;RNA-Seq;Total RNA was isolated using TRIzol reagent (Invitrogen) according to the manufacturer's instructions. The purity of extracted RNA was measured using a NanoDrop ND-1000 spectrophotometer (NanoDrop Technologies, Inc., Wilmington, DE) and the concentration was assessed with Qubit 2.0 Fluorometer (Agilent Technologies, Santa Clara, CA) using an RNA HS Assay Kit. Samples with RNA Integrity Number (RIN) greater than 4 as assessed by a BioAnalyzer (Agilent) with no visible sign of genomic DNA contamination from the HS Nanochip tracings were used for total RNA library generation. RNA-seq libraries were prepared using the Illumina TruSeq Stranded Total RNA Sample Prep Kit with Ribo-Zero Gold (catalog #RS-122-2201) according to the manufacturer protocol. The sequencing was performed in paired end manner, generating 2 X 100 bp paired-end reads using the Illumina HiSeq 2500 system. Pre-alignment data QC were assessed with FastQC. Post-alignment data quality was assessed with an in-house quality control pipeline/database for RNA-seq database (14). RNA-seq data were trimmed for any adapter sequences using Adapter Removal (15).;PAIRED;;ILLUMINA;;;;;"Normal appearing thyroid tissue adjacent to PTC tumor;Thyroid";;;;;Illumina HiSeq 2500 sequencing: GSM5048761: NAT Rep10 Homo sapiens RNA-Seq;;tumor-adjacent;Thyroid Gland;;
PRJNA574470;12/05/2020;Hippocampal Subfield Transcriptome Analysis in Schizophrenia Psychosis;Hippocampal Subfield Transcriptome Analysis in Schizophrenia Psychosis;SRR10192685;SAMN12858886;DG_CTL_0818;DG_CTL_0818;;1;TRANSCRIPTOMIC;RNA-Seq;Total RNA was extracted and purified using a protocol combining Trizol and chloroform extraction, the GeneJET RNA Purification Kit, and a motorized mini-pestle vibrator for tissue homogenization. RNA purity and concentration were assessed on the Nanodrop spectrophotometer and Agilent2100 Bioanalyzer for RNA Integrity number (RIN) determination. Total RNA was rRNA ribo-depleted, and strand-specific cDNA libraries were synthesized before sequencing on an Illumina HiSeq 2500 sequencer. Stranded, single-end 50-base-pair reads were generated for the preliminary CA3 cohort data. Stranded paired-end 100-base-pair reads were generated for additional cohorts. Libraries and sequencing were performed at the UTSW McDermott Sequencing Core and UTSW Genomics & Microarray Core.;PAIRED;;ILLUMINA;;;;;hippocampus;;;;;Illumina HiSeq 2500 sequencing: GSM4098949: DG_CTL_0818 Homo sapiens RNA-Seq;;;Brain - Hippocampus;;
PRJNA496323;27/01/2019;Atopic Dermatitis, Psoriasis and healthy control RNA-seq cohort;Atopic Dermatitis, Psoriasis and healthy control RNA-seq cohort;SRR8052772;SAMN10238606;CTRL_030_healthy;CTRL_030_healthy;;cDNA;TRANSCRIPTOMIC;RNA-Seq;5mm skin punch biopsies were stored in PaxGene tissue containers (PreAnalytiX) at -80°C until isolation of total RNA with the Qiagen AllPrep DNA/RNA Mini Kit preceded by an additional disruption/homogenization step with innuSPEED Lysis Tubes W (Analytik Jena) and Qiagen QIAshredder spin-columns. RNA samples were prepared for sequencing using the Illumina Truseq® Stranded total RNA Protocol in combination with the RiboZero rRNA removal Kit and sequenced on the HiSeq2500 with 2x125bp.;PAIRED;;ILLUMINA;;;;;;;;;;Illumina HiSeq 2500 sequencing: GSM3427932: CTRL_030_healthy Homo sapiens RNA-Seq;;Healthy;Skin;;
PRJEB42969;21/03/2022;This study was conducted to understand the genomics of progression of oral precancerous lesion (leukoplakia) to malignant oral tumor.;Genomic study of gingivobuccal oral cancer progression from oral precancerous lesion.;ERR5285499;SAMEA8045509;Adjacent normal;Adjacent normal;Truseq;Inverse rRNA selection;TRANSCRIPTOMIC;RNA-Seq;Illumina Truseq RNA sample preparation;PAIRED;;ILLUMINA;;;;;;;;;;Illumina HiSeq 2500 paired end sequencing;;tumor-adjacent;Mouth;;
PRJNA637378;23/09/2020;Non-CG methylation and multiple epigenetic layers associate child abuse with immune and small GTPase dysregulation;Non-CG methylation and multiple epigenetic layers associate child abuse with immune and small GTPase dysregulation;SRR11927147;SAMN15104750;Lateral amygdala, S16, RNAseq;Lateral amygdala, S16, RNAseq;;cDNA;TRANSCRIPTOMIC;RNA-Seq;TrueSeq Stranded Total RNA Sample Preparation + Ribo-Zero Gold kits (Illumina);PAIRED;;ILLUMINA;;;;;Lateral Amygdala (human brain tissue);;;;;Illumina HiSeq 2000 sequencing: GSM4591828: Lateral amygdala, S16, RNAseq Homo sapiens RNA-Seq;;;Brain - Amygdala;;
PRJNA637378;27/01/2021;Non-CG methylation and multiple epigenetic layers associate child abuse with immune and small GTPase dysregulation;Non-CG methylation and multiple epigenetic layers associate child abuse with immune and small GTPase dysregulation;SRR13485949;SAMN17384640;Anterior Cingulate cortex, sbb26, RNAseq;Anterior Cingulate cortex, sbb26, RNAseq;;cDNA;TRANSCRIPTOMIC;RNA-Seq;TrueSeq Stranded Total RNA Sample Preparation + Ribo-Zero Gold kits (Illumina);PAIRED;;ILLUMINA;;;;;Anterior Cingulate cortex (human brain tissue);;;;;Illumina HiSeq 2000 sequencing: GSM5026573: Anterior Cingulate cortex, sbb26, RNAseq Homo sapiens RNA-Seq;;;Brain - Anterior cingulate cortex;;
PRJNA997243;23/07/2023;Comparing transcriptional profiles of skin biopsies from healthy controls and subjects with chronic pruritus of unknown origin and atopic dermatitis;Comparing transcriptional profiles of skin biopsies from healthy controls and subjects with chronic pruritus of unknown origin and atopic dermatitis;SRR25383765;SAMN36674058;Skin_HC_3;Skin_HC_3;GSM7656532;cDNA;TRANSCRIPTOMIC;RNA-Seq;Human skin tissues were obtained as 4 mm punch biopsies or de-identified surgical tissue and stored in RNAlater at -80C before processing. To extract whole tissue RNA, samples were homogenized using a bead homogenizer and processed using the QIAGEN RNeasy Kit following the manufacturer's instructions. Following total RNA extraction, samples were treated with DNase (Turbo DNA-Free Kit, Invitrogen) following the manufacturer's instructions. Library preparation was performed with 1 ug of total RNA, and RNA integrity was determined using an Agilent Bioanalyzer. Ribosomal RNA was removed by a hybridization method using Ribo-ZERO kits (Illumina). mRNA was then fragmented in buffer containing 40 mM Tris acetate (pH 8.2), 100 mM potassium acetate, and 30 mM magnesium acetate and heated to 94C for 150 s. mRNA was reverse transcribed to yield cDNA using SuperScript III RT enzyme (Invitrogen, per manufacturer's instructions) and random hexamers. A second strand reaction was performed to yield ds-cDNA. cDNA was blunt ended, had an A base added to the 3 prime ends, and then had Illumina sequencing adapters ligated to the ends. Ligated fragments were then amplified for 12 cycles using primers incorporating unique index tags.;SINGLE;;ILLUMINA;;;;;skin;;;;;Illumina HiSeq 3000 sequencing: GSM7656532: Skin_HC_3 Homo sapiens RNA-Seq;healthy;healthy;Skin;;
PRJNA253002;19/11/2015;Human cortical transcriptome informs brain imaging;Homo sapiens;SRR1424674;SAMN02866071;Human_1581_BA22_11;Human_1581_BA22_11;;cDNA;TRANSCRIPTOMIC;RNA-Seq;All RNA samples were examined for quantity and quality by NanoDrop and Bioanalyzer (Agilent). Samples were randomized for RNA extractions and sequencing. 5ug of total RNA were treated with a Ribominus column according to the manufacturer’s instructions to remove ribosomal RNA. Libraries were prepared using an Illumina TruSeq kit according to the manufacturer’s instructions.;SINGLE;;ILLUMINA;;;;;;;;;;Illumina HiSeq 2000 sequencing: GSM1414947: Human_1581_BA22_11 Homo sapiens RNA-Seq;;;Brain - Superior Temporal Gyrus;;
PRJNA768868;06/01/2022;Transcriptomics of receptive endometrium in women with sonographic features of adenomyosis;Transcriptomics of receptive endometrium in women with sonographic features of adenomyosis;SRR16212314;SAMN22068492;K11;K11;;cDNA;TRANSCRIPTOMIC;RNA-Seq;Retrieved endometrial samples were immediately placed in RNAlater solution (Thermo Fisher Scientific Baltics UAB, Vilnius, Lithuania), stored overnight at +4 °C and then transferred to –80 °C. Total RNA was isolated using the miRNeasy Mini Kit (Qiagen GmbH, Hilden, Germany) according to the manufacturer's instructions. Each whole-tissue endometrial sample was first disrupted with a Bullet Blender Storm Pro homogenizer (Next Advance, lnc., Troy, NY, USA) using 1 mm zirconium oxide beads in 700 µL of QIAzol Lysis Reagent from the miRNeasy Mini Kit. Both lncRNA and mRNA 150 bp paired-end libraries were constructed and subsequently sequenced by Novogene Bioinformatics Technology Co., Ltd. (Hong Kong, China). Briefly, a total amount of 2 µg of RNA per sample was used for cDNA sequencing library preparation. Ribosomal RNA (rRNA) was removed using the Epicentre Ribo-zeroTM rRNA Removal Kit (Epicentre, Brooklyn, NY, USA), and the remaining RNA was used for library generation by the NEBNext® UltraTM Directional RNA Library Prep Kit for Illumina® (NEB, Ipswich, MA, USA). First, rRNA-depleted RNA samples were fragmented followed by first- and second-strand cDNA synthesis. The sequencing adaptors were ligated, and library fragments were purified to obtain cDNA fragments 150~200 bp in length. Polymerase chain reaction (PCR) amplification of size-selected, adaptor-ligated cDNA was performed using universal PCR primers and index primers. Index-coded samples were clustered by Illumina TruSeq PE Cluster Kit v3-cBot-Hs. Libraries were sequenced on an Illumina NovaSeq 6000 platform, which generated 150 bp paired-end reads.;PAIRED;;ILLUMINA;;;;;;;;;;Illumina NovaSeq 6000 sequencing: GSM5613995: K11 Homo sapiens RNA-Seq;;;Uterus - Endometrium;;
PRJNA253002;19/11/2015;Human cortical transcriptome informs brain imaging;Homo sapiens;SRR1424679;SAMN02866085;Human_1905_BA22_12;Human_1905_BA22_12;;cDNA;TRANSCRIPTOMIC;RNA-Seq;All RNA samples were examined for quantity and quality by NanoDrop and Bioanalyzer (Agilent). Samples were randomized for RNA extractions and sequencing. 5ug of total RNA were treated with a Ribominus column according to the manufacturer’s instructions to remove ribosomal RNA. Libraries were prepared using an Illumina TruSeq kit according to the manufacturer’s instructions.;SINGLE;;ILLUMINA;;;;;;;;;;Illumina HiSeq 2000 sequencing: GSM1414952: Human_1905_BA22_12 Homo sapiens RNA-Seq;;;Brain - Superior Temporal Gyrus;;
PRJEB42969;21/03/2022;This study was conducted to understand the genomics of progression of oral precancerous lesion (leukoplakia) to malignant oral tumor.;Genomic study of gingivobuccal oral cancer progression from oral precancerous lesion.;ERR5285526;SAMEA8045537;Adjacent normal;Adjacent normal;Truseq;Inverse rRNA selection;TRANSCRIPTOMIC;RNA-Seq;Illumina Truseq RNA sample preparation;PAIRED;;ILLUMINA;;;;;;;;;;Illumina HiSeq 2500 paired end sequencing;;tumor-adjacent;Mouth;;
PRJNA742971;12/11/2022;A resource for integrated genomic analysis of the human liver;A resource for integrated genomic analysis of the human liver;SRR15013468;SAMN19988501;SJLB767;SJLB767;;cDNA;TRANSCRIPTOMIC;RNA-Seq;Total RNA was extracted from tissue homogenized in TRIzol reagent, followed by Qiagen RNAeasy cleanup mRNA libraries were prepared using the Illuminia TruSeq Stranded Total RNA with Ribo-Zero protocol;PAIRED;;ILLUMINA;;;;;liver;;;;;Illumina HiSeq 2000 sequencing: GSM5412325: SJLB767 Homo sapiens RNA-Seq;check ribozero;likely postmportem;Liver;;
PRJNA637378;27/01/2021;Non-CG methylation and multiple epigenetic layers associate child abuse with immune and small GTPase dysregulation;Non-CG methylation and multiple epigenetic layers associate child abuse with immune and small GTPase dysregulation;SRR13485926;SAMN17384651;Anterior Cingulate cortex, sbb3, RNAseq;Anterior Cingulate cortex, sbb3, RNAseq;;cDNA;TRANSCRIPTOMIC;RNA-Seq;TrueSeq Stranded Total RNA Sample Preparation + Ribo-Zero Gold kits (Illumina);PAIRED;;ILLUMINA;;;;;Anterior Cingulate cortex (human brain tissue);;;;;Illumina HiSeq 2000 sequencing: GSM5026550: Anterior Cingulate cortex, sbb3, RNAseq Homo sapiens RNA-Seq;;;Brain - Anterior cingulate cortex;;
PRJNA742971;12/11/2022;A resource for integrated genomic analysis of the human liver;A resource for integrated genomic analysis of the human liver;SRR15013668;SAMN19988465;SJLB713;SJLB713;;cDNA;TRANSCRIPTOMIC;RNA-Seq;Total RNA was extracted from tissue homogenized in TRIzol reagent, followed by Qiagen RNAeasy cleanup mRNA libraries were prepared using the Illuminia TruSeq Stranded Total RNA with Ribo-Zero protocol;PAIRED;;ILLUMINA;;;;;liver;;;;;Illumina HiSeq 2000 sequencing: GSM5412300: SJLB713 Homo sapiens RNA-Seq;check ribozero;likely postmportem;Liver;;
PRJNA939148;30/07/2023;Transcriptomes of human primary skin fibroblasts reveal age-associated mRNAs and long noncoding RNAs;Transcriptomes of human primary skin fibroblasts reveal age-associated mRNAs and long noncoding RNAs;SRR23630219;SAMN33458070;SKIN_AGE38_F_GR2_Gt016;SKIN_AGE38_F_GR2_Gt016;GSM7067589;cDNA;TRANSCRIPTOMIC;RNA-Seq;After expansion, total RNA was isolated using the Direct-zolTM RNA MiniPrep kit (Zymo Research) following the manufacturer's instruction. Ribo-RNA depletion with Low Input RiboMinus Eukaryote System v2 (Thermo Fisher Scientific). Ribo-RNA-depleted samples were then used for cDNA synthesis with Ovation® RNA-Seq System V2 (Nugen) following the manufacturer's protocol. Following cDNA fragmentation and size selection, libraries were prepared using Illumina TruSeq ChIP Library Preparation Kit (Illumina) according to manufacturer's protocol.;PAIRED;;ILLUMINA;;;primary skin fibroblasts;;;;;;;Illumina NovaSeq 6000 sequencing: GSM7067589: SKIN_AGE38_F_GR2_Gt016 Homo sapiens RNA-Seq;;;Cells - Cultured fibroblasts;;
PRJNA726237;17/11/2021;Ischemic heart disease selectively modifies the right atrial appendage transcriptome;Ischemic heart disease selectively modifies the right atrial appendage transcriptome;SRR14362363;SAMN18926145;(ICA)-positive IHD undergoing coronary artery bypass surgery, 11-03-15-JJT;(ICA)-positive IHD undergoing coronary artery bypass surgery, 11-03-15-JJT;;cDNA;TRANSCRIPTOMIC;RNA-Seq;During cardiac surgery, a biopsy sample of the RAA was collected from each patient. Tissue samples were collected at the cannulation site, the insertion site of the venous line for the heart–lung machine. Dissected biopsies were briefly washed in ice-cold sterile saline, cut into 0.5 cm thick tissue pieces, and immersed into 3 ml of RNAlater (Sigma Aldrich, Merck KGaA, Darmstadt, Germany) to inactivate RNAses and stabilize RNA. Samples were let to stabilize at +4°C for one day and stored at under -70°C until processing. Total RNA was isolated from RAA biopsies via initial ice-cold tissue homogenization using a Precellys 24 tissue homogenizer equipped with the Cryolys cooling option (Bertin Technologies SAS, Montigny-le-Bretonneux, France) followed by RNA isolation using combined QIAzol / chloroform extraction and Qiagen RNeasy mini spin column purification according to the manufacturer's instructions (Qiagen, Venlo, Netherlands). The sample RNA integrity number (RIN mean 7.95 ± 0.55 range 7.1–9.0) and total quantity (mean 3069.55 ± 1141.08 ng range 867.8–6855.0 ng) was evaluated in the Functional Genomics Unit (FuGU, University of Helsinki, Helsinki, Finland). Isolated total RNA was stored at under -70oC until sequencing. Ribosomal RNA was removed using the Ribo-ZeroTM Magnetic kit (Illumina Inc, San Diego, CA). RNA libraries were prepared for sequencing using standard Illumina protocols;PAIRED;;ILLUMINA;;;;;Heart (Atrial Appendage);;;;;Illumina HiSeq 4000 sequencing: GSM5271540: (ICA)-positive IHD undergoing coronary artery bypass surgery, 11-03-15-JJT Homo sapiens RNA-Seq;;non-cancer disease;Heart - Atrial appendage;;
PRJNA695543;01/02/2021;Transcriptome analysis discloses dysregulated genes in normal appearing tumor-adjacent thyroid tissues from patients with papillary thyroid carcinoma;Transcriptome analysis discloses dysregulated genes in normal appearing tumor-adjacent thyroid tissues from patients with papillary thyroid carcinoma;SRR13572965;SAMN17616023;N Rep54;N Rep54;;cDNA;TRANSCRIPTOMIC;RNA-Seq;Total RNA was isolated using TRIzol reagent (Invitrogen) according to the manufacturer's instructions. The purity of extracted RNA was measured using a NanoDrop ND-1000 spectrophotometer (NanoDrop Technologies, Inc., Wilmington, DE) and the concentration was assessed with Qubit 2.0 Fluorometer (Agilent Technologies, Santa Clara, CA) using an RNA HS Assay Kit. Samples with RNA Integrity Number (RIN) greater than 4 as assessed by a BioAnalyzer (Agilent) with no visible sign of genomic DNA contamination from the HS Nanochip tracings were used for total RNA library generation. RNA-seq libraries were prepared using the Illumina TruSeq Stranded Total RNA Sample Prep Kit with Ribo-Zero Gold (catalog #RS-122-2201) according to the manufacturer protocol. The sequencing was performed in paired end manner, generating 2 X 100 bp paired-end reads using the Illumina HiSeq 2500 system. Pre-alignment data QC were assessed with FastQC. Post-alignment data quality was assessed with an in-house quality control pipeline/database for RNA-seq database (14). RNA-seq data were trimmed for any adapter sequences using Adapter Removal (15).;PAIRED;;ILLUMINA;;;;;"Normal appearing thyroid tissue adjacent to PTC tumor;Thyroid";;;;;Illumina HiSeq 2500 sequencing: GSM5048754: T Rep6 Homo sapiens RNA-Seq;;tumor-adjacent;Thyroid Gland;;
PRJNA863260;29/07/2023;Pityriasis rubra pilaris transcriptomics implicate IL-17 signaling and correlate with response to IL-17A inhibition;Pityriasis rubra pilaris transcriptomics implicate IL-17 signaling and correlate with response to IL-17A inhibition;SRR20695342;SAMN30025510;ctrl_dermis [n106];ctrl_dermis [n106];GSM6412010;cDNA;TRANSCRIPTOMIC;RNA-Seq;"Qiagen RNA and purification kit ""Illumina Stranded Total RNA Prep, Ligation with Ribo-Zero Plus” using 100ng of total RNA as input and 14 rounds of amplification";PAIRED;;ILLUMINA;;;;;dermis;;;;;Illumina NovaSeq 6000 sequencing: GSM6412010: ctrl_dermis [n106] Homo sapiens RNA-Seq;;;Skin - Dermis;;1
PRJNA742971;12/11/2022;A resource for integrated genomic analysis of the human liver;A resource for integrated genomic analysis of the human liver;SRR15013524;SAMN19988365;SJLB319;SJLB319;;cDNA;TRANSCRIPTOMIC;RNA-Seq;Total RNA was extracted from tissue homogenized in TRIzol reagent, followed by Qiagen RNAeasy cleanup mRNA libraries were prepared using the Illuminia TruSeq Stranded Total RNA with Ribo-Zero protocol;PAIRED;;ILLUMINA;;;;;liver;;;;;Illumina HiSeq 2000 sequencing: GSM5412178: SJLB319 Homo sapiens RNA-Seq;check ribozero;likely postmportem;Liver;;
PRJNA742971;12/11/2022;A resource for integrated genomic analysis of the human liver;A resource for integrated genomic analysis of the human liver;SRR15013608;SAMN19988428;SJLB419;SJLB419;;cDNA;TRANSCRIPTOMIC;RNA-Seq;Total RNA was extracted from tissue homogenized in TRIzol reagent, followed by Qiagen RNAeasy cleanup mRNA libraries were prepared using the Illuminia TruSeq Stranded Total RNA with Ribo-Zero protocol;PAIRED;;ILLUMINA;;;;;liver;;;;;Illumina HiSeq 2000 sequencing: GSM5412243: SJLB419 Homo sapiens RNA-Seq;check ribozero;likely postmportem;Liver;;
PRJNA918345;27/02/2023;Rhinoviruses and enterovirus-D68 replicate more robustly in respiratory tissues originating from asthmatic patients compared to non-asthmatic controls;Rhinoviruses and enterovirus-D68 replicate more robustly in respiratory tissues originating from asthmatic patients compared to non-asthmatic controls;SRR22966249;SAMN32574182;C15_Asthma_2_L2;C15_Asthma_2_L2;GSM6915330;cDNA;TRANSCRIPTOMIC;RNA-Seq;human airway epithlia from healthy versus asthmatic donors have been infected or not with rhinoviruses. Infected and non-infected tissues were lysed in 800l of trizol (Ambion, 5596018) and RNA was extracted according to manufacturer's instruction. The TruSeq Stranded total RNA kit with Ribo-Zero Gold was used for the library preparation with 150 ng of total RNA as input. The 18 libraries were pooled at equimolarity and loaded at 8.5 pM for clustering on a single-read Illumina Flow cell. All 100-base sequencing was performed using the TruSeq SBS HS v3 chemistry on an Illumina HiSeq 2500 sequencer;SINGLE;;ILLUMINA;;differentiated primary cells;epitheial;;airway epithelia;;;;;Illumina HiSeq 2500 sequencing: GSM6915330: C15_Asthma_2_L2 Homo sapiens RNA-Seq;;;Respiratory tract epithelium;;
PRJNA352076;21/06/2017;RNAseq study of synovial biopsies;Homo sapiens;SRR4785834;SAMN05963926;healthy tissue 23;healthy tissue 23;;cDNA;TRANSCRIPTOMIC;RNA-Seq;Total RNA was extracted from RA synovial samples and the quality of all RNA samples was evaluated using an Agilent Bioanalyzer Sequencing libraries were prepared using TruSeq Stranded Total RNA RiboZero protocol from Illumina. Libraries were pooled and sequenced with an Illumina HiSeq 2000 with paired-end 100 bp flow cells. Raw read quality was evaluated using FastQC.;PAIRED;;ILLUMINA;;;;;;;;;;Illumina HiSeq 2000 sequencing: GSM2370992: healthy tissue 23 Homo sapiens RNA-Seq;;;Synovial Fluid;;
PRJEB21619;04/07/2017;Intergenic Disease-associated Regions are Abundant in Novel Regulatory Transcripts;Intergenic Disease-associated Regions are Abundant in Novel Regulatory Transcripts;ERR2022826;SAMEA104150457;Adipose;Protocols: Normal human tissue RNA was obtained from the FirstChoice Tissue Panel (Ambion AM6000) and Human Breast Total RNA (Ambion AM6952). Melanoma RNA was obtained from patient cell lines, including 3 originating from metastasized stage IV melanoma (A-series) and 10 originating from resected lymph nodes from patients with stage 3 disease (C-series. RNA was extracted with RNeasy columns (Qiagen). RNA was extracted with RNeasy columns (Qiagen). RNA was DNAse treated with TurboDNase (Life Technologies), confirmed DNA-free, RNA integrity was confirmed by Agilent 2100 Bioanalyzer (Agilent Technologies). rRNA depletion (Ribo-Zero™ (Epicentre)) was performed on 5μg of total RNA. ERCC RNA Spike-In Control mix 1 or mix 2 (Life Technologies) were added to ribodepleted RNA to a final dilution of 1/100. Libraries were prepared with the TruSeq Stranded mRNA Sample Preparation Kit (Illumina) and 9-12 cycles of pre-capture LM-PCR performed as required. Multiplex library pools were created by mixing equal amounts of 5 pre-capture sample libraries and capture hybridization performed on 1 μg of the pooled library. Melanoma A-series samples were each randomly assigned to one of three capture hybridizations to ensure any expression differences between the A and C-series samples were not due to an A-series batch effect. Post-capture LMPCR was performed for 17 cycles.;Adipose_p;RANDOM PCR;TRANSCRIPTOMIC;RNA-Seq;Normal human tissue RNA was obtained from the FirstChoice Tissue Panel (Ambion AM6000) and Human Breast Total RNA (Ambion AM6952). Melanoma RNA was obtained from patient cell lines, including 3 originating from metastasized stage IV melanoma (A-series) and 10 originating from resected lymph nodes from patients with stage 3 disease (C-series. RNA was extracted with RNeasy columns (Qiagen). RNA was extracted with RNeasy columns (Qiagen). RNA was DNAse treated with TurboDNase (Life Technologies), confirmed DNA-free, RNA integrity was confirmed by Agilent 2100 Bioanalyzer (Agilent Technologies). rRNA depletion (Ribo-Zero™ (Epicentre)) was performed on 5μg of total RNA. ERCC RNA Spike-In Control mix 1 or mix 2 (Life Technologies) were added to ribodepleted RNA to a final dilution of 1/100. Libraries were prepared with the TruSeq Stranded mRNA Sample Preparation Kit (Illumina) and 9-12 cycles of pre-capture LM-PCR performed as required. Multiplex library pools were created by mixing equal amounts of 5 pre-capture sample libraries and capture hybridization performed on 1 μg of the pooled library. Melanoma A-series samples were each randomly assigned to one of three capture hybridizations to ensure any expression differences between the A and C-series samples were not due to an A-series batch effect. Post-capture LMPCR was performed for 17 cycles.;PAIRED;;ILLUMINA;;;;;;;;;;Illumina HiSeq 2000 paired end sequencing: Intergenic Disease-associated Regions are Abundant in Novel Regulatory Transcripts;;;Adipose;;
PRJNA914646;24/12/2023;Integrated Unbiased Multiomics Defines Disease-Independent Placental Clusters in Common Obstetrical Syndromes;;SRR22925391;SAMN32490984;Human sample from Homo sapiens;Human sample from Homo sapiens;TP20.B293;Inverse rRNA;TRANSCRIPTOMIC;RNA-Seq;;PAIRED;;ILLUMINA;;;;;Placenta;;Control;;;Illumina NovaSeq 6000 sequencing: Control;;healthy;Placenta;;
PRJEB21050;22/05/2018;RNA-seq of formalin-fixed, paraffin-embedded uninvolved terminal ileal tissue obtained from ileo-colic resection surgeries of Crohn’s disease and control patients;RNA-seq of formalin-fixed, paraffin-embedded uninvolved terminal ileal tissue obtained from ileo-colic resection surgeries of Crohn’s disease and control patients;ERR1993158;SAMEA104101955;WUCA-Cont-17;Protocols: We retrospectively obtained de-identified FFPE tissue from patients who underwent ileo-colic resection surgery at Barnes-Jewish Hospital, St. Louis between 2005 and 2010. CD patient surgical resections were due to complications associated with the disease, whereas control resections were due to adenoma, carcinoma or abdominal trauma. The set of hematoxylin and eosin-stained tissue sections from each resection were obtained and examined by two pathologists (T.C.L. and T.S.S.) to identify the uninvolved proximal margin (terminal ileum) of each resection. These tissue sections were then further evaluated to identify those that met the histological inclusion criteria for this study. The criteria were that the sample had at least 100 well-oriented intestinal crypts (contained crypt lumens that extended from the apex to the base of the crypt) and absent/minimal active or chronic inflammatory disease (e.g., cryptitis, crypt abscess, architectural distortion, pyloric gland metaplasia, etc.).The study protocol was approved by the Institutional Review Board of Washington University. Patients were recruited by the Washington University Digestive Diseases Research Core Center (DDRCC). Written informed consent was obtained from all study participants prior to inclusion in the study. For samples that met the histological inclusion criteria, two fresh, unstained 5-µm FFPE tissue sections on glass microscope slides were obtained. Slides were not baked after cutting. For each sample, the two tissue sections were scraped off of the slides using a clean razor and placed in 1.5 mL Eppendorf tubes. The tubes were briefly centrifuged to place the sample towards the bottoms or sides of the tube. RNA extraction and DNase treatment was performed using the RNeasy FFPE kit (Qiagen) according to the manufacturer’s instructions, using the Xylene protocol for the paraffin removal step and 30 µL RNase-free H2O for the elution step. RNA was initially quantified by NanoDrop. Subsequent total RNA quantification and quality assessment was performed by Bioanalyzer 2100 (Agilent Technologies). Samples were excluded from the study if >20% of the RNA fragments were >200 base pairs in length, as determined with the Bioanalyzer software. Library preparation was performed by the Genome Technology Access Center (GTAC) at Washington University. Library preparation used 150 ng of total RNA. ds-cDNA was generated using the Ovation RNA-seq FFPE system (Nugen, per manufacturer’s instructions). cDNA was blunt ended, had an A base added to the 3’ ends, and then had Illumina sequencing adapters ligated to the ends. Ligated fragments were then amplified for 12 cycles using primers incorporating unique index tags.;WUCA-Cont-17_s;Inverse rRNA;TRANSCRIPTOMIC;RNA-Seq;We retrospectively obtained de-identified FFPE tissue from patients who underwent ileo-colic resection surgery at Barnes-Jewish Hospital, St. Louis between 2005 and 2010. CD patient surgical resections were due to complications associated with the disease, whereas control resections were due to adenoma, carcinoma or abdominal trauma. The set of hematoxylin and eosin-stained tissue sections from each resection were obtained and examined by two pathologists (T.C.L. and T.S.S.) to identify the uninvolved proximal margin (terminal ileum) of each resection. These tissue sections were then further evaluated to identify those that met the histological inclusion criteria for this study. The criteria were that the sample had at least 100 well-oriented intestinal crypts (contained crypt lumens that extended from the apex to the base of the crypt) and absent/minimal active or chronic inflammatory disease (e.g., cryptitis, crypt abscess, architectural distortion, pyloric gland metaplasia, etc.).The study protocol was approved by the Institutional Review Board of Washington University. Patients were recruited by the Washington University Digestive Diseases Research Core Center (DDRCC). Written informed consent was obtained from all study participants prior to inclusion in the study. For samples that met the histological inclusion criteria, two fresh, unstained 5-µm FFPE tissue sections on glass microscope slides were obtained. Slides were not baked after cutting. For each sample, the two tissue sections were scraped off of the slides using a clean razor and placed in 1.5 mL Eppendorf tubes. The tubes were briefly centrifuged to place the sample towards the bottoms or sides of the tube. RNA extraction and DNase treatment was performed using the RNeasy FFPE kit (Qiagen) according to the manufacturer’s instructions, using the Xylene protocol for the paraffin removal step and 30 µL RNase-free H2O for the elution step. RNA was initially quantified by NanoDrop. Subsequent total RNA quantification and quality assessment was performed by Bioanalyzer 2100 (Agilent Technologies). Samples were excluded from the study if >20% of the RNA fragments were >200 base pairs in length, as determined with the Bioanalyzer software. Library preparation was performed by the Genome Technology Access Center (GTAC) at Washington University. Library preparation used 150 ng of total RNA. ds-cDNA was generated using the Ovation RNA-seq FFPE system (Nugen, per manufacturer’s instructions). cDNA was blunt ended, had an A base added to the 3’ ends, and then had Illumina sequencing adapters ligated to the ends. Ligated fragments were then amplified for 12 cycles using primers incorporating unique index tags.;SINGLE;;ILLUMINA;;;;;;;;;;Illumina HiSeq 2000 sequencing: RNA-seq of formalin-fixed, paraffin-embedded uninvolved terminal ileal tissue obtained from ileo-colic resection surgeries of Crohn’s disease and control patients;;;Small Intestine - Ileum;;
PRJNA574470;12/05/2020;Hippocampal Subfield Transcriptome Analysis in Schizophrenia Psychosis;Hippocampal Subfield Transcriptome Analysis in Schizophrenia Psychosis;SRR10192637;SAMN12858846;CA1_CTL_0828;CA1_CTL_0828;;1;TRANSCRIPTOMIC;RNA-Seq;Total RNA was extracted and purified using a protocol combining Trizol and chloroform extraction, the GeneJET RNA Purification Kit, and a motorized mini-pestle vibrator for tissue homogenization. RNA purity and concentration were assessed on the Nanodrop spectrophotometer and Agilent2100 Bioanalyzer for RNA Integrity number (RIN) determination. Total RNA was rRNA ribo-depleted, and strand-specific cDNA libraries were synthesized before sequencing on an Illumina HiSeq 2500 sequencer. Stranded, single-end 50-base-pair reads were generated for the preliminary CA3 cohort data. Stranded paired-end 100-base-pair reads were generated for additional cohorts. Libraries and sequencing were performed at the UTSW McDermott Sequencing Core and UTSW Genomics & Microarray Core.;PAIRED;;ILLUMINA;;;;;hippocampus;;;;;Illumina HiSeq 2500 sequencing: GSM4098901: CA1_CTL_0828 Homo sapiens RNA-Seq;;;Brain - Hippocampus;;
PRJNA574470;12/05/2020;Hippocampal Subfield Transcriptome Analysis in Schizophrenia Psychosis;Hippocampal Subfield Transcriptome Analysis in Schizophrenia Psychosis;SRR10192670;SAMN12858862;CA3_CTL_0886;CA3_CTL_0886;;1;TRANSCRIPTOMIC;RNA-Seq;Total RNA was extracted and purified using a protocol combining Trizol and chloroform extraction, the GeneJET RNA Purification Kit, and a motorized mini-pestle vibrator for tissue homogenization. RNA purity and concentration were assessed on the Nanodrop spectrophotometer and Agilent2100 Bioanalyzer for RNA Integrity number (RIN) determination. Total RNA was rRNA ribo-depleted, and strand-specific cDNA libraries were synthesized before sequencing on an Illumina HiSeq 2500 sequencer. Stranded, single-end 50-base-pair reads were generated for the preliminary CA3 cohort data. Stranded paired-end 100-base-pair reads were generated for additional cohorts. Libraries and sequencing were performed at the UTSW McDermott Sequencing Core and UTSW Genomics & Microarray Core.;SINGLE;;ILLUMINA;;;;;hippocampus;;;;;Illumina HiSeq 2500 sequencing: GSM4098934: CA3_CTL_0886 Homo sapiens RNA-Seq;;;Brain - Hippocampus;;
PRJNA908818;25/06/2023;Effect of cigarette smoking on gene expression of peripheral blood B cells and on transcriptome changes by naïve-to-memory B cell shift;Effect of cigarette smoking on gene expression of peripheral blood B cells and on transcriptome changes by naïve-to-memory B cell shift;SRR22532366;SAMN32045259;;;GSM6788595;cDNA;TRANSCRIPTOMIC;RNA-Seq;Granulocytes were isolated directly from whole blood using anti-CD15+ antibody–coated magnetic beads following the protocol (Invitrogen). Density gradient centrifugation using Histopaque-1077 Ficoll medium and Accuspin™ Tubes (Sigma-Aldrich) was used to isolate the mononuclear layer of CD19+ B cells using antibody-coated magnetic beads (Invitrogen). RNA was harvested using RNeasy mini plus kit (Qiagen). Aliquots of RNA (375 ng) were used to generate poly-adenylated RNA libraries with TruSeq Stranded Total RNA Ribo-Zero Human Gold kit (Illumina). Samples were indexed with NEXTfle-96 RNA-Seq Barcodes (Bioo-scientific, Austin, TX).;PAIRED;;ILLUMINA;;;;;;;;;;Illumina NovaSeq 6000 sequencing: GSM6788595: F192-1_Bcell_nonSmoker Homo sapiens RNA-Seq;some smokers;;Blood - Granulocyte;;
PRJNA819837;20/01/2023;Homo sapiens Raw sequence reads;Homo sapiens;SRR18572057;SAMN27020243;Human sample from Homo sapiens;Human sample from Homo sapiens;GSM5994500;cDNA;TRANSCRIPTOMIC;RNA-Seq;IPF patients were diagnosed based on multidisciplinary review and published criteria. Non-IPF donor lungs not suitable for transplantation were obtained from the Regional Organ Bank of Illinois. IPF lungs were grossly examined within 6-12 hours from the time of explant, and multiple 1cm3 biopsies were obtained from visibly non-fibrotic central (IPF.C) and fibrotic peripheral (IPF.P) areas. Non-IPF donor lung biopsies of central (CTR.C) and peripheral (CTR.P) were similarly obtained. H&E-stained biopsies were reviewed and confirmed by two clinical pathologists Total RNA was isolated using TRIzol (Invitrogen) following manufacturer's protocol. All RNA samples displayed RNA Integrity Number (RIN) >7. RNAseq including cDNA library preparation was processed at the Genomics Core Facility of University of Chicago (https://fgf.uchicago.edu/). Total RNA in the amount of 100-500µg per sample was depleted of ribosomal RNA using the Ribo-Zero kit (Epicentre, Madison, WI). The directional (first strand) cDNA libraries were prepared following the guide of TruSeq Stranded Total RNA Sample Preparation kit.;PAIRED;;ILLUMINA;;;;;lung;;D3C;;;Illumina HiSeq 4000 sequencing: GSM5994500: SmaC3C Homo sapiens RNA-Seq;Non fibrotic;healthy;Lung;;
PRJNA633861;01/07/2020;Transcriptomic changes of sigmoidal gut biopsies in psoriasis patients and healthy subjects;Transcriptomic changes of sigmoidal gut biopsies in psoriasis patients and healthy subjects;SRR11812185;SAMN14972332;7351: Healthy.3;7351: Healthy.3;;cDNA;TRANSCRIPTOMIC;RNA-Seq;RNA was isolated using the RNeasy Plus Universal Kits (Qiagen) and processed as per manufacturer's instructions. libraries were prepared using the TruSeq Stranded Total RNA Library Prep kit (Illumina) with Ribo-Zero Gold, according to the manufacturer's instructions.;PAIRED;;ILLUMINA;;;;;sigmoidal colon;;;;;Illumina HiSeq 4000 sequencing: GSM4559704: 7351: Healthy.3 Homo sapiens RNA-Seq;;;Colon, Sigmoid colon;;
PRJNA742971;12/11/2022;A resource for integrated genomic analysis of the human liver;A resource for integrated genomic analysis of the human liver;SRR15013508;SAMN19988376;SJLB202;SJLB202;;cDNA;TRANSCRIPTOMIC;RNA-Seq;Total RNA was extracted from tissue homogenized in TRIzol reagent, followed by Qiagen RNAeasy cleanup mRNA libraries were prepared using the Illuminia TruSeq Stranded Total RNA with Ribo-Zero protocol;PAIRED;;ILLUMINA;;;;;liver;;;;;Illumina HiSeq 2000 sequencing: GSM5412167: SJLB202 Homo sapiens RNA-Seq;check ribozero;likely postmportem;Liver;;
PRJNA918345;27/02/2023;Rhinoviruses and enterovirus-D68 replicate more robustly in respiratory tissues originating from asthmatic patients compared to non-asthmatic controls;Rhinoviruses and enterovirus-D68 replicate more robustly in respiratory tissues originating from asthmatic patients compared to non-asthmatic controls;SRR22966246;SAMN32574179;C15_Asthma_3_L2;C15_Asthma_3_L2;GSM6915333;cDNA;TRANSCRIPTOMIC;RNA-Seq;human airway epithlia from healthy versus asthmatic donors have been infected or not with rhinoviruses. Infected and non-infected tissues were lysed in 800l of trizol (Ambion, 5596018) and RNA was extracted according to manufacturer's instruction. The TruSeq Stranded total RNA kit with Ribo-Zero Gold was used for the library preparation with 150 ng of total RNA as input. The 18 libraries were pooled at equimolarity and loaded at 8.5 pM for clustering on a single-read Illumina Flow cell. All 100-base sequencing was performed using the TruSeq SBS HS v3 chemistry on an Illumina HiSeq 2500 sequencer;SINGLE;;ILLUMINA;;differentiated primary cells;epitheial;;airway epithelia;;;;;Illumina HiSeq 2500 sequencing: GSM6915333: C15_Asthma_3_L2 Homo sapiens RNA-Seq;;;Respiratory tract epithelium;;
PRJNA765370;27/11/2021;RNA-seq of HPV-negative Oral Squamous Cell Carcinoma Patients;RNA-seq of HPV-negative Oral Squamous Cell Carcinoma Patients;SRR16013081;SAMN21555515;OSCC_13-N;OSCC_13-N;;cDNA;TRANSCRIPTOMIC;RNA-Seq;Nucleic acids were extracted fresh frozen OSCC tissue and matched normal (oral mucosa) using the Qiagen AllPrep Kit (Qiagen, Germantown, Maryland, USA) in accordance with the manufacturer's instructions with purification of DNA and RNA from the same sample. TruSeq Stranded Total RNA with Ribo-Zero Gold (Human, Mouse, Rat) ribosomal depletion;PAIRED;;ILLUMINA;;;;;oral mucosa;;;;;Illumina NovaSeq 6000 sequencing: GSM5593771: OSCC_13-N Homo sapiens RNA-Seq;;tumor-adjacent;Mouth - Mucosa;;
PRJNA997353;22/12/2023;Race-specific coregulatory and transcriptomic profiles associated with DNA methylation and androgen receptor in prostate cancer [RNA-Seq];Race-specific coregulatory and transcriptomic profiles associated with DNA methylation and androgen receptor in prostate cancer [RNA-Seq];SRR25387867;SAMN36678752;PT-00193649_NT_EA;PT-00193649_NT_EA;GSM7657526;cDNA;TRANSCRIPTOMIC;RNA-Seq;Illumina TruSeq Stranded Total RNA Library Prep Kit with Ribo-Zero Gol RNA libraries were prepared for sequencing using standard Illumina protocols;PAIRED;;ILLUMINA;;;;;prostate;;;;;Illumina HiSeq 2500 sequencing: GSM7657526: PT-00193649_NT_EA Homo sapiens RNA-Seq;;tumor-adjacent;Prostate;;
PRJEB43164;21/05/2023;Bulk RNA-seq of paired human brown and white adipocytes;Bulk RNA-seq of paired human brown and white adipocytes;ERR5320484;SAMEA8103249;95_B_0;Protocols: Human adipose tissue was obtained from the central compartment of the neck, superior to the clavicle and deep to the lateral thyroid lobe either adjacent to the longus colli muscle or to the oesophagus (brown adipose tissue BAT) and more superficially from the subcutaneous neck tissue (white adipose tissue WAT). The stromal vascular fraction was isolated and cultured as described (Ramage, Akyol et al. 2016 doi: 10.1016/j.cmet.2016.06.011). Following differentiation, cells were cultured in serum-stripped medium for 48 hours prior to RNA extraction and subsequent bulk RNA-seq. Sample 91 – age (years): 41 sex: female height (m): 1.52 weight (Kg): 63.5 BMI (kg/m2): 27.48 Sample 92 – age (years): 59 sex: female height (m): 1.57 weight (Kg): 60.4 BMI (kg/m2): 24.50 Sample 93 – age (years): 52 sex: female height (m): 1.70 weight (Kg): 114 BMI (kg/m2): 39.45 Sample 95 – age (years): 50 sex: female height (m): 1.72 weight (Kg): 66 BMI (kg/m2): 22.31 Total RNA samples were assessed on the Agilent Bioanalyser (Agilent Technologies, #G2939AA) with the RNA 6000 Nano Kit (#5067-1511) for quality and integrity of total RNA. Samples were DNase-treated using the TURBO DNA-free™ kit (Thermo Fisher, #AM1907) and then quantified using the Qubit 2.0 Fluorometer (Thermo Fisher Scientific Inc, #Q32866) and the Qubit RNA BR assay kit (#Q10210), and assessed for residual DNA contamination using the Qubit dsDNA HS assay Kit (catalogue # Q32851). Libraries were prepared from each TURBO™ DNase treated total-RNA sample using the TruSeq Stranded Total RNA with Ribo-Zero kit (#RS-122-2201) according to the provided protocol. 100ng of total-RNA was processed to deplete rRNA before being purified, fragmented and primed with random hexamers. Primed RNA fragments were reverse transcribed into first strand cDNA using reverse transcriptase and random primers. RNA templates were removed and a replacement strand synthesised incorporating dUTP in place of dTTP to generate ds cDNA. AMPure XP beads (Beckman Coulter, #A63881) were then used to separate the ds cDNA from the second strand reaction mix, providing blunt-ended cDNA. A single 'A' nucleotide was added to the 3' ends of the blunt fragments to prevent them from ligating to another during the subsequent adapter ligation reaction, and a corresponding single 'T' nucleotide on the 3' end of the adapter provided a complementary overhang for ligating the adapter to the fragment. Multiple indexing adapters were then ligated to the ends of the ds cDNA to prepare them for hybridisation onto a flow cell, before 15 cycles of PCR were used to selectively enrich those DNA fragments that had adapter molecules on both ends and amplify the amount of DNA in the library suitable for sequencing. Libraries were quantified using the Qubit dsDNA HS kit and by PCR using the Kapa Universal Illumina Library Quantification kit complete kit (#KK4824) and assessed for quality using the Agilent Bioanalyser with the DNA HS Kit.;95_B_0_p;RT-PCR;GENOMIC;RNA-Seq;Human adipose tissue was obtained from the central compartment of the neck, superior to the clavicle and deep to the lateral thyroid lobe either adjacent to the longus colli muscle or to the oesophagus (brown adipose tissue BAT) and more superficially from the subcutaneous neck tissue (white adipose tissue WAT). The stromal vascular fraction was isolated and cultured as described (Ramage, Akyol et al. 2016 doi: 10.1016/j.cmet.2016.06.011). Following differentiation, cells were cultured in serum-stripped medium for 48 hours prior to RNA extraction and subsequent bulk RNA-seq. Sample 91 – age (years): 41 sex: female height (m): 1.52 weight (Kg): 63.5 BMI (kg/m2): 27.48 Sample 92 – age (years): 59 sex: female height (m): 1.57 weight (Kg): 60.4 BMI (kg/m2): 24.50 Sample 93 – age (years): 52 sex: female height (m): 1.70 weight (Kg): 114 BMI (kg/m2): 39.45 Sample 95 – age (years): 50 sex: female height (m): 1.72 weight (Kg): 66 BMI (kg/m2): 22.31 Total RNA samples were assessed on the Agilent Bioanalyser (Agilent Technologies, #G2939AA) with the RNA 6000 Nano Kit (#5067-1511) for quality and integrity of total RNA. Samples were DNase-treated using the TURBO DNA-free™ kit (Thermo Fisher, #AM1907) and then quantified using the Qubit 2.0 Fluorometer (Thermo Fisher Scientific Inc, #Q32866) and the Qubit RNA BR assay kit (#Q10210), and assessed for residual DNA contamination using the Qubit dsDNA HS assay Kit (catalogue # Q32851). Libraries were prepared from each TURBO™ DNase treated total-RNA sample using the TruSeq Stranded Total RNA with Ribo-Zero kit (#RS-122-2201) according to the provided protocol. 100ng of total-RNA was processed to deplete rRNA before being purified, fragmented and primed with random hexamers. Primed RNA fragments were reverse transcribed into first strand cDNA using reverse transcriptase and random primers. RNA templates were removed and a replacement strand synthesised incorporating dUTP in place of dTTP to generate ds cDNA. AMPure XP beads (Beckman Coulter, #A63881) were then used to separate the ds cDNA from the second strand reaction mix, providing blunt-ended cDNA. A single 'A' nucleotide was added to the 3' ends of the blunt fragments to prevent them from ligating to another during the subsequent adapter ligation reaction, and a corresponding single 'T' nucleotide on the 3' end of the adapter provided a complementary overhang for ligating the adapter to the fragment. Multiple indexing adapters were then ligated to the ends of the ds cDNA to prepare them for hybridisation onto a flow cell, before 15 cycles of PCR were used to selectively enrich those DNA fragments that had adapter molecules on both ends and amplify the amount of DNA in the library suitable for sequencing. Libraries were quantified using the Qubit dsDNA HS kit and by PCR using the Kapa Universal Illumina Library Quantification kit complete kit (#KK4824) and assessed for quality using the Agilent Bioanalyser with the DNA HS Kit.;PAIRED;;ILLUMINA;;;;;;;;;;NextSeq 550 sequencing: Bulk RNA-seq of paired human brown and white adipocytes;;cultured cells;Adipose - Subcutaneous;;
PRJEB43164;21/05/2023;Bulk RNA-seq of paired human brown and white adipocytes;Bulk RNA-seq of paired human brown and white adipocytes;ERR5320463;SAMEA8103244;91_W_01;Protocols: Human adipose tissue was obtained from the central compartment of the neck, superior to the clavicle and deep to the lateral thyroid lobe either adjacent to the longus colli muscle or to the oesophagus (brown adipose tissue BAT) and more superficially from the subcutaneous neck tissue (white adipose tissue WAT). The stromal vascular fraction was isolated and cultured as described (Ramage, Akyol et al. 2016 doi: 10.1016/j.cmet.2016.06.011). Following differentiation, cells were cultured in serum-stripped medium for 48 hours prior to RNA extraction and subsequent bulk RNA-seq. Sample 91 – age (years): 41 sex: female height (m): 1.52 weight (Kg): 63.5 BMI (kg/m2): 27.48 Sample 92 – age (years): 59 sex: female height (m): 1.57 weight (Kg): 60.4 BMI (kg/m2): 24.50 Sample 93 – age (years): 52 sex: female height (m): 1.70 weight (Kg): 114 BMI (kg/m2): 39.45 Sample 95 – age (years): 50 sex: female height (m): 1.72 weight (Kg): 66 BMI (kg/m2): 22.31 Total RNA samples were assessed on the Agilent Bioanalyser (Agilent Technologies, #G2939AA) with the RNA 6000 Nano Kit (#5067-1511) for quality and integrity of total RNA. Samples were DNase-treated using the TURBO DNA-free™ kit (Thermo Fisher, #AM1907) and then quantified using the Qubit 2.0 Fluorometer (Thermo Fisher Scientific Inc, #Q32866) and the Qubit RNA BR assay kit (#Q10210), and assessed for residual DNA contamination using the Qubit dsDNA HS assay Kit (catalogue # Q32851). Libraries were prepared from each TURBO™ DNase treated total-RNA sample using the TruSeq Stranded Total RNA with Ribo-Zero kit (#RS-122-2201) according to the provided protocol. 100ng of total-RNA was processed to deplete rRNA before being purified, fragmented and primed with random hexamers. Primed RNA fragments were reverse transcribed into first strand cDNA using reverse transcriptase and random primers. RNA templates were removed and a replacement strand synthesised incorporating dUTP in place of dTTP to generate ds cDNA. AMPure XP beads (Beckman Coulter, #A63881) were then used to separate the ds cDNA from the second strand reaction mix, providing blunt-ended cDNA. A single 'A' nucleotide was added to the 3' ends of the blunt fragments to prevent them from ligating to another during the subsequent adapter ligation reaction, and a corresponding single 'T' nucleotide on the 3' end of the adapter provided a complementary overhang for ligating the adapter to the fragment. Multiple indexing adapters were then ligated to the ends of the ds cDNA to prepare them for hybridisation onto a flow cell, before 15 cycles of PCR were used to selectively enrich those DNA fragments that had adapter molecules on both ends and amplify the amount of DNA in the library suitable for sequencing. Libraries were quantified using the Qubit dsDNA HS kit and by PCR using the Kapa Universal Illumina Library Quantification kit complete kit (#KK4824) and assessed for quality using the Agilent Bioanalyser with the DNA HS Kit.;91_W_01_p;RT-PCR;GENOMIC;RNA-Seq;Human adipose tissue was obtained from the central compartment of the neck, superior to the clavicle and deep to the lateral thyroid lobe either adjacent to the longus colli muscle or to the oesophagus (brown adipose tissue BAT) and more superficially from the subcutaneous neck tissue (white adipose tissue WAT). The stromal vascular fraction was isolated and cultured as described (Ramage, Akyol et al. 2016 doi: 10.1016/j.cmet.2016.06.011). Following differentiation, cells were cultured in serum-stripped medium for 48 hours prior to RNA extraction and subsequent bulk RNA-seq. Sample 91 – age (years): 41 sex: female height (m): 1.52 weight (Kg): 63.5 BMI (kg/m2): 27.48 Sample 92 – age (years): 59 sex: female height (m): 1.57 weight (Kg): 60.4 BMI (kg/m2): 24.50 Sample 93 – age (years): 52 sex: female height (m): 1.70 weight (Kg): 114 BMI (kg/m2): 39.45 Sample 95 – age (years): 50 sex: female height (m): 1.72 weight (Kg): 66 BMI (kg/m2): 22.31 Total RNA samples were assessed on the Agilent Bioanalyser (Agilent Technologies, #G2939AA) with the RNA 6000 Nano Kit (#5067-1511) for quality and integrity of total RNA. Samples were DNase-treated using the TURBO DNA-free™ kit (Thermo Fisher, #AM1907) and then quantified using the Qubit 2.0 Fluorometer (Thermo Fisher Scientific Inc, #Q32866) and the Qubit RNA BR assay kit (#Q10210), and assessed for residual DNA contamination using the Qubit dsDNA HS assay Kit (catalogue # Q32851). Libraries were prepared from each TURBO™ DNase treated total-RNA sample using the TruSeq Stranded Total RNA with Ribo-Zero kit (#RS-122-2201) according to the provided protocol. 100ng of total-RNA was processed to deplete rRNA before being purified, fragmented and primed with random hexamers. Primed RNA fragments were reverse transcribed into first strand cDNA using reverse transcriptase and random primers. RNA templates were removed and a replacement strand synthesised incorporating dUTP in place of dTTP to generate ds cDNA. AMPure XP beads (Beckman Coulter, #A63881) were then used to separate the ds cDNA from the second strand reaction mix, providing blunt-ended cDNA. A single 'A' nucleotide was added to the 3' ends of the blunt fragments to prevent them from ligating to another during the subsequent adapter ligation reaction, and a corresponding single 'T' nucleotide on the 3' end of the adapter provided a complementary overhang for ligating the adapter to the fragment. Multiple indexing adapters were then ligated to the ends of the ds cDNA to prepare them for hybridisation onto a flow cell, before 15 cycles of PCR were used to selectively enrich those DNA fragments that had adapter molecules on both ends and amplify the amount of DNA in the library suitable for sequencing. Libraries were quantified using the Qubit dsDNA HS kit and by PCR using the Kapa Universal Illumina Library Quantification kit complete kit (#KK4824) and assessed for quality using the Agilent Bioanalyser with the DNA HS Kit.;PAIRED;;ILLUMINA;;;;;;;;;;NextSeq 550 sequencing: Bulk RNA-seq of paired human brown and white adipocytes;;cultured cells;Adipose - Subcutaneous;;
PRJNA918345;27/02/2023;Rhinoviruses and enterovirus-D68 replicate more robustly in respiratory tissues originating from asthmatic patients compared to non-asthmatic controls;Rhinoviruses and enterovirus-D68 replicate more robustly in respiratory tissues originating from asthmatic patients compared to non-asthmatic controls;SRR22966245;SAMN32574178;C15_Asthma_3_L3;C15_Asthma_3_L3;GSM6915334;cDNA;TRANSCRIPTOMIC;RNA-Seq;human airway epithlia from healthy versus asthmatic donors have been infected or not with rhinoviruses. Infected and non-infected tissues were lysed in 800l of trizol (Ambion, 5596018) and RNA was extracted according to manufacturer's instruction. The TruSeq Stranded total RNA kit with Ribo-Zero Gold was used for the library preparation with 150 ng of total RNA as input. The 18 libraries were pooled at equimolarity and loaded at 8.5 pM for clustering on a single-read Illumina Flow cell. All 100-base sequencing was performed using the TruSeq SBS HS v3 chemistry on an Illumina HiSeq 2500 sequencer;SINGLE;;ILLUMINA;;differentiated primary cells;epitheial;;airway epithelia;;;;;Illumina HiSeq 2500 sequencing: GSM6915334: C15_Asthma_3_L3 Homo sapiens RNA-Seq;;;Respiratory tract epithelium;;
PRJEB21050;22/05/2018;RNA-seq of formalin-fixed, paraffin-embedded uninvolved terminal ileal tissue obtained from ileo-colic resection surgeries of Crohn’s disease and control patients;RNA-seq of formalin-fixed, paraffin-embedded uninvolved terminal ileal tissue obtained from ileo-colic resection surgeries of Crohn’s disease and control patients;ERR1993179;SAMEA104101976;WUCA-Cont-7;Protocols: We retrospectively obtained de-identified FFPE tissue from patients who underwent ileo-colic resection surgery at Barnes-Jewish Hospital, St. Louis between 2005 and 2010. CD patient surgical resections were due to complications associated with the disease, whereas control resections were due to adenoma, carcinoma or abdominal trauma. The set of hematoxylin and eosin-stained tissue sections from each resection were obtained and examined by two pathologists (T.C.L. and T.S.S.) to identify the uninvolved proximal margin (terminal ileum) of each resection. These tissue sections were then further evaluated to identify those that met the histological inclusion criteria for this study. The criteria were that the sample had at least 100 well-oriented intestinal crypts (contained crypt lumens that extended from the apex to the base of the crypt) and absent/minimal active or chronic inflammatory disease (e.g., cryptitis, crypt abscess, architectural distortion, pyloric gland metaplasia, etc.).The study protocol was approved by the Institutional Review Board of Washington University. Patients were recruited by the Washington University Digestive Diseases Research Core Center (DDRCC). Written informed consent was obtained from all study participants prior to inclusion in the study. For samples that met the histological inclusion criteria, two fresh, unstained 5-µm FFPE tissue sections on glass microscope slides were obtained. Slides were not baked after cutting. For each sample, the two tissue sections were scraped off of the slides using a clean razor and placed in 1.5 mL Eppendorf tubes. The tubes were briefly centrifuged to place the sample towards the bottoms or sides of the tube. RNA extraction and DNase treatment was performed using the RNeasy FFPE kit (Qiagen) according to the manufacturer’s instructions, using the Xylene protocol for the paraffin removal step and 30 µL RNase-free H2O for the elution step. RNA was initially quantified by NanoDrop. Subsequent total RNA quantification and quality assessment was performed by Bioanalyzer 2100 (Agilent Technologies). Samples were excluded from the study if >20% of the RNA fragments were >200 base pairs in length, as determined with the Bioanalyzer software. Library preparation was performed by the Genome Technology Access Center (GTAC) at Washington University. Library preparation used 150 ng of total RNA. ds-cDNA was generated using the Ovation RNA-seq FFPE system (Nugen, per manufacturer’s instructions). cDNA was blunt ended, had an A base added to the 3’ ends, and then had Illumina sequencing adapters ligated to the ends. Ligated fragments were then amplified for 12 cycles using primers incorporating unique index tags.;WUCA-Cont-7_s;Inverse rRNA;TRANSCRIPTOMIC;RNA-Seq;We retrospectively obtained de-identified FFPE tissue from patients who underwent ileo-colic resection surgery at Barnes-Jewish Hospital, St. Louis between 2005 and 2010. CD patient surgical resections were due to complications associated with the disease, whereas control resections were due to adenoma, carcinoma or abdominal trauma. The set of hematoxylin and eosin-stained tissue sections from each resection were obtained and examined by two pathologists (T.C.L. and T.S.S.) to identify the uninvolved proximal margin (terminal ileum) of each resection. These tissue sections were then further evaluated to identify those that met the histological inclusion criteria for this study. The criteria were that the sample had at least 100 well-oriented intestinal crypts (contained crypt lumens that extended from the apex to the base of the crypt) and absent/minimal active or chronic inflammatory disease (e.g., cryptitis, crypt abscess, architectural distortion, pyloric gland metaplasia, etc.).The study protocol was approved by the Institutional Review Board of Washington University. Patients were recruited by the Washington University Digestive Diseases Research Core Center (DDRCC). Written informed consent was obtained from all study participants prior to inclusion in the study. For samples that met the histological inclusion criteria, two fresh, unstained 5-µm FFPE tissue sections on glass microscope slides were obtained. Slides were not baked after cutting. For each sample, the two tissue sections were scraped off of the slides using a clean razor and placed in 1.5 mL Eppendorf tubes. The tubes were briefly centrifuged to place the sample towards the bottoms or sides of the tube. RNA extraction and DNase treatment was performed using the RNeasy FFPE kit (Qiagen) according to the manufacturer’s instructions, using the Xylene protocol for the paraffin removal step and 30 µL RNase-free H2O for the elution step. RNA was initially quantified by NanoDrop. Subsequent total RNA quantification and quality assessment was performed by Bioanalyzer 2100 (Agilent Technologies). Samples were excluded from the study if >20% of the RNA fragments were >200 base pairs in length, as determined with the Bioanalyzer software. Library preparation was performed by the Genome Technology Access Center (GTAC) at Washington University. Library preparation used 150 ng of total RNA. ds-cDNA was generated using the Ovation RNA-seq FFPE system (Nugen, per manufacturer’s instructions). cDNA was blunt ended, had an A base added to the 3’ ends, and then had Illumina sequencing adapters ligated to the ends. Ligated fragments were then amplified for 12 cycles using primers incorporating unique index tags.;SINGLE;;ILLUMINA;;;;;;;;;;Illumina HiSeq 2000 sequencing: RNA-seq of formalin-fixed, paraffin-embedded uninvolved terminal ileal tissue obtained from ileo-colic resection surgeries of Crohn’s disease and control patients;;;Small Intestine - Ileum;;
PRJNA253002;19/11/2015;Human cortical transcriptome informs brain imaging;Homo sapiens;SRR1424681;SAMN02866074;Human_1905_BA9_4;Human_1905_BA9_4;;cDNA;TRANSCRIPTOMIC;RNA-Seq;All RNA samples were examined for quantity and quality by NanoDrop and Bioanalyzer (Agilent). Samples were randomized for RNA extractions and sequencing. 5ug of total RNA were treated with a Ribominus column according to the manufacturer’s instructions to remove ribosomal RNA. Libraries were prepared using an Illumina TruSeq kit according to the manufacturer’s instructions.;SINGLE;;ILLUMINA;;;;;;;;;;Illumina HiSeq 2000 sequencing: GSM1414954: Human_1905_BA9_4 Homo sapiens RNA-Seq;;;Brain - Dorsolateral Prefrontal Cortex;;
PRJNA574470;12/05/2020;Hippocampal Subfield Transcriptome Analysis in Schizophrenia Psychosis;Hippocampal Subfield Transcriptome Analysis in Schizophrenia Psychosis;SRR10192643;SAMN12858840;CA1_CTL_0853;CA1_CTL_0853;;1;TRANSCRIPTOMIC;RNA-Seq;Total RNA was extracted and purified using a protocol combining Trizol and chloroform extraction, the GeneJET RNA Purification Kit, and a motorized mini-pestle vibrator for tissue homogenization. RNA purity and concentration were assessed on the Nanodrop spectrophotometer and Agilent2100 Bioanalyzer for RNA Integrity number (RIN) determination. Total RNA was rRNA ribo-depleted, and strand-specific cDNA libraries were synthesized before sequencing on an Illumina HiSeq 2500 sequencer. Stranded, single-end 50-base-pair reads were generated for the preliminary CA3 cohort data. Stranded paired-end 100-base-pair reads were generated for additional cohorts. Libraries and sequencing were performed at the UTSW McDermott Sequencing Core and UTSW Genomics & Microarray Core.;PAIRED;;ILLUMINA;;;;;hippocampus;;;;;Illumina HiSeq 2500 sequencing: GSM4098907: CA1_CTL_0853 Homo sapiens RNA-Seq;;;Brain - Hippocampus;;
PRJNA914646;24/12/2023;Integrated Unbiased Multiomics Defines Disease-Independent Placental Clusters in Common Obstetrical Syndromes;;SRR22847373;SAMN32343646;MJ-1065;MJ-1065;=VLOOKUP($A97,[1]SRA_data!$A:$M,2,FALSE);Inverse rRNA;TRANSCRIPTOMIC;RNA-Seq;;PAIRED;;ILLUMINA;;;;;Placenta;;Control;;;Illumina NovaSeq 6000 sequencing: Control;;healthy;Placenta;;
PRJNA989574;03/07/2023;Effect of pulmonary hypertension due to left heart disease on gene expression in pulmonary arteries;Effect of pulmonary hypertension due to left heart disease on gene expression in pulmonary arteries;SRR25098097;SAMN36175531;;;GSM7520390;cDNA;TRANSCRIPTOMIC;RNA-Seq;Snap-frozen PA specimens were subjected to TRIzol-RNA extraction. RNA quality was assessed by measuring the RNA integrity number (RIN) using a Fragment Analyzer HS Total RNA Kit (Advanced Analytical Technologies, Inc.). Library preparation for total RNA-Seq was performed using TruSeq™ Stranded Total RNA with Ribo-Zero Gold (Illumina, Cat. Nr. RS-122-2301) starting from 1000 ng of total RNA. The size range of the final cDNA libraries was determined by applying the SS NGS Fragment 1- to 6000-bp Kit on the Fragment Analyzer (average 340 bp). Accurate quantification of cDNA libraries was performed by using the QuantiFluor™ dsDNA System (Promega).;SINGLE;;ILLUMINA;;;;;;;;;;Illumina HiSeq 2000 sequencing: GSM7520390: PH-LHD_5 Homo sapiens RNA-Seq;;;Artery - Pulmonary trunk;;
PRJNA817436;24/12/2023;Exercise-induced Crosstalk between Immune Cells and Adipocytes in Humans: Role of Oncostatin-M;Exercise-induced Crosstalk between Immune Cells and Adipocytes in Humans: Role of Oncostatin-M;SRR18363169;SAMN26788769;37_PRE;37_PRE;GSM5960677;cDNA;TRANSCRIPTOMIC;RNA-Seq;Approximately 30 mg of adipose tissue was used for RNA extraction. Tissues were homogenized using TissueLyser (Qiagen) in 1 mL TRIzol (Sigma-Aldrich). Chloroform was added, samples were mixed, subjected to centrifugation, and the aqueous phase was transferred to a new tube. Thereafter, 1:1 70% ethanol was added, and the total volume was loaded on silica-membrane columns. RNA extraction was performed using a commercially available kit (Rneasy lipid tissue kit, Qiagen). RNA concentration and purity were assessed by absorbance at 260 and 280 nm using NanoDrop One (Thermo Fisher Scientific, Waltham, MA). Aliquots of RNA (300 ng) were analyzed using the Illumina TruSeq Stranded Total RNA with Ribo-Zero Gold protocol (Illumina) as described (ref). Ribosomal RNA was removed from the sample using 35 μl of rRNA removal beads (Illumina) on a magnetic plate followed by cleanup of the ribosomal-depleted RNA with 193 μl of Agencourt RNAClean XP beads (Beckman Coulter), 70% ethanol wash, and elution into 10 μl elution buffer (Illumina). The RNA sample was fragmented for 4 min at 94°C in Elute, Prime, Fragment High Mix (Illumina) and then subjected to first-strand cDNA synthesis with 1 μl of Superscript III reverse transcriptase (Life Technologies) per sample using a thermocycler programmed to 25°C for 10 min, 50°C for 15 min, and 70°C for 15 min. Second-strand cDNA was synthesized by addition of Second-Strand Marking Master Mix, and samples were incubated at 16°C for 60 min. Samples were subjected to another bead cleanup before A-tailing and ligation of adapters as per kit instructions (Illumina). Following a third bead cleanup, samples were enriched for DNA fragments by amplification using the Illumina polymerase chain reaction (PCR) Primer Cocktail and PCR Master Mix, subjected to 98°C for 30 min, followed by a predefined cycle (98°C for 10 s, 60°C for 30 s, and 72°C for 30 s) that was repeated 3 to 15 times, on the basis of each individual sample, and finally incubated for 5 min at 72°C. Samples were cleaned and validated for DNA concentration using the Qubit dsDNA HS assay kit (Invitrogen) and for base pair size and purity using the Agilent High Sensitivity DNA chip and Bioanalyzer instrument. 38-bp paired-end sequencing on a NextSeq500;PAIRED;;ILLUMINA;;;;;Adipose tissue biopsy;;;;;NextSeq 500 sequencing: GSM5960677: 37_PRE Homo sapiens RNA-Seq;;;Adipose;;
PRJNA726237;17/11/2021;Ischemic heart disease selectively modifies the right atrial appendage transcriptome;Ischemic heart disease selectively modifies the right atrial appendage transcriptome;SRR14362372;SAMN18926164;(ICA)-positive IHD undergoing coronary artery bypass surgery, 22-04-15-HTJ;(ICA)-positive IHD undergoing coronary artery bypass surgery, 22-04-15-HTJ;;cDNA;TRANSCRIPTOMIC;RNA-Seq;During cardiac surgery, a biopsy sample of the RAA was collected from each patient. Tissue samples were collected at the cannulation site, the insertion site of the venous line for the heart–lung machine. Dissected biopsies were briefly washed in ice-cold sterile saline, cut into 0.5 cm thick tissue pieces, and immersed into 3 ml of RNAlater (Sigma Aldrich, Merck KGaA, Darmstadt, Germany) to inactivate RNAses and stabilize RNA. Samples were let to stabilize at +4°C for one day and stored at under -70°C until processing. Total RNA was isolated from RAA biopsies via initial ice-cold tissue homogenization using a Precellys 24 tissue homogenizer equipped with the Cryolys cooling option (Bertin Technologies SAS, Montigny-le-Bretonneux, France) followed by RNA isolation using combined QIAzol / chloroform extraction and Qiagen RNeasy mini spin column purification according to the manufacturer's instructions (Qiagen, Venlo, Netherlands). The sample RNA integrity number (RIN mean 7.95 ± 0.55 range 7.1–9.0) and total quantity (mean 3069.55 ± 1141.08 ng range 867.8–6855.0 ng) was evaluated in the Functional Genomics Unit (FuGU, University of Helsinki, Helsinki, Finland). Isolated total RNA was stored at under -70oC until sequencing. Ribosomal RNA was removed using the Ribo-ZeroTM Magnetic kit (Illumina Inc, San Diego, CA). RNA libraries were prepared for sequencing using standard Illumina protocols;PAIRED;;ILLUMINA;;;;;Heart (Atrial Appendage);;;;;Illumina HiSeq 4000 sequencing: GSM5271549: (ICA)-positive IHD undergoing coronary artery bypass surgery, 22-04-15-HTJ Homo sapiens RNA-Seq;;non-cancer disease;Heart - Atrial appendage;;
PRJNA695543;01/02/2021;Transcriptome analysis discloses dysregulated genes in normal appearing tumor-adjacent thyroid tissues from patients with papillary thyroid carcinoma;Transcriptome analysis discloses dysregulated genes in normal appearing tumor-adjacent thyroid tissues from patients with papillary thyroid carcinoma;SRR13572916;SAMN17616059;NAT Rep11;NAT Rep11;;cDNA;TRANSCRIPTOMIC;RNA-Seq;Total RNA was isolated using TRIzol reagent (Invitrogen) according to the manufacturer's instructions. The purity of extracted RNA was measured using a NanoDrop ND-1000 spectrophotometer (NanoDrop Technologies, Inc., Wilmington, DE) and the concentration was assessed with Qubit 2.0 Fluorometer (Agilent Technologies, Santa Clara, CA) using an RNA HS Assay Kit. Samples with RNA Integrity Number (RIN) greater than 4 as assessed by a BioAnalyzer (Agilent) with no visible sign of genomic DNA contamination from the HS Nanochip tracings were used for total RNA library generation. RNA-seq libraries were prepared using the Illumina TruSeq Stranded Total RNA Sample Prep Kit with Ribo-Zero Gold (catalog #RS-122-2201) according to the manufacturer protocol. The sequencing was performed in paired end manner, generating 2 X 100 bp paired-end reads using the Illumina HiSeq 2500 system. Pre-alignment data QC were assessed with FastQC. Post-alignment data quality was assessed with an in-house quality control pipeline/database for RNA-seq database (14). RNA-seq data were trimmed for any adapter sequences using Adapter Removal (15).;PAIRED;;ILLUMINA;;;;;"Normal appearing thyroid tissue adjacent to PTC tumor;Thyroid";;;;;Illumina HiSeq 2500 sequencing: GSM5048770: T Rep14 Homo sapiens RNA-Seq;;tumor-adjacent;Thyroid Gland;;
PRJDB12535;03/12/2021;RNA-seq of HCCs;Homo sapiens;DRR326890;SAMD00414257;HCC-300N;normal;;Inverse rRNA;TRANSCRIPTOMIC;RNA-Seq;;PAIRED;;ILLUMINA;;;;;;;;;;NextSeq 500 paired end sequencing: NextSeq 500 paired end sequencing of SAMD00414269;;;Liver;;
PRJEB43164;21/05/2023;Bulk RNA-seq of paired human brown and white adipocytes;Bulk RNA-seq of paired human brown and white adipocytes;ERR5320467;SAMEA8103245;92_B_0;Protocols: Human adipose tissue was obtained from the central compartment of the neck, superior to the clavicle and deep to the lateral thyroid lobe either adjacent to the longus colli muscle or to the oesophagus (brown adipose tissue BAT) and more superficially from the subcutaneous neck tissue (white adipose tissue WAT). The stromal vascular fraction was isolated and cultured as described (Ramage, Akyol et al. 2016 doi: 10.1016/j.cmet.2016.06.011). Following differentiation, cells were cultured in serum-stripped medium for 48 hours prior to RNA extraction and subsequent bulk RNA-seq. Sample 91 – age (years): 41 sex: female height (m): 1.52 weight (Kg): 63.5 BMI (kg/m2): 27.48 Sample 92 – age (years): 59 sex: female height (m): 1.57 weight (Kg): 60.4 BMI (kg/m2): 24.50 Sample 93 – age (years): 52 sex: female height (m): 1.70 weight (Kg): 114 BMI (kg/m2): 39.45 Sample 95 – age (years): 50 sex: female height (m): 1.72 weight (Kg): 66 BMI (kg/m2): 22.31 Total RNA samples were assessed on the Agilent Bioanalyser (Agilent Technologies, #G2939AA) with the RNA 6000 Nano Kit (#5067-1511) for quality and integrity of total RNA. Samples were DNase-treated using the TURBO DNA-free™ kit (Thermo Fisher, #AM1907) and then quantified using the Qubit 2.0 Fluorometer (Thermo Fisher Scientific Inc, #Q32866) and the Qubit RNA BR assay kit (#Q10210), and assessed for residual DNA contamination using the Qubit dsDNA HS assay Kit (catalogue # Q32851). Libraries were prepared from each TURBO™ DNase treated total-RNA sample using the TruSeq Stranded Total RNA with Ribo-Zero kit (#RS-122-2201) according to the provided protocol. 100ng of total-RNA was processed to deplete rRNA before being purified, fragmented and primed with random hexamers. Primed RNA fragments were reverse transcribed into first strand cDNA using reverse transcriptase and random primers. RNA templates were removed and a replacement strand synthesised incorporating dUTP in place of dTTP to generate ds cDNA. AMPure XP beads (Beckman Coulter, #A63881) were then used to separate the ds cDNA from the second strand reaction mix, providing blunt-ended cDNA. A single 'A' nucleotide was added to the 3' ends of the blunt fragments to prevent them from ligating to another during the subsequent adapter ligation reaction, and a corresponding single 'T' nucleotide on the 3' end of the adapter provided a complementary overhang for ligating the adapter to the fragment. Multiple indexing adapters were then ligated to the ends of the ds cDNA to prepare them for hybridisation onto a flow cell, before 15 cycles of PCR were used to selectively enrich those DNA fragments that had adapter molecules on both ends and amplify the amount of DNA in the library suitable for sequencing. Libraries were quantified using the Qubit dsDNA HS kit and by PCR using the Kapa Universal Illumina Library Quantification kit complete kit (#KK4824) and assessed for quality using the Agilent Bioanalyser with the DNA HS Kit.;92_B_0_p;RT-PCR;GENOMIC;RNA-Seq;Human adipose tissue was obtained from the central compartment of the neck, superior to the clavicle and deep to the lateral thyroid lobe either adjacent to the longus colli muscle or to the oesophagus (brown adipose tissue BAT) and more superficially from the subcutaneous neck tissue (white adipose tissue WAT). The stromal vascular fraction was isolated and cultured as described (Ramage, Akyol et al. 2016 doi: 10.1016/j.cmet.2016.06.011). Following differentiation, cells were cultured in serum-stripped medium for 48 hours prior to RNA extraction and subsequent bulk RNA-seq. Sample 91 – age (years): 41 sex: female height (m): 1.52 weight (Kg): 63.5 BMI (kg/m2): 27.48 Sample 92 – age (years): 59 sex: female height (m): 1.57 weight (Kg): 60.4 BMI (kg/m2): 24.50 Sample 93 – age (years): 52 sex: female height (m): 1.70 weight (Kg): 114 BMI (kg/m2): 39.45 Sample 95 – age (years): 50 sex: female height (m): 1.72 weight (Kg): 66 BMI (kg/m2): 22.31 Total RNA samples were assessed on the Agilent Bioanalyser (Agilent Technologies, #G2939AA) with the RNA 6000 Nano Kit (#5067-1511) for quality and integrity of total RNA. Samples were DNase-treated using the TURBO DNA-free™ kit (Thermo Fisher, #AM1907) and then quantified using the Qubit 2.0 Fluorometer (Thermo Fisher Scientific Inc, #Q32866) and the Qubit RNA BR assay kit (#Q10210), and assessed for residual DNA contamination using the Qubit dsDNA HS assay Kit (catalogue # Q32851). Libraries were prepared from each TURBO™ DNase treated total-RNA sample using the TruSeq Stranded Total RNA with Ribo-Zero kit (#RS-122-2201) according to the provided protocol. 100ng of total-RNA was processed to deplete rRNA before being purified, fragmented and primed with random hexamers. Primed RNA fragments were reverse transcribed into first strand cDNA using reverse transcriptase and random primers. RNA templates were removed and a replacement strand synthesised incorporating dUTP in place of dTTP to generate ds cDNA. AMPure XP beads (Beckman Coulter, #A63881) were then used to separate the ds cDNA from the second strand reaction mix, providing blunt-ended cDNA. A single 'A' nucleotide was added to the 3' ends of the blunt fragments to prevent them from ligating to another during the subsequent adapter ligation reaction, and a corresponding single 'T' nucleotide on the 3' end of the adapter provided a complementary overhang for ligating the adapter to the fragment. Multiple indexing adapters were then ligated to the ends of the ds cDNA to prepare them for hybridisation onto a flow cell, before 15 cycles of PCR were used to selectively enrich those DNA fragments that had adapter molecules on both ends and amplify the amount of DNA in the library suitable for sequencing. Libraries were quantified using the Qubit dsDNA HS kit and by PCR using the Kapa Universal Illumina Library Quantification kit complete kit (#KK4824) and assessed for quality using the Agilent Bioanalyser with the DNA HS Kit.;PAIRED;;ILLUMINA;;;;;;;;;;NextSeq 550 sequencing: Bulk RNA-seq of paired human brown and white adipocytes;;cultured cells;Adipose - Subcutaneous;;
PRJNA695543;01/02/2021;Transcriptome analysis discloses dysregulated genes in normal appearing tumor-adjacent thyroid tissues from patients with papillary thyroid carcinoma;Transcriptome analysis discloses dysregulated genes in normal appearing tumor-adjacent thyroid tissues from patients with papillary thyroid carcinoma;SRR13572942;SAMN17616046;NAT Rep31;NAT Rep31;;cDNA;TRANSCRIPTOMIC;RNA-Seq;Total RNA was isolated using TRIzol reagent (Invitrogen) according to the manufacturer's instructions. The purity of extracted RNA was measured using a NanoDrop ND-1000 spectrophotometer (NanoDrop Technologies, Inc., Wilmington, DE) and the concentration was assessed with Qubit 2.0 Fluorometer (Agilent Technologies, Santa Clara, CA) using an RNA HS Assay Kit. Samples with RNA Integrity Number (RIN) greater than 4 as assessed by a BioAnalyzer (Agilent) with no visible sign of genomic DNA contamination from the HS Nanochip tracings were used for total RNA library generation. RNA-seq libraries were prepared using the Illumina TruSeq Stranded Total RNA Sample Prep Kit with Ribo-Zero Gold (catalog #RS-122-2201) according to the manufacturer protocol. The sequencing was performed in paired end manner, generating 2 X 100 bp paired-end reads using the Illumina HiSeq 2500 system. Pre-alignment data QC were assessed with FastQC. Post-alignment data quality was assessed with an in-house quality control pipeline/database for RNA-seq database (14). RNA-seq data were trimmed for any adapter sequences using Adapter Removal (15).;PAIRED;;ILLUMINA;;;;;"Normal;Thyroid";;;;;Illumina HiSeq 2500 sequencing: GSM5048788: NAT Rep30 Homo sapiens RNA-Seq;;;Thyroid Gland;;
PRJEB14688;06/01/2017;RNASeq of musculoskeletal ageing using human mesenchymal stem cells and their tissue constructs;RNASeq of musculoskeletal ageing using human mesenchymal stem cells and their tissue constructs;ERR1514462;SAMEA4062960;Sample 26;Protocols: MScs purchased from young and old human donors miRNAeasy kit for RNA extraction Total RNA samples were ribosomal RNA depleted using the Human, mouse, rat low inputRibozero kit from Epicentre. 1ug of RNA (or the max amount available) was mixed with the low input kit baits and allowed to anneal. This was then mixed with the magnetic microspheres which bind the ribosomal complexes and subsequently pulled out with a magnet. The remaining RNA was purified with RNA clean beads and analysed with the Agilent Bioanalyser with a RNA pico chip. Recovery was generally less than 1% of the original starting material. All of this material was used in the script seq reaction (Epicentre). Samples were denatured and annealed to cDNA primers and cDNA was generated. This was amplified with indexed primers for 15 cycles to make the library for sequencing. Libraries were checked on the Agilent Bioanalyser with a High sensitivity chip and quantities determined with Qubit DNA High sensitivity reagents.;Sample 26_p;PCR;TRANSCRIPTOMIC;RNA-Seq;MScs purchased from young and old human donors miRNAeasy kit for RNA extraction Total RNA samples were ribosomal RNA depleted using the Human, mouse, rat low inputRibozero kit from Epicentre. 1ug of RNA (or the max amount available) was mixed with the low input kit baits and allowed to anneal. This was then mixed with the magnetic microspheres which bind the ribosomal complexes and subsequently pulled out with a magnet. The remaining RNA was purified with RNA clean beads and analysed with the Agilent Bioanalyser with a RNA pico chip. Recovery was generally less than 1% of the original starting material. All of this material was used in the script seq reaction (Epicentre). Samples were denatured and annealed to cDNA primers and cDNA was generated. This was amplified with indexed primers for 15 cycles to make the library for sequencing. Libraries were checked on the Agilent Bioanalyser with a High sensitivity chip and quantities determined with Qubit DNA High sensitivity reagents.;PAIRED;;ILLUMINA;;;mesenchymal stem cell;;;;;;;Illumina HiSeq 2000 paired end sequencing: RNASeq of musculoskeletal ageing using human mesenchymal stem cells and their tissue constructs;some aged donors;cultured cells;Connective Tissue - Mesenchymal stem cell;;
PRJNA765370;27/11/2021;RNA-seq of HPV-negative Oral Squamous Cell Carcinoma Patients;RNA-seq of HPV-negative Oral Squamous Cell Carcinoma Patients;SRR16013049;SAMN21555487;OSCC_2-N;OSCC_2-N;;cDNA;TRANSCRIPTOMIC;RNA-Seq;Nucleic acids were extracted fresh frozen OSCC tissue and matched normal (oral mucosa) using the Qiagen AllPrep Kit (Qiagen, Germantown, Maryland, USA) in accordance with the manufacturer's instructions with purification of DNA and RNA from the same sample. TruSeq Stranded Total RNA with Ribo-Zero Gold (Human, Mouse, Rat) ribosomal depletion;PAIRED;;ILLUMINA;;;;;oral mucosa;;;;;Illumina NovaSeq 6000 sequencing: GSM5593749: OSCC_2-N Homo sapiens RNA-Seq;;tumor-adjacent;Mouth - Mucosa;;
PRJNA454694;09/02/2019;Sequencing based maternal whole blood expression changes with gestational age and labor in normal pregnancy;Sequencing based maternal whole blood expression changes with gestational age and labor in normal pregnancy;SRR7094268;SAMN09011923;Sample_20 [RNA-seq];Sample_20 [RNA-seq];;cDNA;TRANSCRIPTOMIC;RNA-Seq;RNA was isolated from  PAXgene® Blood RNA collection tube (BD 762165) as described in the PAXgene® Blood miRNA Kit Handbook (December, 2015). Purified RNA was quantified by UV spectrophotometry using the DropSense96® Microplate Spectrophotometer (Trinean) and quality assessed by microfluidics using the RNA ScreenTape on the Agilent 2200 TapeStation. Starting with 500 ng of total RNA, cDNA library templates were synthesized using the Illumina TruSeq® Stranded Total RNA LT (Set A) Kit with Ribo-Zero Globin rRNA reduction, as described in the TruSeq® Stranded Total RNA Sample Preparation Guide (Rev. E, October 2013). Libraries were validated using the HS D1000 ScreenTape on the Agilent 2200 TapeStation, and quantified on the Qubit® 2.0 Fluorometer by the Qubit® dsDNA HS Assay (ThermoFisher). The Illumina HiSeq 2500 instrument was used to cluster the samples onto the flow cell. The pools were put on at 10pM and run in rapid mode at 2×100 paired end. Illumina HiSeq Rapid PE Cluster kit V2 and HiSeq Rapid SBS kit v2 200 cycles was used.;PAIRED;;ILLUMINA;;;;;;;;;;Illumina HiSeq 2500 sequencing: GSM3124797: Sample_20 [RNA-seq] Homo sapiens RNA-Seq;;;Blood - Whole blood;;
PRJNA633861;01/07/2020;Transcriptomic changes of sigmoidal gut biopsies in psoriasis patients and healthy subjects;Transcriptomic changes of sigmoidal gut biopsies in psoriasis patients and healthy subjects;SRR11812189;SAMN14972286;7360: Healthy.7;7360: Healthy.7;;cDNA;TRANSCRIPTOMIC;RNA-Seq;RNA was isolated using the RNeasy Plus Universal Kits (Qiagen) and processed as per manufacturer's instructions. libraries were prepared using the TruSeq Stranded Total RNA Library Prep kit (Illumina) with Ribo-Zero Gold, according to the manufacturer's instructions.;PAIRED;;ILLUMINA;;;;;sigmoidal colon;;;;;Illumina HiSeq 4000 sequencing: GSM4559708: 7360: Healthy.7 Homo sapiens RNA-Seq;;;Colon, Sigmoid colon;;
PRJNA742971;12/11/2022;A resource for integrated genomic analysis of the human liver;A resource for integrated genomic analysis of the human liver;SRR15013675;SAMN19988458;SJLB728;SJLB728;;cDNA;TRANSCRIPTOMIC;RNA-Seq;Total RNA was extracted from tissue homogenized in TRIzol reagent, followed by Qiagen RNAeasy cleanup mRNA libraries were prepared using the Illuminia TruSeq Stranded Total RNA with Ribo-Zero protocol;PAIRED;;ILLUMINA;;;;;liver;;;;;Illumina HiSeq 2000 sequencing: GSM5412307: SJLB728 Homo sapiens RNA-Seq;check ribozero;likely postmportem;Liver;;
PRJNA454694;09/02/2019;Sequencing based maternal whole blood expression changes with gestational age and labor in normal pregnancy;Sequencing based maternal whole blood expression changes with gestational age and labor in normal pregnancy;SRR7094280;SAMN09011917;Sample_26 [RNA-seq];Sample_26 [RNA-seq];;cDNA;TRANSCRIPTOMIC;RNA-Seq;RNA was isolated from  PAXgene® Blood RNA collection tube (BD 762165) as described in the PAXgene® Blood miRNA Kit Handbook (December, 2015). Purified RNA was quantified by UV spectrophotometry using the DropSense96® Microplate Spectrophotometer (Trinean) and quality assessed by microfluidics using the RNA ScreenTape on the Agilent 2200 TapeStation. Starting with 500 ng of total RNA, cDNA library templates were synthesized using the Illumina TruSeq® Stranded Total RNA LT (Set A) Kit with Ribo-Zero Globin rRNA reduction, as described in the TruSeq® Stranded Total RNA Sample Preparation Guide (Rev. E, October 2013). Libraries were validated using the HS D1000 ScreenTape on the Agilent 2200 TapeStation, and quantified on the Qubit® 2.0 Fluorometer by the Qubit® dsDNA HS Assay (ThermoFisher). The Illumina HiSeq 2500 instrument was used to cluster the samples onto the flow cell. The pools were put on at 10pM and run in rapid mode at 2×100 paired end. Illumina HiSeq Rapid PE Cluster kit V2 and HiSeq Rapid SBS kit v2 200 cycles was used.;PAIRED;;ILLUMINA;;;;;;;;;;Illumina HiSeq 2500 sequencing: GSM3124803: Sample_26 [RNA-seq] Homo sapiens RNA-Seq;;;Blood - Whole blood;;
PRJNA318642;11/08/2016;Transcriptome profiling of the human dorsal striatum in bipolar disorder;Homo sapiens;SRR3393493;SAMN04859344;control-3;control-3;;cDNA;TRANSCRIPTOMIC;RNA-Seq;Frozen postmortem dorsal striatum samples were transferred to RNAlater-ICE (Ambion) and stored at -20C upon receipt. Total RNA was extracted from dissected caudate-putamen tissue by Trizol (Life Technologies), column-purified by the RNeasy Lipid Tissue Kit (Qiagen) and treated with the Turbo DNA-free Kit (Life Technologies). RNA samples were assayed on the BioAnalyzer (Agilent, Santa Clara, CA) to obtain RNA integrity number (RIN) values. Ribosomal RNA (rRNA) was depleted from samples using the RiboMinus Eukaryote Kit v2 (Life Technologies). Strand-specific cDNA libraries were made using the Next Ultra Directional RNA Library Prep Kit (NEB) and sequenced on the Illumina HiSeq2000.;SINGLE;;ILLUMINA;;;;;;;;;;Illumina HiSeq 2000 sequencing: GSM2124739: control-3 Homo sapiens RNA-Seq;;postmortem;Brain - Dorsal Striatum;;
PRJEB43164;21/05/2023;Bulk RNA-seq of paired human brown and white adipocytes;Bulk RNA-seq of paired human brown and white adipocytes;ERR5320459;SAMEA8103243;91_B_0;Protocols: Human adipose tissue was obtained from the central compartment of the neck, superior to the clavicle and deep to the lateral thyroid lobe either adjacent to the longus colli muscle or to the oesophagus (brown adipose tissue BAT) and more superficially from the subcutaneous neck tissue (white adipose tissue WAT). The stromal vascular fraction was isolated and cultured as described (Ramage, Akyol et al. 2016 doi: 10.1016/j.cmet.2016.06.011). Following differentiation, cells were cultured in serum-stripped medium for 48 hours prior to RNA extraction and subsequent bulk RNA-seq. Sample 91 – age (years): 41 sex: female height (m): 1.52 weight (Kg): 63.5 BMI (kg/m2): 27.48 Sample 92 – age (years): 59 sex: female height (m): 1.57 weight (Kg): 60.4 BMI (kg/m2): 24.50 Sample 93 – age (years): 52 sex: female height (m): 1.70 weight (Kg): 114 BMI (kg/m2): 39.45 Sample 95 – age (years): 50 sex: female height (m): 1.72 weight (Kg): 66 BMI (kg/m2): 22.31 Total RNA samples were assessed on the Agilent Bioanalyser (Agilent Technologies, #G2939AA) with the RNA 6000 Nano Kit (#5067-1511) for quality and integrity of total RNA. Samples were DNase-treated using the TURBO DNA-free™ kit (Thermo Fisher, #AM1907) and then quantified using the Qubit 2.0 Fluorometer (Thermo Fisher Scientific Inc, #Q32866) and the Qubit RNA BR assay kit (#Q10210), and assessed for residual DNA contamination using the Qubit dsDNA HS assay Kit (catalogue # Q32851). Libraries were prepared from each TURBO™ DNase treated total-RNA sample using the TruSeq Stranded Total RNA with Ribo-Zero kit (#RS-122-2201) according to the provided protocol. 100ng of total-RNA was processed to deplete rRNA before being purified, fragmented and primed with random hexamers. Primed RNA fragments were reverse transcribed into first strand cDNA using reverse transcriptase and random primers. RNA templates were removed and a replacement strand synthesised incorporating dUTP in place of dTTP to generate ds cDNA. AMPure XP beads (Beckman Coulter, #A63881) were then used to separate the ds cDNA from the second strand reaction mix, providing blunt-ended cDNA. A single 'A' nucleotide was added to the 3' ends of the blunt fragments to prevent them from ligating to another during the subsequent adapter ligation reaction, and a corresponding single 'T' nucleotide on the 3' end of the adapter provided a complementary overhang for ligating the adapter to the fragment. Multiple indexing adapters were then ligated to the ends of the ds cDNA to prepare them for hybridisation onto a flow cell, before 15 cycles of PCR were used to selectively enrich those DNA fragments that had adapter molecules on both ends and amplify the amount of DNA in the library suitable for sequencing. Libraries were quantified using the Qubit dsDNA HS kit and by PCR using the Kapa Universal Illumina Library Quantification kit complete kit (#KK4824) and assessed for quality using the Agilent Bioanalyser with the DNA HS Kit.;91_B_0_p;RT-PCR;GENOMIC;RNA-Seq;Human adipose tissue was obtained from the central compartment of the neck, superior to the clavicle and deep to the lateral thyroid lobe either adjacent to the longus colli muscle or to the oesophagus (brown adipose tissue BAT) and more superficially from the subcutaneous neck tissue (white adipose tissue WAT). The stromal vascular fraction was isolated and cultured as described (Ramage, Akyol et al. 2016 doi: 10.1016/j.cmet.2016.06.011). Following differentiation, cells were cultured in serum-stripped medium for 48 hours prior to RNA extraction and subsequent bulk RNA-seq. Sample 91 – age (years): 41 sex: female height (m): 1.52 weight (Kg): 63.5 BMI (kg/m2): 27.48 Sample 92 – age (years): 59 sex: female height (m): 1.57 weight (Kg): 60.4 BMI (kg/m2): 24.50 Sample 93 – age (years): 52 sex: female height (m): 1.70 weight (Kg): 114 BMI (kg/m2): 39.45 Sample 95 – age (years): 50 sex: female height (m): 1.72 weight (Kg): 66 BMI (kg/m2): 22.31 Total RNA samples were assessed on the Agilent Bioanalyser (Agilent Technologies, #G2939AA) with the RNA 6000 Nano Kit (#5067-1511) for quality and integrity of total RNA. Samples were DNase-treated using the TURBO DNA-free™ kit (Thermo Fisher, #AM1907) and then quantified using the Qubit 2.0 Fluorometer (Thermo Fisher Scientific Inc, #Q32866) and the Qubit RNA BR assay kit (#Q10210), and assessed for residual DNA contamination using the Qubit dsDNA HS assay Kit (catalogue # Q32851). Libraries were prepared from each TURBO™ DNase treated total-RNA sample using the TruSeq Stranded Total RNA with Ribo-Zero kit (#RS-122-2201) according to the provided protocol. 100ng of total-RNA was processed to deplete rRNA before being purified, fragmented and primed with random hexamers. Primed RNA fragments were reverse transcribed into first strand cDNA using reverse transcriptase and random primers. RNA templates were removed and a replacement strand synthesised incorporating dUTP in place of dTTP to generate ds cDNA. AMPure XP beads (Beckman Coulter, #A63881) were then used to separate the ds cDNA from the second strand reaction mix, providing blunt-ended cDNA. A single 'A' nucleotide was added to the 3' ends of the blunt fragments to prevent them from ligating to another during the subsequent adapter ligation reaction, and a corresponding single 'T' nucleotide on the 3' end of the adapter provided a complementary overhang for ligating the adapter to the fragment. Multiple indexing adapters were then ligated to the ends of the ds cDNA to prepare them for hybridisation onto a flow cell, before 15 cycles of PCR were used to selectively enrich those DNA fragments that had adapter molecules on both ends and amplify the amount of DNA in the library suitable for sequencing. Libraries were quantified using the Qubit dsDNA HS kit and by PCR using the Kapa Universal Illumina Library Quantification kit complete kit (#KK4824) and assessed for quality using the Agilent Bioanalyser with the DNA HS Kit.;PAIRED;;ILLUMINA;;;;;;;;;;NextSeq 550 sequencing: Bulk RNA-seq of paired human brown and white adipocytes;;cultured cells;Adipose - Subcutaneous;;
PRJNA271099;24/04/2016;The transcriptome of Kawasaki Disease arteritis;Homo sapiens;SRR1734382;SAMN03272861;C1;C1;;cDNA;TRANSCRIPTOMIC;RNA-Seq;Rneasy FFPE kit (Qiagen, Valencia, CA), RiboMinus (LifeTechnologies, Grand Island, NY) or RiboZero (Epicentre,Madison,WI), RNA Clean and Concentrate 5 (ZymoResearch, Irvine, CA) Illumina TruSeq RNA kit, no fragmentation step performed;PAIRED;;ILLUMINA;;;;;coronary artery;;;;;Illumina HiSeq 2000 sequencing: GSM1572241: C1 Homo sapiens RNA-Seq;;;Artery - Coronary;;
PRJNA742971;12/11/2022;A resource for integrated genomic analysis of the human liver;A resource for integrated genomic analysis of the human liver;SRR15013604;SAMN19988432;SJLB415;SJLB415;;cDNA;TRANSCRIPTOMIC;RNA-Seq;Total RNA was extracted from tissue homogenized in TRIzol reagent, followed by Qiagen RNAeasy cleanup mRNA libraries were prepared using the Illuminia TruSeq Stranded Total RNA with Ribo-Zero protocol;PAIRED;;ILLUMINA;;;;;liver;;;;;Illumina HiSeq 2000 sequencing: GSM5412239: SJLB415 Homo sapiens RNA-Seq;check ribozero;likely postmportem;Liver;;
PRJNA574470;12/05/2020;Hippocampal Subfield Transcriptome Analysis in Schizophrenia Psychosis;Hippocampal Subfield Transcriptome Analysis in Schizophrenia Psychosis;SRR10192666;SAMN12858866;CA3_CTL_0882;CA3_CTL_0882;;1;TRANSCRIPTOMIC;RNA-Seq;Total RNA was extracted and purified using a protocol combining Trizol and chloroform extraction, the GeneJET RNA Purification Kit, and a motorized mini-pestle vibrator for tissue homogenization. RNA purity and concentration were assessed on the Nanodrop spectrophotometer and Agilent2100 Bioanalyzer for RNA Integrity number (RIN) determination. Total RNA was rRNA ribo-depleted, and strand-specific cDNA libraries were synthesized before sequencing on an Illumina HiSeq 2500 sequencer. Stranded, single-end 50-base-pair reads were generated for the preliminary CA3 cohort data. Stranded paired-end 100-base-pair reads were generated for additional cohorts. Libraries and sequencing were performed at the UTSW McDermott Sequencing Core and UTSW Genomics & Microarray Core.;SINGLE;;ILLUMINA;;;;;hippocampus;;;;;Illumina HiSeq 2500 sequencing: GSM4098930: CA3_CTL_0882 Homo sapiens RNA-Seq;;;Brain - Hippocampus;;
PRJNA742971;12/11/2022;A resource for integrated genomic analysis of the human liver;A resource for integrated genomic analysis of the human liver;SRR15013554;SAMN19988419;SJLB340;SJLB340;;cDNA;TRANSCRIPTOMIC;RNA-Seq;Total RNA was extracted from tissue homogenized in TRIzol reagent, followed by Qiagen RNAeasy cleanup mRNA libraries were prepared using the Illuminia TruSeq Stranded Total RNA with Ribo-Zero protocol;PAIRED;;ILLUMINA;;;;;liver;;;;;Illumina HiSeq 2000 sequencing: GSM5412192: SJLB340 Homo sapiens RNA-Seq;check ribozero;likely postmportem;Liver;;
PRJNA901461;02/02/2023;COVID-19 patient samples collected by the PREDICT-19 consortium;COVID-19 patient samples collected by the PREDICT-19 consortium;SRR22283262;SAMN31714421;Whole blood, healthy control, rep 41;Whole blood, healthy control, rep 41;;cDNA;TRANSCRIPTOMIC;RNA-Seq;Total RNA was isolated from whole blood samples stored and stabilized in PAXgene RNA tubes according to the manufacturer's guidelines (PreAnalytiX) Libraries were prepared with 300ng of total RNA per sample using the Illumina Stranded Total RNA Prep with Ribo-Zero Plus (RZP) as per manufacturer instructions (Illumina, CA, USA).;PAIRED;;ILLUMINA;;;;;Whole blood;;;;;Illumina NovaSeq 6000 sequencing: GSM7507756: Whole blood, COVID positive, rep 293 Homo sapiens RNA-Seq;;;Blood - Whole Blood;;
PRJNA694010;08/08/2023;Comprehensively analysis of alternative splicing variations in Chinese colorectal cancer by using next-generation sequencing;;SRR13518177;SAMN17371040;adjacent non-tumor tissue 09;adjacent non-tumor tissue 09;CRC_NAT_09;Inverse rRNA;TRANSCRIPTOMIC;RNA-Seq;;PAIRED;;ILLUMINA;;;;;colon;;NAT_09;;;Illumina NovaSeq 6000 sequencing: adjacent non-tumor tissue 09;;tumor-adjacent;Colon;;
PRJNA318642;11/08/2016;Transcriptome profiling of the human dorsal striatum in bipolar disorder;Homo sapiens;SRR3393496;SAMN04859347;control-11;control-11;;cDNA;TRANSCRIPTOMIC;RNA-Seq;Frozen postmortem dorsal striatum samples were transferred to RNAlater-ICE (Ambion) and stored at -20C upon receipt. Total RNA was extracted from dissected caudate-putamen tissue by Trizol (Life Technologies), column-purified by the RNeasy Lipid Tissue Kit (Qiagen) and treated with the Turbo DNA-free Kit (Life Technologies). RNA samples were assayed on the BioAnalyzer (Agilent, Santa Clara, CA) to obtain RNA integrity number (RIN) values. Ribosomal RNA (rRNA) was depleted from samples using the RiboMinus Eukaryote Kit v2 (Life Technologies). Strand-specific cDNA libraries were made using the Next Ultra Directional RNA Library Prep Kit (NEB) and sequenced on the Illumina HiSeq2000.;SINGLE;;ILLUMINA;;;;;;;;;;Illumina HiSeq 2000 sequencing: GSM2124742: control-11 Homo sapiens RNA-Seq;;postmortem;Brain - Dorsal Striatum;;
PRJNA742971;12/11/2022;A resource for integrated genomic analysis of the human liver;A resource for integrated genomic analysis of the human liver;SRR15013683;SAMN19988511;SJLB749;SJLB749;;cDNA;TRANSCRIPTOMIC;RNA-Seq;Total RNA was extracted from tissue homogenized in TRIzol reagent, followed by Qiagen RNAeasy cleanup mRNA libraries were prepared using the Illuminia TruSeq Stranded Total RNA with Ribo-Zero protocol;PAIRED;;ILLUMINA;;;;;liver;;;;;Illumina HiSeq 2000 sequencing: GSM5412315: SJLB749 Homo sapiens RNA-Seq;check ribozero;likely postmportem;Liver;;
PRJNA914646;24/12/2023;Integrated Unbiased Multiomics Defines Disease-Independent Placental Clusters in Common Obstetrical Syndromes;;SRR22925220;SAMN32490970;Human sample from Homo sapiens;Human sample from Homo sapiens;TP19.B639;Inverse rRNA;TRANSCRIPTOMIC;RNA-Seq;;PAIRED;;ILLUMINA;;;;;Placenta;;Control;;;Illumina NovaSeq 6000 sequencing: Control;;healthy;Placenta;;
PRJNA486023;14/03/2019;Fudan University Shanghai Cancer Center Triple Negative Breast Cancer (FUSCCTNBC);Homo sapiens;SRR8518278;SAMN09837107;Human sample from Homo sapiens;Human sample from Homo sapiens;Lib_FUSCCTNBC242.PT;Inverse rRNA;TRANSCRIPTOMIC;RNA-Seq;;PAIRED;;ILLUMINA;;;;;Paired normal breast tissue;;FUSCCTNBC242;;;HiSeq X Ten sequencing: RNAseq of Homo sapiens: triple negative breast cancer from FUSCCTNBC project;;tumor-adjacent;Breast;;
PRJNA726237;17/11/2021;Ischemic heart disease selectively modifies the right atrial appendage transcriptome;Ischemic heart disease selectively modifies the right atrial appendage transcriptome;SRR14362388;SAMN18926170;ICA-negative for IHD (non-IHD) undergoing valvular surgery, 12-03-15-VKM;ICA-negative for IHD (non-IHD) undergoing valvular surgery, 12-03-15-VKM;;cDNA;TRANSCRIPTOMIC;RNA-Seq;During cardiac surgery, a biopsy sample of the RAA was collected from each patient. Tissue samples were collected at the cannulation site, the insertion site of the venous line for the heart–lung machine. Dissected biopsies were briefly washed in ice-cold sterile saline, cut into 0.5 cm thick tissue pieces, and immersed into 3 ml of RNAlater (Sigma Aldrich, Merck KGaA, Darmstadt, Germany) to inactivate RNAses and stabilize RNA. Samples were let to stabilize at +4°C for one day and stored at under -70°C until processing. Total RNA was isolated from RAA biopsies via initial ice-cold tissue homogenization using a Precellys 24 tissue homogenizer equipped with the Cryolys cooling option (Bertin Technologies SAS, Montigny-le-Bretonneux, France) followed by RNA isolation using combined QIAzol / chloroform extraction and Qiagen RNeasy mini spin column purification according to the manufacturer's instructions (Qiagen, Venlo, Netherlands). The sample RNA integrity number (RIN mean 7.95 ± 0.55 range 7.1–9.0) and total quantity (mean 3069.55 ± 1141.08 ng range 867.8–6855.0 ng) was evaluated in the Functional Genomics Unit (FuGU, University of Helsinki, Helsinki, Finland). Isolated total RNA was stored at under -70oC until sequencing. Ribosomal RNA was removed using the Ribo-ZeroTM Magnetic kit (Illumina Inc, San Diego, CA). RNA libraries were prepared for sequencing using standard Illumina protocols;PAIRED;;ILLUMINA;;;;;Heart (Atrial Appendage);;;;;Illumina HiSeq 4000 sequencing: GSM5271565: ICA-negative for IHD (non-IHD) undergoing valvular surgery, 12-03-15-VKM Homo sapiens RNA-Seq;;non-cancer disease;Heart - Atrial appendage;;
PRJNA454694;09/02/2019;Sequencing based maternal whole blood expression changes with gestational age and labor in normal pregnancy;Sequencing based maternal whole blood expression changes with gestational age and labor in normal pregnancy;SRR7094258;SAMN09011928;Sample_13 [RNA-seq];Sample_13 [RNA-seq];;cDNA;TRANSCRIPTOMIC;RNA-Seq;RNA was isolated from  PAXgene® Blood RNA collection tube (BD 762165) as described in the PAXgene® Blood miRNA Kit Handbook (December, 2015). Purified RNA was quantified by UV spectrophotometry using the DropSense96® Microplate Spectrophotometer (Trinean) and quality assessed by microfluidics using the RNA ScreenTape on the Agilent 2200 TapeStation. Starting with 500 ng of total RNA, cDNA library templates were synthesized using the Illumina TruSeq® Stranded Total RNA LT (Set A) Kit with Ribo-Zero Globin rRNA reduction, as described in the TruSeq® Stranded Total RNA Sample Preparation Guide (Rev. E, October 2013). Libraries were validated using the HS D1000 ScreenTape on the Agilent 2200 TapeStation, and quantified on the Qubit® 2.0 Fluorometer by the Qubit® dsDNA HS Assay (ThermoFisher). The Illumina HiSeq 2500 instrument was used to cluster the samples onto the flow cell. The pools were put on at 10pM and run in rapid mode at 2×100 paired end. Illumina HiSeq Rapid PE Cluster kit V2 and HiSeq Rapid SBS kit v2 200 cycles was used.;PAIRED;;ILLUMINA;;;;;;;;;;Illumina HiSeq 2500 sequencing: GSM3124792: Sample_13 [RNA-seq] Homo sapiens RNA-Seq;;;Blood - Whole blood;;
PRJNA742971;12/11/2022;A resource for integrated genomic analysis of the human liver;A resource for integrated genomic analysis of the human liver;SRR15013626;SAMN19988543;SJLB459;SJLB459;;cDNA;TRANSCRIPTOMIC;RNA-Seq;Total RNA was extracted from tissue homogenized in TRIzol reagent, followed by Qiagen RNAeasy cleanup mRNA libraries were prepared using the Illuminia TruSeq Stranded Total RNA with Ribo-Zero protocol;PAIRED;;ILLUMINA;;;;;liver;;;;;Illumina HiSeq 2000 sequencing: GSM5412261: SJLB459 Homo sapiens RNA-Seq;check ribozero;likely postmportem;Liver;;
PRJNA486023;14/03/2019;Fudan University Shanghai Cancer Center Triple Negative Breast Cancer (FUSCCTNBC);Homo sapiens;SRR8518347;SAMN09837205;Human sample from Homo sapiens;Human sample from Homo sapiens;Lib_FUSCCTNBC370.PT;Inverse rRNA;TRANSCRIPTOMIC;RNA-Seq;;PAIRED;;ILLUMINA;;;;;Paired normal breast tissue;;FUSCCTNBC370;;;HiSeq X Ten sequencing: RNAseq of Homo sapiens: triple negative breast cancer from FUSCCTNBC project;;tumor-adjacent;Breast;;
PRJNA989574;03/07/2023;Effect of pulmonary hypertension due to left heart disease on gene expression in pulmonary arteries;Effect of pulmonary hypertension due to left heart disease on gene expression in pulmonary arteries;SRR25098107;SAMN36175541;;;GSM7520380;cDNA;TRANSCRIPTOMIC;RNA-Seq;Snap-frozen PA specimens were subjected to TRIzol-RNA extraction. RNA quality was assessed by measuring the RNA integrity number (RIN) using a Fragment Analyzer HS Total RNA Kit (Advanced Analytical Technologies, Inc.). Library preparation for total RNA-Seq was performed using TruSeq™ Stranded Total RNA with Ribo-Zero Gold (Illumina, Cat. Nr. RS-122-2301) starting from 1000 ng of total RNA. The size range of the final cDNA libraries was determined by applying the SS NGS Fragment 1- to 6000-bp Kit on the Fragment Analyzer (average 340 bp). Accurate quantification of cDNA libraries was performed by using the QuantiFluor™ dsDNA System (Promega).;SINGLE;;ILLUMINA;;;;;;;;;;Illumina HiSeq 2000 sequencing: GSM7520380: Donor_8 Homo sapiens RNA-Seq;;;Artery - Pulmonary trunk;;
PRJNA742971;12/11/2022;A resource for integrated genomic analysis of the human liver;A resource for integrated genomic analysis of the human liver;SRR15013488;SAMN19988456;SJLB796;SJLB796;;cDNA;TRANSCRIPTOMIC;RNA-Seq;Total RNA was extracted from tissue homogenized in TRIzol reagent, followed by Qiagen RNAeasy cleanup mRNA libraries were prepared using the Illuminia TruSeq Stranded Total RNA with Ribo-Zero protocol;PAIRED;;ILLUMINA;;;;;liver;;;;;Illumina HiSeq 2000 sequencing: GSM5412339: SJLB796 Homo sapiens RNA-Seq;check ribozero;likely postmportem;Liver;;
PRJDB12535;03/12/2021;RNA-seq of HCCs;Homo sapiens;DRR326894;SAMD00414261;HCC-352N;normal;;Inverse rRNA;TRANSCRIPTOMIC;RNA-Seq;;PAIRED;;ILLUMINA;;;;;;;;;;NextSeq 500 paired end sequencing: NextSeq 500 paired end sequencing of SAMD00414259;;;Liver;;
PRJNA901967;02/01/2023;Placental Inflammation Significantly Correlates with Reduced Risk for Retinopathy of Prematurity;Placental Inflammation Significantly Correlates with Reduced Risk for Retinopathy of Prematurity;SRR22301766;SAMN31742719;18942X25 25D_P-2;18942X25 25D_P-2;GSM6733308;cDNA;TRANSCRIPTOMIC;RNA-Seq;RNA was harvested using Qiagen ALL PREP Universal Whole transcriptome expression analysis was performed on fetal surface placental tissues using the Illumina Stranded Total RNA Kit with Ribo-Zero Plus per the standard protocol;PAIRED;;ILLUMINA;;;placental villous tissue;;Placenta;;;;;Illumina NovaSeq 6000 sequencing: GSM6733308: 18942X25 25D_P-2 Homo sapiens RNA-Seq;some retinopathies;healthy;Placenta;;
PRJNA637378;23/09/2020;Non-CG methylation and multiple epigenetic layers associate child abuse with immune and small GTPase dysregulation;Non-CG methylation and multiple epigenetic layers associate child abuse with immune and small GTPase dysregulation;SRR11927168;SAMN15104726;Lateral amygdala, S37, RNAseq;Lateral amygdala, S37, RNAseq;;cDNA;TRANSCRIPTOMIC;RNA-Seq;TrueSeq Stranded Total RNA Sample Preparation + Ribo-Zero Gold kits (Illumina);PAIRED;;ILLUMINA;;;;;Lateral Amygdala (human brain tissue);;;;;Illumina HiSeq 2000 sequencing: GSM4591849: Lateral amygdala, S37, RNAseq Homo sapiens RNA-Seq;;;Brain - Amygdala;;
PRJNA989574;03/07/2023;Effect of pulmonary hypertension due to left heart disease on gene expression in pulmonary arteries;Effect of pulmonary hypertension due to left heart disease on gene expression in pulmonary arteries;SRR25098090;SAMN36175524;;;GSM7520397;cDNA;TRANSCRIPTOMIC;RNA-Seq;Snap-frozen PA specimens were subjected to TRIzol-RNA extraction. RNA quality was assessed by measuring the RNA integrity number (RIN) using a Fragment Analyzer HS Total RNA Kit (Advanced Analytical Technologies, Inc.). Library preparation for total RNA-Seq was performed using TruSeq™ Stranded Total RNA with Ribo-Zero Gold (Illumina, Cat. Nr. RS-122-2301) starting from 1000 ng of total RNA. The size range of the final cDNA libraries was determined by applying the SS NGS Fragment 1- to 6000-bp Kit on the Fragment Analyzer (average 340 bp). Accurate quantification of cDNA libraries was performed by using the QuantiFluor™ dsDNA System (Promega).;SINGLE;;ILLUMINA;;;;;;;;;;Illumina HiSeq 2000 sequencing: GSM7520397: PH-LHD_12 Homo sapiens RNA-Seq;;;Artery - Pulmonary trunk;;
PRJNA374861;17/02/2018;Chemoprevention with COX2 and EGFR inhibition in FAP patients: mRNA signatures of duodenal neoplasia;Homo sapiens;SRR5259643;SAMN06339153;Base_Pt19;Base_Pt19;;cDNA;TRANSCRIPTOMIC;RNA-Seq;Qiagen RNAeasy Mini kit Illumina TruSeq Stranded Total RNA treated with Ribozero Gold, 50 cycle single end reads;SINGLE;;ILLUMINA;;;;;Uninvolved;;;;;Illumina HiSeq 2500 sequencing: GSM2491891: Base_Pt19 Homo sapiens RNA-Seq;;;Small Intestine - Duodenum;;
PRJNA839087;05/06/2023;Human IRF1 governs macrophagic IFN-? immunity to mycobacteria;Human IRF1 governs macrophagic IFN-γ immunity to mycobacteria;SRR19256841;SAMN28500403;fibroblast cells of C1 patient not stimulated;fibroblast cells of C1 patient not stimulated;GSM6164946;cDNA;TRANSCRIPTOMIC;RNA-Seq;Total RNA was extracted from primary fibroblasts from patients or healthy controls with the the miRNeasy Mini Kit (Zimo), and treated with DNAse (Zymo) to remove residual genomic DNA. Quality controls were performed and all RNA samples were of good quality (RIN>8). RNA-Seq libraries were prepared with the Illumina RiboZero TruSeq Stranded Total RNA Library Prep Kit (Illumina) and sequenced on the Illumina NextSeq platform in the 150-nt (for monocyte-derived and iPSC-derived macrophages) or 100-nt (for primary fibroblasts), paired-end configuration.;PAIRED;;ILLUMINA;;;primary fibroblasts;;;;;;;Illumina NovaSeq 6000 sequencing: GSM6164946: fibroblast cells of C1 patient not stimulated Homo sapiens RNA-Seq;;;Cells - Cultured fibroblasts;;
PRJNA914646;24/12/2023;Integrated Unbiased Multiomics Defines Disease-Independent Placental Clusters in Common Obstetrical Syndromes;;SRR22847414;SAMN32343625;MJ-0775;MJ-0775;=VLOOKUP($A76,[1]SRA_data!$A:$M,2,FALSE);Inverse rRNA;TRANSCRIPTOMIC;RNA-Seq;;PAIRED;;ILLUMINA;;;;;Placenta;;Control;;;Illumina NovaSeq 6000 sequencing: Control;;healthy;Placenta;;
PRJNA851623;24/09/2022;SARS-CoV-2 disrupt respiratory vascular barrier by suppressing Claudin-5 expression (additional RNA-seq data);SARS-CoV-2 disrupt respiratory vascular barrier by suppressing Claudin-5 expression (additional RNA-seq data);SRR19779074;SAMN29246079;lungs of COVID-19 patient 1;lungs of COVID-19 patient 1;GSM6259884;cDNA;TRANSCRIPTOMIC;RNA-Seq;RNA-seq in human lungs: Total RNA was isolated from the lungs of control patients and COVID-19 patients using an RNeasy Protect Mini Kit (Qiagen). RNA-seq in human lungs: Library preparation was performed using a Stranded Total RNA Prep, Ligation with Ribo-Zero Plus kit (Illumina, San Diego, CA) according to the manufacturer's instructions.;SINGLE;;ILLUMINA;;;;;lung;;;;;NextSeq 500 sequencing: GSM6259884: lungs of COVID-19 patient 1 Homo sapiens RNA-Seq;;;Lung;;
PRJNA918345;27/02/2023;Rhinoviruses and enterovirus-D68 replicate more robustly in respiratory tissues originating from asthmatic patients compared to non-asthmatic controls;Rhinoviruses and enterovirus-D68 replicate more robustly in respiratory tissues originating from asthmatic patients compared to non-asthmatic controls;SRR22966275;SAMN32574203;B48_Asthma_1_L2;B48_Asthma_1_L2;GSM6915309;cDNA;TRANSCRIPTOMIC;RNA-Seq;human airway epithlia from healthy versus asthmatic donors have been infected or not with rhinoviruses. Infected and non-infected tissues were lysed in 800l of trizol (Ambion, 5596018) and RNA was extracted according to manufacturer's instruction. The TruSeq Stranded total RNA kit with Ribo-Zero Gold was used for the library preparation with 150 ng of total RNA as input. The 18 libraries were pooled at equimolarity and loaded at 8.5 pM for clustering on a single-read Illumina Flow cell. All 100-base sequencing was performed using the TruSeq SBS HS v3 chemistry on an Illumina HiSeq 2500 sequencer;SINGLE;;ILLUMINA;;differentiated primary cells;epitheial;;airway epithelia;;;;;Illumina HiSeq 2500 sequencing: GSM6915309: B48_Asthma_1_L2 Homo sapiens RNA-Seq;;;Respiratory tract epithelium;;
PRJNA975585;08/09/2023;Whole genome transcriptomics of upper extremity veins from end-stage kidney disease patients and non-kidney disease organ donors;Whole genome transcriptomics of upper extremity veins from end-stage kidney disease patients and non-kidney disease organ donors;SRR24709858;SAMN35340239;S039,Basilic vein,Healthy,NA;S039,Basilic vein,Healthy,NA;GSM7418755;cDNA;TRANSCRIPTOMIC;RNA-Seq;RNAlater-preserved samples were ground in liquid nitrogen and isolated with Trizol (Thermo Fisher Scientific) followed by column purification (EZNA Total RNA Kit I, Omega Bio-tek). 500 ng of total RNA was used as input for the Illumina TruSeq Stranded Total RNA Library Prep Kit with Ribo-Zero to generate ribosomal RNA-depleted sequencing libraries. Each sample had a unique barcode to allow multiplexing, and was sequenced to >40 million raw reads in a single end 75 bp sequencing run on the Illumina NextSeq500.;SINGLE;;ILLUMINA;;;;;Basilic vein;;;;;NextSeq 500 sequencing: GSM7418755: S039,Basilic vein,Healthy,NA Homo sapiens RNA-Seq;;;Blood Vessel;;
PRJNA270632;27/06/2015;Tissue-specific circular RNA induction during human fetal development;Homo sapiens;SRR1721285;SAMN03267763;Heart_11wk;Heart_11wk;;cDNA;TRANSCRIPTOMIC;RNA-Seq;Fetal tissue samples <100 mg in size were placed into DNase- and RNase-free 1.5 ml microfuge tubes containing 1 ml of RNAlater RNA Stabilization Reagent (Qiagen) within 1 hour of the pregnancy termination procedure. After storage at room temperature for a period of 24-72 h, excess RNAlater was removed from the microfuge tubes and the samples were placed in the -80oC freezer for storage until RNA isolation was performed. The tissues were lysed in mirVana (Life Technologies) lysis buffer, using a Mini-Beadbeater-16 (Biospec), with agitation for 1 min in the presence of 1 mm zirconia beads. Samples were then centrifuged at maximum speed in a tabletop microcentrifuge for 1 min and the lysed solution was transferred to a fresh microfuge tube. The remainder of the extraction was per the manufacturer's protocol for the mirVana kit (Life Technologies). Following RNA isolation (mirVana miRNA Isolation Kit, Life Technologies, Inc.), the RNA was quantified (Qubit RNA Assay Kit, Life Technologies, Inc.), and quality controlled (RNA6000 Nano Kit and BioAnalyzer 2100, Agilent). 200 ng to 1000 ng was used as input for the Illumina TruSeq Stranded Total RNA with Ribo-Zero Gold sample prep kit (Illumina, Inc.) and sequencing libraries were created according to the manufacturer’s protocol. Briefly, first both cytoplasmic and mitochondrial rRNA was removed by selectively hybridizing biotinylated probes to target sequences and using magnetic beads to capture the bound products. Following rRNA removal, the RNA was fragmented and copied into first strand cDNA using random primers and reverse transcriptase. Next, second strand cDNA synthesis was completed using DNA Polymerase I and RNase H. The cDNA was then ligated to Illumina supplied adapters and enriched with PCR to create the final cDNA libraries. The libraries were then pooled and sequenced on a HiSeq 2000 (Illumina, Inc.) instrument as per manufacturer’s instructions. Sequencing was performed up to 2 X 101 cycles.;PAIRED;;ILLUMINA;;;;;;;;;;Illumina HiSeq 2000 sequencing: GSM1567917: Heart_11wk Homo sapiens RNA-Seq;;fetal;Heart;;
PRJNA625391;16/04/2020;RNA-seq of matched adjacent normal and primary tumor samples from 33 HCC patients;;SRR11547439;SAMN14599266;Human sample from Homo sapiens;Human sample from Homo sapiens;2;Inverse rRNA;TRANSCRIPTOMIC;RNA-Seq;;PAIRED;;ILLUMINA;;;;;Liver tissue;;normal;;;Illumina HiSeq 2500 sequencing: RNA-Seq of Homo sapiens :liver;;;Liver;;
PRJNA486023;14/03/2019;Fudan University Shanghai Cancer Center Triple Negative Breast Cancer (FUSCCTNBC);Homo sapiens;SRR8518378;SAMN09837076;Human sample from Homo sapiens;Human sample from Homo sapiens;Lib_FUSCCTNBC205.PT;Inverse rRNA;TRANSCRIPTOMIC;RNA-Seq;;PAIRED;;ILLUMINA;;;;;Paired normal breast tissue;;FUSCCTNBC205;;;HiSeq X Ten sequencing: RNAseq of Homo sapiens: triple negative breast cancer from FUSCCTNBC project;;tumor-adjacent;Breast;;
PRJNA496323;27/01/2019;Atopic Dermatitis, Psoriasis and healthy control RNA-seq cohort;Atopic Dermatitis, Psoriasis and healthy control RNA-seq cohort;SRR8052763;SAMN10238615;CTRL_017_healthy;CTRL_017_healthy;;cDNA;TRANSCRIPTOMIC;RNA-Seq;5mm skin punch biopsies were stored in PaxGene tissue containers (PreAnalytiX) at -80°C until isolation of total RNA with the Qiagen AllPrep DNA/RNA Mini Kit preceded by an additional disruption/homogenization step with innuSPEED Lysis Tubes W (Analytik Jena) and Qiagen QIAshredder spin-columns. RNA samples were prepared for sequencing using the Illumina Truseq® Stranded total RNA Protocol in combination with the RiboZero rRNA removal Kit and sequenced on the HiSeq2500 with 2x125bp.;PAIRED;;ILLUMINA;;;;;;;;;;Illumina HiSeq 2500 sequencing: GSM3427923: CTRL_017_healthy Homo sapiens RNA-Seq;;Healthy;Skin;;
PRJNA939148;10/07/2023;Transcriptomes of human primary skin fibroblasts reveal age-associated mRNAs and long noncoding RNAs;Transcriptomes of human primary skin fibroblasts reveal age-associated mRNAs and long noncoding RNAs;SRR23630187;SAMN33458024;SKIN_AGE73_F_GR4_Gt018;SKIN_AGE73_F_GR4_Gt018;GSM7067635;cDNA;TRANSCRIPTOMIC;RNA-Seq;After expansion, total RNA was isolated using the Direct-zolTM RNA MiniPrep kit (Zymo Research) following the manufacturer's instruction. Ribo-RNA depletion with Low Input RiboMinus Eukaryote System v2 (Thermo Fisher Scientific). Ribo-RNA-depleted samples were then used for cDNA synthesis with Ovation® RNA-Seq System V2 (Nugen) following the manufacturer's protocol. Following cDNA fragmentation and size selection, libraries were prepared using Illumina TruSeq ChIP Library Preparation Kit (Illumina) according to manufacturer's protocol.;PAIRED;;ILLUMINA;;;primary skin fibroblasts;;;;;;;Illumina NovaSeq 6000 sequencing: GSM7067635: SKIN_AGE73_F_GR4_Gt018 Homo sapiens RNA-Seq;;;Cells - Cultured fibroblasts;;
PRJNA318642;11/08/2016;Transcriptome profiling of the human dorsal striatum in bipolar disorder;Homo sapiens;SRR3393518;SAMN04859301;bipolar-20;bipolar-20;;cDNA;TRANSCRIPTOMIC;RNA-Seq;Frozen postmortem dorsal striatum samples were transferred to RNAlater-ICE (Ambion) and stored at -20C upon receipt. Total RNA was extracted from dissected caudate-putamen tissue by Trizol (Life Technologies), column-purified by the RNeasy Lipid Tissue Kit (Qiagen) and treated with the Turbo DNA-free Kit (Life Technologies). RNA samples were assayed on the BioAnalyzer (Agilent, Santa Clara, CA) to obtain RNA integrity number (RIN) values. Ribosomal RNA (rRNA) was depleted from samples using the RiboMinus Eukaryote Kit v2 (Life Technologies). Strand-specific cDNA libraries were made using the Next Ultra Directional RNA Library Prep Kit (NEB) and sequenced on the Illumina HiSeq2000.;SINGLE;;ILLUMINA;;;;;;;;;;Illumina HiSeq 2000 sequencing: GSM2124764: bipolar-20 Homo sapiens RNA-Seq;;postmortem;Brain - Dorsal Striatum;;
PRJNA486023;14/03/2019;Fudan University Shanghai Cancer Center Triple Negative Breast Cancer (FUSCCTNBC);Homo sapiens;SRR8518348;SAMN09837146;Human sample from Homo sapiens;Human sample from Homo sapiens;Lib_FUSCCTNBC289.PT;Inverse rRNA;TRANSCRIPTOMIC;RNA-Seq;;PAIRED;;ILLUMINA;;;;;Paired normal breast tissue;;FUSCCTNBC289;;;HiSeq X Ten sequencing: RNAseq of Homo sapiens: triple negative breast cancer from FUSCCTNBC project;;tumor-adjacent;Breast;;
PRJEB42969;21/03/2022;This study was conducted to understand the genomics of progression of oral precancerous lesion (leukoplakia) to malignant oral tumor.;Genomic study of gingivobuccal oral cancer progression from oral precancerous lesion.;ERR5285487;SAMEA8045496;Adjacent normal;Adjacent normal;Truseq;Inverse rRNA selection;TRANSCRIPTOMIC;RNA-Seq;Illumina Truseq RNA sample preparation;PAIRED;;ILLUMINA;;;;;;;;;;Illumina HiSeq 2500 paired end sequencing;;tumor-adjacent;Mouth;;
PRJNA989574;03/07/2023;Effect of pulmonary hypertension due to left heart disease on gene expression in pulmonary arteries;Effect of pulmonary hypertension due to left heart disease on gene expression in pulmonary arteries;SRR25098096;SAMN36175530;;;GSM7520391;cDNA;TRANSCRIPTOMIC;RNA-Seq;Snap-frozen PA specimens were subjected to TRIzol-RNA extraction. RNA quality was assessed by measuring the RNA integrity number (RIN) using a Fragment Analyzer HS Total RNA Kit (Advanced Analytical Technologies, Inc.). Library preparation for total RNA-Seq was performed using TruSeq™ Stranded Total RNA with Ribo-Zero Gold (Illumina, Cat. Nr. RS-122-2301) starting from 1000 ng of total RNA. The size range of the final cDNA libraries was determined by applying the SS NGS Fragment 1- to 6000-bp Kit on the Fragment Analyzer (average 340 bp). Accurate quantification of cDNA libraries was performed by using the QuantiFluor™ dsDNA System (Promega).;SINGLE;;ILLUMINA;;;;;;;;;;Illumina HiSeq 2000 sequencing: GSM7520391: PH-LHD_6 Homo sapiens RNA-Seq;;;Artery - Pulmonary trunk;;
PRJNA989574;03/07/2023;Effect of pulmonary hypertension due to left heart disease on gene expression in pulmonary arteries;Effect of pulmonary hypertension due to left heart disease on gene expression in pulmonary arteries;SRR25098094;SAMN36175528;;;GSM7520393;cDNA;TRANSCRIPTOMIC;RNA-Seq;Snap-frozen PA specimens were subjected to TRIzol-RNA extraction. RNA quality was assessed by measuring the RNA integrity number (RIN) using a Fragment Analyzer HS Total RNA Kit (Advanced Analytical Technologies, Inc.). Library preparation for total RNA-Seq was performed using TruSeq™ Stranded Total RNA with Ribo-Zero Gold (Illumina, Cat. Nr. RS-122-2301) starting from 1000 ng of total RNA. The size range of the final cDNA libraries was determined by applying the SS NGS Fragment 1- to 6000-bp Kit on the Fragment Analyzer (average 340 bp). Accurate quantification of cDNA libraries was performed by using the QuantiFluor™ dsDNA System (Promega).;SINGLE;;ILLUMINA;;;;;;;;;;Illumina HiSeq 2000 sequencing: GSM7520393: PH-LHD_8 Homo sapiens RNA-Seq;;;Artery - Pulmonary trunk;;
PRJNA352076;21/06/2017;RNAseq study of synovial biopsies;Homo sapiens;SRR4785832;SAMN05963928;healthy tissue 21;healthy tissue 21;;cDNA;TRANSCRIPTOMIC;RNA-Seq;Total RNA was extracted from RA synovial samples and the quality of all RNA samples was evaluated using an Agilent Bioanalyzer Sequencing libraries were prepared using TruSeq Stranded Total RNA RiboZero protocol from Illumina. Libraries were pooled and sequenced with an Illumina HiSeq 2000 with paired-end 100 bp flow cells. Raw read quality was evaluated using FastQC.;PAIRED;;ILLUMINA;;;;;;;;;;Illumina HiSeq 2000 sequencing: GSM2370990: healthy tissue 21 Homo sapiens RNA-Seq;;;Synovial Fluid;;
PRJNA253002;19/11/2015;Human cortical transcriptome informs brain imaging;Homo sapiens;SRR1424661;SAMN02866060;Human_1029_BA44_6;Human_1029_BA44_6;;cDNA;TRANSCRIPTOMIC;RNA-Seq;All RNA samples were examined for quantity and quality by NanoDrop and Bioanalyzer (Agilent). Samples were randomized for RNA extractions and sequencing. 5ug of total RNA were treated with a Ribominus column according to the manufacturer’s instructions to remove ribosomal RNA. Libraries were prepared using an Illumina TruSeq kit according to the manufacturer’s instructions.;SINGLE;;ILLUMINA;;;;;;;;;;Illumina HiSeq 2000 sequencing: GSM1414934: Human_1029_BA44_6 Homo sapiens RNA-Seq;;;Brain - Pars Opercularis;;
