run_accession	study_accession	first_public
SRR1556219	PRJNA259212	2015-03-09
SRR1556220	PRJNA259212	2015-03-09
SRR1556221	PRJNA259212	2015-03-09
SRR1556222	PRJNA259212	2015-03-09
SRR1556223	PRJNA259212	2015-03-09
SRR1556224	PRJNA259212	2015-03-09
SRR1556226	PRJNA259212	2015-03-09
SRR1556227	PRJNA259212	2015-03-09
SRR1556229	PRJNA259212	2015-03-09
SRR1556218	PRJNA259212	2015-03-09
SRR1556225	PRJNA259212	2015-03-09
SRR1556230	PRJNA259212	2015-03-09
SRR1556232	PRJNA259212	2015-03-09
SRR1556233	PRJNA259212	2015-03-09
SRR1556217	PRJNA259212	2015-03-09
SRR1580540	PRJNA261431	2015-03-22
SRR1580544	PRJNA261431	2015-03-22
SRR1580547	PRJNA261431	2015-03-22
SRR1580550	PRJNA261431	2015-03-22
SRR1580551	PRJNA261431	2015-03-22
SRR1580552	PRJNA261431	2015-03-22
SRR1580541	PRJNA261431	2015-03-22
SRR1580543	PRJNA261431	2015-03-22
SRR1580545	PRJNA261431	2015-03-22
SRR1580546	PRJNA261431	2015-03-22
SRR1580548	PRJNA261431	2015-03-22
SRR1580542	PRJNA261431	2015-03-22
SRR1580549	PRJNA261431	2015-03-22
SRR1580553	PRJNA261431	2015-03-22
SRR1616900	PRJNA264334	2015-03-23
SRR1616902	PRJNA264334	2015-03-23
SRR1616907	PRJNA264334	2015-03-23
SRR1616909	PRJNA264334	2015-03-23
SRR1616910	PRJNA264334	2015-03-23
SRR1616922	PRJNA264334	2015-03-23
SRR1616923	PRJNA264334	2015-03-23
SRR1616924	PRJNA264334	2015-03-23
SRR1616925	PRJNA264334	2015-03-23
SRR1616926	PRJNA264334	2015-03-23
SRR1616927	PRJNA264334	2015-03-23
SRR1616901	PRJNA264334	2015-03-23
SRR1616904	PRJNA264334	2015-03-23
SRR1616914	PRJNA264334	2015-03-23
SRR1616918	PRJNA264334	2015-03-23
SRR1616919	PRJNA264334	2015-03-23
SRR1616899	PRJNA264334	2015-03-23
SRR1616903	PRJNA264334	2015-03-23
SRR1616905	PRJNA264334	2015-03-23
SRR1616906	PRJNA264334	2015-03-23
SRR1616908	PRJNA264334	2015-03-23
SRR1616911	PRJNA264334	2015-03-23
SRR1616912	PRJNA264334	2015-03-23
SRR1616913	PRJNA264334	2015-03-23
SRR1616915	PRJNA264334	2015-03-23
SRR1616916	PRJNA264334	2015-03-23
SRR1616917	PRJNA264334	2015-03-23
SRR1616920	PRJNA264334	2015-03-23
SRR1616921	PRJNA264334	2015-03-23
SRR1594532	PRJNA262824	2015-04-03
SRR1594536	PRJNA262824	2015-04-03
SRR1594537	PRJNA262824	2015-04-03
SRR1594540	PRJNA262824	2015-04-03
SRR1594542	PRJNA262824	2015-04-03
SRR1594548	PRJNA262824	2015-04-03
SRR1594549	PRJNA262824	2015-04-03
SRR1594531	PRJNA262824	2015-04-03
SRR1594534	PRJNA262824	2015-04-03
SRR1594535	PRJNA262824	2015-04-03
SRR1594538	PRJNA262824	2015-04-03
SRR1594539	PRJNA262824	2015-04-03
SRR1594543	PRJNA262824	2015-04-03
SRR1594544	PRJNA262824	2015-04-03
SRR1594546	PRJNA262824	2015-04-03
SRR1594547	PRJNA262824	2015-04-03
SRR1594533	PRJNA262824	2015-04-03
SRR1594541	PRJNA262824	2015-04-03
SRR1594545	PRJNA262824	2015-04-03
SRR1744414	PRJNA271773	2015-04-23
SRR1744415	PRJNA271773	2015-04-23
SRR1744416	PRJNA271773	2015-04-23
SRR1744418	PRJNA271773	2015-04-23
SRR1744420	PRJNA271773	2015-04-23
SRR1744421	PRJNA271773	2015-04-23
SRR1744422	PRJNA271773	2015-04-23
SRR1744428	PRJNA271773	2015-04-23
SRR1744429	PRJNA271773	2015-04-23
SRR1744434	PRJNA271773	2015-04-23
SRR1744435	PRJNA271773	2015-04-23
SRR1744437	PRJNA271773	2015-04-23
SRR1744442	PRJNA271773	2015-04-23
SRR1744445	PRJNA271773	2015-04-23
SRR1744448	PRJNA271773	2015-04-23
SRR1744451	PRJNA271773	2015-04-23
SRR1744417	PRJNA271773	2015-04-23
SRR1744419	PRJNA271773	2015-04-23
SRR1744424	PRJNA271773	2015-04-23
SRR1744425	PRJNA271773	2015-04-23
SRR1744426	PRJNA271773	2015-04-23
SRR1744430	PRJNA271773	2015-04-23
SRR1744443	PRJNA271773	2015-04-23
SRR1744444	PRJNA271773	2015-04-23
SRR1744446	PRJNA271773	2015-04-23
SRR1744447	PRJNA271773	2015-04-23
SRR1744449	PRJNA271773	2015-04-23
SRR1744452	PRJNA271773	2015-04-23
SRR1744453	PRJNA271773	2015-04-23
SRR1744413	PRJNA271773	2015-04-23
SRR1744423	PRJNA271773	2015-04-23
SRR1744427	PRJNA271773	2015-04-23
SRR1744431	PRJNA271773	2015-04-23
SRR1744432	PRJNA271773	2015-04-23
SRR1744433	PRJNA271773	2015-04-23
SRR1744436	PRJNA271773	2015-04-23
SRR1744450	PRJNA271773	2015-04-23
SRR1768822	PRJNA273359	2015-09-16
SRR1768823	PRJNA273359	2015-09-16
SRR1768826	PRJNA273359	2015-09-16
SRR1768828	PRJNA273359	2015-09-16
SRR1768832	PRJNA273359	2015-09-16
SRR1768833	PRJNA273359	2015-09-16
SRR1768835	PRJNA273359	2015-09-16
SRR1768836	PRJNA273359	2015-09-16
SRR1768838	PRJNA273359	2015-09-16
SRR1768839	PRJNA273359	2015-09-16
SRR1768841	PRJNA273359	2015-09-16
SRR1768847	PRJNA273359	2015-09-16
SRR1768850	PRJNA273359	2015-09-16
SRR1768851	PRJNA273359	2015-09-16
SRR1768853	PRJNA273359	2015-09-16
SRR1768855	PRJNA273359	2015-09-16
SRR1768859	PRJNA273359	2015-09-16
SRR1768864	PRJNA273359	2015-09-16
SRR1768867	PRJNA273359	2015-09-16
SRR1768868	PRJNA273359	2015-09-16
SRR1768872	PRJNA273359	2015-09-16
SRR1768876	PRJNA273359	2015-09-16
SRR1768877	PRJNA273359	2015-09-16
SRR1768878	PRJNA273359	2015-09-16
SRR1768882	PRJNA273359	2015-09-16
SRR1768884	PRJNA273359	2015-09-16
SRR1768886	PRJNA273359	2015-09-16
SRR1768889	PRJNA273359	2015-09-16
SRR1768891	PRJNA273359	2015-09-16
SRR1768893	PRJNA273359	2015-09-16
SRR1768896	PRJNA273359	2015-09-16
SRR1768897	PRJNA273359	2015-09-16
SRR1768900	PRJNA273359	2015-09-16
SRR1768903	PRJNA273359	2015-09-16
SRR1768904	PRJNA273359	2015-09-16
SRR1768913	PRJNA273359	2015-09-16
SRR1768914	PRJNA273359	2015-09-16
SRR1768915	PRJNA273359	2015-09-16
SRR1768924	PRJNA273359	2015-09-16
SRR1768925	PRJNA273359	2015-09-16
SRR1768929	PRJNA273359	2015-09-16
SRR1768930	PRJNA273359	2015-09-16
SRR1768932	PRJNA273359	2015-09-16
SRR1768934	PRJNA273359	2015-09-16
SRR1768939	PRJNA273359	2015-09-16
SRR1768940	PRJNA273359	2015-09-16
SRR1768943	PRJNA273359	2015-09-16
SRR1768952	PRJNA273359	2015-09-16
SRR1768959	PRJNA273359	2015-09-16
SRR1768968	PRJNA273359	2015-09-16
SRR1768970	PRJNA273359	2015-09-16
SRR1768976	PRJNA273359	2015-09-16
SRR1768981	PRJNA273359	2015-09-16
SRR1768985	PRJNA273359	2015-09-16
SRR1768821	PRJNA273359	2015-09-16
SRR1768824	PRJNA273359	2015-09-16
SRR1768827	PRJNA273359	2015-09-16
SRR1768829	PRJNA273359	2015-09-16
SRR1768830	PRJNA273359	2015-09-16
SRR1768843	PRJNA273359	2015-09-16
SRR1768844	PRJNA273359	2015-09-16
SRR1768846	PRJNA273359	2015-09-16
SRR1768848	PRJNA273359	2015-09-16
SRR1768849	PRJNA273359	2015-09-16
SRR1768854	PRJNA273359	2015-09-16
SRR1768856	PRJNA273359	2015-09-16
SRR1768860	PRJNA273359	2015-09-16
SRR1768862	PRJNA273359	2015-09-16
SRR1768865	PRJNA273359	2015-09-16
SRR1768869	PRJNA273359	2015-09-16
SRR1768870	PRJNA273359	2015-09-16
SRR1768885	PRJNA273359	2015-09-16
SRR1768887	PRJNA273359	2015-09-16
SRR1768892	PRJNA273359	2015-09-16
SRR1768895	PRJNA273359	2015-09-16
SRR1768899	PRJNA273359	2015-09-16
SRR1768901	PRJNA273359	2015-09-16
SRR1768902	PRJNA273359	2015-09-16
SRR1768908	PRJNA273359	2015-09-16
SRR1768916	PRJNA273359	2015-09-16
SRR1768920	PRJNA273359	2015-09-16
SRR1768923	PRJNA273359	2015-09-16
SRR1768927	PRJNA273359	2015-09-16
SRR1768928	PRJNA273359	2015-09-16
SRR1768933	PRJNA273359	2015-09-16
SRR1768935	PRJNA273359	2015-09-16
SRR1768937	PRJNA273359	2015-09-16
SRR1768944	PRJNA273359	2015-09-16
SRR1768948	PRJNA273359	2015-09-16
SRR1768949	PRJNA273359	2015-09-16
SRR1768951	PRJNA273359	2015-09-16
SRR1768953	PRJNA273359	2015-09-16
SRR1768956	PRJNA273359	2015-09-16
SRR1768957	PRJNA273359	2015-09-16
SRR1768958	PRJNA273359	2015-09-16
SRR1768963	PRJNA273359	2015-09-16
SRR1768967	PRJNA273359	2015-09-16
SRR1768969	PRJNA273359	2015-09-16
SRR1768974	PRJNA273359	2015-09-16
SRR1768975	PRJNA273359	2015-09-16
SRR1768978	PRJNA273359	2015-09-16
SRR1768980	PRJNA273359	2015-09-16
SRR1768987	PRJNA273359	2015-09-16
SRR1768989	PRJNA273359	2015-09-16
SRR1768825	PRJNA273359	2015-09-16
SRR1768831	PRJNA273359	2015-09-16
SRR1768834	PRJNA273359	2015-09-16
SRR1768837	PRJNA273359	2015-09-16
SRR1768840	PRJNA273359	2015-09-16
SRR1768842	PRJNA273359	2015-09-16
SRR1768845	PRJNA273359	2015-09-16
SRR1768852	PRJNA273359	2015-09-16
SRR1768857	PRJNA273359	2015-09-16
SRR1768858	PRJNA273359	2015-09-16
SRR1768861	PRJNA273359	2015-09-16
SRR1768863	PRJNA273359	2015-09-16
SRR1768866	PRJNA273359	2015-09-16
SRR1768871	PRJNA273359	2015-09-16
SRR1768873	PRJNA273359	2015-09-16
SRR1768874	PRJNA273359	2015-09-16
SRR1768875	PRJNA273359	2015-09-16
SRR1768879	PRJNA273359	2015-09-16
SRR1768880	PRJNA273359	2015-09-16
SRR1768881	PRJNA273359	2015-09-16
SRR1768883	PRJNA273359	2015-09-16
SRR1768888	PRJNA273359	2015-09-16
SRR1768890	PRJNA273359	2015-09-16
SRR1768894	PRJNA273359	2015-09-16
SRR1768898	PRJNA273359	2015-09-16
SRR1768905	PRJNA273359	2015-09-16
SRR1768906	PRJNA273359	2015-09-16
SRR1768907	PRJNA273359	2015-09-16
SRR1768909	PRJNA273359	2015-09-16
SRR1768910	PRJNA273359	2015-09-16
SRR1768911	PRJNA273359	2015-09-16
SRR1768912	PRJNA273359	2015-09-16
SRR1768917	PRJNA273359	2015-09-16
SRR1768918	PRJNA273359	2015-09-16
SRR1768919	PRJNA273359	2015-09-16
SRR1768921	PRJNA273359	2015-09-16
SRR1768922	PRJNA273359	2015-09-16
SRR1768926	PRJNA273359	2015-09-16
SRR1768931	PRJNA273359	2015-09-16
SRR1768936	PRJNA273359	2015-09-16
SRR1768938	PRJNA273359	2015-09-16
SRR1768941	PRJNA273359	2015-09-16
SRR1768942	PRJNA273359	2015-09-16
SRR1768945	PRJNA273359	2015-09-16
SRR1768946	PRJNA273359	2015-09-16
SRR1768947	PRJNA273359	2015-09-16
SRR1768950	PRJNA273359	2015-09-16
SRR1768954	PRJNA273359	2015-09-16
SRR1768955	PRJNA273359	2015-09-16
SRR1768960	PRJNA273359	2015-09-16
SRR1768961	PRJNA273359	2015-09-16
SRR1768962	PRJNA273359	2015-09-16
SRR1768964	PRJNA273359	2015-09-16
SRR1768965	PRJNA273359	2015-09-16
SRR1768966	PRJNA273359	2015-09-16
SRR1768971	PRJNA273359	2015-09-16
SRR1768972	PRJNA273359	2015-09-16
SRR1768973	PRJNA273359	2015-09-16
SRR1768977	PRJNA273359	2015-09-16
SRR1768979	PRJNA273359	2015-09-16
SRR1768982	PRJNA273359	2015-09-16
SRR1768983	PRJNA273359	2015-09-16
SRR1768984	PRJNA273359	2015-09-16
SRR1768986	PRJNA273359	2015-09-16
SRR1768988	PRJNA273359	2015-09-16
SRR1917526	PRJNA278733	2016-02-16
SRR1917530	PRJNA278733	2016-02-16
SRR1917531	PRJNA278733	2016-02-16
SRR1917532	PRJNA278733	2016-02-16
SRR1917527	PRJNA278733	2016-02-16
SRR1917533	PRJNA278733	2016-02-16
SRR1917534	PRJNA278733	2016-02-16
SRR1917536	PRJNA278733	2016-02-16
SRR1917525	PRJNA278733	2016-02-16
SRR1917528	PRJNA278733	2016-02-16
SRR1917529	PRJNA278733	2016-02-16
SRR1917535	PRJNA278733	2016-02-16
SRR1917537	PRJNA278733	2016-02-16
SRR3184282	PRJNA312948	2016-03-19
SRR3184283	PRJNA312948	2016-03-19
SRR3184284	PRJNA312948	2016-03-19
SRR3184289	PRJNA312948	2016-03-19
SRR3184291	PRJNA312948	2016-03-19
SRR3184293	PRJNA312948	2016-03-19
SRR3184295	PRJNA312948	2016-03-19
SRR3184305	PRJNA312948	2016-03-19
SRR3184281	PRJNA312948	2016-03-19
SRR3184285	PRJNA312948	2016-03-19
SRR3184287	PRJNA312948	2016-03-19
SRR3184290	PRJNA312948	2016-03-19
SRR3184294	PRJNA312948	2016-03-19
SRR3184296	PRJNA312948	2016-03-19
SRR3184300	PRJNA312948	2016-03-19
SRR3184302	PRJNA312948	2016-03-19
SRR3184304	PRJNA312948	2016-03-19
SRR3184306	PRJNA312948	2016-03-19
SRR3184279	PRJNA312948	2016-03-19
SRR3184280	PRJNA312948	2016-03-19
SRR3184286	PRJNA312948	2016-03-19
SRR3184288	PRJNA312948	2016-03-19
SRR3184292	PRJNA312948	2016-03-19
SRR3184297	PRJNA312948	2016-03-19
SRR3184298	PRJNA312948	2016-03-19
SRR3184299	PRJNA312948	2016-03-19
SRR3184301	PRJNA312948	2016-03-19
SRR3184303	PRJNA312948	2016-03-19
SRR3191970	PRJNA30709	2016-03-30
SRR3192037	PRJNA30709	2016-03-30
SRR3192337	PRJNA30709	2016-03-30
SRR3192555	PRJNA30709	2016-03-30
SRR3192574	PRJNA30709	2016-03-30
SRR3192614	PRJNA30709	2016-03-30
SRR3191969	PRJNA30709	2016-03-30
SRR3192038	PRJNA30709	2016-03-30
SRR3192554	PRJNA30709	2016-03-30
SRR3192559	PRJNA30709	2016-03-30
SRR3192586	PRJNA30709	2016-03-30
SRR3192615	PRJNA30709	2016-03-30
SRR3192336	PRJNA30709	2016-03-30
SRR3192558	PRJNA30709	2016-03-30
SRR3192575	PRJNA30709	2016-03-30
SRR3192587	PRJNA30709	2016-03-30
SRR3192596	PRJNA30709	2016-03-30
SRR2146054	PRJNA291993	2016-04-01
SRR2146058	PRJNA291993	2016-04-01
SRR2146060	PRJNA291993	2016-04-01
SRR2146062	PRJNA291993	2016-04-01
SRR2146063	PRJNA291993	2016-04-01
SRR2146065	PRJNA291993	2016-04-01
SRR2146046	PRJNA291993	2016-04-01
SRR2146049	PRJNA291993	2016-04-01
SRR2146050	PRJNA291993	2016-04-01
SRR2146055	PRJNA291993	2016-04-01
SRR2146059	PRJNA291993	2016-04-01
SRR2146061	PRJNA291993	2016-04-01
SRR2146064	PRJNA291993	2016-04-01
SRR2146047	PRJNA291993	2016-04-01
SRR2146048	PRJNA291993	2016-04-01
SRR2146051	PRJNA291993	2016-04-01
SRR2146052	PRJNA291993	2016-04-01
SRR2146053	PRJNA291993	2016-04-01
SRR2146056	PRJNA291993	2016-04-01
SRR2146057	PRJNA291993	2016-04-01
SRR2149443	PRJNA292318	2016-04-24
SRR2149444	PRJNA292318	2016-04-24
SRR2149449	PRJNA292318	2016-04-24
SRR2149450	PRJNA292318	2016-04-24
SRR2149452	PRJNA292318	2016-04-24
SRR2149458	PRJNA292318	2016-04-24
SRR2149441	PRJNA292318	2016-04-24
SRR2149446	PRJNA292318	2016-04-24
SRR2149447	PRJNA292318	2016-04-24
SRR2149451	PRJNA292318	2016-04-24
SRR2149454	PRJNA292318	2016-04-24
SRR2149455	PRJNA292318	2016-04-24
SRR2149457	PRJNA292318	2016-04-24
SRR2149442	PRJNA292318	2016-04-24
SRR2149445	PRJNA292318	2016-04-24
SRR2149448	PRJNA292318	2016-04-24
SRR2149453	PRJNA292318	2016-04-24
SRR2149456	PRJNA292318	2016-04-24
SRR1828421	PRJNA277227	2016-05-28
SRR1828427	PRJNA277227	2016-05-28
SRR1828422	PRJNA277227	2016-05-28
SRR1828423	PRJNA277227	2016-05-28
SRR1828424	PRJNA277227	2016-05-28
SRR1828428	PRJNA277227	2016-05-28
SRR1828429	PRJNA277227	2016-05-28
SRR1828433	PRJNA277227	2016-05-28
SRR1828420	PRJNA277227	2016-05-28
SRR1828425	PRJNA277227	2016-05-28
SRR1828426	PRJNA277227	2016-05-28
SRR1828430	PRJNA277227	2016-05-28
SRR1828431	PRJNA277227	2016-05-28
SRR1828432	PRJNA277227	2016-05-28
SRR3708808	PRJNA326440	2016-06-27
SRR3708809	PRJNA326440	2016-06-27
SRR3708810	PRJNA326440	2016-06-27
SRR3708817	PRJNA326440	2016-06-27
SRR3708819	PRJNA326440	2016-06-27
SRR3708820	PRJNA326440	2016-06-27
SRR3708807	PRJNA326440	2016-06-27
SRR3708811	PRJNA326440	2016-06-27
SRR3708812	PRJNA326440	2016-06-27
SRR3708813	PRJNA326440	2016-06-27
SRR3708814	PRJNA326440	2016-06-27
SRR3708815	PRJNA326440	2016-06-27
SRR3708821	PRJNA326440	2016-06-27
SRR3708806	PRJNA326440	2016-06-27
SRR3708816	PRJNA326440	2016-06-27
SRR3708818	PRJNA326440	2016-06-27
SRR2519000	PRJNA297064	2016-07-02
SRR2519001	PRJNA297064	2016-07-02
SRR2519002	PRJNA297064	2016-07-02
SRR2519007	PRJNA297064	2016-07-02
SRR2519008	PRJNA297064	2016-07-02
SRR2519003	PRJNA297064	2016-07-02
SRR2519006	PRJNA297064	2016-07-02
SRR2519009	PRJNA297064	2016-07-02
SRR2519012	PRJNA297064	2016-07-02
SRR2519015	PRJNA297064	2016-07-02
SRR2519004	PRJNA297064	2016-07-02
SRR2519005	PRJNA297064	2016-07-02
SRR2519010	PRJNA297064	2016-07-02
SRR2519011	PRJNA297064	2016-07-02
SRR2519013	PRJNA297064	2016-07-02
SRR2519014	PRJNA297064	2016-07-02
SRR3646838	PRJNA328060	2016-09-24
SRR3646839	PRJNA328060	2016-09-24
SRR3646843	PRJNA328060	2016-09-24
SRR3646848	PRJNA328060	2016-09-24
SRR3646849	PRJNA328060	2016-09-24
SRR3646840	PRJNA328060	2016-09-24
SRR3646841	PRJNA328060	2016-09-24
SRR3646842	PRJNA328060	2016-09-24
SRR3646844	PRJNA328060	2016-09-24
SRR3646845	PRJNA328060	2016-09-24
SRR3646846	PRJNA328060	2016-09-24
SRR3646847	PRJNA328060	2016-09-24
SRR1981285	PRJNA281631	2017-01-04
SRR1981286	PRJNA281631	2017-01-04
SRR1981291	PRJNA281631	2017-01-04
SRR1981295	PRJNA281631	2017-01-04
SRR1981288	PRJNA281631	2017-01-04
SRR1981296	PRJNA281631	2017-01-04
SRR1981287	PRJNA281631	2017-01-04
SRR1981289	PRJNA281631	2017-01-04
SRR1981290	PRJNA281631	2017-01-04
SRR1981292	PRJNA281631	2017-01-04
SRR1981293	PRJNA281631	2017-01-04
SRR1981294	PRJNA281631	2017-01-04
SRR1981251	PRJNA281632	2017-01-04
SRR1981254	PRJNA281632	2017-01-04
SRR1981259	PRJNA281632	2017-01-04
SRR1981266	PRJNA281632	2017-01-04
SRR1981269	PRJNA281632	2017-01-04
SRR1981270	PRJNA281632	2017-01-04
SRR1981273	PRJNA281632	2017-01-04
SRR1981252	PRJNA281632	2017-01-04
SRR1981253	PRJNA281632	2017-01-04
SRR1981257	PRJNA281632	2017-01-04
SRR1981258	PRJNA281632	2017-01-04
SRR1981260	PRJNA281632	2017-01-04
SRR1981262	PRJNA281632	2017-01-04
SRR1981263	PRJNA281632	2017-01-04
SRR1981264	PRJNA281632	2017-01-04
SRR1981255	PRJNA281632	2017-01-04
SRR1981256	PRJNA281632	2017-01-04
SRR1981261	PRJNA281632	2017-01-04
SRR1981265	PRJNA281632	2017-01-04
SRR1981271	PRJNA281632	2017-01-04
SRR1981272	PRJNA281632	2017-01-04
SRR1981274	PRJNA281632	2017-01-04
SRR4019608	PRJNA338650	2017-03-02
SRR4019611	PRJNA338650	2017-03-02
SRR4019612	PRJNA338650	2017-03-02
SRR4019613	PRJNA338650	2017-03-02
SRR4019619	PRJNA338650	2017-03-02
SRR4019622	PRJNA338650	2017-03-02
SRR4019623	PRJNA338650	2017-03-02
SRR4019624	PRJNA338650	2017-03-02
SRR4019627	PRJNA338650	2017-03-02
SRR4019628	PRJNA338650	2017-03-02
SRR4019630	PRJNA338650	2017-03-02
SRR4019632	PRJNA338650	2017-03-02
SRR4019634	PRJNA338650	2017-03-02
SRR4019615	PRJNA338650	2017-03-02
SRR4019618	PRJNA338650	2017-03-02
SRR4019620	PRJNA338650	2017-03-02
SRR4019621	PRJNA338650	2017-03-02
SRR4019625	PRJNA338650	2017-03-02
SRR4019626	PRJNA338650	2017-03-02
SRR4019631	PRJNA338650	2017-03-02
SRR4019633	PRJNA338650	2017-03-02
SRR4019636	PRJNA338650	2017-03-02
SRR4019609	PRJNA338650	2017-03-02
SRR4019610	PRJNA338650	2017-03-02
SRR4019614	PRJNA338650	2017-03-02
SRR4019616	PRJNA338650	2017-03-02
SRR4019617	PRJNA338650	2017-03-02
SRR4019629	PRJNA338650	2017-03-02
SRR4019635	PRJNA338650	2017-03-02
SRR4019637	PRJNA338650	2017-03-02
SRR5444797	PRJNA382674	2017-04-19
SRR5444798	PRJNA382674	2017-04-19
SRR5444799	PRJNA382674	2017-04-19
SRR5444801	PRJNA382674	2017-04-19
SRR5444803	PRJNA382674	2017-04-19
SRR5444805	PRJNA382674	2017-04-19
SRR5444806	PRJNA382674	2017-04-19
SRR5444811	PRJNA382674	2017-04-19
SRR5444812	PRJNA382674	2017-04-19
SRR5444814	PRJNA382674	2017-04-19
SRR5444816	PRJNA382674	2017-04-19
SRR5444822	PRJNA382674	2017-04-19
SRR5444823	PRJNA382674	2017-04-19
SRR5444824	PRJNA382674	2017-04-19
SRR5444825	PRJNA382674	2017-04-19
SRR5444826	PRJNA382674	2017-04-19
SRR5444832	PRJNA382674	2017-04-19
SRR5444834	PRJNA382674	2017-04-19
SRR5444836	PRJNA382674	2017-04-19
SRR5444837	PRJNA382674	2017-04-19
SRR5444843	PRJNA382674	2017-04-19
SRR5444846	PRJNA382674	2017-04-19
SRR5444849	PRJNA382674	2017-04-19
SRR5444850	PRJNA382674	2017-04-19
SRR5444853	PRJNA382674	2017-04-19
SRR5444854	PRJNA382674	2017-04-19
SRR5444856	PRJNA382674	2017-04-19
SRR5444861	PRJNA382674	2017-04-19
SRR5444864	PRJNA382674	2017-04-19
SRR5444867	PRJNA382674	2017-04-19
SRR5444869	PRJNA382674	2017-04-19
SRR5444870	PRJNA382674	2017-04-19
SRR5444872	PRJNA382674	2017-04-19
SRR5444873	PRJNA382674	2017-04-19
SRR5444876	PRJNA382674	2017-04-19
SRR5444882	PRJNA382674	2017-04-19
SRR5444885	PRJNA382674	2017-04-19
SRR5444888	PRJNA382674	2017-04-19
SRR5444890	PRJNA382674	2017-04-19
SRR5444893	PRJNA382674	2017-04-19
SRR5444895	PRJNA382674	2017-04-19
SRR5444897	PRJNA382674	2017-04-19
SRR5444900	PRJNA382674	2017-04-19
SRR5444901	PRJNA382674	2017-04-19
SRR5444906	PRJNA382674	2017-04-19
SRR5444910	PRJNA382674	2017-04-19
SRR5444917	PRJNA382674	2017-04-19
SRR5444800	PRJNA382674	2017-04-19
SRR5444804	PRJNA382674	2017-04-19
SRR5444808	PRJNA382674	2017-04-19
SRR5444810	PRJNA382674	2017-04-19
SRR5444813	PRJNA382674	2017-04-19
SRR5444818	PRJNA382674	2017-04-19
SRR5444819	PRJNA382674	2017-04-19
SRR5444821	PRJNA382674	2017-04-19
SRR5444827	PRJNA382674	2017-04-19
SRR5444830	PRJNA382674	2017-04-19
SRR5444831	PRJNA382674	2017-04-19
SRR5444838	PRJNA382674	2017-04-19
SRR5444842	PRJNA382674	2017-04-19
SRR5444844	PRJNA382674	2017-04-19
SRR5444855	PRJNA382674	2017-04-19
SRR5444860	PRJNA382674	2017-04-19
SRR5444862	PRJNA382674	2017-04-19
SRR5444863	PRJNA382674	2017-04-19
SRR5444866	PRJNA382674	2017-04-19
SRR5444868	PRJNA382674	2017-04-19
SRR5444875	PRJNA382674	2017-04-19
SRR5444877	PRJNA382674	2017-04-19
SRR5444881	PRJNA382674	2017-04-19
SRR5444886	PRJNA382674	2017-04-19
SRR5444887	PRJNA382674	2017-04-19
SRR5444892	PRJNA382674	2017-04-19
SRR5444902	PRJNA382674	2017-04-19
SRR5444907	PRJNA382674	2017-04-19
SRR5444911	PRJNA382674	2017-04-19
SRR5444913	PRJNA382674	2017-04-19
SRR5444914	PRJNA382674	2017-04-19
SRR5444916	PRJNA382674	2017-04-19
SRR5444802	PRJNA382674	2017-04-19
SRR5444807	PRJNA382674	2017-04-19
SRR5444809	PRJNA382674	2017-04-19
SRR5444815	PRJNA382674	2017-04-19
SRR5444817	PRJNA382674	2017-04-19
SRR5444820	PRJNA382674	2017-04-19
SRR5444828	PRJNA382674	2017-04-19
SRR5444829	PRJNA382674	2017-04-19
SRR5444833	PRJNA382674	2017-04-19
SRR5444835	PRJNA382674	2017-04-19
SRR5444840	PRJNA382674	2017-04-19
SRR5444841	PRJNA382674	2017-04-19
SRR5444845	PRJNA382674	2017-04-19
SRR5444848	PRJNA382674	2017-04-19
SRR5444851	PRJNA382674	2017-04-19
SRR5444852	PRJNA382674	2017-04-19
SRR5444857	PRJNA382674	2017-04-19
SRR5444858	PRJNA382674	2017-04-19
SRR5444865	PRJNA382674	2017-04-19
SRR5444871	PRJNA382674	2017-04-19
SRR5444874	PRJNA382674	2017-04-19
SRR5444878	PRJNA382674	2017-04-19
SRR5444879	PRJNA382674	2017-04-19
SRR5444880	PRJNA382674	2017-04-19
SRR5444883	PRJNA382674	2017-04-19
SRR5444884	PRJNA382674	2017-04-19
SRR5444889	PRJNA382674	2017-04-19
SRR5444891	PRJNA382674	2017-04-19
SRR5444894	PRJNA382674	2017-04-19
SRR5444896	PRJNA382674	2017-04-19
SRR5444898	PRJNA382674	2017-04-19
SRR5444899	PRJNA382674	2017-04-19
SRR5444903	PRJNA382674	2017-04-19
SRR5444904	PRJNA382674	2017-04-19
SRR5444905	PRJNA382674	2017-04-19
SRR5444908	PRJNA382674	2017-04-19
SRR5444909	PRJNA382674	2017-04-19
SRR5444912	PRJNA382674	2017-04-19
SRR5444918	PRJNA382674	2017-04-19
SRR5444763	PRJNA382752	2017-04-19
SRR5444766	PRJNA382752	2017-04-19
SRR5444767	PRJNA382752	2017-04-19
SRR5444771	PRJNA382752	2017-04-19
SRR5444772	PRJNA382752	2017-04-19
SRR5444773	PRJNA382752	2017-04-19
SRR5444774	PRJNA382752	2017-04-19
SRR5444765	PRJNA382752	2017-04-19
SRR5444768	PRJNA382752	2017-04-19
SRR5444776	PRJNA382752	2017-04-19
SRR5444764	PRJNA382752	2017-04-19
SRR5444769	PRJNA382752	2017-04-19
SRR5444770	PRJNA382752	2017-04-19
SRR5444775	PRJNA382752	2017-04-19
SRR5444777	PRJNA382752	2017-04-19
SRR5444778	PRJNA382752	2017-04-19
SRR5494144	PRJNA385075	2017-05-05
SRR5494145	PRJNA385075	2017-05-05
SRR5494147	PRJNA385075	2017-05-05
SRR5494150	PRJNA385075	2017-05-05
SRR5494155	PRJNA385075	2017-05-05
SRR5494156	PRJNA385075	2017-05-05
SRR5494157	PRJNA385075	2017-05-05
SRR5494161	PRJNA385075	2017-05-05
SRR5494163	PRJNA385075	2017-05-05
SRR5494164	PRJNA385075	2017-05-05
SRR5494165	PRJNA385075	2017-05-05
SRR5494168	PRJNA385075	2017-05-05
SRR5494171	PRJNA385075	2017-05-05
SRR5494172	PRJNA385075	2017-05-05
SRR5494178	PRJNA385075	2017-05-05
SRR5494182	PRJNA385075	2017-05-05
SRR5494192	PRJNA385075	2017-05-05
SRR5494198	PRJNA385075	2017-05-05
SRR5494199	PRJNA385075	2017-05-05
SRR5494203	PRJNA385075	2017-05-05
SRR5494206	PRJNA385075	2017-05-05
SRR5494207	PRJNA385075	2017-05-05
SRR5494211	PRJNA385075	2017-05-05
SRR5494215	PRJNA385075	2017-05-05
SRR5494216	PRJNA385075	2017-05-05
SRR5494218	PRJNA385075	2017-05-05
SRR5494221	PRJNA385075	2017-05-05
SRR5494225	PRJNA385075	2017-05-05
SRR5494228	PRJNA385075	2017-05-05
SRR5494231	PRJNA385075	2017-05-05
SRR5494232	PRJNA385075	2017-05-05
SRR5494233	PRJNA385075	2017-05-05
SRR5494235	PRJNA385075	2017-05-05
SRR5494238	PRJNA385075	2017-05-05
SRR5494241	PRJNA385075	2017-05-05
SRR5494245	PRJNA385075	2017-05-05
SRR5494247	PRJNA385075	2017-05-05
SRR5494253	PRJNA385075	2017-05-05
SRR5494254	PRJNA385075	2017-05-05
SRR5494257	PRJNA385075	2017-05-05
SRR5494263	PRJNA385075	2017-05-05
SRR5494265	PRJNA385075	2017-05-05
SRR5494269	PRJNA385075	2017-05-05
SRR5494271	PRJNA385075	2017-05-05
SRR5494272	PRJNA385075	2017-05-05
SRR5494275	PRJNA385075	2017-05-05
SRR5494276	PRJNA385075	2017-05-05
SRR5494278	PRJNA385075	2017-05-05
SRR5494280	PRJNA385075	2017-05-05
SRR5494283	PRJNA385075	2017-05-05
SRR5494287	PRJNA385075	2017-05-05
SRR5494289	PRJNA385075	2017-05-05
SRR5494292	PRJNA385075	2017-05-05
SRR5494293	PRJNA385075	2017-05-05
SRR5494296	PRJNA385075	2017-05-05
SRR5494297	PRJNA385075	2017-05-05
SRR5494298	PRJNA385075	2017-05-05
SRR5494143	PRJNA385075	2017-05-05
SRR5494149	PRJNA385075	2017-05-05
SRR5494151	PRJNA385075	2017-05-05
SRR5494152	PRJNA385075	2017-05-05
SRR5494153	PRJNA385075	2017-05-05
SRR5494154	PRJNA385075	2017-05-05
SRR5494158	PRJNA385075	2017-05-05
SRR5494160	PRJNA385075	2017-05-05
SRR5494167	PRJNA385075	2017-05-05
SRR5494169	PRJNA385075	2017-05-05
SRR5494173	PRJNA385075	2017-05-05
SRR5494174	PRJNA385075	2017-05-05
SRR5494175	PRJNA385075	2017-05-05
SRR5494176	PRJNA385075	2017-05-05
SRR5494177	PRJNA385075	2017-05-05
SRR5494179	PRJNA385075	2017-05-05
SRR5494180	PRJNA385075	2017-05-05
SRR5494181	PRJNA385075	2017-05-05
SRR5494186	PRJNA385075	2017-05-05
SRR5494187	PRJNA385075	2017-05-05
SRR5494189	PRJNA385075	2017-05-05
SRR5494191	PRJNA385075	2017-05-05
SRR5494194	PRJNA385075	2017-05-05
SRR5494195	PRJNA385075	2017-05-05
SRR5494196	PRJNA385075	2017-05-05
SRR5494197	PRJNA385075	2017-05-05
SRR5494201	PRJNA385075	2017-05-05
SRR5494202	PRJNA385075	2017-05-05
SRR5494204	PRJNA385075	2017-05-05
SRR5494210	PRJNA385075	2017-05-05
SRR5494212	PRJNA385075	2017-05-05
SRR5494213	PRJNA385075	2017-05-05
SRR5494214	PRJNA385075	2017-05-05
SRR5494219	PRJNA385075	2017-05-05
SRR5494220	PRJNA385075	2017-05-05
SRR5494223	PRJNA385075	2017-05-05
SRR5494226	PRJNA385075	2017-05-05
SRR5494229	PRJNA385075	2017-05-05
SRR5494237	PRJNA385075	2017-05-05
SRR5494242	PRJNA385075	2017-05-05
SRR5494246	PRJNA385075	2017-05-05
SRR5494248	PRJNA385075	2017-05-05
SRR5494250	PRJNA385075	2017-05-05
SRR5494256	PRJNA385075	2017-05-05
SRR5494259	PRJNA385075	2017-05-05
SRR5494262	PRJNA385075	2017-05-05
SRR5494268	PRJNA385075	2017-05-05
SRR5494279	PRJNA385075	2017-05-05
SRR5494281	PRJNA385075	2017-05-05
SRR5494284	PRJNA385075	2017-05-05
SRR5494285	PRJNA385075	2017-05-05
SRR5494291	PRJNA385075	2017-05-05
SRR5494294	PRJNA385075	2017-05-05
SRR5494146	PRJNA385075	2017-05-05
SRR5494148	PRJNA385075	2017-05-05
SRR5494159	PRJNA385075	2017-05-05
SRR5494162	PRJNA385075	2017-05-05
SRR5494166	PRJNA385075	2017-05-05
SRR5494170	PRJNA385075	2017-05-05
SRR5494183	PRJNA385075	2017-05-05
SRR5494184	PRJNA385075	2017-05-05
SRR5494185	PRJNA385075	2017-05-05
SRR5494188	PRJNA385075	2017-05-05
SRR5494190	PRJNA385075	2017-05-05
SRR5494193	PRJNA385075	2017-05-05
SRR5494200	PRJNA385075	2017-05-05
SRR5494205	PRJNA385075	2017-05-05
SRR5494208	PRJNA385075	2017-05-05
SRR5494209	PRJNA385075	2017-05-05
SRR5494217	PRJNA385075	2017-05-05
SRR5494222	PRJNA385075	2017-05-05
SRR5494224	PRJNA385075	2017-05-05
SRR5494227	PRJNA385075	2017-05-05
SRR5494230	PRJNA385075	2017-05-05
SRR5494234	PRJNA385075	2017-05-05
SRR5494236	PRJNA385075	2017-05-05
SRR5494239	PRJNA385075	2017-05-05
SRR5494240	PRJNA385075	2017-05-05
SRR5494243	PRJNA385075	2017-05-05
SRR5494244	PRJNA385075	2017-05-05
SRR5494249	PRJNA385075	2017-05-05
SRR5494251	PRJNA385075	2017-05-05
SRR5494252	PRJNA385075	2017-05-05
SRR5494255	PRJNA385075	2017-05-05
SRR5494258	PRJNA385075	2017-05-05
SRR5494260	PRJNA385075	2017-05-05
SRR5494261	PRJNA385075	2017-05-05
SRR5494264	PRJNA385075	2017-05-05
SRR5494266	PRJNA385075	2017-05-05
SRR5494267	PRJNA385075	2017-05-05
SRR5494270	PRJNA385075	2017-05-05
SRR5494273	PRJNA385075	2017-05-05
SRR5494274	PRJNA385075	2017-05-05
SRR5494277	PRJNA385075	2017-05-05
SRR5494282	PRJNA385075	2017-05-05
SRR5494286	PRJNA385075	2017-05-05
SRR5494288	PRJNA385075	2017-05-05
SRR5494290	PRJNA385075	2017-05-05
SRR5494295	PRJNA385075	2017-05-05
SRR5444915	PRJNA382674	2017-05-08
SRR5638584	PRJNA388966	2017-06-06
SRR5638586	PRJNA388966	2017-06-06
SRR5638589	PRJNA388966	2017-06-06
SRR5638578	PRJNA388966	2017-06-06
SRR5638579	PRJNA388966	2017-06-06
SRR5638580	PRJNA388966	2017-06-06
SRR5638581	PRJNA388966	2017-06-06
SRR5638585	PRJNA388966	2017-06-06
SRR5638587	PRJNA388966	2017-06-06
SRR5638582	PRJNA388966	2017-06-06
SRR5638583	PRJNA388966	2017-06-06
SRR5638588	PRJNA388966	2017-06-06
SRR5230973	PRJNA371460	2017-06-28
SRR5230977	PRJNA371460	2017-06-28
SRR5230979	PRJNA371460	2017-06-28
SRR5230981	PRJNA371460	2017-06-28
SRR5230982	PRJNA371460	2017-06-28
SRR5230974	PRJNA371460	2017-06-28
SRR5230978	PRJNA371460	2017-06-28
SRR5230980	PRJNA371460	2017-06-28
SRR5230983	PRJNA371460	2017-06-28
SRR5230975	PRJNA371460	2017-06-28
SRR5230976	PRJNA371460	2017-06-28
SRR5230984	PRJNA371460	2017-06-28
SRR5230985	PRJNA371460	2017-06-28
SRR5230986	PRJNA371460	2017-06-28
SRR5230987	PRJNA371460	2017-06-28
ERR2022810	PRJEB21619	2017-07-04
ERR2022813	PRJEB21619	2017-07-04
ERR2022814	PRJEB21619	2017-07-04
ERR2022815	PRJEB21619	2017-07-04
ERR2022822	PRJEB21619	2017-07-04
ERR2022824	PRJEB21619	2017-07-04
ERR2022826	PRJEB21619	2017-07-04
ERR2022828	PRJEB21619	2017-07-04
ERR2022830	PRJEB21619	2017-07-04
ERR2022838	PRJEB21619	2017-07-04
ERR2022841	PRJEB21619	2017-07-04
ERR2022842	PRJEB21619	2017-07-04
ERR2022845	PRJEB21619	2017-07-04
ERR2022807	PRJEB21619	2017-07-04
ERR2022816	PRJEB21619	2017-07-04
ERR2022818	PRJEB21619	2017-07-04
ERR2022821	PRJEB21619	2017-07-04
ERR2022823	PRJEB21619	2017-07-04
ERR2022825	PRJEB21619	2017-07-04
ERR2022827	PRJEB21619	2017-07-04
ERR2022831	PRJEB21619	2017-07-04
ERR2022835	PRJEB21619	2017-07-04
ERR2022837	PRJEB21619	2017-07-04
ERR2022839	PRJEB21619	2017-07-04
ERR2022840	PRJEB21619	2017-07-04
ERR2022843	PRJEB21619	2017-07-04
ERR2022844	PRJEB21619	2017-07-04
ERR2022808	PRJEB21619	2017-07-04
ERR2022809	PRJEB21619	2017-07-04
ERR2022811	PRJEB21619	2017-07-04
ERR2022812	PRJEB21619	2017-07-04
ERR2022817	PRJEB21619	2017-07-04
ERR2022819	PRJEB21619	2017-07-04
ERR2022829	PRJEB21619	2017-07-04
ERR2022832	PRJEB21619	2017-07-04
ERR2022833	PRJEB21619	2017-07-04
ERR2022834	PRJEB21619	2017-07-04
ERR2022836	PRJEB21619	2017-07-04
ERR2022846	PRJEB21619	2017-07-04
ERR2022847	PRJEB21619	2017-07-04
SRR5826356	PRJNA392866	2017-07-15
SRR5826369	PRJNA392866	2017-07-15
SRR5826372	PRJNA392866	2017-07-15
SRR5826379	PRJNA392866	2017-07-15
SRR5826382	PRJNA392866	2017-07-15
SRR5826394	PRJNA392866	2017-07-15
SRR5826414	PRJNA392866	2017-07-15
SRR5826417	PRJNA392866	2017-07-15
SRR5826419	PRJNA392866	2017-07-15
SRR5826421	PRJNA392866	2017-07-15
SRR5826430	PRJNA392866	2017-07-15
SRR5826443	PRJNA392866	2017-07-15
SRR5826354	PRJNA392866	2017-07-15
SRR5826371	PRJNA392866	2017-07-15
SRR5826373	PRJNA392866	2017-07-15
SRR5826380	PRJNA392866	2017-07-15
SRR5826381	PRJNA392866	2017-07-15
SRR5826392	PRJNA392866	2017-07-15
SRR5826395	PRJNA392866	2017-07-15
SRR5826403	PRJNA392866	2017-07-15
SRR5826405	PRJNA392866	2017-07-15
SRR5826416	PRJNA392866	2017-07-15
SRR5826418	PRJNA392866	2017-07-15
SRR5826420	PRJNA392866	2017-07-15
SRR5826428	PRJNA392866	2017-07-15
SRR5826429	PRJNA392866	2017-07-15
SRR5826432	PRJNA392866	2017-07-15
SRR5826444	PRJNA392866	2017-07-15
SRR5826446	PRJNA392866	2017-07-15
SRR5826353	PRJNA392866	2017-07-15
SRR5826355	PRJNA392866	2017-07-15
SRR5826357	PRJNA392866	2017-07-15
SRR5826358	PRJNA392866	2017-07-15
SRR5826370	PRJNA392866	2017-07-15
SRR5826383	PRJNA392866	2017-07-15
SRR5826390	PRJNA392866	2017-07-15
SRR5826391	PRJNA392866	2017-07-15
SRR5826393	PRJNA392866	2017-07-15
SRR5826396	PRJNA392866	2017-07-15
SRR5826402	PRJNA392866	2017-07-15
SRR5826404	PRJNA392866	2017-07-15
SRR5826406	PRJNA392866	2017-07-15
SRR5826415	PRJNA392866	2017-07-15
SRR5826431	PRJNA392866	2017-07-15
SRR5826440	PRJNA392866	2017-07-15
SRR5826441	PRJNA392866	2017-07-15
SRR5826442	PRJNA392866	2017-07-15
SRR5826445	PRJNA392866	2017-07-15
SRR5604808	PRJNA388068	2017-08-01
SRR5604814	PRJNA388068	2017-08-01
SRR5604817	PRJNA388068	2017-08-01
SRR5604834	PRJNA388068	2017-08-01
SRR5604836	PRJNA388068	2017-08-01
SRR5604815	PRJNA388068	2017-08-01
SRR5604816	PRJNA388068	2017-08-01
SRR5604837	PRJNA388068	2017-08-01
SRR5604838	PRJNA388068	2017-08-01
SRR5604845	PRJNA388068	2017-08-01
SRR5604807	PRJNA388068	2017-08-01
SRR5604835	PRJNA388068	2017-08-01
SRR5604839	PRJNA388068	2017-08-01
SRR5604840	PRJNA388068	2017-08-01
SRR5604841	PRJNA388068	2017-08-01
SRR5604844	PRJNA388068	2017-08-01
SRR3136204	PRJNA308983	2017-09-30
SRR3136205	PRJNA308983	2017-09-30
SRR3136208	PRJNA308983	2017-09-30
SRR3136210	PRJNA308983	2017-09-30
SRR3136211	PRJNA308983	2017-09-30
SRR3136214	PRJNA308983	2017-09-30
SRR3136215	PRJNA308983	2017-09-30
SRR3136203	PRJNA308983	2017-09-30
SRR3136207	PRJNA308983	2017-09-30
SRR3136212	PRJNA308983	2017-09-30
SRR3136216	PRJNA308983	2017-09-30
SRR3136202	PRJNA308983	2017-09-30
SRR3136206	PRJNA308983	2017-09-30
SRR3136209	PRJNA308983	2017-09-30
SRR3136213	PRJNA308983	2017-09-30
SRR2954259	PRJNA303170	2017-11-07
SRR2954262	PRJNA303170	2017-11-07
SRR2954265	PRJNA303170	2017-11-07
SRR2954273	PRJNA303170	2017-11-07
SRR2954274	PRJNA303170	2017-11-07
SRR2954275	PRJNA303170	2017-11-07
SRR2954279	PRJNA303170	2017-11-07
SRR2954284	PRJNA303170	2017-11-07
SRR2954285	PRJNA303170	2017-11-07
SRR2954287	PRJNA303170	2017-11-07
SRR2954292	PRJNA303170	2017-11-07
SRR2954256	PRJNA303170	2017-11-07
SRR2954257	PRJNA303170	2017-11-07
SRR2954258	PRJNA303170	2017-11-07
SRR2954261	PRJNA303170	2017-11-07
SRR2954263	PRJNA303170	2017-11-07
SRR2954264	PRJNA303170	2017-11-07
SRR2954280	PRJNA303170	2017-11-07
SRR2954282	PRJNA303170	2017-11-07
SRR2954283	PRJNA303170	2017-11-07
SRR2954286	PRJNA303170	2017-11-07
SRR2954289	PRJNA303170	2017-11-07
SRR2954293	PRJNA303170	2017-11-07
SRR2954294	PRJNA303170	2017-11-07
SRR2954260	PRJNA303170	2017-11-07
SRR2954266	PRJNA303170	2017-11-07
SRR2954267	PRJNA303170	2017-11-07
SRR2954268	PRJNA303170	2017-11-07
SRR2954269	PRJNA303170	2017-11-07
SRR2954270	PRJNA303170	2017-11-07
SRR2954271	PRJNA303170	2017-11-07
SRR2954272	PRJNA303170	2017-11-07
SRR2954276	PRJNA303170	2017-11-07
SRR2954277	PRJNA303170	2017-11-07
SRR2954278	PRJNA303170	2017-11-07
SRR2954281	PRJNA303170	2017-11-07
SRR2954288	PRJNA303170	2017-11-07
SRR2954290	PRJNA303170	2017-11-07
SRR2954291	PRJNA303170	2017-11-07
SRR5237349	PRJNA371742	2017-11-07
SRR5237351	PRJNA371742	2017-11-07
SRR5237352	PRJNA371742	2017-11-07
SRR5237354	PRJNA371742	2017-11-07
SRR5237355	PRJNA371742	2017-11-07
SRR5237358	PRJNA371742	2017-11-07
SRR5237359	PRJNA371742	2017-11-07
SRR5237380	PRJNA371742	2017-11-07
SRR5237350	PRJNA371742	2017-11-07
SRR5237353	PRJNA371742	2017-11-07
SRR5237360	PRJNA371742	2017-11-07
SRR5237369	PRJNA371742	2017-11-07
SRR5237372	PRJNA371742	2017-11-07
SRR5237356	PRJNA371742	2017-11-07
SRR5237357	PRJNA371742	2017-11-07
SRR5237367	PRJNA371742	2017-11-07
SRR5237368	PRJNA371742	2017-11-07
SRR5237371	PRJNA371742	2017-11-07
SRR5237379	PRJNA371742	2017-11-07
SRR5237381	PRJNA371742	2017-11-07
SRR5659736	PRJNA389719	2017-11-09
SRR5659737	PRJNA389719	2017-11-09
SRR5659738	PRJNA389719	2017-11-09
SRR5659744	PRJNA389719	2017-11-09
SRR5659745	PRJNA389719	2017-11-09
SRR5659746	PRJNA389719	2017-11-09
SRR5659751	PRJNA389719	2017-11-09
SRR5659753	PRJNA389719	2017-11-09
SRR5659755	PRJNA389719	2017-11-09
SRR5659756	PRJNA389719	2017-11-09
SRR5659759	PRJNA389719	2017-11-09
SRR5659761	PRJNA389719	2017-11-09
SRR5659763	PRJNA389719	2017-11-09
SRR5659765	PRJNA389719	2017-11-09
SRR5659767	PRJNA389719	2017-11-09
SRR5659768	PRJNA389719	2017-11-09
SRR5659769	PRJNA389719	2017-11-09
SRR5659773	PRJNA389719	2017-11-09
SRR5659774	PRJNA389719	2017-11-09
SRR5659775	PRJNA389719	2017-11-09
SRR5659779	PRJNA389719	2017-11-09
SRR5659789	PRJNA389719	2017-11-09
SRR5659790	PRJNA389719	2017-11-09
SRR5659792	PRJNA389719	2017-11-09
SRR5659793	PRJNA389719	2017-11-09
SRR5659795	PRJNA389719	2017-11-09
SRR5659796	PRJNA389719	2017-11-09
SRR5659799	PRJNA389719	2017-11-09
SRR5659800	PRJNA389719	2017-11-09
SRR5659802	PRJNA389719	2017-11-09
SRR5659805	PRJNA389719	2017-11-09
SRR5659806	PRJNA389719	2017-11-09
SRR5659808	PRJNA389719	2017-11-09
SRR5659809	PRJNA389719	2017-11-09
SRR5659810	PRJNA389719	2017-11-09
SRR5659812	PRJNA389719	2017-11-09
SRR5659815	PRJNA389719	2017-11-09
SRR5659821	PRJNA389719	2017-11-09
SRR5659824	PRJNA389719	2017-11-09
SRR5659826	PRJNA389719	2017-11-09
SRR5659830	PRJNA389719	2017-11-09
SRR5659832	PRJNA389719	2017-11-09
SRR5659838	PRJNA389719	2017-11-09
SRR5659841	PRJNA389719	2017-11-09
SRR5659844	PRJNA389719	2017-11-09
SRR5659845	PRJNA389719	2017-11-09
SRR5659855	PRJNA389719	2017-11-09
SRR5659735	PRJNA389719	2017-11-09
SRR5659743	PRJNA389719	2017-11-09
SRR5659747	PRJNA389719	2017-11-09
SRR5659748	PRJNA389719	2017-11-09
SRR5659749	PRJNA389719	2017-11-09
SRR5659750	PRJNA389719	2017-11-09
SRR5659752	PRJNA389719	2017-11-09
SRR5659757	PRJNA389719	2017-11-09
SRR5659758	PRJNA389719	2017-11-09
SRR5659762	PRJNA389719	2017-11-09
SRR5659770	PRJNA389719	2017-11-09
SRR5659776	PRJNA389719	2017-11-09
SRR5659778	PRJNA389719	2017-11-09
SRR5659782	PRJNA389719	2017-11-09
SRR5659784	PRJNA389719	2017-11-09
SRR5659785	PRJNA389719	2017-11-09
SRR5659788	PRJNA389719	2017-11-09
SRR5659804	PRJNA389719	2017-11-09
SRR5659807	PRJNA389719	2017-11-09
SRR5659811	PRJNA389719	2017-11-09
SRR5659816	PRJNA389719	2017-11-09
SRR5659818	PRJNA389719	2017-11-09
SRR5659820	PRJNA389719	2017-11-09
SRR5659822	PRJNA389719	2017-11-09
SRR5659823	PRJNA389719	2017-11-09
SRR5659828	PRJNA389719	2017-11-09
SRR5659831	PRJNA389719	2017-11-09
SRR5659833	PRJNA389719	2017-11-09
SRR5659834	PRJNA389719	2017-11-09
SRR5659835	PRJNA389719	2017-11-09
SRR5659836	PRJNA389719	2017-11-09
SRR5659840	PRJNA389719	2017-11-09
SRR5659842	PRJNA389719	2017-11-09
SRR5659843	PRJNA389719	2017-11-09
SRR5659846	PRJNA389719	2017-11-09
SRR5659852	PRJNA389719	2017-11-09
SRR5659857	PRJNA389719	2017-11-09
SRR5659858	PRJNA389719	2017-11-09
SRR5659860	PRJNA389719	2017-11-09
SRR5659731	PRJNA389719	2017-11-09
SRR5659734	PRJNA389719	2017-11-09
SRR5659739	PRJNA389719	2017-11-09
SRR5659740	PRJNA389719	2017-11-09
SRR5659741	PRJNA389719	2017-11-09
SRR5659742	PRJNA389719	2017-11-09
SRR5659754	PRJNA389719	2017-11-09
SRR5659760	PRJNA389719	2017-11-09
SRR5659764	PRJNA389719	2017-11-09
SRR5659766	PRJNA389719	2017-11-09
SRR5659771	PRJNA389719	2017-11-09
SRR5659772	PRJNA389719	2017-11-09
SRR5659777	PRJNA389719	2017-11-09
SRR5659780	PRJNA389719	2017-11-09
SRR5659781	PRJNA389719	2017-11-09
SRR5659783	PRJNA389719	2017-11-09
SRR5659786	PRJNA389719	2017-11-09
SRR5659787	PRJNA389719	2017-11-09
SRR5659791	PRJNA389719	2017-11-09
SRR5659794	PRJNA389719	2017-11-09
SRR5659797	PRJNA389719	2017-11-09
SRR5659798	PRJNA389719	2017-11-09
SRR5659801	PRJNA389719	2017-11-09
SRR5659803	PRJNA389719	2017-11-09
SRR5659813	PRJNA389719	2017-11-09
SRR5659814	PRJNA389719	2017-11-09
SRR5659817	PRJNA389719	2017-11-09
SRR5659819	PRJNA389719	2017-11-09
SRR5659825	PRJNA389719	2017-11-09
SRR5659827	PRJNA389719	2017-11-09
SRR5659829	PRJNA389719	2017-11-09
SRR5659837	PRJNA389719	2017-11-09
SRR5659839	PRJNA389719	2017-11-09
SRR5659847	PRJNA389719	2017-11-09
SRR5659848	PRJNA389719	2017-11-09
SRR5659849	PRJNA389719	2017-11-09
SRR5659850	PRJNA389719	2017-11-09
SRR5659851	PRJNA389719	2017-11-09
SRR5659853	PRJNA389719	2017-11-09
SRR5659854	PRJNA389719	2017-11-09
SRR5659856	PRJNA389719	2017-11-09
SRR5659859	PRJNA389719	2017-11-09
SRR6026384	PRJNA406732	2017-11-09
SRR6026387	PRJNA406732	2017-11-09
SRR6026390	PRJNA406732	2017-11-09
SRR6026393	PRJNA406732	2017-11-09
SRR6026396	PRJNA406732	2017-11-09
SRR6026382	PRJNA406732	2017-11-09
SRR6026383	PRJNA406732	2017-11-09
SRR6026385	PRJNA406732	2017-11-09
SRR6026386	PRJNA406732	2017-11-09
SRR6026391	PRJNA406732	2017-11-09
SRR6026394	PRJNA406732	2017-11-09
SRR6026395	PRJNA406732	2017-11-09
SRR6026397	PRJNA406732	2017-11-09
SRR6026388	PRJNA406732	2017-11-09
SRR6026389	PRJNA406732	2017-11-09
SRR6026392	PRJNA406732	2017-11-09
ERR1805245	PRJEB19157	2017-11-22
ERR1805248	PRJEB19157	2017-11-22
ERR1805253	PRJEB19157	2017-11-22
ERR1805254	PRJEB19157	2017-11-22
ERR1805256	PRJEB19157	2017-11-22
ERR1805258	PRJEB19157	2017-11-22
ERR1805262	PRJEB19157	2017-11-22
ERR1805263	PRJEB19157	2017-11-22
ERR1805243	PRJEB19157	2017-11-22
ERR1805244	PRJEB19157	2017-11-22
ERR1805251	PRJEB19157	2017-11-22
ERR1805252	PRJEB19157	2017-11-22
ERR1805255	PRJEB19157	2017-11-22
ERR1805260	PRJEB19157	2017-11-22
ERR1805261	PRJEB19157	2017-11-22
ERR1805265	PRJEB19157	2017-11-22
ERR1805242	PRJEB19157	2017-11-22
ERR1805246	PRJEB19157	2017-11-22
ERR1805247	PRJEB19157	2017-11-22
ERR1805249	PRJEB19157	2017-11-22
ERR1805250	PRJEB19157	2017-11-22
ERR1805257	PRJEB19157	2017-11-22
ERR1805259	PRJEB19157	2017-11-22
ERR1805264	PRJEB19157	2017-11-22
SRR5228519	PRJNA369853	2017-12-01
SRR5228520	PRJNA369853	2017-12-01
SRR5228521	PRJNA369853	2017-12-01
SRR5228523	PRJNA369853	2017-12-01
SRR5228524	PRJNA369853	2017-12-01
SRR5228525	PRJNA369853	2017-12-01
SRR5228527	PRJNA369853	2017-12-01
SRR5228528	PRJNA369853	2017-12-01
SRR5228529	PRJNA369853	2017-12-01
SRR5228532	PRJNA369853	2017-12-01
SRR5228533	PRJNA369853	2017-12-01
SRR5228535	PRJNA369853	2017-12-01
SRR5228537	PRJNA369853	2017-12-01
SRR5228541	PRJNA369853	2017-12-01
SRR5228543	PRJNA369853	2017-12-01
SRR5228544	PRJNA369853	2017-12-01
SRR5228547	PRJNA369853	2017-12-01
SRR5228548	PRJNA369853	2017-12-01
SRR5228549	PRJNA369853	2017-12-01
SRR5228518	PRJNA369853	2017-12-01
SRR5228526	PRJNA369853	2017-12-01
SRR5228530	PRJNA369853	2017-12-01
SRR5228538	PRJNA369853	2017-12-01
SRR5228539	PRJNA369853	2017-12-01
SRR5228540	PRJNA369853	2017-12-01
SRR5228545	PRJNA369853	2017-12-01
SRR5228546	PRJNA369853	2017-12-01
SRR5228522	PRJNA369853	2017-12-01
SRR5228531	PRJNA369853	2017-12-01
SRR5228534	PRJNA369853	2017-12-01
SRR5228536	PRJNA369853	2017-12-01
SRR5228542	PRJNA369853	2017-12-01
SRR5674285	PRJNA390137	2017-12-01
SRR5674291	PRJNA390137	2017-12-01
SRR5674293	PRJNA390137	2017-12-01
SRR5674294	PRJNA390137	2017-12-01
SRR5674299	PRJNA390137	2017-12-01
SRR5674300	PRJNA390137	2017-12-01
SRR5674301	PRJNA390137	2017-12-01
SRR5674302	PRJNA390137	2017-12-01
SRR5674305	PRJNA390137	2017-12-01
SRR5674284	PRJNA390137	2017-12-01
SRR5674286	PRJNA390137	2017-12-01
SRR5674287	PRJNA390137	2017-12-01
SRR5674289	PRJNA390137	2017-12-01
SRR5674290	PRJNA390137	2017-12-01
SRR5674292	PRJNA390137	2017-12-01
SRR5674296	PRJNA390137	2017-12-01
SRR5674306	PRJNA390137	2017-12-01
SRR5674308	PRJNA390137	2017-12-01
SRR5674312	PRJNA390137	2017-12-01
SRR5674288	PRJNA390137	2017-12-01
SRR5674295	PRJNA390137	2017-12-01
SRR5674297	PRJNA390137	2017-12-01
SRR5674298	PRJNA390137	2017-12-01
SRR5674303	PRJNA390137	2017-12-01
SRR5674304	PRJNA390137	2017-12-01
SRR5674307	PRJNA390137	2017-12-01
SRR5674309	PRJNA390137	2017-12-01
SRR5674310	PRJNA390137	2017-12-01
SRR5674311	PRJNA390137	2017-12-01
SRR5674313	PRJNA390137	2017-12-01
ERR2019439	PRJEB21553	2017-12-02
ERR2019442	PRJEB21553	2017-12-02
ERR2019451	PRJEB21553	2017-12-02
ERR2019454	PRJEB21553	2017-12-02
ERR2019458	PRJEB21553	2017-12-02
ERR2019463	PRJEB21553	2017-12-02
ERR2019465	PRJEB21553	2017-12-02
ERR2019466	PRJEB21553	2017-12-02
ERR2019467	PRJEB21553	2017-12-02
ERR2019468	PRJEB21553	2017-12-02
ERR2019438	PRJEB21553	2017-12-02
ERR2019441	PRJEB21553	2017-12-02
ERR2019443	PRJEB21553	2017-12-02
ERR2019445	PRJEB21553	2017-12-02
ERR2019446	PRJEB21553	2017-12-02
ERR2019449	PRJEB21553	2017-12-02
ERR2019450	PRJEB21553	2017-12-02
ERR2019453	PRJEB21553	2017-12-02
ERR2019455	PRJEB21553	2017-12-02
ERR2019456	PRJEB21553	2017-12-02
ERR2019457	PRJEB21553	2017-12-02
ERR2019459	PRJEB21553	2017-12-02
ERR2019460	PRJEB21553	2017-12-02
ERR2019464	PRJEB21553	2017-12-02
ERR2019469	PRJEB21553	2017-12-02
ERR2019440	PRJEB21553	2017-12-02
ERR2019444	PRJEB21553	2017-12-02
ERR2019447	PRJEB21553	2017-12-02
ERR2019448	PRJEB21553	2017-12-02
ERR2019452	PRJEB21553	2017-12-02
ERR2019461	PRJEB21553	2017-12-02
ERR2019462	PRJEB21553	2017-12-02
ERR2019470	PRJEB21553	2017-12-02
SRR4423267	PRJNA348439	2017-12-23
SRR4423270	PRJNA348439	2017-12-23
SRR4423275	PRJNA348439	2017-12-23
SRR4423266	PRJNA348439	2017-12-23
SRR4423268	PRJNA348439	2017-12-23
SRR4423271	PRJNA348439	2017-12-23
SRR4423273	PRJNA348439	2017-12-23
SRR4423274	PRJNA348439	2017-12-23
SRR4423276	PRJNA348439	2017-12-23
SRR4423269	PRJNA348439	2017-12-23
SRR4423272	PRJNA348439	2017-12-23
SRR4423277	PRJNA348439	2017-12-23
SRR5664267	PRJNA389808	2018-01-03
SRR5664270	PRJNA389808	2018-01-03
SRR5664275	PRJNA389808	2018-01-03
SRR5664277	PRJNA389808	2018-01-03
SRR5664272	PRJNA389808	2018-01-03
SRR5664278	PRJNA389808	2018-01-03
SRR5664268	PRJNA389808	2018-01-03
SRR5664269	PRJNA389808	2018-01-03
SRR5664271	PRJNA389808	2018-01-03
SRR5664273	PRJNA389808	2018-01-03
SRR5664274	PRJNA389808	2018-01-03
SRR5664276	PRJNA389808	2018-01-03
SRR5088818	PRJNA356761	2018-01-25
SRR5088824	PRJNA356761	2018-01-25
SRR5088826	PRJNA356761	2018-01-25
SRR5088832	PRJNA356761	2018-01-25
SRR5088838	PRJNA356761	2018-01-25
SRR5088840	PRJNA356761	2018-01-25
SRR5088841	PRJNA356761	2018-01-25
SRR5088844	PRJNA356761	2018-01-25
SRR5088848	PRJNA356761	2018-01-25
SRR5088850	PRJNA356761	2018-01-25
SRR5088853	PRJNA356761	2018-01-25
SRR5088855	PRJNA356761	2018-01-25
SRR5088856	PRJNA356761	2018-01-25
SRR5088857	PRJNA356761	2018-01-25
SRR5088865	PRJNA356761	2018-01-25
SRR5088866	PRJNA356761	2018-01-25
SRR5088871	PRJNA356761	2018-01-25
SRR5088874	PRJNA356761	2018-01-25
SRR5088878	PRJNA356761	2018-01-25
SRR5088879	PRJNA356761	2018-01-25
SRR5088880	PRJNA356761	2018-01-25
SRR5088882	PRJNA356761	2018-01-25
SRR5088883	PRJNA356761	2018-01-25
SRR5088886	PRJNA356761	2018-01-25
SRR5088890	PRJNA356761	2018-01-25
SRR5088891	PRJNA356761	2018-01-25
SRR5088892	PRJNA356761	2018-01-25
SRR5088893	PRJNA356761	2018-01-25
SRR5088894	PRJNA356761	2018-01-25
SRR5088895	PRJNA356761	2018-01-25
SRR5088898	PRJNA356761	2018-01-25
SRR5088899	PRJNA356761	2018-01-25
SRR5088900	PRJNA356761	2018-01-25
SRR5088904	PRJNA356761	2018-01-25
SRR5088906	PRJNA356761	2018-01-25
SRR5088909	PRJNA356761	2018-01-25
SRR5088916	PRJNA356761	2018-01-25
SRR5088919	PRJNA356761	2018-01-25
SRR5088926	PRJNA356761	2018-01-25
SRR5088814	PRJNA356761	2018-01-25
SRR5088815	PRJNA356761	2018-01-25
SRR5088816	PRJNA356761	2018-01-25
SRR5088823	PRJNA356761	2018-01-25
SRR5088825	PRJNA356761	2018-01-25
SRR5088827	PRJNA356761	2018-01-25
SRR5088828	PRJNA356761	2018-01-25
SRR5088830	PRJNA356761	2018-01-25
SRR5088837	PRJNA356761	2018-01-25
SRR5088839	PRJNA356761	2018-01-25
SRR5088842	PRJNA356761	2018-01-25
SRR5088845	PRJNA356761	2018-01-25
SRR5088847	PRJNA356761	2018-01-25
SRR5088849	PRJNA356761	2018-01-25
SRR5088854	PRJNA356761	2018-01-25
SRR5088858	PRJNA356761	2018-01-25
SRR5088860	PRJNA356761	2018-01-25
SRR5088861	PRJNA356761	2018-01-25
SRR5088867	PRJNA356761	2018-01-25
SRR5088870	PRJNA356761	2018-01-25
SRR5088877	PRJNA356761	2018-01-25
SRR5088887	PRJNA356761	2018-01-25
SRR5088888	PRJNA356761	2018-01-25
SRR5088889	PRJNA356761	2018-01-25
SRR5088897	PRJNA356761	2018-01-25
SRR5088903	PRJNA356761	2018-01-25
SRR5088907	PRJNA356761	2018-01-25
SRR5088908	PRJNA356761	2018-01-25
SRR5088910	PRJNA356761	2018-01-25
SRR5088911	PRJNA356761	2018-01-25
SRR5088912	PRJNA356761	2018-01-25
SRR5088915	PRJNA356761	2018-01-25
SRR5088917	PRJNA356761	2018-01-25
SRR5088918	PRJNA356761	2018-01-25
SRR5088922	PRJNA356761	2018-01-25
SRR5088924	PRJNA356761	2018-01-25
SRR5088927	PRJNA356761	2018-01-25
SRR5088930	PRJNA356761	2018-01-25
SRR5088813	PRJNA356761	2018-01-25
SRR5088817	PRJNA356761	2018-01-25
SRR5088819	PRJNA356761	2018-01-25
SRR5088820	PRJNA356761	2018-01-25
SRR5088821	PRJNA356761	2018-01-25
SRR5088822	PRJNA356761	2018-01-25
SRR5088829	PRJNA356761	2018-01-25
SRR5088831	PRJNA356761	2018-01-25
SRR5088833	PRJNA356761	2018-01-25
SRR5088834	PRJNA356761	2018-01-25
SRR5088835	PRJNA356761	2018-01-25
SRR5088836	PRJNA356761	2018-01-25
SRR5088843	PRJNA356761	2018-01-25
SRR5088846	PRJNA356761	2018-01-25
SRR5088851	PRJNA356761	2018-01-25
SRR5088852	PRJNA356761	2018-01-25
SRR5088859	PRJNA356761	2018-01-25
SRR5088862	PRJNA356761	2018-01-25
SRR5088864	PRJNA356761	2018-01-25
SRR5088872	PRJNA356761	2018-01-25
SRR5088873	PRJNA356761	2018-01-25
SRR5088885	PRJNA356761	2018-01-25
SRR5088896	PRJNA356761	2018-01-25
SRR5088905	PRJNA356761	2018-01-25
SRR5088913	PRJNA356761	2018-01-25
SRR5088914	PRJNA356761	2018-01-25
SRR5088920	PRJNA356761	2018-01-25
SRR5088921	PRJNA356761	2018-01-25
SRR5088923	PRJNA356761	2018-01-25
SRR5088925	PRJNA356761	2018-01-25
SRR5088928	PRJNA356761	2018-01-25
SRR5088929	PRJNA356761	2018-01-25
SRR3666815	PRJNA325657	2018-02-15
SRR3666817	PRJNA325657	2018-02-15
SRR3666820	PRJNA325657	2018-02-15
SRR3666821	PRJNA325657	2018-02-15
SRR3666823	PRJNA325657	2018-02-15
SRR3666824	PRJNA325657	2018-02-15
SRR3666812	PRJNA325657	2018-02-15
SRR3666814	PRJNA325657	2018-02-15
SRR3666818	PRJNA325657	2018-02-15
SRR3666822	PRJNA325657	2018-02-15
SRR3666825	PRJNA325657	2018-02-15
SRR3666826	PRJNA325657	2018-02-15
SRR3666813	PRJNA325657	2018-02-15
SRR3666816	PRJNA325657	2018-02-15
SRR3666819	PRJNA325657	2018-02-15
SRR5277337	PRJNA376198	2018-02-21
SRR5277341	PRJNA376198	2018-02-21
SRR5277328	PRJNA376198	2018-02-21
SRR5277339	PRJNA376198	2018-02-21
SRR5277342	PRJNA376198	2018-02-21
SRR5277329	PRJNA376198	2018-02-21
SRR5277330	PRJNA376198	2018-02-21
SRR5277332	PRJNA376198	2018-02-21
SRR5277334	PRJNA376198	2018-02-21
SRR5277335	PRJNA376198	2018-02-21
SRR5277336	PRJNA376198	2018-02-21
SRR5277338	PRJNA376198	2018-02-21
SRR6761916	PRJNA435576	2018-04-09
SRR6761924	PRJNA435576	2018-04-09
SRR6761915	PRJNA435576	2018-04-09
SRR6761918	PRJNA435576	2018-04-09
SRR6761923	PRJNA435576	2018-04-09
SRR6761913	PRJNA435576	2018-04-09
SRR6761914	PRJNA435576	2018-04-09
SRR6761917	PRJNA435576	2018-04-09
SRR6761919	PRJNA435576	2018-04-09
SRR6761920	PRJNA435576	2018-04-09
SRR6761921	PRJNA435576	2018-04-09
SRR6761922	PRJNA435576	2018-04-09
SRR6757708	PRJNA435114	2018-04-19
SRR6757710	PRJNA435114	2018-04-19
SRR6757711	PRJNA435114	2018-04-19
SRR6757700	PRJNA435114	2018-04-19
SRR6757702	PRJNA435114	2018-04-19
SRR6757704	PRJNA435114	2018-04-19
SRR6757705	PRJNA435114	2018-04-19
SRR6757709	PRJNA435114	2018-04-19
SRR6757701	PRJNA435114	2018-04-19
SRR6757703	PRJNA435114	2018-04-19
SRR6757706	PRJNA435114	2018-04-19
SRR6757707	PRJNA435114	2018-04-19
SRR6757712	PRJNA435114	2018-04-19
SRR7074890	PRJNA453990	2018-04-28
SRR7074892	PRJNA453990	2018-04-28
SRR7074893	PRJNA453990	2018-04-28
SRR7074895	PRJNA453990	2018-04-28
SRR7074896	PRJNA453990	2018-04-28
SRR7074898	PRJNA453990	2018-04-28
SRR7074899	PRJNA453990	2018-04-28
SRR7074891	PRJNA453990	2018-04-28
SRR7074897	PRJNA453990	2018-04-28
SRR7074900	PRJNA453990	2018-04-28
SRR7074901	PRJNA453990	2018-04-28
SRR7074894	PRJNA453990	2018-04-28
SRR3467297	PRJNA320101	2018-05-01
SRR3467304	PRJNA320101	2018-05-01
SRR3467307	PRJNA320101	2018-05-01
SRR3467312	PRJNA320101	2018-05-01
SRR3467322	PRJNA320101	2018-05-01
SRR3467325	PRJNA320101	2018-05-01
SRR3467326	PRJNA320101	2018-05-01
SRR3467328	PRJNA320101	2018-05-01
SRR3467329	PRJNA320101	2018-05-01
SRR3467331	PRJNA320101	2018-05-01
SRR3467332	PRJNA320101	2018-05-01
SRR3467333	PRJNA320101	2018-05-01
SRR3467339	PRJNA320101	2018-05-01
SRR3467340	PRJNA320101	2018-05-01
SRR3467341	PRJNA320101	2018-05-01
SRR3467342	PRJNA320101	2018-05-01
SRR3467344	PRJNA320101	2018-05-01
SRR3467347	PRJNA320101	2018-05-01
SRR3467349	PRJNA320101	2018-05-01
SRR3467355	PRJNA320101	2018-05-01
SRR3467356	PRJNA320101	2018-05-01
SRR3467296	PRJNA320101	2018-05-01
SRR3467299	PRJNA320101	2018-05-01
SRR3467301	PRJNA320101	2018-05-01
SRR3467303	PRJNA320101	2018-05-01
SRR3467311	PRJNA320101	2018-05-01
SRR3467313	PRJNA320101	2018-05-01
SRR3467314	PRJNA320101	2018-05-01
SRR3467315	PRJNA320101	2018-05-01
SRR3467320	PRJNA320101	2018-05-01
SRR3467323	PRJNA320101	2018-05-01
SRR3467324	PRJNA320101	2018-05-01
SRR3467330	PRJNA320101	2018-05-01
SRR3467335	PRJNA320101	2018-05-01
SRR3467336	PRJNA320101	2018-05-01
SRR3467337	PRJNA320101	2018-05-01
SRR3467351	PRJNA320101	2018-05-01
SRR3467352	PRJNA320101	2018-05-01
SRR3467354	PRJNA320101	2018-05-01
SRR3467298	PRJNA320101	2018-05-01
SRR3467300	PRJNA320101	2018-05-01
SRR3467302	PRJNA320101	2018-05-01
SRR3467306	PRJNA320101	2018-05-01
SRR3467308	PRJNA320101	2018-05-01
SRR3467309	PRJNA320101	2018-05-01
SRR3467316	PRJNA320101	2018-05-01
SRR3467317	PRJNA320101	2018-05-01
SRR3467319	PRJNA320101	2018-05-01
SRR3467321	PRJNA320101	2018-05-01
SRR3467327	PRJNA320101	2018-05-01
SRR3467334	PRJNA320101	2018-05-01
SRR3467338	PRJNA320101	2018-05-01
SRR3467343	PRJNA320101	2018-05-01
SRR3467345	PRJNA320101	2018-05-01
SRR3467348	PRJNA320101	2018-05-01
SRR3467350	PRJNA320101	2018-05-01
SRR3467353	PRJNA320101	2018-05-01
SRR3467357	PRJNA320101	2018-05-01
SRR3467358	PRJNA320101	2018-05-01
SRR3467359	PRJNA320101	2018-05-01
SRR5720544	PRJNA391183	2018-05-02
SRR5720545	PRJNA391183	2018-05-02
SRR5720550	PRJNA391183	2018-05-02
SRR5720554	PRJNA391183	2018-05-02
SRR5720556	PRJNA391183	2018-05-02
SRR5720561	PRJNA391183	2018-05-02
SRR5720562	PRJNA391183	2018-05-02
SRR5720563	PRJNA391183	2018-05-02
SRR5720568	PRJNA391183	2018-05-02
SRR5720574	PRJNA391183	2018-05-02
SRR5720576	PRJNA391183	2018-05-02
SRR5720580	PRJNA391183	2018-05-02
SRR5720588	PRJNA391183	2018-05-02
SRR5720542	PRJNA391183	2018-05-02
SRR5720543	PRJNA391183	2018-05-02
SRR5720546	PRJNA391183	2018-05-02
SRR5720547	PRJNA391183	2018-05-02
SRR5720548	PRJNA391183	2018-05-02
SRR5720549	PRJNA391183	2018-05-02
SRR5720551	PRJNA391183	2018-05-02
SRR5720552	PRJNA391183	2018-05-02
SRR5720559	PRJNA391183	2018-05-02
SRR5720566	PRJNA391183	2018-05-02
SRR5720569	PRJNA391183	2018-05-02
SRR5720570	PRJNA391183	2018-05-02
SRR5720571	PRJNA391183	2018-05-02
SRR5720572	PRJNA391183	2018-05-02
SRR5720575	PRJNA391183	2018-05-02
SRR5720583	PRJNA391183	2018-05-02
SRR5720584	PRJNA391183	2018-05-02
SRR5720585	PRJNA391183	2018-05-02
SRR5720586	PRJNA391183	2018-05-02
SRR5720591	PRJNA391183	2018-05-02
SRR5720553	PRJNA391183	2018-05-02
SRR5720555	PRJNA391183	2018-05-02
SRR5720557	PRJNA391183	2018-05-02
SRR5720573	PRJNA391183	2018-05-02
SRR5720577	PRJNA391183	2018-05-02
SRR5720578	PRJNA391183	2018-05-02
SRR5720579	PRJNA391183	2018-05-02
SRR5720581	PRJNA391183	2018-05-02
SRR5720582	PRJNA391183	2018-05-02
SRR5720587	PRJNA391183	2018-05-02
SRR5720589	PRJNA391183	2018-05-02
SRR5720590	PRJNA391183	2018-05-02
SRR6339028	PRJNA420861	2018-05-25
SRR6339031	PRJNA420861	2018-05-25
SRR6339024	PRJNA420861	2018-05-25
SRR6339032	PRJNA420861	2018-05-25
SRR6339033	PRJNA420861	2018-05-25
SRR6339035	PRJNA420861	2018-05-25
SRR6339025	PRJNA420861	2018-05-25
SRR6339026	PRJNA420861	2018-05-25
SRR6339027	PRJNA420861	2018-05-25
SRR6339029	PRJNA420861	2018-05-25
SRR6339030	PRJNA420861	2018-05-25
SRR6339034	PRJNA420861	2018-05-25
SRR7082587	PRJNA454219	2018-06-02
SRR7082588	PRJNA454219	2018-06-02
SRR7082598	PRJNA454219	2018-06-02
SRR7082609	PRJNA454219	2018-06-02
SRR7082622	PRJNA454219	2018-06-02
SRR7082626	PRJNA454219	2018-06-02
SRR7082627	PRJNA454219	2018-06-02
SRR7082634	PRJNA454219	2018-06-02
SRR7082636	PRJNA454219	2018-06-02
SRR7082644	PRJNA454219	2018-06-02
SRR7082645	PRJNA454219	2018-06-02
SRR7082656	PRJNA454219	2018-06-02
SRR7082660	PRJNA454219	2018-06-02
SRR7082663	PRJNA454219	2018-06-02
SRR7082667	PRJNA454219	2018-06-02
SRR7082670	PRJNA454219	2018-06-02
SRR7082679	PRJNA454219	2018-06-02
SRR7082680	PRJNA454219	2018-06-02
SRR7082590	PRJNA454219	2018-06-02
SRR7082591	PRJNA454219	2018-06-02
SRR7082599	PRJNA454219	2018-06-02
SRR7082601	PRJNA454219	2018-06-02
SRR7082602	PRJNA454219	2018-06-02
SRR7082608	PRJNA454219	2018-06-02
SRR7082610	PRJNA454219	2018-06-02
SRR7082611	PRJNA454219	2018-06-02
SRR7082612	PRJNA454219	2018-06-02
SRR7082617	PRJNA454219	2018-06-02
SRR7082618	PRJNA454219	2018-06-02
SRR7082619	PRJNA454219	2018-06-02
SRR7082620	PRJNA454219	2018-06-02
SRR7082624	PRJNA454219	2018-06-02
SRR7082625	PRJNA454219	2018-06-02
SRR7082629	PRJNA454219	2018-06-02
SRR7082630	PRJNA454219	2018-06-02
SRR7082631	PRJNA454219	2018-06-02
SRR7082632	PRJNA454219	2018-06-02
SRR7082635	PRJNA454219	2018-06-02
SRR7082640	PRJNA454219	2018-06-02
SRR7082643	PRJNA454219	2018-06-02
SRR7082647	PRJNA454219	2018-06-02
SRR7082649	PRJNA454219	2018-06-02
SRR7082650	PRJNA454219	2018-06-02
SRR7082651	PRJNA454219	2018-06-02
SRR7082654	PRJNA454219	2018-06-02
SRR7082655	PRJNA454219	2018-06-02
SRR7082657	PRJNA454219	2018-06-02
SRR7082658	PRJNA454219	2018-06-02
SRR7082668	PRJNA454219	2018-06-02
SRR7082673	PRJNA454219	2018-06-02
SRR7082676	PRJNA454219	2018-06-02
SRR7082681	PRJNA454219	2018-06-02
SRR7082684	PRJNA454219	2018-06-02
SRR7082686	PRJNA454219	2018-06-02
SRR7082689	PRJNA454219	2018-06-02
SRR7082690	PRJNA454219	2018-06-02
SRR7082692	PRJNA454219	2018-06-02
SRR7082593	PRJNA454219	2018-06-02
SRR7082594	PRJNA454219	2018-06-02
SRR7082595	PRJNA454219	2018-06-02
SRR7082596	PRJNA454219	2018-06-02
SRR7082603	PRJNA454219	2018-06-02
SRR7082604	PRJNA454219	2018-06-02
SRR7082606	PRJNA454219	2018-06-02
SRR7082614	PRJNA454219	2018-06-02
SRR7082616	PRJNA454219	2018-06-02
SRR7082637	PRJNA454219	2018-06-02
SRR7082639	PRJNA454219	2018-06-02
SRR7082641	PRJNA454219	2018-06-02
SRR7082642	PRJNA454219	2018-06-02
SRR7082648	PRJNA454219	2018-06-02
SRR7082652	PRJNA454219	2018-06-02
SRR7082653	PRJNA454219	2018-06-02
SRR7082659	PRJNA454219	2018-06-02
SRR7082661	PRJNA454219	2018-06-02
SRR7082662	PRJNA454219	2018-06-02
SRR7082665	PRJNA454219	2018-06-02
SRR7082669	PRJNA454219	2018-06-02
SRR7082671	PRJNA454219	2018-06-02
SRR7082674	PRJNA454219	2018-06-02
SRR7082675	PRJNA454219	2018-06-02
SRR7082678	PRJNA454219	2018-06-02
SRR7082687	PRJNA454219	2018-06-02
SRR7082688	PRJNA454219	2018-06-02
SRR7082613	PRJNA454219	2018-06-02
SRR7082628	PRJNA454219	2018-06-02
SRR7082672	PRJNA454219	2018-06-02
SRR7082677	PRJNA454219	2018-06-02
SRR7082597	PRJNA454219	2018-06-02
SRR7082615	PRJNA454219	2018-06-02
SRR7082621	PRJNA454219	2018-06-02
SRR7082633	PRJNA454219	2018-06-02
SRR7082638	PRJNA454219	2018-06-02
SRR7082666	PRJNA454219	2018-06-02
SRR7082589	PRJNA454219	2018-06-02
SRR7082592	PRJNA454219	2018-06-02
SRR7082600	PRJNA454219	2018-06-02
SRR7082605	PRJNA454219	2018-06-02
SRR7082623	PRJNA454219	2018-06-02
SRR6408217	PRJNA427110	2018-07-03
SRR6408218	PRJNA427110	2018-07-03
SRR6408225	PRJNA427110	2018-07-03
SRR6408230	PRJNA427110	2018-07-03
SRR6408233	PRJNA427110	2018-07-03
SRR6408235	PRJNA427110	2018-07-03
SRR6408236	PRJNA427110	2018-07-03
SRR6408237	PRJNA427110	2018-07-03
SRR6408243	PRJNA427110	2018-07-03
SRR6408251	PRJNA427110	2018-07-03
SRR6408253	PRJNA427110	2018-07-03
SRR6408254	PRJNA427110	2018-07-03
SRR6408258	PRJNA427110	2018-07-03
SRR6408260	PRJNA427110	2018-07-03
SRR6408262	PRJNA427110	2018-07-03
SRR6408263	PRJNA427110	2018-07-03
SRR6408268	PRJNA427110	2018-07-03
SRR6408283	PRJNA427110	2018-07-03
SRR6408288	PRJNA427110	2018-07-03
SRR6408295	PRJNA427110	2018-07-03
SRR6408299	PRJNA427110	2018-07-03
SRR6408305	PRJNA427110	2018-07-03
SRR6408307	PRJNA427110	2018-07-03
SRR6408308	PRJNA427110	2018-07-03
SRR6408324	PRJNA427110	2018-07-03
SRR6408325	PRJNA427110	2018-07-03
SRR6408333	PRJNA427110	2018-07-03
SRR6408346	PRJNA427110	2018-07-03
SRR6408355	PRJNA427110	2018-07-03
SRR6408365	PRJNA427110	2018-07-03
SRR6408368	PRJNA427110	2018-07-03
SRR6408371	PRJNA427110	2018-07-03
SRR6408373	PRJNA427110	2018-07-03
SRR6408385	PRJNA427110	2018-07-03
SRR6408387	PRJNA427110	2018-07-03
SRR6408388	PRJNA427110	2018-07-03
SRR6408392	PRJNA427110	2018-07-03
SRR6408398	PRJNA427110	2018-07-03
SRR6408404	PRJNA427110	2018-07-03
SRR6408407	PRJNA427110	2018-07-03
SRR6408409	PRJNA427110	2018-07-03
SRR6408413	PRJNA427110	2018-07-03
SRR6408416	PRJNA427110	2018-07-03
SRR6408417	PRJNA427110	2018-07-03
SRR6408422	PRJNA427110	2018-07-03
SRR6408431	PRJNA427110	2018-07-03
SRR6408433	PRJNA427110	2018-07-03
SRR6408444	PRJNA427110	2018-07-03
SRR6408449	PRJNA427110	2018-07-03
SRR6408451	PRJNA427110	2018-07-03
SRR6408454	PRJNA427110	2018-07-03
SRR6408459	PRJNA427110	2018-07-03
SRR6408464	PRJNA427110	2018-07-03
SRR6408472	PRJNA427110	2018-07-03
SRR6408478	PRJNA427110	2018-07-03
SRR6408481	PRJNA427110	2018-07-03
SRR6408486	PRJNA427110	2018-07-03
SRR6408507	PRJNA427110	2018-07-03
SRR6408219	PRJNA427110	2018-07-03
SRR6408221	PRJNA427110	2018-07-03
SRR6408222	PRJNA427110	2018-07-03
SRR6408226	PRJNA427110	2018-07-03
SRR6408227	PRJNA427110	2018-07-03
SRR6408228	PRJNA427110	2018-07-03
SRR6408234	PRJNA427110	2018-07-03
SRR6408240	PRJNA427110	2018-07-03
SRR6408241	PRJNA427110	2018-07-03
SRR6408242	PRJNA427110	2018-07-03
SRR6408246	PRJNA427110	2018-07-03
SRR6408250	PRJNA427110	2018-07-03
SRR6408252	PRJNA427110	2018-07-03
SRR6408256	PRJNA427110	2018-07-03
SRR6408257	PRJNA427110	2018-07-03
SRR6408259	PRJNA427110	2018-07-03
SRR6408264	PRJNA427110	2018-07-03
SRR6408266	PRJNA427110	2018-07-03
SRR6408269	PRJNA427110	2018-07-03
SRR6408270	PRJNA427110	2018-07-03
SRR6408271	PRJNA427110	2018-07-03
SRR6408273	PRJNA427110	2018-07-03
SRR6408274	PRJNA427110	2018-07-03
SRR6408277	PRJNA427110	2018-07-03
SRR6408278	PRJNA427110	2018-07-03
SRR6408281	PRJNA427110	2018-07-03
SRR6408286	PRJNA427110	2018-07-03
SRR6408290	PRJNA427110	2018-07-03
SRR6408292	PRJNA427110	2018-07-03
SRR6408293	PRJNA427110	2018-07-03
SRR6408294	PRJNA427110	2018-07-03
SRR6408296	PRJNA427110	2018-07-03
SRR6408309	PRJNA427110	2018-07-03
SRR6408311	PRJNA427110	2018-07-03
SRR6408312	PRJNA427110	2018-07-03
SRR6408316	PRJNA427110	2018-07-03
SRR6408317	PRJNA427110	2018-07-03
SRR6408319	PRJNA427110	2018-07-03
SRR6408320	PRJNA427110	2018-07-03
SRR6408322	PRJNA427110	2018-07-03
SRR6408329	PRJNA427110	2018-07-03
SRR6408331	PRJNA427110	2018-07-03
SRR6408335	PRJNA427110	2018-07-03
SRR6408341	PRJNA427110	2018-07-03
SRR6408344	PRJNA427110	2018-07-03
SRR6408345	PRJNA427110	2018-07-03
SRR6408347	PRJNA427110	2018-07-03
SRR6408351	PRJNA427110	2018-07-03
SRR6408357	PRJNA427110	2018-07-03
SRR6408362	PRJNA427110	2018-07-03
SRR6408369	PRJNA427110	2018-07-03
SRR6408370	PRJNA427110	2018-07-03
SRR6408386	PRJNA427110	2018-07-03
SRR6408389	PRJNA427110	2018-07-03
SRR6408391	PRJNA427110	2018-07-03
SRR6408394	PRJNA427110	2018-07-03
SRR6408402	PRJNA427110	2018-07-03
SRR6408403	PRJNA427110	2018-07-03
SRR6408405	PRJNA427110	2018-07-03
SRR6408406	PRJNA427110	2018-07-03
SRR6408410	PRJNA427110	2018-07-03
SRR6408415	PRJNA427110	2018-07-03
SRR6408424	PRJNA427110	2018-07-03
SRR6408425	PRJNA427110	2018-07-03
SRR6408427	PRJNA427110	2018-07-03
SRR6408432	PRJNA427110	2018-07-03
SRR6408436	PRJNA427110	2018-07-03
SRR6408438	PRJNA427110	2018-07-03
SRR6408441	PRJNA427110	2018-07-03
SRR6408442	PRJNA427110	2018-07-03
SRR6408443	PRJNA427110	2018-07-03
SRR6408446	PRJNA427110	2018-07-03
SRR6408458	PRJNA427110	2018-07-03
SRR6408468	PRJNA427110	2018-07-03
SRR6408482	PRJNA427110	2018-07-03
SRR6408220	PRJNA427110	2018-07-03
SRR6408229	PRJNA427110	2018-07-03
SRR6408238	PRJNA427110	2018-07-03
SRR6408244	PRJNA427110	2018-07-03
SRR6408245	PRJNA427110	2018-07-03
SRR6408248	PRJNA427110	2018-07-03
SRR6408249	PRJNA427110	2018-07-03
SRR6408265	PRJNA427110	2018-07-03
SRR6408272	PRJNA427110	2018-07-03
SRR6408275	PRJNA427110	2018-07-03
SRR6408276	PRJNA427110	2018-07-03
SRR6408279	PRJNA427110	2018-07-03
SRR6408280	PRJNA427110	2018-07-03
SRR6408282	PRJNA427110	2018-07-03
SRR6408284	PRJNA427110	2018-07-03
SRR6408285	PRJNA427110	2018-07-03
SRR6408287	PRJNA427110	2018-07-03
SRR6408289	PRJNA427110	2018-07-03
SRR6408298	PRJNA427110	2018-07-03
SRR6408304	PRJNA427110	2018-07-03
SRR6408310	PRJNA427110	2018-07-03
SRR6408315	PRJNA427110	2018-07-03
SRR6408318	PRJNA427110	2018-07-03
SRR6408321	PRJNA427110	2018-07-03
SRR6408328	PRJNA427110	2018-07-03
SRR6408330	PRJNA427110	2018-07-03
SRR6408342	PRJNA427110	2018-07-03
SRR6408343	PRJNA427110	2018-07-03
SRR6408352	PRJNA427110	2018-07-03
SRR6408353	PRJNA427110	2018-07-03
SRR6408354	PRJNA427110	2018-07-03
SRR6408372	PRJNA427110	2018-07-03
SRR6408374	PRJNA427110	2018-07-03
SRR6408375	PRJNA427110	2018-07-03
SRR6408377	PRJNA427110	2018-07-03
SRR6408378	PRJNA427110	2018-07-03
SRR6408380	PRJNA427110	2018-07-03
SRR6408381	PRJNA427110	2018-07-03
SRR6408384	PRJNA427110	2018-07-03
SRR6408393	PRJNA427110	2018-07-03
SRR6408396	PRJNA427110	2018-07-03
SRR6408397	PRJNA427110	2018-07-03
SRR6408401	PRJNA427110	2018-07-03
SRR6408408	PRJNA427110	2018-07-03
SRR6408414	PRJNA427110	2018-07-03
SRR6408418	PRJNA427110	2018-07-03
SRR6408421	PRJNA427110	2018-07-03
SRR6408423	PRJNA427110	2018-07-03
SRR6408428	PRJNA427110	2018-07-03
SRR6408429	PRJNA427110	2018-07-03
SRR6408430	PRJNA427110	2018-07-03
SRR6408434	PRJNA427110	2018-07-03
SRR6408435	PRJNA427110	2018-07-03
SRR6408437	PRJNA427110	2018-07-03
SRR6408445	PRJNA427110	2018-07-03
SRR6408456	PRJNA427110	2018-07-03
SRR6408457	PRJNA427110	2018-07-03
SRR6408465	PRJNA427110	2018-07-03
SRR6408466	PRJNA427110	2018-07-03
SRR6408469	PRJNA427110	2018-07-03
SRR6408474	PRJNA427110	2018-07-03
SRR6408487	PRJNA427110	2018-07-03
SRR6515913	PRJNA431809	2018-07-03
SRR6515914	PRJNA431809	2018-07-03
SRR6515915	PRJNA431809	2018-07-03
SRR6515917	PRJNA431809	2018-07-03
SRR6515918	PRJNA431809	2018-07-03
SRR6515923	PRJNA431809	2018-07-03
SRR6515912	PRJNA431809	2018-07-03
SRR6515916	PRJNA431809	2018-07-03
SRR6515919	PRJNA431809	2018-07-03
SRR6515920	PRJNA431809	2018-07-03
SRR6515921	PRJNA431809	2018-07-03
SRR6515922	PRJNA431809	2018-07-03
SRR7526025	PRJNA481334	2018-07-17
SRR7526032	PRJNA481334	2018-07-17
SRR7526033	PRJNA481334	2018-07-17
SRR7526034	PRJNA481334	2018-07-17
SRR7526036	PRJNA481334	2018-07-17
SRR7526019	PRJNA481334	2018-07-17
SRR7526020	PRJNA481334	2018-07-17
SRR7526021	PRJNA481334	2018-07-17
SRR7526028	PRJNA481334	2018-07-17
SRR7526031	PRJNA481334	2018-07-17
SRR7526035	PRJNA481334	2018-07-17
SRR7526022	PRJNA481334	2018-07-17
SRR7526023	PRJNA481334	2018-07-17
SRR7526024	PRJNA481334	2018-07-17
SRR7526026	PRJNA481334	2018-07-17
SRR7526027	PRJNA481334	2018-07-17
SRR7526029	PRJNA481334	2018-07-17
SRR7526030	PRJNA481334	2018-07-17
SRR6916887	PRJNA448014	2018-07-20
SRR6916888	PRJNA448014	2018-07-20
SRR6916889	PRJNA448014	2018-07-20
SRR6916891	PRJNA448014	2018-07-20
SRR6916898	PRJNA448014	2018-07-20
SRR6916900	PRJNA448014	2018-07-20
SRR6916901	PRJNA448014	2018-07-20
SRR6916905	PRJNA448014	2018-07-20
SRR6916907	PRJNA448014	2018-07-20
SRR6916908	PRJNA448014	2018-07-20
SRR6916909	PRJNA448014	2018-07-20
SRR6916913	PRJNA448014	2018-07-20
SRR6916920	PRJNA448014	2018-07-20
SRR6916921	PRJNA448014	2018-07-20
SRR6916924	PRJNA448014	2018-07-20
SRR6916925	PRJNA448014	2018-07-20
SRR6916927	PRJNA448014	2018-07-20
SRR6916928	PRJNA448014	2018-07-20
SRR6916929	PRJNA448014	2018-07-20
SRR6916935	PRJNA448014	2018-07-20
SRR6916936	PRJNA448014	2018-07-20
SRR6916941	PRJNA448014	2018-07-20
SRR6916942	PRJNA448014	2018-07-20
SRR6916946	PRJNA448014	2018-07-20
SRR6916953	PRJNA448014	2018-07-20
SRR6916955	PRJNA448014	2018-07-20
SRR6916957	PRJNA448014	2018-07-20
SRR6916958	PRJNA448014	2018-07-20
SRR6916959	PRJNA448014	2018-07-20
SRR6916962	PRJNA448014	2018-07-20
SRR6916964	PRJNA448014	2018-07-20
SRR6916890	PRJNA448014	2018-07-20
SRR6916893	PRJNA448014	2018-07-20
SRR6916897	PRJNA448014	2018-07-20
SRR6916899	PRJNA448014	2018-07-20
SRR6916902	PRJNA448014	2018-07-20
SRR6916903	PRJNA448014	2018-07-20
SRR6916904	PRJNA448014	2018-07-20
SRR6916906	PRJNA448014	2018-07-20
SRR6916910	PRJNA448014	2018-07-20
SRR6916912	PRJNA448014	2018-07-20
SRR6916917	PRJNA448014	2018-07-20
SRR6916922	PRJNA448014	2018-07-20
SRR6916926	PRJNA448014	2018-07-20
SRR6916932	PRJNA448014	2018-07-20
SRR6916937	PRJNA448014	2018-07-20
SRR6916938	PRJNA448014	2018-07-20
SRR6916939	PRJNA448014	2018-07-20
SRR6916940	PRJNA448014	2018-07-20
SRR6916943	PRJNA448014	2018-07-20
SRR6916944	PRJNA448014	2018-07-20
SRR6916947	PRJNA448014	2018-07-20
SRR6916948	PRJNA448014	2018-07-20
SRR6916950	PRJNA448014	2018-07-20
SRR6916951	PRJNA448014	2018-07-20
SRR6916956	PRJNA448014	2018-07-20
SRR6916961	PRJNA448014	2018-07-20
SRR6916963	PRJNA448014	2018-07-20
SRR6916965	PRJNA448014	2018-07-20
SRR6916886	PRJNA448014	2018-07-20
SRR6916892	PRJNA448014	2018-07-20
SRR6916894	PRJNA448014	2018-07-20
SRR6916895	PRJNA448014	2018-07-20
SRR6916896	PRJNA448014	2018-07-20
SRR6916911	PRJNA448014	2018-07-20
SRR6916914	PRJNA448014	2018-07-20
SRR6916915	PRJNA448014	2018-07-20
SRR6916916	PRJNA448014	2018-07-20
SRR6916918	PRJNA448014	2018-07-20
SRR6916919	PRJNA448014	2018-07-20
SRR6916923	PRJNA448014	2018-07-20
SRR6916930	PRJNA448014	2018-07-20
SRR6916931	PRJNA448014	2018-07-20
SRR6916933	PRJNA448014	2018-07-20
SRR6916934	PRJNA448014	2018-07-20
SRR6916945	PRJNA448014	2018-07-20
SRR6916949	PRJNA448014	2018-07-20
SRR6916952	PRJNA448014	2018-07-20
SRR6916954	PRJNA448014	2018-07-20
SRR6916960	PRJNA448014	2018-07-20
SRR7538031	PRJNA421623	2018-07-25
SRR7538036	PRJNA421623	2018-07-25
SRR7538040	PRJNA421623	2018-07-25
SRR7538043	PRJNA421623	2018-07-25
SRR7538044	PRJNA421623	2018-07-25
SRR7538049	PRJNA421623	2018-07-25
SRR7538058	PRJNA421623	2018-07-25
SRR7538060	PRJNA421623	2018-07-25
SRR7538062	PRJNA421623	2018-07-25
SRR7538064	PRJNA421623	2018-07-25
SRR7538065	PRJNA421623	2018-07-25
SRR7538068	PRJNA421623	2018-07-25
SRR7538078	PRJNA421623	2018-07-25
SRR7538084	PRJNA421623	2018-07-25
SRR7538085	PRJNA421623	2018-07-25
SRR7538088	PRJNA421623	2018-07-25
SRR7538089	PRJNA421623	2018-07-25
SRR7538094	PRJNA421623	2018-07-25
SRR7538097	PRJNA421623	2018-07-25
SRR7538098	PRJNA421623	2018-07-25
SRR7538105	PRJNA421623	2018-07-25
SRR7538110	PRJNA421623	2018-07-25
SRR7538112	PRJNA421623	2018-07-25
SRR7538114	PRJNA421623	2018-07-25
SRR7538116	PRJNA421623	2018-07-25
SRR7538117	PRJNA421623	2018-07-25
SRR7538119	PRJNA421623	2018-07-25
SRR7538124	PRJNA421623	2018-07-25
SRR7538125	PRJNA421623	2018-07-25
SRR7538126	PRJNA421623	2018-07-25
SRR7538133	PRJNA421623	2018-07-25
SRR7538029	PRJNA421623	2018-07-25
SRR7538041	PRJNA421623	2018-07-25
SRR7538042	PRJNA421623	2018-07-25
SRR7538047	PRJNA421623	2018-07-25
SRR7538048	PRJNA421623	2018-07-25
SRR7538051	PRJNA421623	2018-07-25
SRR7538052	PRJNA421623	2018-07-25
SRR7538053	PRJNA421623	2018-07-25
SRR7538054	PRJNA421623	2018-07-25
SRR7538056	PRJNA421623	2018-07-25
SRR7538061	PRJNA421623	2018-07-25
SRR7538066	PRJNA421623	2018-07-25
SRR7538069	PRJNA421623	2018-07-25
SRR7538070	PRJNA421623	2018-07-25
SRR7538071	PRJNA421623	2018-07-25
SRR7538074	PRJNA421623	2018-07-25
SRR7538076	PRJNA421623	2018-07-25
SRR7538080	PRJNA421623	2018-07-25
SRR7538081	PRJNA421623	2018-07-25
SRR7538086	PRJNA421623	2018-07-25
SRR7538087	PRJNA421623	2018-07-25
SRR7538090	PRJNA421623	2018-07-25
SRR7538091	PRJNA421623	2018-07-25
SRR7538092	PRJNA421623	2018-07-25
SRR7538095	PRJNA421623	2018-07-25
SRR7538096	PRJNA421623	2018-07-25
SRR7538101	PRJNA421623	2018-07-25
SRR7538103	PRJNA421623	2018-07-25
SRR7538104	PRJNA421623	2018-07-25
SRR7538109	PRJNA421623	2018-07-25
SRR7538115	PRJNA421623	2018-07-25
SRR7538122	PRJNA421623	2018-07-25
SRR7538123	PRJNA421623	2018-07-25
SRR7538129	PRJNA421623	2018-07-25
SRR7538131	PRJNA421623	2018-07-25
SRR7538030	PRJNA421623	2018-07-25
SRR7538032	PRJNA421623	2018-07-25
SRR7538033	PRJNA421623	2018-07-25
SRR7538034	PRJNA421623	2018-07-25
SRR7538035	PRJNA421623	2018-07-25
SRR7538037	PRJNA421623	2018-07-25
SRR7538038	PRJNA421623	2018-07-25
SRR7538039	PRJNA421623	2018-07-25
SRR7538045	PRJNA421623	2018-07-25
SRR7538046	PRJNA421623	2018-07-25
SRR7538055	PRJNA421623	2018-07-25
SRR7538057	PRJNA421623	2018-07-25
SRR7538059	PRJNA421623	2018-07-25
SRR7538063	PRJNA421623	2018-07-25
SRR7538067	PRJNA421623	2018-07-25
SRR7538072	PRJNA421623	2018-07-25
SRR7538073	PRJNA421623	2018-07-25
SRR7538075	PRJNA421623	2018-07-25
SRR7538077	PRJNA421623	2018-07-25
SRR7538079	PRJNA421623	2018-07-25
SRR7538082	PRJNA421623	2018-07-25
SRR7538083	PRJNA421623	2018-07-25
SRR7538093	PRJNA421623	2018-07-25
SRR7538099	PRJNA421623	2018-07-25
SRR7538100	PRJNA421623	2018-07-25
SRR7538102	PRJNA421623	2018-07-25
SRR7538106	PRJNA421623	2018-07-25
SRR7538107	PRJNA421623	2018-07-25
SRR7538108	PRJNA421623	2018-07-25
SRR7538111	PRJNA421623	2018-07-25
SRR7538113	PRJNA421623	2018-07-25
SRR7538118	PRJNA421623	2018-07-25
SRR7538120	PRJNA421623	2018-07-25
SRR7538121	PRJNA421623	2018-07-25
SRR7538127	PRJNA421623	2018-07-25
SRR7538128	PRJNA421623	2018-07-25
SRR7538130	PRJNA421623	2018-07-25
SRR7538132	PRJNA421623	2018-07-25
SRR7538134	PRJNA421623	2018-07-25
SRR5944728	PRJNA399101	2018-08-20
SRR5944731	PRJNA399101	2018-08-20
SRR5944732	PRJNA399101	2018-08-20
SRR5944737	PRJNA399101	2018-08-20
SRR5944738	PRJNA399101	2018-08-20
SRR5944739	PRJNA399101	2018-08-20
SRR5944743	PRJNA399101	2018-08-20
SRR5944744	PRJNA399101	2018-08-20
SRR5944745	PRJNA399101	2018-08-20
SRR5944729	PRJNA399101	2018-08-20
SRR5944734	PRJNA399101	2018-08-20
SRR5944736	PRJNA399101	2018-08-20
SRR5944740	PRJNA399101	2018-08-20
SRR5944730	PRJNA399101	2018-08-20
SRR5944733	PRJNA399101	2018-08-20
SRR5944735	PRJNA399101	2018-08-20
SRR5944741	PRJNA399101	2018-08-20
SRR5944742	PRJNA399101	2018-08-20
SRR7344544	PRJNA476140	2018-08-21
SRR7344552	PRJNA476140	2018-08-21
SRR7344559	PRJNA476140	2018-08-21
SRR7344561	PRJNA476140	2018-08-21
SRR7344562	PRJNA476140	2018-08-21
SRR7344564	PRJNA476140	2018-08-21
SRR7344566	PRJNA476140	2018-08-21
SRR7344569	PRJNA476140	2018-08-21
SRR7344571	PRJNA476140	2018-08-21
SRR7344572	PRJNA476140	2018-08-21
SRR7344573	PRJNA476140	2018-08-21
SRR7344575	PRJNA476140	2018-08-21
SRR7344579	PRJNA476140	2018-08-21
SRR7344545	PRJNA476140	2018-08-21
SRR7344547	PRJNA476140	2018-08-21
SRR7344548	PRJNA476140	2018-08-21
SRR7344549	PRJNA476140	2018-08-21
SRR7344550	PRJNA476140	2018-08-21
SRR7344553	PRJNA476140	2018-08-21
SRR7344556	PRJNA476140	2018-08-21
SRR7344563	PRJNA476140	2018-08-21
SRR7344567	PRJNA476140	2018-08-21
SRR7344568	PRJNA476140	2018-08-21
SRR7344577	PRJNA476140	2018-08-21
SRR7344578	PRJNA476140	2018-08-21
SRR7344546	PRJNA476140	2018-08-21
SRR7344551	PRJNA476140	2018-08-21
SRR7344554	PRJNA476140	2018-08-21
SRR7344555	PRJNA476140	2018-08-21
SRR7344557	PRJNA476140	2018-08-21
SRR7344558	PRJNA476140	2018-08-21
SRR7344560	PRJNA476140	2018-08-21
SRR7344565	PRJNA476140	2018-08-21
SRR7344570	PRJNA476140	2018-08-21
SRR7344574	PRJNA476140	2018-08-21
SRR7344576	PRJNA476140	2018-08-21
SRR7344580	PRJNA476140	2018-08-21
SRR6151415	PRJNA413744	2018-10-11
SRR6151416	PRJNA413744	2018-10-11
SRR6151421	PRJNA413744	2018-10-11
SRR6151423	PRJNA413744	2018-10-11
SRR6151426	PRJNA413744	2018-10-11
SRR6151427	PRJNA413744	2018-10-11
SRR6151428	PRJNA413744	2018-10-11
SRR6151430	PRJNA413744	2018-10-11
SRR6151431	PRJNA413744	2018-10-11
SRR6151437	PRJNA413744	2018-10-11
SRR6151443	PRJNA413744	2018-10-11
SRR6151446	PRJNA413744	2018-10-11
SRR6151448	PRJNA413744	2018-10-11
SRR6151451	PRJNA413744	2018-10-11
SRR6151453	PRJNA413744	2018-10-11
SRR6151454	PRJNA413744	2018-10-11
SRR6151455	PRJNA413744	2018-10-11
SRR6151456	PRJNA413744	2018-10-11
SRR6151457	PRJNA413744	2018-10-11
SRR6151458	PRJNA413744	2018-10-11
SRR6151459	PRJNA413744	2018-10-11
SRR6151461	PRJNA413744	2018-10-11
SRR6151465	PRJNA413744	2018-10-11
SRR6151466	PRJNA413744	2018-10-11
SRR6151468	PRJNA413744	2018-10-11
SRR6151470	PRJNA413744	2018-10-11
SRR6151471	PRJNA413744	2018-10-11
SRR6151481	PRJNA413744	2018-10-11
SRR6151484	PRJNA413744	2018-10-11
SRR6151489	PRJNA413744	2018-10-11
SRR6151492	PRJNA413744	2018-10-11
SRR6151496	PRJNA413744	2018-10-11
SRR6151497	PRJNA413744	2018-10-11
SRR6151498	PRJNA413744	2018-10-11
SRR6151505	PRJNA413744	2018-10-11
SRR6151507	PRJNA413744	2018-10-11
SRR6151508	PRJNA413744	2018-10-11
SRR6151512	PRJNA413744	2018-10-11
SRR6151516	PRJNA413744	2018-10-11
SRR6151517	PRJNA413744	2018-10-11
SRR6151520	PRJNA413744	2018-10-11
SRR6151522	PRJNA413744	2018-10-11
SRR6151525	PRJNA413744	2018-10-11
SRR6151527	PRJNA413744	2018-10-11
SRR6151528	PRJNA413744	2018-10-11
SRR6151529	PRJNA413744	2018-10-11
SRR6151532	PRJNA413744	2018-10-11
SRR6151533	PRJNA413744	2018-10-11
SRR6151534	PRJNA413744	2018-10-11
SRR6151541	PRJNA413744	2018-10-11
SRR6151543	PRJNA413744	2018-10-11
SRR6151414	PRJNA413744	2018-10-11
SRR6151417	PRJNA413744	2018-10-11
SRR6151419	PRJNA413744	2018-10-11
SRR6151420	PRJNA413744	2018-10-11
SRR6151422	PRJNA413744	2018-10-11
SRR6151429	PRJNA413744	2018-10-11
SRR6151433	PRJNA413744	2018-10-11
SRR6151434	PRJNA413744	2018-10-11
SRR6151436	PRJNA413744	2018-10-11
SRR6151440	PRJNA413744	2018-10-11
SRR6151441	PRJNA413744	2018-10-11
SRR6151449	PRJNA413744	2018-10-11
SRR6151450	PRJNA413744	2018-10-11
SRR6151452	PRJNA413744	2018-10-11
SRR6151460	PRJNA413744	2018-10-11
SRR6151462	PRJNA413744	2018-10-11
SRR6151463	PRJNA413744	2018-10-11
SRR6151467	PRJNA413744	2018-10-11
SRR6151469	PRJNA413744	2018-10-11
SRR6151472	PRJNA413744	2018-10-11
SRR6151473	PRJNA413744	2018-10-11
SRR6151475	PRJNA413744	2018-10-11
SRR6151477	PRJNA413744	2018-10-11
SRR6151482	PRJNA413744	2018-10-11
SRR6151483	PRJNA413744	2018-10-11
SRR6151485	PRJNA413744	2018-10-11
SRR6151486	PRJNA413744	2018-10-11
SRR6151487	PRJNA413744	2018-10-11
SRR6151490	PRJNA413744	2018-10-11
SRR6151493	PRJNA413744	2018-10-11
SRR6151494	PRJNA413744	2018-10-11
SRR6151506	PRJNA413744	2018-10-11
SRR6151509	PRJNA413744	2018-10-11
SRR6151511	PRJNA413744	2018-10-11
SRR6151513	PRJNA413744	2018-10-11
SRR6151514	PRJNA413744	2018-10-11
SRR6151515	PRJNA413744	2018-10-11
SRR6151536	PRJNA413744	2018-10-11
SRR6151542	PRJNA413744	2018-10-11
SRR6151418	PRJNA413744	2018-10-11
SRR6151424	PRJNA413744	2018-10-11
SRR6151425	PRJNA413744	2018-10-11
SRR6151432	PRJNA413744	2018-10-11
SRR6151435	PRJNA413744	2018-10-11
SRR6151438	PRJNA413744	2018-10-11
SRR6151439	PRJNA413744	2018-10-11
SRR6151442	PRJNA413744	2018-10-11
SRR6151444	PRJNA413744	2018-10-11
SRR6151445	PRJNA413744	2018-10-11
SRR6151447	PRJNA413744	2018-10-11
SRR6151464	PRJNA413744	2018-10-11
SRR6151474	PRJNA413744	2018-10-11
SRR6151476	PRJNA413744	2018-10-11
SRR6151478	PRJNA413744	2018-10-11
SRR6151479	PRJNA413744	2018-10-11
SRR6151480	PRJNA413744	2018-10-11
SRR6151488	PRJNA413744	2018-10-11
SRR6151491	PRJNA413744	2018-10-11
SRR6151495	PRJNA413744	2018-10-11
SRR6151499	PRJNA413744	2018-10-11
SRR6151500	PRJNA413744	2018-10-11
SRR6151501	PRJNA413744	2018-10-11
SRR6151502	PRJNA413744	2018-10-11
SRR6151503	PRJNA413744	2018-10-11
SRR6151504	PRJNA413744	2018-10-11
SRR6151510	PRJNA413744	2018-10-11
SRR6151518	PRJNA413744	2018-10-11
SRR6151519	PRJNA413744	2018-10-11
SRR6151521	PRJNA413744	2018-10-11
SRR6151523	PRJNA413744	2018-10-11
SRR6151524	PRJNA413744	2018-10-11
SRR6151526	PRJNA413744	2018-10-11
SRR6151530	PRJNA413744	2018-10-11
SRR6151531	PRJNA413744	2018-10-11
SRR6151535	PRJNA413744	2018-10-11
SRR6151537	PRJNA413744	2018-10-11
SRR6151538	PRJNA413744	2018-10-11
SRR6151539	PRJNA413744	2018-10-11
SRR6151540	PRJNA413744	2018-10-11
SRR6151544	PRJNA413744	2018-10-11
SRR6151545	PRJNA413744	2018-10-11
SRR8142720	PRJNA503257	2018-11-10
SRR8142723	PRJNA503257	2018-11-10
SRR8142729	PRJNA503257	2018-11-10
SRR8142731	PRJNA503257	2018-11-10
SRR8142740	PRJNA503257	2018-11-10
SRR8142743	PRJNA503257	2018-11-10
SRR8142719	PRJNA503257	2018-11-10
SRR8142722	PRJNA503257	2018-11-10
SRR8142725	PRJNA503257	2018-11-10
SRR8142726	PRJNA503257	2018-11-10
SRR8142732	PRJNA503257	2018-11-10
SRR8142735	PRJNA503257	2018-11-10
SRR8142728	PRJNA503257	2018-11-10
SRR8142734	PRJNA503257	2018-11-10
SRR8142737	PRJNA503257	2018-11-10
SRR8142738	PRJNA503257	2018-11-10
SRR8142741	PRJNA503257	2018-11-10
SRR8142744	PRJNA503257	2018-11-10
SRR6163777	PRJNA414069	2018-12-07
SRR6163780	PRJNA414069	2018-12-07
SRR6163788	PRJNA414069	2018-12-07
SRR6163790	PRJNA414069	2018-12-07
SRR6163793	PRJNA414069	2018-12-07
SRR6163794	PRJNA414069	2018-12-07
SRR6163779	PRJNA414069	2018-12-07
SRR6163782	PRJNA414069	2018-12-07
SRR6163789	PRJNA414069	2018-12-07
SRR6163797	PRJNA414069	2018-12-07
SRR6163798	PRJNA414069	2018-12-07
SRR6163778	PRJNA414069	2018-12-07
SRR6163787	PRJNA414069	2018-12-07
SRR6163799	PRJNA414069	2018-12-07
SRR6163800	PRJNA414069	2018-12-07
SRR7523572	PRJNA481166	2018-12-07
SRR7523573	PRJNA481166	2018-12-07
SRR7523576	PRJNA481166	2018-12-07
SRR7523577	PRJNA481166	2018-12-07
SRR7523581	PRJNA481166	2018-12-07
SRR7523582	PRJNA481166	2018-12-07
SRR7523583	PRJNA481166	2018-12-07
SRR7523585	PRJNA481166	2018-12-07
SRR7523586	PRJNA481166	2018-12-07
SRR7523592	PRJNA481166	2018-12-07
SRR7523593	PRJNA481166	2018-12-07
SRR7523595	PRJNA481166	2018-12-07
SRR7523597	PRJNA481166	2018-12-07
SRR7523600	PRJNA481166	2018-12-07
SRR7523579	PRJNA481166	2018-12-07
SRR7523587	PRJNA481166	2018-12-07
SRR7523590	PRJNA481166	2018-12-07
SRR7523598	PRJNA481166	2018-12-07
SRR7523574	PRJNA481166	2018-12-07
SRR7523575	PRJNA481166	2018-12-07
SRR7523578	PRJNA481166	2018-12-07
SRR7523580	PRJNA481166	2018-12-07
SRR7523584	PRJNA481166	2018-12-07
SRR7523588	PRJNA481166	2018-12-07
SRR7523589	PRJNA481166	2018-12-07
SRR7523591	PRJNA481166	2018-12-07
SRR7523594	PRJNA481166	2018-12-07
SRR7523596	PRJNA481166	2018-12-07
SRR7523599	PRJNA481166	2018-12-07
SRR7898308	PRJNA492994	2018-12-07
SRR7898311	PRJNA492994	2018-12-07
SRR7898310	PRJNA492994	2018-12-07
SRR7898312	PRJNA492994	2018-12-07
SRR7898304	PRJNA492994	2018-12-07
SRR7898305	PRJNA492994	2018-12-07
SRR7898306	PRJNA492994	2018-12-07
SRR7898307	PRJNA492994	2018-12-07
SRR7898309	PRJNA492994	2018-12-07
SRR7898313	PRJNA492994	2018-12-07
SRR7898314	PRJNA492994	2018-12-07
SRR7357204	PRJNA476556	2019-01-02
SRR7357205	PRJNA476556	2019-01-02
SRR7357207	PRJNA476556	2019-01-02
SRR7357208	PRJNA476556	2019-01-02
SRR7357203	PRJNA476556	2019-01-02
SRR7357206	PRJNA476556	2019-01-02
SRR7357209	PRJNA476556	2019-01-02
SRR7357210	PRJNA476556	2019-01-02
SRR6497318	PRJNA430713	2019-01-04
SRR6497320	PRJNA430713	2019-01-04
SRR6497321	PRJNA430713	2019-01-04
SRR6497322	PRJNA430713	2019-01-04
SRR6497323	PRJNA430713	2019-01-04
SRR6497325	PRJNA430713	2019-01-04
SRR6497328	PRJNA430713	2019-01-04
SRR6497317	PRJNA430713	2019-01-04
SRR6497319	PRJNA430713	2019-01-04
SRR6497324	PRJNA430713	2019-01-04
SRR6497326	PRJNA430713	2019-01-04
SRR6497327	PRJNA430713	2019-01-04
SRR7664719	PRJNA373896	2019-01-11
SRR7664724	PRJNA373896	2019-01-11
SRR7664726	PRJNA373896	2019-01-11
SRR7664727	PRJNA373896	2019-01-11
SRR7664729	PRJNA373896	2019-01-11
SRR7664730	PRJNA373896	2019-01-11
SRR7664732	PRJNA373896	2019-01-11
SRR7664738	PRJNA373896	2019-01-11
SRR7664739	PRJNA373896	2019-01-11
SRR7664744	PRJNA373896	2019-01-11
SRR7664747	PRJNA373896	2019-01-11
SRR7664751	PRJNA373896	2019-01-11
SRR7664722	PRJNA373896	2019-01-11
SRR7664725	PRJNA373896	2019-01-11
SRR7664728	PRJNA373896	2019-01-11
SRR7664731	PRJNA373896	2019-01-11
SRR7664733	PRJNA373896	2019-01-11
SRR7664734	PRJNA373896	2019-01-11
SRR7664742	PRJNA373896	2019-01-11
SRR7664743	PRJNA373896	2019-01-11
SRR7664745	PRJNA373896	2019-01-11
SRR7664748	PRJNA373896	2019-01-11
SRR7664750	PRJNA373896	2019-01-11
SRR7664717	PRJNA373896	2019-01-11
SRR7664718	PRJNA373896	2019-01-11
SRR7664720	PRJNA373896	2019-01-11
SRR7664721	PRJNA373896	2019-01-11
SRR7664723	PRJNA373896	2019-01-11
SRR7664735	PRJNA373896	2019-01-11
SRR7664736	PRJNA373896	2019-01-11
SRR7664737	PRJNA373896	2019-01-11
SRR7664740	PRJNA373896	2019-01-11
SRR7664741	PRJNA373896	2019-01-11
SRR7664746	PRJNA373896	2019-01-11
SRR7664749	PRJNA373896	2019-01-11
SRR7664752	PRJNA373896	2019-01-11
ERR2208890	PRJEB23709	2019-02-13
ERR2208894	PRJEB23709	2019-02-13
ERR2208895	PRJEB23709	2019-02-13
ERR2208901	PRJEB23709	2019-02-13
ERR2208909	PRJEB23709	2019-02-13
ERR2208910	PRJEB23709	2019-02-13
ERR2208911	PRJEB23709	2019-02-13
ERR2208930	PRJEB23709	2019-02-13
ERR2208936	PRJEB23709	2019-02-13
ERR2208939	PRJEB23709	2019-02-13
ERR2208940	PRJEB23709	2019-02-13
ERR2208942	PRJEB23709	2019-02-13
ERR2208943	PRJEB23709	2019-02-13
ERR2208946	PRJEB23709	2019-02-13
ERR2208947	PRJEB23709	2019-02-13
ERR2208949	PRJEB23709	2019-02-13
ERR2208958	PRJEB23709	2019-02-13
ERR2208961	PRJEB23709	2019-02-13
ERR2208969	PRJEB23709	2019-02-13
ERR2208972	PRJEB23709	2019-02-13
ERR2208974	PRJEB23709	2019-02-13
ERR2208888	PRJEB23709	2019-02-13
ERR2208889	PRJEB23709	2019-02-13
ERR2208891	PRJEB23709	2019-02-13
ERR2208892	PRJEB23709	2019-02-13
ERR2208897	PRJEB23709	2019-02-13
ERR2208899	PRJEB23709	2019-02-13
ERR2208902	PRJEB23709	2019-02-13
ERR2208904	PRJEB23709	2019-02-13
ERR2208905	PRJEB23709	2019-02-13
ERR2208907	PRJEB23709	2019-02-13
ERR2208912	PRJEB23709	2019-02-13
ERR2208913	PRJEB23709	2019-02-13
ERR2208915	PRJEB23709	2019-02-13
ERR2208918	PRJEB23709	2019-02-13
ERR2208919	PRJEB23709	2019-02-13
ERR2208921	PRJEB23709	2019-02-13
ERR2208922	PRJEB23709	2019-02-13
ERR2208923	PRJEB23709	2019-02-13
ERR2208927	PRJEB23709	2019-02-13
ERR2208931	PRJEB23709	2019-02-13
ERR2208932	PRJEB23709	2019-02-13
ERR2208933	PRJEB23709	2019-02-13
ERR2208937	PRJEB23709	2019-02-13
ERR2208938	PRJEB23709	2019-02-13
ERR2208945	PRJEB23709	2019-02-13
ERR2208954	PRJEB23709	2019-02-13
ERR2208957	PRJEB23709	2019-02-13
ERR2208959	PRJEB23709	2019-02-13
ERR2208960	PRJEB23709	2019-02-13
ERR2208962	PRJEB23709	2019-02-13
ERR2208963	PRJEB23709	2019-02-13
ERR2208964	PRJEB23709	2019-02-13
ERR2208887	PRJEB23709	2019-02-13
ERR2208893	PRJEB23709	2019-02-13
ERR2208896	PRJEB23709	2019-02-13
ERR2208898	PRJEB23709	2019-02-13
ERR2208900	PRJEB23709	2019-02-13
ERR2208906	PRJEB23709	2019-02-13
ERR2208908	PRJEB23709	2019-02-13
ERR2208914	PRJEB23709	2019-02-13
ERR2208916	PRJEB23709	2019-02-13
ERR2208920	PRJEB23709	2019-02-13
ERR2208924	PRJEB23709	2019-02-13
ERR2208926	PRJEB23709	2019-02-13
ERR2208928	PRJEB23709	2019-02-13
ERR2208929	PRJEB23709	2019-02-13
ERR2208934	PRJEB23709	2019-02-13
ERR2208935	PRJEB23709	2019-02-13
ERR2208941	PRJEB23709	2019-02-13
ERR2208944	PRJEB23709	2019-02-13
ERR2208948	PRJEB23709	2019-02-13
ERR2208951	PRJEB23709	2019-02-13
ERR2208952	PRJEB23709	2019-02-13
ERR2208953	PRJEB23709	2019-02-13
ERR2208956	PRJEB23709	2019-02-13
ERR2208965	PRJEB23709	2019-02-13
ERR2208966	PRJEB23709	2019-02-13
ERR2208967	PRJEB23709	2019-02-13
ERR2208968	PRJEB23709	2019-02-13
ERR2208970	PRJEB23709	2019-02-13
ERR2208971	PRJEB23709	2019-02-13
ERR2208973	PRJEB23709	2019-02-13
ERR2208975	PRJEB23709	2019-02-13
ERR2208977	PRJEB23709	2019-02-13
SRR6675382	PRJNA433021	2019-02-14
SRR6675387	PRJNA433021	2019-02-14
SRR6675390	PRJNA433021	2019-02-14
SRR6675393	PRJNA433021	2019-02-14
SRR6675380	PRJNA433021	2019-02-14
SRR6675381	PRJNA433021	2019-02-14
SRR6675386	PRJNA433021	2019-02-14
SRR6675388	PRJNA433021	2019-02-14
SRR6675389	PRJNA433021	2019-02-14
SRR6675391	PRJNA433021	2019-02-14
SRR6675392	PRJNA433021	2019-02-14
SRR6675394	PRJNA433021	2019-02-14
SRR6675379	PRJNA433021	2019-02-14
SRR6675383	PRJNA433021	2019-02-14
SRR6675384	PRJNA433021	2019-02-14
SRR6675385	PRJNA433021	2019-02-14
SRR8350215	PRJNA510635	2019-03-19
SRR8350222	PRJNA510635	2019-03-19
SRR8350225	PRJNA510635	2019-03-19
SRR8350233	PRJNA510635	2019-03-19
SRR8350235	PRJNA510635	2019-03-19
SRR8350239	PRJNA510635	2019-03-19
SRR8350240	PRJNA510635	2019-03-19
SRR8350243	PRJNA510635	2019-03-19
SRR8350247	PRJNA510635	2019-03-19
SRR8350248	PRJNA510635	2019-03-19
SRR8350250	PRJNA510635	2019-03-19
SRR8350251	PRJNA510635	2019-03-19
SRR8350255	PRJNA510635	2019-03-19
SRR8350256	PRJNA510635	2019-03-19
SRR8350264	PRJNA510635	2019-03-19
SRR8350214	PRJNA510635	2019-03-19
SRR8350216	PRJNA510635	2019-03-19
SRR8350218	PRJNA510635	2019-03-19
SRR8350220	PRJNA510635	2019-03-19
SRR8350221	PRJNA510635	2019-03-19
SRR8350227	PRJNA510635	2019-03-19
SRR8350229	PRJNA510635	2019-03-19
SRR8350230	PRJNA510635	2019-03-19
SRR8350232	PRJNA510635	2019-03-19
SRR8350237	PRJNA510635	2019-03-19
SRR8350244	PRJNA510635	2019-03-19
SRR8350246	PRJNA510635	2019-03-19
SRR8350249	PRJNA510635	2019-03-19
SRR8350257	PRJNA510635	2019-03-19
SRR8350259	PRJNA510635	2019-03-19
SRR8350262	PRJNA510635	2019-03-19
SRR8350263	PRJNA510635	2019-03-19
SRR8350267	PRJNA510635	2019-03-19
SRR8350217	PRJNA510635	2019-03-19
SRR8350219	PRJNA510635	2019-03-19
SRR8350223	PRJNA510635	2019-03-19
SRR8350224	PRJNA510635	2019-03-19
SRR8350226	PRJNA510635	2019-03-19
SRR8350228	PRJNA510635	2019-03-19
SRR8350231	PRJNA510635	2019-03-19
SRR8350234	PRJNA510635	2019-03-19
SRR8350236	PRJNA510635	2019-03-19
SRR8350238	PRJNA510635	2019-03-19
SRR8350241	PRJNA510635	2019-03-19
SRR8350242	PRJNA510635	2019-03-19
SRR8350245	PRJNA510635	2019-03-19
SRR8350252	PRJNA510635	2019-03-19
SRR8350253	PRJNA510635	2019-03-19
SRR8350254	PRJNA510635	2019-03-19
SRR8350258	PRJNA510635	2019-03-19
SRR8350260	PRJNA510635	2019-03-19
SRR8350261	PRJNA510635	2019-03-19
SRR8350265	PRJNA510635	2019-03-19
SRR8350266	PRJNA510635	2019-03-19
SRR8197251	PRJNA505778	2019-03-22
SRR8197254	PRJNA505778	2019-03-22
SRR8197257	PRJNA505778	2019-03-22
SRR8197246	PRJNA505778	2019-03-22
SRR8197247	PRJNA505778	2019-03-22
SRR8197248	PRJNA505778	2019-03-22
SRR8197250	PRJNA505778	2019-03-22
SRR8197253	PRJNA505778	2019-03-22
SRR8197256	PRJNA505778	2019-03-22
SRR8197249	PRJNA505778	2019-03-22
SRR8197252	PRJNA505778	2019-03-22
SRR8197255	PRJNA505778	2019-03-22
SRR8615232	PRJNA523380	2019-03-28
SRR8615233	PRJNA523380	2019-03-28
SRR8615339	PRJNA523380	2019-03-28
SRR8615759	PRJNA523380	2019-03-28
SRR8615787	PRJNA523380	2019-03-28
SRR8615889	PRJNA523380	2019-03-28
SRR8616047	PRJNA523380	2019-03-28
SRR8616056	PRJNA523380	2019-03-28
SRR8616138	PRJNA523380	2019-03-28
SRR8618302	PRJNA523380	2019-03-28
SRR8618314	PRJNA523380	2019-03-28
SRR8618318	PRJNA523380	2019-03-28
SRR8615618	PRJNA523380	2019-03-28
SRR8615788	PRJNA523380	2019-03-28
SRR8615843	PRJNA523380	2019-03-28
SRR8615846	PRJNA523380	2019-03-28
SRR8615887	PRJNA523380	2019-03-28
SRR8616054	PRJNA523380	2019-03-28
SRR8616055	PRJNA523380	2019-03-28
SRR8615738	PRJNA523380	2019-03-28
SRR8616049	PRJNA523380	2019-03-28
SRR8615437	PRJNA523380	2019-03-28
SRR8615617	PRJNA523380	2019-03-28
SRR8615639	PRJNA523380	2019-03-28
SRR8616126	PRJNA523380	2019-03-28
SRR8616186	PRJNA523380	2019-03-28
SRR8615646	PRJNA523380	2019-03-28
SRR8615778	PRJNA523380	2019-03-28
SRR8615845	PRJNA523380	2019-03-28
SRR8615882	PRJNA523380	2019-03-28
SRR8616020	PRJNA523380	2019-03-28
SRR8616090	PRJNA523380	2019-03-28
SRR8618303	PRJNA523380	2019-03-28
SRR8618316	PRJNA523380	2019-03-28
SRR8615238	PRJNA523380	2019-03-28
SRR8615494	PRJNA523380	2019-03-28
SRR8615888	PRJNA523380	2019-03-28
SRR8616052	PRJNA523380	2019-03-28
SRR8616201	PRJNA523380	2019-03-28
SRR8615340	PRJNA523380	2019-03-28
SRR8615414	PRJNA523380	2019-03-28
SRR8615430	PRJNA523380	2019-03-28
SRR8615786	PRJNA523380	2019-03-28
SRR8615583	PRJNA523380	2019-03-28
SRR8615637	PRJNA523380	2019-03-28
SRR8615716	PRJNA523380	2019-03-28
SRR8616048	PRJNA523380	2019-03-28
SRR8616053	PRJNA523380	2019-03-28
SRR8618319	PRJNA523380	2019-03-28
ERR3262562	PRJEB23709	2019-04-03
ERR3262561	PRJEB23709	2019-04-03
ERR3262563	PRJEB23709	2019-04-03
ERR3262564	PRJEB23709	2019-04-03
ERR3262565	PRJEB23709	2019-04-03
SRR8842401	PRJNA530710	2019-04-04
SRR8846990	PRJNA530710	2019-04-05
SRR8846993	PRJNA530710	2019-04-05
SRR8846994	PRJNA530710	2019-04-05
SRR8846995	PRJNA530710	2019-04-05
SRR8846996	PRJNA530710	2019-04-05
SRR8846997	PRJNA530710	2019-04-05
SRR8847000	PRJNA530710	2019-04-05
SRR8847001	PRJNA530710	2019-04-05
SRR8846989	PRJNA530710	2019-04-05
SRR8846987	PRJNA530710	2019-04-05
SRR8846988	PRJNA530710	2019-04-05
SRR8846991	PRJNA530710	2019-04-05
SRR8846992	PRJNA530710	2019-04-05
SRR8846998	PRJNA530710	2019-04-05
SRR8846999	PRJNA530710	2019-04-05
ERR2026717	PRJEB21636	2019-04-12
ERR2026721	PRJEB21636	2019-04-12
ERR2026722	PRJEB21636	2019-04-12
ERR2026726	PRJEB21636	2019-04-12
ERR2026728	PRJEB21636	2019-04-12
ERR2026718	PRJEB21636	2019-04-12
ERR2026720	PRJEB21636	2019-04-12
ERR2026723	PRJEB21636	2019-04-12
ERR2026724	PRJEB21636	2019-04-12
ERR2027634	PRJEB21636	2019-04-12
ERR2026719	PRJEB21636	2019-04-12
ERR2026727	PRJEB21636	2019-04-12
SRR8980033	PRJNA539979	2019-04-28
SRR8980038	PRJNA539979	2019-04-28
SRR8980039	PRJNA539979	2019-04-28
SRR8980040	PRJNA539979	2019-04-28
SRR8980045	PRJNA539979	2019-04-28
SRR8980048	PRJNA539979	2019-04-28
SRR8980050	PRJNA539979	2019-04-28
SRR8980051	PRJNA539979	2019-04-28
SRR8980052	PRJNA539979	2019-04-28
SRR8980034	PRJNA539979	2019-04-28
SRR8980035	PRJNA539979	2019-04-28
SRR8980036	PRJNA539979	2019-04-28
SRR8980042	PRJNA539979	2019-04-28
SRR8980046	PRJNA539979	2019-04-28
SRR8980049	PRJNA539979	2019-04-28
SRR8980053	PRJNA539979	2019-04-28
SRR8980055	PRJNA539979	2019-04-28
SRR8980056	PRJNA539979	2019-04-28
SRR8980061	PRJNA539979	2019-04-28
SRR8980032	PRJNA539979	2019-04-28
SRR8980037	PRJNA539979	2019-04-28
SRR8980041	PRJNA539979	2019-04-28
SRR8980043	PRJNA539979	2019-04-28
SRR8980044	PRJNA539979	2019-04-28
SRR8980047	PRJNA539979	2019-04-28
SRR8980054	PRJNA539979	2019-04-28
SRR8980057	PRJNA539979	2019-04-28
SRR8980058	PRJNA539979	2019-04-28
SRR8980059	PRJNA539979	2019-04-28
SRR8980060	PRJNA539979	2019-04-28
SRR9097543	PRJNA543883	2019-05-24
SRR9097546	PRJNA543883	2019-05-24
SRR9097548	PRJNA543883	2019-05-24
SRR9097553	PRJNA543883	2019-05-24
SRR9097544	PRJNA543883	2019-05-24
SRR9097545	PRJNA543883	2019-05-24
SRR9097550	PRJNA543883	2019-05-24
SRR9097558	PRJNA543883	2019-05-24
SRR9097547	PRJNA543883	2019-05-24
SRR9097549	PRJNA543883	2019-05-24
SRR9097551	PRJNA543883	2019-05-24
SRR9097552	PRJNA543883	2019-05-24
SRR9097554	PRJNA543883	2019-05-24
SRR9097555	PRJNA543883	2019-05-24
SRR9097557	PRJNA543883	2019-05-24
SRR9097559	PRJNA543883	2019-05-24
SRR6019852	PRJNA303170	2019-05-31
SRR6019853	PRJNA303170	2019-05-31
SRR6019855	PRJNA303170	2019-05-31
SRR6014240	PRJNA303170	2019-05-31
SRR6019854	PRJNA303170	2019-05-31
SRR6019856	PRJNA303170	2019-05-31
SRR6019857	PRJNA303170	2019-05-31
SRR6019858	PRJNA303170	2019-05-31
SRR6019859	PRJNA303170	2019-05-31
SRR6014242	PRJNA303170	2019-05-31
SRR6014241	PRJNA303170	2019-05-31
SRR8596128	PRJNA523373	2019-06-03
SRR8596131	PRJNA523373	2019-06-03
SRR8596133	PRJNA523373	2019-06-03
SRR8596125	PRJNA523373	2019-06-03
SRR8596126	PRJNA523373	2019-06-03
SRR8596132	PRJNA523373	2019-06-03
SRR8596134	PRJNA523373	2019-06-03
SRR8596135	PRJNA523373	2019-06-03
SRR8596124	PRJNA523373	2019-06-03
SRR8596127	PRJNA523373	2019-06-03
SRR8596129	PRJNA523373	2019-06-03
SRR8596130	PRJNA523373	2019-06-03
ERR3374006	PRJEB21553	2019-06-12
ERR3374007	PRJEB21553	2019-06-12
ERR3374009	PRJEB21553	2019-06-12
ERR3374008	PRJEB21553	2019-06-12
ERR3374010	PRJEB21553	2019-06-12
SRR6724630	PRJNA434047	2019-07-07
SRR6724632	PRJNA434047	2019-07-07
SRR6724636	PRJNA434047	2019-07-07
SRR6724640	PRJNA434047	2019-07-07
SRR6724651	PRJNA434047	2019-07-07
SRR6724656	PRJNA434047	2019-07-07
SRR6724658	PRJNA434047	2019-07-07
SRR6724663	PRJNA434047	2019-07-07
SRR6724665	PRJNA434047	2019-07-07
SRR6724667	PRJNA434047	2019-07-07
SRR6724669	PRJNA434047	2019-07-07
SRR6724670	PRJNA434047	2019-07-07
SRR6724681	PRJNA434047	2019-07-07
SRR6724688	PRJNA434047	2019-07-07
SRR6724690	PRJNA434047	2019-07-07
SRR6724693	PRJNA434047	2019-07-07
SRR6728160	PRJNA434047	2019-07-07
SRR6728162	PRJNA434047	2019-07-07
SRR6728167	PRJNA434047	2019-07-07
SRR6728168	PRJNA434047	2019-07-07
SRR6728172	PRJNA434047	2019-07-07
SRR6728183	PRJNA434047	2019-07-07
SRR6728192	PRJNA434047	2019-07-07
SRR6724628	PRJNA434047	2019-07-07
SRR6724633	PRJNA434047	2019-07-07
SRR6724634	PRJNA434047	2019-07-07
SRR6724637	PRJNA434047	2019-07-07
SRR6724643	PRJNA434047	2019-07-07
SRR6724644	PRJNA434047	2019-07-07
SRR6724648	PRJNA434047	2019-07-07
SRR6724650	PRJNA434047	2019-07-07
SRR6724652	PRJNA434047	2019-07-07
SRR6724653	PRJNA434047	2019-07-07
SRR6724655	PRJNA434047	2019-07-07
SRR6724659	PRJNA434047	2019-07-07
SRR6724662	PRJNA434047	2019-07-07
SRR6724664	PRJNA434047	2019-07-07
SRR6724666	PRJNA434047	2019-07-07
SRR6724671	PRJNA434047	2019-07-07
SRR6724672	PRJNA434047	2019-07-07
SRR6724674	PRJNA434047	2019-07-07
SRR6724677	PRJNA434047	2019-07-07
SRR6724678	PRJNA434047	2019-07-07
SRR6724683	PRJNA434047	2019-07-07
SRR6724687	PRJNA434047	2019-07-07
SRR6724691	PRJNA434047	2019-07-07
SRR6728159	PRJNA434047	2019-07-07
SRR6728161	PRJNA434047	2019-07-07
SRR6728166	PRJNA434047	2019-07-07
SRR6728169	PRJNA434047	2019-07-07
SRR6728171	PRJNA434047	2019-07-07
SRR6728173	PRJNA434047	2019-07-07
SRR6728178	PRJNA434047	2019-07-07
SRR6728180	PRJNA434047	2019-07-07
SRR6728181	PRJNA434047	2019-07-07
SRR6728185	PRJNA434047	2019-07-07
SRR6728187	PRJNA434047	2019-07-07
SRR6728188	PRJNA434047	2019-07-07
SRR6728194	PRJNA434047	2019-07-07
SRR6724629	PRJNA434047	2019-07-07
SRR6724631	PRJNA434047	2019-07-07
SRR6724635	PRJNA434047	2019-07-07
SRR6724639	PRJNA434047	2019-07-07
SRR6724642	PRJNA434047	2019-07-07
SRR6724645	PRJNA434047	2019-07-07
SRR6724646	PRJNA434047	2019-07-07
SRR6724649	PRJNA434047	2019-07-07
SRR6724654	PRJNA434047	2019-07-07
SRR6724660	PRJNA434047	2019-07-07
SRR6724668	PRJNA434047	2019-07-07
SRR6724673	PRJNA434047	2019-07-07
SRR6724675	PRJNA434047	2019-07-07
SRR6724676	PRJNA434047	2019-07-07
SRR6724679	PRJNA434047	2019-07-07
SRR6724684	PRJNA434047	2019-07-07
SRR6724692	PRJNA434047	2019-07-07
SRR6724694	PRJNA434047	2019-07-07
SRR6724695	PRJNA434047	2019-07-07
SRR6728163	PRJNA434047	2019-07-07
SRR6728164	PRJNA434047	2019-07-07
SRR6728165	PRJNA434047	2019-07-07
SRR6728170	PRJNA434047	2019-07-07
SRR6728174	PRJNA434047	2019-07-07
SRR6728175	PRJNA434047	2019-07-07
SRR6728176	PRJNA434047	2019-07-07
SRR6728177	PRJNA434047	2019-07-07
SRR6728179	PRJNA434047	2019-07-07
SRR6728182	PRJNA434047	2019-07-07
SRR6728184	PRJNA434047	2019-07-07
SRR6728186	PRJNA434047	2019-07-07
SRR6728191	PRJNA434047	2019-07-07
SRR6728193	PRJNA434047	2019-07-07
SRR9188273	PRJNA545860	2019-07-16
SRR9188276	PRJNA545860	2019-07-16
SRR9188279	PRJNA545860	2019-07-16
SRR9188284	PRJNA545860	2019-07-16
SRR9188286	PRJNA545860	2019-07-16
SRR9188289	PRJNA545860	2019-07-16
SRR9188272	PRJNA545860	2019-07-16
SRR9188274	PRJNA545860	2019-07-16
SRR9188275	PRJNA545860	2019-07-16
SRR9188280	PRJNA545860	2019-07-16
SRR9188283	PRJNA545860	2019-07-16
SRR9188285	PRJNA545860	2019-07-16
SRR9188287	PRJNA545860	2019-07-16
SRR9188277	PRJNA545860	2019-07-16
SRR9188278	PRJNA545860	2019-07-16
SRR9188281	PRJNA545860	2019-07-16
SRR9188282	PRJNA545860	2019-07-16
SRR9188288	PRJNA545860	2019-07-16
SRR9689879	PRJNA554700	2019-07-18
SRR9689880	PRJNA554700	2019-07-18
SRR9689882	PRJNA554700	2019-07-18
SRR9689883	PRJNA554700	2019-07-18
SRR9689885	PRJNA554700	2019-07-18
SRR9689887	PRJNA554700	2019-07-18
SRR9689888	PRJNA554700	2019-07-18
SRR9689889	PRJNA554700	2019-07-18
SRR9689897	PRJNA554700	2019-07-18
SRR9689905	PRJNA554700	2019-07-18
SRR9689907	PRJNA554700	2019-07-18
SRR9689908	PRJNA554700	2019-07-18
SRR9689912	PRJNA554700	2019-07-18
SRR9689914	PRJNA554700	2019-07-18
SRR9689919	PRJNA554700	2019-07-18
SRR9689923	PRJNA554700	2019-07-18
SRR9689925	PRJNA554700	2019-07-18
SRR9689931	PRJNA554700	2019-07-18
SRR9689932	PRJNA554700	2019-07-18
SRR9689936	PRJNA554700	2019-07-18
SRR9689937	PRJNA554700	2019-07-18
SRR9689940	PRJNA554700	2019-07-18
SRR9689946	PRJNA554700	2019-07-18
SRR9689948	PRJNA554700	2019-07-18
SRR9689949	PRJNA554700	2019-07-18
SRR9689950	PRJNA554700	2019-07-18
SRR9689951	PRJNA554700	2019-07-18
SRR9689952	PRJNA554700	2019-07-18
SRR9689881	PRJNA554700	2019-07-18
SRR9689886	PRJNA554700	2019-07-18
SRR9689891	PRJNA554700	2019-07-18
SRR9689892	PRJNA554700	2019-07-18
SRR9689894	PRJNA554700	2019-07-18
SRR9689896	PRJNA554700	2019-07-18
SRR9689902	PRJNA554700	2019-07-18
SRR9689904	PRJNA554700	2019-07-18
SRR9689906	PRJNA554700	2019-07-18
SRR9689909	PRJNA554700	2019-07-18
SRR9689915	PRJNA554700	2019-07-18
SRR9689916	PRJNA554700	2019-07-18
SRR9689918	PRJNA554700	2019-07-18
SRR9689921	PRJNA554700	2019-07-18
SRR9689922	PRJNA554700	2019-07-18
SRR9689924	PRJNA554700	2019-07-18
SRR9689927	PRJNA554700	2019-07-18
SRR9689934	PRJNA554700	2019-07-18
SRR9689938	PRJNA554700	2019-07-18
SRR9689939	PRJNA554700	2019-07-18
SRR9689941	PRJNA554700	2019-07-18
SRR9689942	PRJNA554700	2019-07-18
SRR9689943	PRJNA554700	2019-07-18
SRR9689945	PRJNA554700	2019-07-18
SRR9689884	PRJNA554700	2019-07-18
SRR9689890	PRJNA554700	2019-07-18
SRR9689893	PRJNA554700	2019-07-18
SRR9689895	PRJNA554700	2019-07-18
SRR9689898	PRJNA554700	2019-07-18
SRR9689899	PRJNA554700	2019-07-18
SRR9689900	PRJNA554700	2019-07-18
SRR9689901	PRJNA554700	2019-07-18
SRR9689903	PRJNA554700	2019-07-18
SRR9689910	PRJNA554700	2019-07-18
SRR9689911	PRJNA554700	2019-07-18
SRR9689913	PRJNA554700	2019-07-18
SRR9689917	PRJNA554700	2019-07-18
SRR9689920	PRJNA554700	2019-07-18
SRR9689926	PRJNA554700	2019-07-18
SRR9689928	PRJNA554700	2019-07-18
SRR9689929	PRJNA554700	2019-07-18
SRR9689933	PRJNA554700	2019-07-18
SRR9689935	PRJNA554700	2019-07-18
SRR9689944	PRJNA554700	2019-07-18
SRR9689930	PRJNA554700	2019-07-24
ERR2983924	PRJEB30109	2019-08-14
ERR2983925	PRJEB30109	2019-08-14
ERR2983931	PRJEB30109	2019-08-14
ERR2983934	PRJEB30109	2019-08-14
ERR2983936	PRJEB30109	2019-08-14
ERR2983939	PRJEB30109	2019-08-14
ERR2983947	PRJEB30109	2019-08-14
ERR2983954	PRJEB30109	2019-08-14
ERR2983957	PRJEB30109	2019-08-14
ERR3374015	PRJEB30109	2019-08-14
ERR3374019	PRJEB30109	2019-08-14
ERR2983930	PRJEB30109	2019-08-14
ERR2983935	PRJEB30109	2019-08-14
ERR2983942	PRJEB30109	2019-08-14
ERR2983943	PRJEB30109	2019-08-14
ERR2983946	PRJEB30109	2019-08-14
ERR2983949	PRJEB30109	2019-08-14
ERR2983951	PRJEB30109	2019-08-14
ERR2983953	PRJEB30109	2019-08-14
ERR2983955	PRJEB30109	2019-08-14
ERR2983956	PRJEB30109	2019-08-14
ERR2983960	PRJEB30109	2019-08-14
ERR2983961	PRJEB30109	2019-08-14
ERR2983962	PRJEB30109	2019-08-14
ERR2983963	PRJEB30109	2019-08-14
ERR3374016	PRJEB30109	2019-08-14
ERR3374017	PRJEB30109	2019-08-14
ERR2983928	PRJEB30109	2019-08-14
ERR2983929	PRJEB30109	2019-08-14
ERR2983937	PRJEB30109	2019-08-14
ERR2983938	PRJEB30109	2019-08-14
ERR2983940	PRJEB30109	2019-08-14
ERR2983941	PRJEB30109	2019-08-14
ERR2983944	PRJEB30109	2019-08-14
ERR2983945	PRJEB30109	2019-08-14
ERR2983948	PRJEB30109	2019-08-14
ERR2983950	PRJEB30109	2019-08-14
ERR2983952	PRJEB30109	2019-08-14
ERR3374014	PRJEB30109	2019-08-14
ERR3374018	PRJEB30109	2019-08-14
ERR2984133	PRJEB30119	2019-08-14
ERR2984134	PRJEB30119	2019-08-14
ERR2984139	PRJEB30119	2019-08-14
ERR2984153	PRJEB30119	2019-08-14
ERR2984154	PRJEB30119	2019-08-14
ERR2984155	PRJEB30119	2019-08-14
ERR2984159	PRJEB30119	2019-08-14
ERR2984165	PRJEB30119	2019-08-14
ERR2984167	PRJEB30119	2019-08-14
ERR2984168	PRJEB30119	2019-08-14
ERR2984136	PRJEB30119	2019-08-14
ERR2984137	PRJEB30119	2019-08-14
ERR2984138	PRJEB30119	2019-08-14
ERR2984140	PRJEB30119	2019-08-14
ERR2984142	PRJEB30119	2019-08-14
ERR2984144	PRJEB30119	2019-08-14
ERR2984148	PRJEB30119	2019-08-14
ERR2984149	PRJEB30119	2019-08-14
ERR2984151	PRJEB30119	2019-08-14
ERR2984152	PRJEB30119	2019-08-14
ERR2984156	PRJEB30119	2019-08-14
ERR2984158	PRJEB30119	2019-08-14
ERR2984160	PRJEB30119	2019-08-14
ERR2984161	PRJEB30119	2019-08-14
ERR2984162	PRJEB30119	2019-08-14
ERR2984163	PRJEB30119	2019-08-14
ERR2984164	PRJEB30119	2019-08-14
ERR2984135	PRJEB30119	2019-08-14
ERR2984141	PRJEB30119	2019-08-14
ERR2984143	PRJEB30119	2019-08-14
ERR2984145	PRJEB30119	2019-08-14
ERR2984146	PRJEB30119	2019-08-14
ERR2984147	PRJEB30119	2019-08-14
ERR2984150	PRJEB30119	2019-08-14
ERR2984157	PRJEB30119	2019-08-14
ERR2984166	PRJEB30119	2019-08-14
SRR9723143	PRJNA555412	2019-09-25
SRR9723146	PRJNA555412	2019-09-25
SRR9723149	PRJNA555412	2019-09-25
SRR9723150	PRJNA555412	2019-09-25
SRR9723152	PRJNA555412	2019-09-25
SRR9723140	PRJNA555412	2019-09-25
SRR9723141	PRJNA555412	2019-09-25
SRR9723147	PRJNA555412	2019-09-25
SRR9723151	PRJNA555412	2019-09-25
SRR9723138	PRJNA555412	2019-09-25
SRR9723139	PRJNA555412	2019-09-25
SRR9723142	PRJNA555412	2019-09-25
SRR9723144	PRJNA555412	2019-09-25
SRR9723145	PRJNA555412	2019-09-25
SRR9723148	PRJNA555412	2019-09-25
SRR10324754	PRJNA578901	2019-10-30
SRR10324758	PRJNA578901	2019-10-30
SRR10324760	PRJNA578901	2019-10-30
SRR10324763	PRJNA578901	2019-10-30
SRR10324765	PRJNA578901	2019-10-30
SRR10324753	PRJNA578901	2019-10-30
SRR10324761	PRJNA578901	2019-10-30
SRR10324762	PRJNA578901	2019-10-30
SRR10324764	PRJNA578901	2019-10-30
SRR10324767	PRJNA578901	2019-10-30
SRR10324768	PRJNA578901	2019-10-30
SRR10324751	PRJNA578901	2019-10-30
SRR10324752	PRJNA578901	2019-10-30
SRR10324755	PRJNA578901	2019-10-30
SRR10324756	PRJNA578901	2019-10-30
SRR10324757	PRJNA578901	2019-10-30
SRR10324759	PRJNA578901	2019-10-30
SRR10324766	PRJNA578901	2019-10-30
SRR9833121	PRJNA556643	2019-11-07
SRR9833126	PRJNA556643	2019-11-07
SRR9833132	PRJNA556643	2019-11-07
SRR9833122	PRJNA556643	2019-11-07
SRR9833127	PRJNA556643	2019-11-07
SRR9833130	PRJNA556643	2019-11-07
SRR9833131	PRJNA556643	2019-11-07
SRR9833123	PRJNA556643	2019-11-07
SRR9833124	PRJNA556643	2019-11-07
SRR9833125	PRJNA556643	2019-11-07
SRR9833128	PRJNA556643	2019-11-07
SRR9833129	PRJNA556643	2019-11-07
SRR10495371	PRJNA590492	2019-11-23
SRR10495375	PRJNA590492	2019-11-23
SRR10495382	PRJNA590492	2019-11-23
SRR10495389	PRJNA590492	2019-11-23
SRR10495390	PRJNA590492	2019-11-23
SRR10495391	PRJNA590492	2019-11-23
SRR10495394	PRJNA590492	2019-11-23
SRR10495396	PRJNA590492	2019-11-23
SRR10495398	PRJNA590492	2019-11-23
SRR10495400	PRJNA590492	2019-11-23
SRR10495401	PRJNA590492	2019-11-23
SRR10495402	PRJNA590492	2019-11-23
SRR10495405	PRJNA590492	2019-11-23
SRR10495406	PRJNA590492	2019-11-23
SRR10495408	PRJNA590492	2019-11-23
SRR10495410	PRJNA590492	2019-11-23
SRR10495415	PRJNA590492	2019-11-23
SRR10495417	PRJNA590492	2019-11-23
SRR10495418	PRJNA590492	2019-11-23
SRR10495421	PRJNA590492	2019-11-23
SRR10495422	PRJNA590492	2019-11-23
SRR10495372	PRJNA590492	2019-11-23
SRR10495377	PRJNA590492	2019-11-23
SRR10495379	PRJNA590492	2019-11-23
SRR10495385	PRJNA590492	2019-11-23
SRR10495386	PRJNA590492	2019-11-23
SRR10495388	PRJNA590492	2019-11-23
SRR10495395	PRJNA590492	2019-11-23
SRR10495409	PRJNA590492	2019-11-23
SRR10495419	PRJNA590492	2019-11-23
SRR10495420	PRJNA590492	2019-11-23
SRR10495373	PRJNA590492	2019-11-23
SRR10495374	PRJNA590492	2019-11-23
SRR10495376	PRJNA590492	2019-11-23
SRR10495378	PRJNA590492	2019-11-23
SRR10495380	PRJNA590492	2019-11-23
SRR10495381	PRJNA590492	2019-11-23
SRR10495383	PRJNA590492	2019-11-23
SRR10495384	PRJNA590492	2019-11-23
SRR10495387	PRJNA590492	2019-11-23
SRR10495392	PRJNA590492	2019-11-23
SRR10495393	PRJNA590492	2019-11-23
SRR10495397	PRJNA590492	2019-11-23
SRR10495399	PRJNA590492	2019-11-23
SRR10495403	PRJNA590492	2019-11-23
SRR10495404	PRJNA590492	2019-11-23
SRR10495407	PRJNA590492	2019-11-23
SRR10495411	PRJNA590492	2019-11-23
SRR10495412	PRJNA590492	2019-11-23
SRR10495413	PRJNA590492	2019-11-23
SRR10495414	PRJNA590492	2019-11-23
SRR10495416	PRJNA590492	2019-11-23
SRR10495423	PRJNA590492	2019-11-23
SRR10495424	PRJNA590492	2019-11-23
SRR10495425	PRJNA590492	2019-11-23
SRR10139779	PRJNA566191	2019-11-29
SRR10139782	PRJNA566191	2019-11-29
SRR10139783	PRJNA566191	2019-11-29
SRR10139784	PRJNA566191	2019-11-29
SRR10139786	PRJNA566191	2019-11-29
SRR10139787	PRJNA566191	2019-11-29
SRR10139804	PRJNA566191	2019-11-29
SRR10139802	PRJNA566191	2019-11-29
SRR10139803	PRJNA566191	2019-11-29
SRR10139805	PRJNA566191	2019-11-29
SRR10139806	PRJNA566191	2019-11-29
SRR10139780	PRJNA566191	2019-11-29
SRR10139781	PRJNA566191	2019-11-29
SRR10139807	PRJNA566191	2019-11-29
SRR10139789	PRJNA566191	2019-11-29
SRR10139778	PRJNA566191	2019-11-29
SRR10139785	PRJNA566191	2019-11-29
SRR10139788	PRJNA566191	2019-11-29
SRR10533487	PRJNA591791	2019-11-29
SRR10533488	PRJNA591791	2019-11-29
SRR10533489	PRJNA591791	2019-11-29
SRR10533493	PRJNA591791	2019-11-29
SRR10533494	PRJNA591791	2019-11-29
SRR10533495	PRJNA591791	2019-11-29
SRR10533504	PRJNA591791	2019-11-29
SRR10533505	PRJNA591791	2019-11-29
SRR10533506	PRJNA591791	2019-11-29
SRR10533507	PRJNA591791	2019-11-29
SRR10533485	PRJNA591791	2019-11-29
SRR10533491	PRJNA591791	2019-11-29
SRR10533492	PRJNA591791	2019-11-29
SRR10533496	PRJNA591791	2019-11-29
SRR10533497	PRJNA591791	2019-11-29
SRR10533499	PRJNA591791	2019-11-29
SRR10533501	PRJNA591791	2019-11-29
SRR10533502	PRJNA591791	2019-11-29
SRR10533484	PRJNA591791	2019-11-29
SRR10533486	PRJNA591791	2019-11-29
SRR10533490	PRJNA591791	2019-11-29
SRR10533498	PRJNA591791	2019-11-29
SRR10533500	PRJNA591791	2019-11-29
SRR10533503	PRJNA591791	2019-11-29
SRR10238622	PRJNA576209	2020-01-16
SRR10238627	PRJNA576209	2020-01-16
SRR10238630	PRJNA576209	2020-01-16
SRR10238631	PRJNA576209	2020-01-16
SRR10238632	PRJNA576209	2020-01-16
SRR10238638	PRJNA576209	2020-01-16
SRR10238639	PRJNA576209	2020-01-16
SRR10238640	PRJNA576209	2020-01-16
SRR10238645	PRJNA576209	2020-01-16
SRR10238649	PRJNA576209	2020-01-16
SRR10238652	PRJNA576209	2020-01-16
SRR10238656	PRJNA576209	2020-01-16
SRR10238657	PRJNA576209	2020-01-16
SRR10238658	PRJNA576209	2020-01-16
SRR10238665	PRJNA576209	2020-01-16
SRR10238666	PRJNA576209	2020-01-16
SRR10238676	PRJNA576209	2020-01-16
SRR10238611	PRJNA576209	2020-01-16
SRR10238614	PRJNA576209	2020-01-16
SRR10238615	PRJNA576209	2020-01-16
SRR10238619	PRJNA576209	2020-01-16
SRR10238623	PRJNA576209	2020-01-16
SRR10238624	PRJNA576209	2020-01-16
SRR10238625	PRJNA576209	2020-01-16
SRR10238628	PRJNA576209	2020-01-16
SRR10238637	PRJNA576209	2020-01-16
SRR10238641	PRJNA576209	2020-01-16
SRR10238651	PRJNA576209	2020-01-16
SRR10238667	PRJNA576209	2020-01-16
SRR10238612	PRJNA576209	2020-01-16
SRR10238642	PRJNA576209	2020-01-16
SRR10238647	PRJNA576209	2020-01-16
SRR10238648	PRJNA576209	2020-01-16
SRR10238664	PRJNA576209	2020-01-16
SRR10238672	PRJNA576209	2020-01-16
SRR10238675	PRJNA576209	2020-01-16
SRR10238618	PRJNA576209	2020-01-16
SRR10238620	PRJNA576209	2020-01-16
SRR10238621	PRJNA576209	2020-01-16
SRR10238629	PRJNA576209	2020-01-16
SRR10238633	PRJNA576209	2020-01-16
SRR10238646	PRJNA576209	2020-01-16
SRR10238650	PRJNA576209	2020-01-16
SRR10238659	PRJNA576209	2020-01-16
SRR10238660	PRJNA576209	2020-01-16
SRR10238661	PRJNA576209	2020-01-16
SRR10238662	PRJNA576209	2020-01-16
SRR10238663	PRJNA576209	2020-01-16
SRR10238673	PRJNA576209	2020-01-16
SRR10238678	PRJNA576209	2020-01-16
SRR10238679	PRJNA576209	2020-01-16
SRR10238680	PRJNA576209	2020-01-16
SRR10238613	PRJNA576209	2020-01-16
SRR10238616	PRJNA576209	2020-01-16
SRR10238635	PRJNA576209	2020-01-16
SRR10238654	PRJNA576209	2020-01-16
SRR10238668	PRJNA576209	2020-01-16
SRR10238669	PRJNA576209	2020-01-16
SRR10238670	PRJNA576209	2020-01-16
SRR10238671	PRJNA576209	2020-01-16
SRR10238674	PRJNA576209	2020-01-16
SRR10238681	PRJNA576209	2020-01-16
SRR10238617	PRJNA576209	2020-01-16
SRR10238626	PRJNA576209	2020-01-16
SRR10238655	PRJNA576209	2020-01-16
SRR10238677	PRJNA576209	2020-01-16
SRR10238634	PRJNA576209	2020-01-16
SRR10238636	PRJNA576209	2020-01-16
SRR10238643	PRJNA576209	2020-01-16
SRR10238644	PRJNA576209	2020-01-16
SRR10238653	PRJNA576209	2020-01-16
SRR11067678	PRJNA606044	2020-02-21
SRR11067680	PRJNA606044	2020-02-21
SRR11067683	PRJNA606044	2020-02-21
SRR11067676	PRJNA606044	2020-02-21
SRR11067679	PRJNA606044	2020-02-21
SRR11067682	PRJNA606044	2020-02-21
SRR11067685	PRJNA606044	2020-02-21
SRR11067686	PRJNA606044	2020-02-21
SRR11067677	PRJNA606044	2020-02-21
SRR11067681	PRJNA606044	2020-02-21
SRR11067684	PRJNA606044	2020-02-21
SRR11067687	PRJNA606044	2020-02-21
SRR11183207	PRJNA608794	2020-02-28
SRR11183216	PRJNA608794	2020-02-28
SRR11183218	PRJNA608794	2020-02-28
SRR11183219	PRJNA608794	2020-02-28
SRR11183229	PRJNA608794	2020-02-28
SRR11183258	PRJNA608794	2020-02-28
SRR11183263	PRJNA608794	2020-02-28
SRR11183266	PRJNA608794	2020-02-28
SRR11183267	PRJNA608794	2020-02-28
SRR11183269	PRJNA608794	2020-02-28
SRR11183275	PRJNA608794	2020-02-28
SRR11183161	PRJNA608794	2020-02-28
SRR11183181	PRJNA608794	2020-02-28
SRR11183186	PRJNA608794	2020-02-28
SRR11183188	PRJNA608794	2020-02-28
SRR11183198	PRJNA608794	2020-02-28
SRR11183199	PRJNA608794	2020-02-28
SRR11183208	PRJNA608794	2020-02-28
SRR11183210	PRJNA608794	2020-02-28
SRR11183211	PRJNA608794	2020-02-28
SRR11183213	PRJNA608794	2020-02-28
SRR11183215	PRJNA608794	2020-02-28
SRR11183217	PRJNA608794	2020-02-28
SRR11183222	PRJNA608794	2020-02-28
SRR11183226	PRJNA608794	2020-02-28
SRR11183262	PRJNA608794	2020-02-28
SRR11183270	PRJNA608794	2020-02-28
SRR11183272	PRJNA608794	2020-02-28
SRR11183273	PRJNA608794	2020-02-28
SRR11183190	PRJNA608794	2020-02-28
SRR11183191	PRJNA608794	2020-02-28
SRR11183205	PRJNA608794	2020-02-28
SRR11183221	PRJNA608794	2020-02-28
SRR11183223	PRJNA608794	2020-02-28
SRR11183224	PRJNA608794	2020-02-28
SRR11183225	PRJNA608794	2020-02-28
SRR11183227	PRJNA608794	2020-02-28
SRR11183231	PRJNA608794	2020-02-28
SRR11183232	PRJNA608794	2020-02-28
SRR11183260	PRJNA608794	2020-02-28
SRR11183261	PRJNA608794	2020-02-28
SRR11183265	PRJNA608794	2020-02-28
SRR11183268	PRJNA608794	2020-02-28
SRR11183274	PRJNA608794	2020-02-28
SRR11186747	PRJNA608923	2020-02-28
SRR11186749	PRJNA608923	2020-02-28
SRR11186753	PRJNA608923	2020-02-28
SRR11186756	PRJNA608923	2020-02-28
SRR11186758	PRJNA608923	2020-02-28
SRR11186762	PRJNA608923	2020-02-28
SRR11186748	PRJNA608923	2020-02-28
SRR11186751	PRJNA608923	2020-02-28
SRR11186752	PRJNA608923	2020-02-28
SRR11186755	PRJNA608923	2020-02-28
SRR11186759	PRJNA608923	2020-02-28
SRR11186761	PRJNA608923	2020-02-28
SRR11186763	PRJNA608923	2020-02-28
SRR11186764	PRJNA608923	2020-02-28
SRR11186750	PRJNA608923	2020-02-28
SRR11186754	PRJNA608923	2020-02-28
SRR11186757	PRJNA608923	2020-02-28
SRR11186760	PRJNA608923	2020-02-28
SRR8689269	PRJNA525785	2020-03-07
SRR8689270	PRJNA525785	2020-03-07
SRR8689271	PRJNA525785	2020-03-07
SRR8689273	PRJNA525785	2020-03-07
SRR8689277	PRJNA525785	2020-03-07
SRR8689279	PRJNA525785	2020-03-07
SRR8689268	PRJNA525785	2020-03-07
SRR8689274	PRJNA525785	2020-03-07
SRR8689276	PRJNA525785	2020-03-07
SRR8689265	PRJNA525785	2020-03-07
SRR8689266	PRJNA525785	2020-03-07
SRR8689267	PRJNA525785	2020-03-07
SRR8689272	PRJNA525785	2020-03-07
SRR8689275	PRJNA525785	2020-03-07
SRR8689278	PRJNA525785	2020-03-07
SRR11492011	PRJNA623409	2020-04-15
SRR11492009	PRJNA623409	2020-04-15
SRR11492010	PRJNA623409	2020-04-15
SRR11492012	PRJNA623409	2020-04-15
SRR11492016	PRJNA623409	2020-04-17
SRR11492020	PRJNA623409	2020-04-17
SRR11492025	PRJNA623409	2020-04-17
SRR11492034	PRJNA623409	2020-04-17
SRR11492035	PRJNA623409	2020-04-17
SRR11492013	PRJNA623409	2020-04-17
SRR11492014	PRJNA623409	2020-04-17
SRR11492019	PRJNA623409	2020-04-17
SRR11492027	PRJNA623409	2020-04-17
SRR11492033	PRJNA623409	2020-04-17
SRR11492037	PRJNA623409	2020-04-17
SRR11492015	PRJNA623409	2020-04-17
SRR11492017	PRJNA623409	2020-04-17
SRR11492026	PRJNA623409	2020-04-17
SRR11492028	PRJNA623409	2020-04-17
SRR11492036	PRJNA623409	2020-04-17
SRR11492038	PRJNA623409	2020-04-17
SRR11492039	PRJNA623409	2020-04-17
SRR11492040	PRJNA623409	2020-04-17
SRR11552995	PRJNA625672	2020-04-18
SRR11552988	PRJNA625672	2020-04-18
SRR11552990	PRJNA625672	2020-04-18
SRR11552993	PRJNA625672	2020-04-18
SRR11552980	PRJNA625672	2020-04-18
SRR11552989	PRJNA625672	2020-04-18
SRR11552991	PRJNA625672	2020-04-18
SRR11552982	PRJNA625672	2020-04-18
SRR11552994	PRJNA625672	2020-04-18
SRR11552981	PRJNA625672	2020-04-18
SRR11552983	PRJNA625672	2020-04-18
SRR11552984	PRJNA625672	2020-04-18
SRR11552985	PRJNA625672	2020-04-18
SRR11552986	PRJNA625672	2020-04-18
SRR11552987	PRJNA625672	2020-04-18
SRR11552992	PRJNA625672	2020-04-18
SRR11492018	PRJNA623409	2020-04-19
SRR8838505	PRJNA530569	2020-04-22
SRR8838507	PRJNA530569	2020-04-22
SRR8838510	PRJNA530569	2020-04-22
SRR8838516	PRJNA530569	2020-04-22
SRR8838517	PRJNA530569	2020-04-22
SRR8838518	PRJNA530569	2020-04-22
SRR8838524	PRJNA530569	2020-04-22
SRR8838525	PRJNA530569	2020-04-22
SRR8838528	PRJNA530569	2020-04-22
SRR8838509	PRJNA530569	2020-04-22
SRR8838514	PRJNA530569	2020-04-22
SRR8838515	PRJNA530569	2020-04-22
SRR8838519	PRJNA530569	2020-04-22
SRR8838523	PRJNA530569	2020-04-22
SRR8838526	PRJNA530569	2020-04-22
SRR8838529	PRJNA530569	2020-04-22
SRR8838530	PRJNA530569	2020-04-22
SRR8838531	PRJNA530569	2020-04-22
SRR8838506	PRJNA530569	2020-04-22
SRR8838508	PRJNA530569	2020-04-22
SRR8838511	PRJNA530569	2020-04-22
SRR8838512	PRJNA530569	2020-04-22
SRR8838513	PRJNA530569	2020-04-22
SRR8838520	PRJNA530569	2020-04-22
SRR8838521	PRJNA530569	2020-04-22
SRR8838522	PRJNA530569	2020-04-22
SRR8838527	PRJNA530569	2020-04-22
SRR11591077	PRJNA627482	2020-04-24
SRR11591069	PRJNA627482	2020-04-24
SRR11591071	PRJNA627482	2020-04-24
SRR11591072	PRJNA627482	2020-04-24
SRR11591073	PRJNA627482	2020-04-24
SRR11591078	PRJNA627482	2020-04-24
SRR11591080	PRJNA627482	2020-04-24
SRR11591070	PRJNA627482	2020-04-24
SRR11591074	PRJNA627482	2020-04-24
SRR11591075	PRJNA627482	2020-04-24
SRR11591076	PRJNA627482	2020-04-24
SRR11591079	PRJNA627482	2020-04-24
SRR10295250	PRJNA555412	2020-04-25
SRR10295252	PRJNA555412	2020-04-25
SRR10295255	PRJNA555412	2020-04-25
SRR10295262	PRJNA555412	2020-04-25
SRR10295265	PRJNA555412	2020-04-25
SRR10295248	PRJNA555412	2020-04-25
SRR10295251	PRJNA555412	2020-04-25
SRR10295253	PRJNA555412	2020-04-25
SRR10295256	PRJNA555412	2020-04-25
SRR10295257	PRJNA555412	2020-04-25
SRR10295260	PRJNA555412	2020-04-25
SRR10295261	PRJNA555412	2020-04-25
SRR10295263	PRJNA555412	2020-04-25
SRR10295264	PRJNA555412	2020-04-25
SRR10295249	PRJNA555412	2020-04-25
SRR10295254	PRJNA555412	2020-04-25
SRR10295258	PRJNA555412	2020-04-25
SRR10295259	PRJNA555412	2020-04-25
SRR8830675	PRJNA530201	2020-04-30
SRR8830676	PRJNA530201	2020-04-30
SRR8830678	PRJNA530201	2020-04-30
SRR8830679	PRJNA530201	2020-04-30
SRR8830680	PRJNA530201	2020-04-30
SRR8830681	PRJNA530201	2020-04-30
SRR8830682	PRJNA530201	2020-04-30
SRR8830683	PRJNA530201	2020-04-30
SRR8830685	PRJNA530201	2020-04-30
SRR8830687	PRJNA530201	2020-04-30
SRR8830688	PRJNA530201	2020-04-30
SRR8830691	PRJNA530201	2020-04-30
SRR8830693	PRJNA530201	2020-04-30
SRR8830696	PRJNA530201	2020-04-30
SRR8830698	PRJNA530201	2020-04-30
SRR8830702	PRJNA530201	2020-04-30
SRR8830709	PRJNA530201	2020-04-30
SRR8830711	PRJNA530201	2020-04-30
SRR8830712	PRJNA530201	2020-04-30
SRR8830715	PRJNA530201	2020-04-30
SRR8830717	PRJNA530201	2020-04-30
SRR8830719	PRJNA530201	2020-04-30
SRR8830721	PRJNA530201	2020-04-30
SRR8830724	PRJNA530201	2020-04-30
SRR8830726	PRJNA530201	2020-04-30
SRR8830727	PRJNA530201	2020-04-30
SRR8830728	PRJNA530201	2020-04-30
SRR8830734	PRJNA530201	2020-04-30
SRR8830750	PRJNA530201	2020-04-30
SRR8830754	PRJNA530201	2020-04-30
SRR8830755	PRJNA530201	2020-04-30
SRR8830756	PRJNA530201	2020-04-30
SRR8830761	PRJNA530201	2020-04-30
SRR8830766	PRJNA530201	2020-04-30
SRR8830673	PRJNA530201	2020-04-30
SRR8830689	PRJNA530201	2020-04-30
SRR8830695	PRJNA530201	2020-04-30
SRR8830697	PRJNA530201	2020-04-30
SRR8830699	PRJNA530201	2020-04-30
SRR8830700	PRJNA530201	2020-04-30
SRR8830701	PRJNA530201	2020-04-30
SRR8830706	PRJNA530201	2020-04-30
SRR8830708	PRJNA530201	2020-04-30
SRR8830716	PRJNA530201	2020-04-30
SRR8830723	PRJNA530201	2020-04-30
SRR8830725	PRJNA530201	2020-04-30
SRR8830731	PRJNA530201	2020-04-30
SRR8830732	PRJNA530201	2020-04-30
SRR8830733	PRJNA530201	2020-04-30
SRR8830739	PRJNA530201	2020-04-30
SRR8830741	PRJNA530201	2020-04-30
SRR8830746	PRJNA530201	2020-04-30
SRR8830751	PRJNA530201	2020-04-30
SRR8830752	PRJNA530201	2020-04-30
SRR8830753	PRJNA530201	2020-04-30
SRR8830759	PRJNA530201	2020-04-30
SRR8830763	PRJNA530201	2020-04-30
SRR8830764	PRJNA530201	2020-04-30
SRR8830672	PRJNA530201	2020-04-30
SRR8830674	PRJNA530201	2020-04-30
SRR8830677	PRJNA530201	2020-04-30
SRR8830684	PRJNA530201	2020-04-30
SRR8830686	PRJNA530201	2020-04-30
SRR8830690	PRJNA530201	2020-04-30
SRR8830692	PRJNA530201	2020-04-30
SRR8830694	PRJNA530201	2020-04-30
SRR8830703	PRJNA530201	2020-04-30
SRR8830704	PRJNA530201	2020-04-30
SRR8830705	PRJNA530201	2020-04-30
SRR8830707	PRJNA530201	2020-04-30
SRR8830710	PRJNA530201	2020-04-30
SRR8830713	PRJNA530201	2020-04-30
SRR8830714	PRJNA530201	2020-04-30
SRR8830718	PRJNA530201	2020-04-30
SRR8830720	PRJNA530201	2020-04-30
SRR8830722	PRJNA530201	2020-04-30
SRR8830729	PRJNA530201	2020-04-30
SRR8830730	PRJNA530201	2020-04-30
SRR8830735	PRJNA530201	2020-04-30
SRR8830736	PRJNA530201	2020-04-30
SRR8830737	PRJNA530201	2020-04-30
SRR8830738	PRJNA530201	2020-04-30
SRR8830740	PRJNA530201	2020-04-30
SRR8830742	PRJNA530201	2020-04-30
SRR8830743	PRJNA530201	2020-04-30
SRR8830744	PRJNA530201	2020-04-30
SRR8830745	PRJNA530201	2020-04-30
SRR8830747	PRJNA530201	2020-04-30
SRR8830748	PRJNA530201	2020-04-30
SRR8830749	PRJNA530201	2020-04-30
SRR8830757	PRJNA530201	2020-04-30
SRR8830758	PRJNA530201	2020-04-30
SRR8830760	PRJNA530201	2020-04-30
SRR8830762	PRJNA530201	2020-04-30
SRR8830765	PRJNA530201	2020-04-30
SRR11604793	PRJNA627879	2020-04-30
SRR11604794	PRJNA627879	2020-04-30
SRR11604804	PRJNA627879	2020-04-30
SRR11604788	PRJNA627879	2020-04-30
SRR11604790	PRJNA627879	2020-04-30
SRR11604791	PRJNA627879	2020-04-30
SRR11604792	PRJNA627879	2020-04-30
SRR11604795	PRJNA627879	2020-04-30
SRR11604797	PRJNA627879	2020-04-30
SRR11604800	PRJNA627879	2020-04-30
SRR11604802	PRJNA627879	2020-04-30
SRR11604803	PRJNA627879	2020-04-30
SRR11604805	PRJNA627879	2020-04-30
SRR11604789	PRJNA627879	2020-04-30
SRR11604796	PRJNA627879	2020-04-30
SRR11604798	PRJNA627879	2020-04-30
SRR11604799	PRJNA627879	2020-04-30
SRR11604801	PRJNA627879	2020-04-30
SRR10099579	PRJNA564999	2020-05-07
SRR10099583	PRJNA564999	2020-05-07
SRR10099586	PRJNA564999	2020-05-07
SRR10099588	PRJNA564999	2020-05-07
SRR10099589	PRJNA564999	2020-05-07
SRR10099580	PRJNA564999	2020-05-07
SRR10099584	PRJNA564999	2020-05-07
SRR10099581	PRJNA564999	2020-05-07
SRR10099582	PRJNA564999	2020-05-07
SRR10099585	PRJNA564999	2020-05-07
SRR10099587	PRJNA564999	2020-05-07
SRR10099590	PRJNA564999	2020-05-07
SRR11869447	PRJNA635693	2020-06-01
SRR11869449	PRJNA635693	2020-06-01
SRR11869454	PRJNA635693	2020-06-01
SRR11869457	PRJNA635693	2020-06-01
SRR11869460	PRJNA635693	2020-06-01
SRR11869462	PRJNA635693	2020-06-01
SRR11869463	PRJNA635693	2020-06-01
SRR11869464	PRJNA635693	2020-06-01
SRR11869466	PRJNA635693	2020-06-01
SRR11869468	PRJNA635693	2020-06-01
SRR11869469	PRJNA635693	2020-06-01
SRR11869473	PRJNA635693	2020-06-01
SRR11869448	PRJNA635693	2020-06-01
SRR11869451	PRJNA635693	2020-06-01
SRR11869452	PRJNA635693	2020-06-01
SRR11869455	PRJNA635693	2020-06-01
SRR11869456	PRJNA635693	2020-06-01
SRR11869458	PRJNA635693	2020-06-01
SRR11869461	PRJNA635693	2020-06-01
SRR11869465	PRJNA635693	2020-06-01
SRR11869467	PRJNA635693	2020-06-01
SRR11869470	PRJNA635693	2020-06-01
SRR11869471	PRJNA635693	2020-06-01
SRR11869474	PRJNA635693	2020-06-01
SRR11869475	PRJNA635693	2020-06-01
SRR11869446	PRJNA635693	2020-06-01
SRR11869450	PRJNA635693	2020-06-01
SRR11869453	PRJNA635693	2020-06-01
SRR11869459	PRJNA635693	2020-06-01
SRR11869472	PRJNA635693	2020-06-01
SRR11869476	PRJNA635693	2020-06-01
SRR11869477	PRJNA635693	2020-06-01
SRR7247561	PRJNA474184	2020-06-02
SRR7247562	PRJNA474184	2020-06-02
SRR7247563	PRJNA474184	2020-06-02
SRR7247571	PRJNA474184	2020-06-02
SRR7247572	PRJNA474184	2020-06-02
SRR7247564	PRJNA474184	2020-06-02
SRR7247566	PRJNA474184	2020-06-02
SRR7247569	PRJNA474184	2020-06-02
SRR7247565	PRJNA474184	2020-06-02
SRR7247567	PRJNA474184	2020-06-02
SRR7247568	PRJNA474184	2020-06-02
SRR7247570	PRJNA474184	2020-06-02
SRR11474057	PRJNA622863	2020-06-02
SRR11474058	PRJNA622863	2020-06-02
SRR11474059	PRJNA622863	2020-06-02
SRR11474060	PRJNA622863	2020-06-02
SRR11474068	PRJNA622863	2020-06-02
SRR11474076	PRJNA622863	2020-06-02
SRR11474077	PRJNA622863	2020-06-02
SRR11474079	PRJNA622863	2020-06-02
SRR11474085	PRJNA622863	2020-06-02
SRR11474086	PRJNA622863	2020-06-02
SRR11474056	PRJNA622863	2020-06-02
SRR11474062	PRJNA622863	2020-06-02
SRR11474063	PRJNA622863	2020-06-02
SRR11474064	PRJNA622863	2020-06-02
SRR11474065	PRJNA622863	2020-06-02
SRR11474067	PRJNA622863	2020-06-02
SRR11474073	PRJNA622863	2020-06-02
SRR11474075	PRJNA622863	2020-06-02
SRR11474078	PRJNA622863	2020-06-02
SRR11474084	PRJNA622863	2020-06-02
SRR11474088	PRJNA622863	2020-06-02
SRR11474055	PRJNA622863	2020-06-02
SRR11474061	PRJNA622863	2020-06-02
SRR11474066	PRJNA622863	2020-06-02
SRR11474072	PRJNA622863	2020-06-02
SRR11474074	PRJNA622863	2020-06-02
SRR11474080	PRJNA622863	2020-06-02
SRR11474081	PRJNA622863	2020-06-02
SRR11474082	PRJNA622863	2020-06-02
SRR11474083	PRJNA622863	2020-06-02
SRR11474089	PRJNA622863	2020-06-02
SRR11926874	PRJNA637377	2020-06-08
SRR11926886	PRJNA637377	2020-06-08
SRR11926904	PRJNA637377	2020-06-08
SRR11926921	PRJNA637377	2020-06-08
SRR11926955	PRJNA637377	2020-06-08
SRR11927055	PRJNA637377	2020-06-08
SRR11927067	PRJNA637377	2020-06-08
SRR11926831	PRJNA637377	2020-06-08
SRR11926846	PRJNA637377	2020-06-08
SRR11927031	PRJNA637377	2020-06-08
SRR11926820	PRJNA637377	2020-06-08
SRR11926843	PRJNA637377	2020-06-08
SRR11926966	PRJNA637377	2020-06-08
SRR11927085	PRJNA637377	2020-06-08
SRR12100496	PRJNA642218	2020-07-01
SRR12100507	PRJNA642218	2020-07-01
SRR12100509	PRJNA642218	2020-07-01
SRR12100511	PRJNA642218	2020-07-01
SRR12100497	PRJNA642218	2020-07-01
SRR12100498	PRJNA642218	2020-07-01
SRR12100499	PRJNA642218	2020-07-01
SRR12100501	PRJNA642218	2020-07-01
SRR12100502	PRJNA642218	2020-07-01
SRR12100503	PRJNA642218	2020-07-01
SRR12100506	PRJNA642218	2020-07-01
SRR12100495	PRJNA642218	2020-07-01
SRR12100500	PRJNA642218	2020-07-01
SRR12100504	PRJNA642218	2020-07-01
SRR12100505	PRJNA642218	2020-07-01
SRR12100508	PRJNA642218	2020-07-01
SRR12100510	PRJNA642218	2020-07-01
SRR12100512	PRJNA642218	2020-07-01
SRR12100513	PRJNA642218	2020-07-01
SRR11193459	PRJNA555083	2020-07-12
SRR11193460	PRJNA555083	2020-07-12
SRR11193461	PRJNA555083	2020-07-12
SRR11193465	PRJNA555083	2020-07-12
SRR11193471	PRJNA555083	2020-07-12
SRR11294310	PRJNA555083	2020-07-12
SRR11294313	PRJNA555083	2020-07-12
SRR11294317	PRJNA555083	2020-07-12
SRR11294319	PRJNA555083	2020-07-12
SRR11294320	PRJNA555083	2020-07-12
SRR11193456	PRJNA555083	2020-07-12
SRR11193469	PRJNA555083	2020-07-12
SRR11193481	PRJNA555083	2020-07-12
SRR11294314	PRJNA555083	2020-07-12
SRR11294318	PRJNA555083	2020-07-12
SRR11294321	PRJNA555083	2020-07-12
SRR11294322	PRJNA555083	2020-07-12
SRR9699431	PRJNA555083	2020-07-12
SRR9699432	PRJNA555083	2020-07-12
SRR9699434	PRJNA555083	2020-07-12
SRR9699436	PRJNA555083	2020-07-12
SRR9699437	PRJNA555083	2020-07-12
SRR9699438	PRJNA555083	2020-07-12
SRR9699439	PRJNA555083	2020-07-12
SRR9699445	PRJNA555083	2020-07-12
SRR9699448	PRJNA555083	2020-07-12
SRR9699449	PRJNA555083	2020-07-12
SRR9699450	PRJNA555083	2020-07-12
SRR9699452	PRJNA555083	2020-07-12
SRR9699456	PRJNA555083	2020-07-12
SRR9699457	PRJNA555083	2020-07-12
SRR9699458	PRJNA555083	2020-07-12
SRR9699463	PRJNA555083	2020-07-12
SRR9699464	PRJNA555083	2020-07-12
SRR9699465	PRJNA555083	2020-07-12
SRR9699467	PRJNA555083	2020-07-12
SRR9699471	PRJNA555083	2020-07-12
SRR9699485	PRJNA555083	2020-07-12
SRR9699487	PRJNA555083	2020-07-12
SRR9699489	PRJNA555083	2020-07-12
SRR9699491	PRJNA555083	2020-07-12
SRR9699495	PRJNA555083	2020-07-12
SRR11193452	PRJNA555083	2020-07-12
SRR11193453	PRJNA555083	2020-07-12
SRR11193458	PRJNA555083	2020-07-12
SRR11193467	PRJNA555083	2020-07-12
SRR11294311	PRJNA555083	2020-07-12
SRR11294312	PRJNA555083	2020-07-12
SRR11294315	PRJNA555083	2020-07-12
SRR11294316	PRJNA555083	2020-07-12
SRR11294323	PRJNA555083	2020-07-12
SRR9699440	PRJNA555083	2020-07-12
SRR9699442	PRJNA555083	2020-07-12
SRR9699444	PRJNA555083	2020-07-12
SRR9699453	PRJNA555083	2020-07-12
SRR9699454	PRJNA555083	2020-07-12
SRR9699466	PRJNA555083	2020-07-12
SRR9699486	PRJNA555083	2020-07-12
SRR9699490	PRJNA555083	2020-07-12
SRR9699492	PRJNA555083	2020-07-12
SRR9699493	PRJNA555083	2020-07-12
SRR9699494	PRJNA555083	2020-07-12
SRR9699496	PRJNA555083	2020-07-12
SRR9699433	PRJNA555083	2020-07-12
SRR9699435	PRJNA555083	2020-07-12
SRR9699441	PRJNA555083	2020-07-12
SRR9699443	PRJNA555083	2020-07-12
SRR9699446	PRJNA555083	2020-07-12
SRR9699447	PRJNA555083	2020-07-12
SRR9699451	PRJNA555083	2020-07-12
SRR9699455	PRJNA555083	2020-07-12
SRR9699459	PRJNA555083	2020-07-12
SRR9699460	PRJNA555083	2020-07-12
SRR9699461	PRJNA555083	2020-07-12
SRR9699462	PRJNA555083	2020-07-12
SRR9699468	PRJNA555083	2020-07-12
SRR9699469	PRJNA555083	2020-07-12
SRR9699470	PRJNA555083	2020-07-12
SRR9699472	PRJNA555083	2020-07-12
SRR9699488	PRJNA555083	2020-07-12
SRR8669689	PRJNA525649	2020-07-13
SRR8669691	PRJNA525649	2020-07-13
SRR8669697	PRJNA525649	2020-07-13
SRR8669699	PRJNA525649	2020-07-13
SRR8669702	PRJNA525649	2020-07-13
SRR8669709	PRJNA525649	2020-07-13
SRR8669712	PRJNA525649	2020-07-13
SRR8669713	PRJNA525649	2020-07-13
SRR8669714	PRJNA525649	2020-07-13
SRR8669719	PRJNA525649	2020-07-13
SRR8669721	PRJNA525649	2020-07-13
SRR8669722	PRJNA525649	2020-07-13
SRR8669690	PRJNA525649	2020-07-13
SRR8669693	PRJNA525649	2020-07-13
SRR8669694	PRJNA525649	2020-07-13
SRR8669698	PRJNA525649	2020-07-13
SRR8669700	PRJNA525649	2020-07-13
SRR8669701	PRJNA525649	2020-07-13
SRR8669703	PRJNA525649	2020-07-13
SRR8669707	PRJNA525649	2020-07-13
SRR8669710	PRJNA525649	2020-07-13
SRR8669711	PRJNA525649	2020-07-13
SRR8669715	PRJNA525649	2020-07-13
SRR8669717	PRJNA525649	2020-07-13
SRR8669720	PRJNA525649	2020-07-13
SRR8669687	PRJNA525649	2020-07-13
SRR8669688	PRJNA525649	2020-07-13
SRR8669692	PRJNA525649	2020-07-13
SRR8669695	PRJNA525649	2020-07-13
SRR8669696	PRJNA525649	2020-07-13
SRR8669704	PRJNA525649	2020-07-13
SRR8669705	PRJNA525649	2020-07-13
SRR8669706	PRJNA525649	2020-07-13
SRR8669708	PRJNA525649	2020-07-13
SRR8669716	PRJNA525649	2020-07-13
SRR8669718	PRJNA525649	2020-07-13
SRR12038078	PRJNA640146	2020-07-16
SRR12038080	PRJNA640146	2020-07-16
SRR12038081	PRJNA640146	2020-07-16
SRR12038083	PRJNA640146	2020-07-16
SRR12038084	PRJNA640146	2020-07-16
SRR12038085	PRJNA640146	2020-07-16
SRR12038076	PRJNA640146	2020-07-16
SRR12038086	PRJNA640146	2020-07-16
SRR12038075	PRJNA640146	2020-07-16
SRR12038077	PRJNA640146	2020-07-16
SRR12038079	PRJNA640146	2020-07-16
SRR12038082	PRJNA640146	2020-07-16
SRR12305153	PRJNA648116	2020-07-26
SRR12305154	PRJNA648116	2020-07-26
SRR12305159	PRJNA648116	2020-07-26
SRR12305160	PRJNA648116	2020-07-26
SRR12305162	PRJNA648116	2020-07-26
SRR12305166	PRJNA648116	2020-07-26
SRR12305167	PRJNA648116	2020-07-26
SRR12305168	PRJNA648116	2020-07-26
SRR12305171	PRJNA648116	2020-07-26
SRR12305173	PRJNA648116	2020-07-26
SRR12305174	PRJNA648116	2020-07-26
SRR12305176	PRJNA648116	2020-07-26
SRR12305180	PRJNA648116	2020-07-26
SRR12305183	PRJNA648116	2020-07-26
SRR12305184	PRJNA648116	2020-07-26
SRR12305185	PRJNA648116	2020-07-26
SRR12305187	PRJNA648116	2020-07-26
SRR12305192	PRJNA648116	2020-07-26
SRR12305200	PRJNA648116	2020-07-26
SRR12305206	PRJNA648116	2020-07-26
SRR12305210	PRJNA648116	2020-07-26
SRR12305218	PRJNA648116	2020-07-26
SRR12305224	PRJNA648116	2020-07-26
SRR12305231	PRJNA648116	2020-07-26
SRR12305236	PRJNA648116	2020-07-26
SRR12305237	PRJNA648116	2020-07-26
SRR12305245	PRJNA648116	2020-07-26
SRR12305249	PRJNA648116	2020-07-26
SRR12305250	PRJNA648116	2020-07-26
SRR12305252	PRJNA648116	2020-07-26
SRR12305256	PRJNA648116	2020-07-26
SRR12305259	PRJNA648116	2020-07-26
SRR12305260	PRJNA648116	2020-07-26
SRR12305261	PRJNA648116	2020-07-26
SRR12305262	PRJNA648116	2020-07-26
SRR12305263	PRJNA648116	2020-07-26
SRR12305264	PRJNA648116	2020-07-26
SRR12305267	PRJNA648116	2020-07-26
SRR12305161	PRJNA648116	2020-07-26
SRR12305163	PRJNA648116	2020-07-26
SRR12305169	PRJNA648116	2020-07-26
SRR12305172	PRJNA648116	2020-07-26
SRR12305177	PRJNA648116	2020-07-26
SRR12305178	PRJNA648116	2020-07-26
SRR12305182	PRJNA648116	2020-07-26
SRR12305189	PRJNA648116	2020-07-26
SRR12305191	PRJNA648116	2020-07-26
SRR12305194	PRJNA648116	2020-07-26
SRR12305196	PRJNA648116	2020-07-26
SRR12305197	PRJNA648116	2020-07-26
SRR12305201	PRJNA648116	2020-07-26
SRR12305207	PRJNA648116	2020-07-26
SRR12305209	PRJNA648116	2020-07-26
SRR12305211	PRJNA648116	2020-07-26
SRR12305212	PRJNA648116	2020-07-26
SRR12305215	PRJNA648116	2020-07-26
SRR12305220	PRJNA648116	2020-07-26
SRR12305222	PRJNA648116	2020-07-26
SRR12305223	PRJNA648116	2020-07-26
SRR12305225	PRJNA648116	2020-07-26
SRR12305229	PRJNA648116	2020-07-26
SRR12305232	PRJNA648116	2020-07-26
SRR12305234	PRJNA648116	2020-07-26
SRR12305235	PRJNA648116	2020-07-26
SRR12305238	PRJNA648116	2020-07-26
SRR12305240	PRJNA648116	2020-07-26
SRR12305241	PRJNA648116	2020-07-26
SRR12305242	PRJNA648116	2020-07-26
SRR12305243	PRJNA648116	2020-07-26
SRR12305246	PRJNA648116	2020-07-26
SRR12305247	PRJNA648116	2020-07-26
SRR12305248	PRJNA648116	2020-07-26
SRR12305268	PRJNA648116	2020-07-26
SRR12305155	PRJNA648116	2020-07-26
SRR12305156	PRJNA648116	2020-07-26
SRR12305157	PRJNA648116	2020-07-26
SRR12305158	PRJNA648116	2020-07-26
SRR12305164	PRJNA648116	2020-07-26
SRR12305165	PRJNA648116	2020-07-26
SRR12305170	PRJNA648116	2020-07-26
SRR12305175	PRJNA648116	2020-07-26
SRR12305179	PRJNA648116	2020-07-26
SRR12305181	PRJNA648116	2020-07-26
SRR12305186	PRJNA648116	2020-07-26
SRR12305188	PRJNA648116	2020-07-26
SRR12305190	PRJNA648116	2020-07-26
SRR12305193	PRJNA648116	2020-07-26
SRR12305195	PRJNA648116	2020-07-26
SRR12305198	PRJNA648116	2020-07-26
SRR12305199	PRJNA648116	2020-07-26
SRR12305202	PRJNA648116	2020-07-26
SRR12305203	PRJNA648116	2020-07-26
SRR12305204	PRJNA648116	2020-07-26
SRR12305205	PRJNA648116	2020-07-26
SRR12305208	PRJNA648116	2020-07-26
SRR12305213	PRJNA648116	2020-07-26
SRR12305214	PRJNA648116	2020-07-26
SRR12305216	PRJNA648116	2020-07-26
SRR12305217	PRJNA648116	2020-07-26
SRR12305219	PRJNA648116	2020-07-26
SRR12305221	PRJNA648116	2020-07-26
SRR12305226	PRJNA648116	2020-07-26
SRR12305227	PRJNA648116	2020-07-26
SRR12305228	PRJNA648116	2020-07-26
SRR12305230	PRJNA648116	2020-07-26
SRR12305233	PRJNA648116	2020-07-26
SRR12305239	PRJNA648116	2020-07-26
SRR12305244	PRJNA648116	2020-07-26
SRR12305251	PRJNA648116	2020-07-26
SRR12305253	PRJNA648116	2020-07-26
SRR12305254	PRJNA648116	2020-07-26
SRR12305255	PRJNA648116	2020-07-26
SRR12305257	PRJNA648116	2020-07-26
SRR12305258	PRJNA648116	2020-07-26
SRR12305265	PRJNA648116	2020-07-26
SRR12305266	PRJNA648116	2020-07-26
SRR11187244	PRJNA608935	2020-08-10
SRR11187245	PRJNA608935	2020-08-10
SRR11187246	PRJNA608935	2020-08-10
SRR11187247	PRJNA608935	2020-08-10
SRR11187251	PRJNA608935	2020-08-10
SRR11187255	PRJNA608935	2020-08-10
SRR11187256	PRJNA608935	2020-08-10
SRR11187259	PRJNA608935	2020-08-10
SRR11187262	PRJNA608935	2020-08-10
SRR11187263	PRJNA608935	2020-08-10
SRR11187264	PRJNA608935	2020-08-10
SRR11187268	PRJNA608935	2020-08-10
SRR11187271	PRJNA608935	2020-08-10
SRR11187281	PRJNA608935	2020-08-10
SRR11187243	PRJNA608935	2020-08-10
SRR11187248	PRJNA608935	2020-08-10
SRR11187249	PRJNA608935	2020-08-10
SRR11187257	PRJNA608935	2020-08-10
SRR11187269	PRJNA608935	2020-08-10
SRR11187270	PRJNA608935	2020-08-10
SRR11187275	PRJNA608935	2020-08-10
SRR11187276	PRJNA608935	2020-08-10
SRR11187277	PRJNA608935	2020-08-10
SRR11187278	PRJNA608935	2020-08-10
SRR11187280	PRJNA608935	2020-08-10
SRR11187242	PRJNA608935	2020-08-10
SRR11187250	PRJNA608935	2020-08-10
SRR11187252	PRJNA608935	2020-08-10
SRR11187253	PRJNA608935	2020-08-10
SRR11187254	PRJNA608935	2020-08-10
SRR11187258	PRJNA608935	2020-08-10
SRR11187260	PRJNA608935	2020-08-10
SRR11187261	PRJNA608935	2020-08-10
SRR11187265	PRJNA608935	2020-08-10
SRR11187266	PRJNA608935	2020-08-10
SRR11187267	PRJNA608935	2020-08-10
SRR11187272	PRJNA608935	2020-08-10
SRR11187273	PRJNA608935	2020-08-10
SRR11187274	PRJNA608935	2020-08-10
SRR11187279	PRJNA608935	2020-08-10
SRR11187282	PRJNA608935	2020-08-10
SRR11187283	PRJNA608935	2020-08-10
SRR10603322	PRJNA594021	2020-09-04
SRR10603326	PRJNA594021	2020-09-04
SRR10603327	PRJNA594021	2020-09-04
SRR10603319	PRJNA594021	2020-09-04
SRR10603320	PRJNA594021	2020-09-04
SRR10603323	PRJNA594021	2020-09-04
SRR10603325	PRJNA594021	2020-09-04
SRR10603328	PRJNA594021	2020-09-04
SRR10603329	PRJNA594021	2020-09-04
SRR10603321	PRJNA594021	2020-09-04
SRR10603324	PRJNA594021	2020-09-04
SRR10603330	PRJNA594021	2020-09-04
SRR11954334	PRJNA476556	2020-09-10
SRR11954338	PRJNA476556	2020-09-10
SRR11954339	PRJNA476556	2020-09-10
SRR11954342	PRJNA476556	2020-09-10
SRR11954344	PRJNA476556	2020-09-10
SRR11954349	PRJNA476556	2020-09-10
SRR11954337	PRJNA476556	2020-09-10
SRR11954347	PRJNA476556	2020-09-10
SRR11954351	PRJNA476556	2020-09-10
SRR11954336	PRJNA476556	2020-09-10
SRR11954340	PRJNA476556	2020-09-10
SRR11954348	PRJNA476556	2020-09-10
SRR11954352	PRJNA476556	2020-09-10
SRR11954354	PRJNA476556	2020-09-10
SRR11954356	PRJNA476556	2020-09-10
SRR11954341	PRJNA476556	2020-09-10
SRR11954343	PRJNA476556	2020-09-10
SRR11954353	PRJNA476556	2020-09-10
SRR11954357	PRJNA476556	2020-09-10
SRR11954335	PRJNA476556	2020-09-10
SRR11954355	PRJNA476556	2020-09-10
SRR11954345	PRJNA476556	2020-09-10
SRR11954346	PRJNA476556	2020-09-10
SRR11954350	PRJNA476556	2020-09-10
SRR12164972	PRJNA633854	2020-09-10
SRR12164975	PRJNA633854	2020-09-10
SRR12164978	PRJNA633854	2020-09-10
SRR12164979	PRJNA633854	2020-09-10
SRR12164984	PRJNA633854	2020-09-10
SRR12164986	PRJNA633854	2020-09-10
SRR12164987	PRJNA633854	2020-09-10
SRR12164989	PRJNA633854	2020-09-10
SRR12164968	PRJNA633854	2020-09-10
SRR12164971	PRJNA633854	2020-09-10
SRR12164973	PRJNA633854	2020-09-10
SRR12164976	PRJNA633854	2020-09-10
SRR12164982	PRJNA633854	2020-09-10
SRR12164983	PRJNA633854	2020-09-10
SRR12164985	PRJNA633854	2020-09-10
SRR12164969	PRJNA633854	2020-09-10
SRR12164970	PRJNA633854	2020-09-10
SRR12164974	PRJNA633854	2020-09-10
SRR12164977	PRJNA633854	2020-09-10
SRR12164980	PRJNA633854	2020-09-10
SRR12164981	PRJNA633854	2020-09-10
SRR12164988	PRJNA633854	2020-09-10
SRR10102830	PRJNA565142	2020-09-22
SRR10102832	PRJNA565142	2020-09-22
SRR10102833	PRJNA565142	2020-09-22
SRR10102834	PRJNA565142	2020-09-22
SRR10102836	PRJNA565142	2020-09-22
SRR10102838	PRJNA565142	2020-09-22
SRR10102839	PRJNA565142	2020-09-22
SRR10102844	PRJNA565142	2020-09-22
SRR10102848	PRJNA565142	2020-09-22
SRR10102851	PRJNA565142	2020-09-22
SRR10102853	PRJNA565142	2020-09-22
SRR10102854	PRJNA565142	2020-09-22
SRR10102856	PRJNA565142	2020-09-22
SRR10102862	PRJNA565142	2020-09-22
SRR10102863	PRJNA565142	2020-09-22
SRR10102867	PRJNA565142	2020-09-22
SRR10102868	PRJNA565142	2020-09-22
SRR10102872	PRJNA565142	2020-09-22
SRR10102876	PRJNA565142	2020-09-22
SRR10102877	PRJNA565142	2020-09-22
SRR10102878	PRJNA565142	2020-09-22
SRR10102884	PRJNA565142	2020-09-22
SRR10102888	PRJNA565142	2020-09-22
SRR10102889	PRJNA565142	2020-09-22
SRR10102890	PRJNA565142	2020-09-22
SRR10102892	PRJNA565142	2020-09-22
SRR10102828	PRJNA565142	2020-09-22
SRR10102829	PRJNA565142	2020-09-22
SRR10102840	PRJNA565142	2020-09-22
SRR10102847	PRJNA565142	2020-09-22
SRR10102849	PRJNA565142	2020-09-22
SRR10102852	PRJNA565142	2020-09-22
SRR10102858	PRJNA565142	2020-09-22
SRR10102859	PRJNA565142	2020-09-22
SRR10102864	PRJNA565142	2020-09-22
SRR10102866	PRJNA565142	2020-09-22
SRR10102869	PRJNA565142	2020-09-22
SRR10102874	PRJNA565142	2020-09-22
SRR10102879	PRJNA565142	2020-09-22
SRR10102880	PRJNA565142	2020-09-22
SRR10102881	PRJNA565142	2020-09-22
SRR10102885	PRJNA565142	2020-09-22
SRR10102891	PRJNA565142	2020-09-22
SRR10102893	PRJNA565142	2020-09-22
SRR10102895	PRJNA565142	2020-09-22
SRR10102831	PRJNA565142	2020-09-22
SRR10102835	PRJNA565142	2020-09-22
SRR10102837	PRJNA565142	2020-09-22
SRR10102845	PRJNA565142	2020-09-22
SRR10102846	PRJNA565142	2020-09-22
SRR10102855	PRJNA565142	2020-09-22
SRR10102857	PRJNA565142	2020-09-22
SRR10102860	PRJNA565142	2020-09-22
SRR10102861	PRJNA565142	2020-09-22
SRR10102865	PRJNA565142	2020-09-22
SRR10102870	PRJNA565142	2020-09-22
SRR10102871	PRJNA565142	2020-09-22
SRR10102873	PRJNA565142	2020-09-22
SRR10102875	PRJNA565142	2020-09-22
SRR10102882	PRJNA565142	2020-09-22
SRR10102883	PRJNA565142	2020-09-22
SRR10102886	PRJNA565142	2020-09-22
SRR10102887	PRJNA565142	2020-09-22
SRR10102894	PRJNA565142	2020-09-22
SRR10142800	PRJNA566243	2020-09-22
SRR10142801	PRJNA566243	2020-09-22
SRR10142802	PRJNA566243	2020-09-22
SRR10142796	PRJNA566243	2020-09-22
SRR10142798	PRJNA566243	2020-09-22
SRR10142791	PRJNA566243	2020-09-22
SRR10142792	PRJNA566243	2020-09-22
SRR10142793	PRJNA566243	2020-09-22
SRR10142794	PRJNA566243	2020-09-22
SRR10142795	PRJNA566243	2020-09-22
SRR10142797	PRJNA566243	2020-09-22
SRR10142799	PRJNA566243	2020-09-22
SRR10142803	PRJNA566243	2020-09-22
SRR10142804	PRJNA566243	2020-09-22
SRR10142805	PRJNA566243	2020-09-22
SRR12659692	PRJNA664038	2020-09-22
SRR12659693	PRJNA664038	2020-09-22
SRR12659696	PRJNA664038	2020-09-22
SRR12659699	PRJNA664038	2020-09-22
SRR12659687	PRJNA664038	2020-09-22
SRR12659689	PRJNA664038	2020-09-22
SRR12659691	PRJNA664038	2020-09-22
SRR12659694	PRJNA664038	2020-09-22
SRR12659695	PRJNA664038	2020-09-22
SRR12659697	PRJNA664038	2020-09-22
SRR12659702	PRJNA664038	2020-09-22
SRR12659688	PRJNA664038	2020-09-22
SRR12659690	PRJNA664038	2020-09-22
SRR12659698	PRJNA664038	2020-09-22
SRR12659700	PRJNA664038	2020-09-22
SRR12659701	PRJNA664038	2020-09-22
SRR12659703	PRJNA664038	2020-09-22
SRR12659704	PRJNA664038	2020-09-22
SRR12696728	PRJNA665163	2020-09-25
SRR12696740	PRJNA665163	2020-09-25
SRR12696745	PRJNA665163	2020-09-25
SRR12696746	PRJNA665163	2020-09-25
SRR12696750	PRJNA665163	2020-09-25
SRR12696768	PRJNA665163	2020-09-25
SRR12696776	PRJNA665163	2020-09-25
SRR12696777	PRJNA665163	2020-09-25
SRR12696796	PRJNA665163	2020-09-25
SRR12696803	PRJNA665163	2020-09-25
SRR12696812	PRJNA665163	2020-09-25
SRR12696817	PRJNA665163	2020-09-25
SRR12696818	PRJNA665163	2020-09-25
SRR12696820	PRJNA665163	2020-09-25
SRR12696821	PRJNA665163	2020-09-25
SRR12696729	PRJNA665163	2020-09-25
SRR12696733	PRJNA665163	2020-09-25
SRR12696734	PRJNA665163	2020-09-25
SRR12696735	PRJNA665163	2020-09-25
SRR12696742	PRJNA665163	2020-09-25
SRR12696744	PRJNA665163	2020-09-25
SRR12696749	PRJNA665163	2020-09-25
SRR12696752	PRJNA665163	2020-09-25
SRR12696757	PRJNA665163	2020-09-25
SRR12696762	PRJNA665163	2020-09-25
SRR12696764	PRJNA665163	2020-09-25
SRR12696766	PRJNA665163	2020-09-25
SRR12696767	PRJNA665163	2020-09-25
SRR12696769	PRJNA665163	2020-09-25
SRR12696770	PRJNA665163	2020-09-25
SRR12696771	PRJNA665163	2020-09-25
SRR12696773	PRJNA665163	2020-09-25
SRR12696775	PRJNA665163	2020-09-25
SRR12696780	PRJNA665163	2020-09-25
SRR12696781	PRJNA665163	2020-09-25
SRR12696788	PRJNA665163	2020-09-25
SRR12696795	PRJNA665163	2020-09-25
SRR12696797	PRJNA665163	2020-09-25
SRR12696801	PRJNA665163	2020-09-25
SRR12696802	PRJNA665163	2020-09-25
SRR12696804	PRJNA665163	2020-09-25
SRR12696808	PRJNA665163	2020-09-25
SRR12696809	PRJNA665163	2020-09-25
SRR12696810	PRJNA665163	2020-09-25
SRR12696811	PRJNA665163	2020-09-25
SRR12696819	PRJNA665163	2020-09-25
SRR12696731	PRJNA665163	2020-09-25
SRR12696732	PRJNA665163	2020-09-25
SRR12696736	PRJNA665163	2020-09-25
SRR12696737	PRJNA665163	2020-09-25
SRR12696738	PRJNA665163	2020-09-25
SRR12696747	PRJNA665163	2020-09-25
SRR12696753	PRJNA665163	2020-09-25
SRR12696754	PRJNA665163	2020-09-25
SRR12696763	PRJNA665163	2020-09-25
SRR12696765	PRJNA665163	2020-09-25
SRR12696772	PRJNA665163	2020-09-25
SRR12696785	PRJNA665163	2020-09-25
SRR12696789	PRJNA665163	2020-09-25
SRR12696805	PRJNA665163	2020-09-25
SRR12696806	PRJNA665163	2020-09-25
SRR12696807	PRJNA665163	2020-09-25
SRR12696727	PRJNA665163	2020-09-25
SRR12696755	PRJNA665163	2020-09-25
SRR12696756	PRJNA665163	2020-09-25
SRR12696758	PRJNA665163	2020-09-25
SRR12696759	PRJNA665163	2020-09-25
SRR12696760	PRJNA665163	2020-09-25
SRR12696761	PRJNA665163	2020-09-25
SRR12696778	PRJNA665163	2020-09-25
SRR12696783	PRJNA665163	2020-09-25
SRR12696784	PRJNA665163	2020-09-25
SRR12696786	PRJNA665163	2020-09-25
SRR12696787	PRJNA665163	2020-09-25
SRR12696790	PRJNA665163	2020-09-25
SRR12696792	PRJNA665163	2020-09-25
SRR12696793	PRJNA665163	2020-09-25
SRR12696800	PRJNA665163	2020-09-25
SRR12696813	PRJNA665163	2020-09-25
SRR12696814	PRJNA665163	2020-09-25
SRR12696815	PRJNA665163	2020-09-25
SRR12696816	PRJNA665163	2020-09-25
SRR12696739	PRJNA665163	2020-09-25
SRR12696741	PRJNA665163	2020-09-25
SRR12696743	PRJNA665163	2020-09-25
SRR12696751	PRJNA665163	2020-09-25
SRR12696779	PRJNA665163	2020-09-25
SRR12696782	PRJNA665163	2020-09-25
SRR12696794	PRJNA665163	2020-09-25
SRR12696798	PRJNA665163	2020-09-25
SRR12696799	PRJNA665163	2020-09-25
SRR12775247	PRJNA667477	2020-10-09
SRR12775251	PRJNA667477	2020-10-09
SRR12775252	PRJNA667477	2020-10-09
SRR12775253	PRJNA667477	2020-10-09
SRR12775243	PRJNA667477	2020-10-09
SRR12775244	PRJNA667477	2020-10-09
SRR12775245	PRJNA667477	2020-10-09
SRR12775246	PRJNA667477	2020-10-09
SRR12775248	PRJNA667477	2020-10-09
SRR12775249	PRJNA667477	2020-10-09
SRR12775250	PRJNA667477	2020-10-09
SRR12775254	PRJNA667477	2020-10-09
SRR12780541	PRJNA667696	2020-10-10
SRR12780547	PRJNA667696	2020-10-10
SRR12780548	PRJNA667696	2020-10-10
SRR12780549	PRJNA667696	2020-10-10
SRR12780551	PRJNA667696	2020-10-10
SRR12780552	PRJNA667696	2020-10-10
SRR12780554	PRJNA667696	2020-10-10
SRR12780556	PRJNA667696	2020-10-10
SRR12780542	PRJNA667696	2020-10-10
SRR12780550	PRJNA667696	2020-10-10
SRR12780555	PRJNA667696	2020-10-10
SRR12780543	PRJNA667696	2020-10-10
SRR12780544	PRJNA667696	2020-10-10
SRR12780545	PRJNA667696	2020-10-10
SRR12780546	PRJNA667696	2020-10-10
SRR12780553	PRJNA667696	2020-10-10
SRR12780557	PRJNA667696	2020-10-10
SRR12780558	PRJNA667696	2020-10-10
SRR8695740	PRJNA525999	2020-10-21
SRR8695743	PRJNA525999	2020-10-21
SRR8695745	PRJNA525999	2020-10-21
SRR8695747	PRJNA525999	2020-10-21
SRR8695748	PRJNA525999	2020-10-21
SRR8695751	PRJNA525999	2020-10-21
SRR8695758	PRJNA525999	2020-10-21
SRR8695761	PRJNA525999	2020-10-21
SRR8695762	PRJNA525999	2020-10-21
SRR8695765	PRJNA525999	2020-10-21
SRR8695769	PRJNA525999	2020-10-21
SRR8695770	PRJNA525999	2020-10-21
SRR8695777	PRJNA525999	2020-10-21
SRR8695780	PRJNA525999	2020-10-21
SRR8695789	PRJNA525999	2020-10-21
SRR8695792	PRJNA525999	2020-10-21
SRR8695793	PRJNA525999	2020-10-21
SRR8695795	PRJNA525999	2020-10-21
SRR8695800	PRJNA525999	2020-10-21
SRR8695807	PRJNA525999	2020-10-21
SRR8695808	PRJNA525999	2020-10-21
SRR8695816	PRJNA525999	2020-10-21
SRR8695818	PRJNA525999	2020-10-21
SRR8695819	PRJNA525999	2020-10-21
SRR8695832	PRJNA525999	2020-10-21
SRR8695744	PRJNA525999	2020-10-21
SRR8695752	PRJNA525999	2020-10-21
SRR8695763	PRJNA525999	2020-10-21
SRR8695767	PRJNA525999	2020-10-21
SRR8695801	PRJNA525999	2020-10-21
SRR8695811	PRJNA525999	2020-10-21
SRR8695812	PRJNA525999	2020-10-21
SRR8695814	PRJNA525999	2020-10-21
SRR8695815	PRJNA525999	2020-10-21
SRR8695817	PRJNA525999	2020-10-21
SRR8695821	PRJNA525999	2020-10-21
SRR8695825	PRJNA525999	2020-10-21
SRR8695828	PRJNA525999	2020-10-21
SRR8695742	PRJNA525999	2020-10-21
SRR8695746	PRJNA525999	2020-10-21
SRR8695753	PRJNA525999	2020-10-21
SRR8695754	PRJNA525999	2020-10-21
SRR8695755	PRJNA525999	2020-10-21
SRR8695756	PRJNA525999	2020-10-21
SRR8695757	PRJNA525999	2020-10-21
SRR8695760	PRJNA525999	2020-10-21
SRR8695766	PRJNA525999	2020-10-21
SRR8695768	PRJNA525999	2020-10-21
SRR8695771	PRJNA525999	2020-10-21
SRR8695772	PRJNA525999	2020-10-21
SRR8695773	PRJNA525999	2020-10-21
SRR8695776	PRJNA525999	2020-10-21
SRR8695779	PRJNA525999	2020-10-21
SRR8695781	PRJNA525999	2020-10-21
SRR8695783	PRJNA525999	2020-10-21
SRR8695788	PRJNA525999	2020-10-21
SRR8695790	PRJNA525999	2020-10-21
SRR8695791	PRJNA525999	2020-10-21
SRR8695794	PRJNA525999	2020-10-21
SRR8695796	PRJNA525999	2020-10-21
SRR8695797	PRJNA525999	2020-10-21
SRR8695804	PRJNA525999	2020-10-21
SRR8695806	PRJNA525999	2020-10-21
SRR8695809	PRJNA525999	2020-10-21
SRR8695813	PRJNA525999	2020-10-21
SRR8695820	PRJNA525999	2020-10-21
SRR8695824	PRJNA525999	2020-10-21
SRR8695826	PRJNA525999	2020-10-21
SRR8695827	PRJNA525999	2020-10-21
SRR8695829	PRJNA525999	2020-10-21
SRR8695830	PRJNA525999	2020-10-21
SRR9054406	PRJNA542893	2020-10-21
SRR9054407	PRJNA542893	2020-10-21
SRR9054412	PRJNA542893	2020-10-21
SRR9054405	PRJNA542893	2020-10-21
SRR9054408	PRJNA542893	2020-10-21
SRR9054415	PRJNA542893	2020-10-21
SRR9054409	PRJNA542893	2020-10-21
SRR9054410	PRJNA542893	2020-10-21
SRR9054411	PRJNA542893	2020-10-21
SRR9054413	PRJNA542893	2020-10-21
SRR9054414	PRJNA542893	2020-10-21
SRR9054416	PRJNA542893	2020-10-21
ERR4676503	PRJEB40784	2020-11-02
ERR4676505	PRJEB40784	2020-11-02
ERR4676510	PRJEB40784	2020-11-02
ERR4676512	PRJEB40784	2020-11-02
ERR4676504	PRJEB40784	2020-11-02
ERR4676506	PRJEB40784	2020-11-02
ERR4676507	PRJEB40784	2020-11-02
ERR4676508	PRJEB40784	2020-11-02
ERR4676511	PRJEB40784	2020-11-02
ERR4676513	PRJEB40784	2020-11-02
ERR4676515	PRJEB40784	2020-11-02
ERR4676509	PRJEB40784	2020-11-02
ERR4676514	PRJEB40784	2020-11-02
ERR4676516	PRJEB40784	2020-11-02
SRR11943215	PRJNA637840	2020-11-04
SRR11943216	PRJNA637840	2020-11-04
SRR11943218	PRJNA637840	2020-11-04
SRR11943220	PRJNA637840	2020-11-04
SRR11943224	PRJNA637840	2020-11-04
SRR11943227	PRJNA637840	2020-11-04
SRR11943233	PRJNA637840	2020-11-04
SRR11943221	PRJNA637840	2020-11-04
SRR11943222	PRJNA637840	2020-11-04
SRR11943226	PRJNA637840	2020-11-04
SRR11943228	PRJNA637840	2020-11-04
SRR11943230	PRJNA637840	2020-11-04
SRR11943234	PRJNA637840	2020-11-04
SRR11943236	PRJNA637840	2020-11-04
SRR11943213	PRJNA637840	2020-11-04
SRR11943214	PRJNA637840	2020-11-04
SRR11943217	PRJNA637840	2020-11-04
SRR11943219	PRJNA637840	2020-11-04
SRR11943223	PRJNA637840	2020-11-04
SRR11943225	PRJNA637840	2020-11-04
SRR11943229	PRJNA637840	2020-11-04
SRR11943231	PRJNA637840	2020-11-04
SRR11943232	PRJNA637840	2020-11-04
SRR11943235	PRJNA637840	2020-11-04
SRR13036541	PRJNA676154	2020-11-13
SRR13036542	PRJNA676154	2020-11-13
SRR13036543	PRJNA676154	2020-11-13
SRR13036544	PRJNA676154	2020-11-13
SRR13036545	PRJNA676154	2020-11-13
SRR13036546	PRJNA676154	2020-11-13
SRR13036550	PRJNA676154	2020-11-13
SRR13036553	PRJNA676154	2020-11-13
SRR13036555	PRJNA676154	2020-11-13
SRR13036556	PRJNA676154	2020-11-13
SRR13036564	PRJNA676154	2020-11-13
SRR13036565	PRJNA676154	2020-11-13
SRR13036538	PRJNA676154	2020-11-13
SRR13036547	PRJNA676154	2020-11-13
SRR13036548	PRJNA676154	2020-11-13
SRR13036557	PRJNA676154	2020-11-13
SRR13036558	PRJNA676154	2020-11-13
SRR13036559	PRJNA676154	2020-11-13
SRR13036560	PRJNA676154	2020-11-13
SRR13036562	PRJNA676154	2020-11-13
SRR13036539	PRJNA676154	2020-11-13
SRR13036540	PRJNA676154	2020-11-13
SRR13036549	PRJNA676154	2020-11-13
SRR13036551	PRJNA676154	2020-11-13
SRR13036552	PRJNA676154	2020-11-13
SRR13036554	PRJNA676154	2020-11-13
SRR13036561	PRJNA676154	2020-11-13
SRR13036563	PRJNA676154	2020-11-13
SRR13036566	PRJNA676154	2020-11-13
SRR13036571	PRJNA676155	2020-11-13
SRR13036575	PRJNA676155	2020-11-13
SRR13036576	PRJNA676155	2020-11-13
SRR13036579	PRJNA676155	2020-11-13
SRR13036580	PRJNA676155	2020-11-13
SRR13036586	PRJNA676155	2020-11-13
SRR13036568	PRJNA676155	2020-11-13
SRR13036569	PRJNA676155	2020-11-13
SRR13036572	PRJNA676155	2020-11-13
SRR13036574	PRJNA676155	2020-11-13
SRR13036577	PRJNA676155	2020-11-13
SRR13036578	PRJNA676155	2020-11-13
SRR13036582	PRJNA676155	2020-11-13
SRR13036585	PRJNA676155	2020-11-13
SRR13036587	PRJNA676155	2020-11-13
SRR13036588	PRJNA676155	2020-11-13
SRR13036567	PRJNA676155	2020-11-13
SRR13036570	PRJNA676155	2020-11-13
SRR13036573	PRJNA676155	2020-11-13
SRR13036581	PRJNA676155	2020-11-13
SRR13036589	PRJNA676155	2020-11-13
SRR13036590	PRJNA676155	2020-11-13
SRR4033030	PRJNA339006	2020-11-26
SRR4033032	PRJNA339006	2020-11-26
SRR4033033	PRJNA339006	2020-11-26
SRR4033034	PRJNA339006	2020-11-26
SRR4033037	PRJNA339006	2020-11-26
SRR4033038	PRJNA339006	2020-11-26
SRR4033044	PRJNA339006	2020-11-26
SRR4033047	PRJNA339006	2020-11-26
SRR4033049	PRJNA339006	2020-11-26
SRR4033035	PRJNA339006	2020-11-26
SRR4033036	PRJNA339006	2020-11-26
SRR4033040	PRJNA339006	2020-11-26
SRR4033041	PRJNA339006	2020-11-26
SRR4033042	PRJNA339006	2020-11-26
SRR4033045	PRJNA339006	2020-11-26
SRR4033046	PRJNA339006	2020-11-26
SRR4033051	PRJNA339006	2020-11-26
SRR4033052	PRJNA339006	2020-11-26
SRR4033054	PRJNA339006	2020-11-26
SRR4033031	PRJNA339006	2020-11-26
SRR4033039	PRJNA339006	2020-11-26
SRR4033043	PRJNA339006	2020-11-26
SRR4033050	PRJNA339006	2020-11-26
SRR4033053	PRJNA339006	2020-11-26
SRR13126755	PRJNA680560	2020-11-26
SRR13126757	PRJNA680560	2020-11-26
SRR13126758	PRJNA680560	2020-11-26
SRR13126760	PRJNA680560	2020-11-26
SRR13126761	PRJNA680560	2020-11-26
SRR13126772	PRJNA680560	2020-11-26
SRR13126752	PRJNA680560	2020-11-26
SRR13126753	PRJNA680560	2020-11-26
SRR13126759	PRJNA680560	2020-11-26
SRR13126762	PRJNA680560	2020-11-26
SRR13126767	PRJNA680560	2020-11-26
SRR13126768	PRJNA680560	2020-11-26
SRR13126770	PRJNA680560	2020-11-26
SRR13126771	PRJNA680560	2020-11-26
SRR13126773	PRJNA680560	2020-11-26
SRR13126754	PRJNA680560	2020-11-26
SRR13126756	PRJNA680560	2020-11-26
SRR13126764	PRJNA680560	2020-11-26
SRR13126774	PRJNA680560	2020-11-26
SRR13126765	PRJNA680560	2020-11-27
SRR13126769	PRJNA680560	2020-11-27
SRR13126766	PRJNA680560	2020-11-27
ERR4299874	PRJEB39122	2020-11-28
ERR4299875	PRJEB39122	2020-11-28
ERR4299876	PRJEB39122	2020-11-28
ERR4299878	PRJEB39122	2020-11-28
ERR4299882	PRJEB39122	2020-11-28
ERR4299877	PRJEB39122	2020-11-28
ERR4299881	PRJEB39122	2020-11-28
ERR4299883	PRJEB39122	2020-11-28
ERR4299884	PRJEB39122	2020-11-28
ERR4299885	PRJEB39122	2020-11-28
ERR4299879	PRJEB39122	2020-11-28
ERR4299880	PRJEB39122	2020-11-28
SRR10973047	PRJNA596363	2021-01-04
SRR10973052	PRJNA596363	2021-01-04
SRR10973053	PRJNA596363	2021-01-04
SRR10973055	PRJNA596363	2021-01-04
SRR10973048	PRJNA596363	2021-01-04
SRR10973049	PRJNA596363	2021-01-04
SRR10973051	PRJNA596363	2021-01-04
SRR10973054	PRJNA596363	2021-01-04
SRR10973056	PRJNA596363	2021-01-04
SRR10973058	PRJNA596363	2021-01-04
SRR10973050	PRJNA596363	2021-01-04
SRR10973057	PRJNA596363	2021-01-04
SRR11243569	PRJNA610538	2021-01-04
SRR11243573	PRJNA610538	2021-01-04
SRR11243574	PRJNA610538	2021-01-04
SRR11243577	PRJNA610538	2021-01-04
SRR11243579	PRJNA610538	2021-01-04
SRR11243581	PRJNA610538	2021-01-04
SRR11243583	PRJNA610538	2021-01-04
SRR11243585	PRJNA610538	2021-01-04
SRR11243575	PRJNA610538	2021-01-04
SRR11243576	PRJNA610538	2021-01-04
SRR11243578	PRJNA610538	2021-01-04
SRR11243584	PRJNA610538	2021-01-04
SRR11243568	PRJNA610538	2021-01-04
SRR11243570	PRJNA610538	2021-01-04
SRR11243571	PRJNA610538	2021-01-04
SRR11243572	PRJNA610538	2021-01-04
SRR11243580	PRJNA610538	2021-01-04
SRR11243582	PRJNA610538	2021-01-04
SRR11635606	PRJNA628983	2021-01-04
SRR11635611	PRJNA628983	2021-01-04
SRR11635614	PRJNA628983	2021-01-04
SRR11635616	PRJNA628983	2021-01-04
SRR11635613	PRJNA628983	2021-01-04
SRR11635607	PRJNA628983	2021-01-04
SRR11635608	PRJNA628983	2021-01-04
SRR11635609	PRJNA628983	2021-01-04
SRR11635610	PRJNA628983	2021-01-04
SRR11635612	PRJNA628983	2021-01-04
SRR11635615	PRJNA628983	2021-01-04
SRR11635617	PRJNA628983	2021-01-04
SRR12039745	PRJNA640159	2021-01-04
SRR12039746	PRJNA640159	2021-01-04
SRR12039750	PRJNA640159	2021-01-04
SRR12039751	PRJNA640159	2021-01-04
SRR12039752	PRJNA640159	2021-01-04
SRR12039755	PRJNA640159	2021-01-04
SRR12039756	PRJNA640159	2021-01-04
SRR12039759	PRJNA640159	2021-01-04
SRR12039760	PRJNA640159	2021-01-04
SRR12039747	PRJNA640159	2021-01-04
SRR12039748	PRJNA640159	2021-01-04
SRR12039753	PRJNA640159	2021-01-04
SRR12039754	PRJNA640159	2021-01-04
SRR12039749	PRJNA640159	2021-01-04
SRR12039757	PRJNA640159	2021-01-04
SRR12039758	PRJNA640159	2021-01-04
SRR12121871	PRJNA643287	2021-01-04
SRR12121872	PRJNA643287	2021-01-04
SRR12121873	PRJNA643287	2021-01-04
SRR12121874	PRJNA643287	2021-01-04
SRR12121875	PRJNA643287	2021-01-04
SRR12121878	PRJNA643287	2021-01-04
SRR12121879	PRJNA643287	2021-01-04
SRR12121880	PRJNA643287	2021-01-04
SRR12121882	PRJNA643287	2021-01-04
SRR12121877	PRJNA643287	2021-01-04
SRR12121876	PRJNA643287	2021-01-04
SRR12121881	PRJNA643287	2021-01-04
SRR12354767	PRJNA649782	2021-01-04
SRR12354776	PRJNA649782	2021-01-04
SRR12354765	PRJNA649782	2021-01-04
SRR12354772	PRJNA649782	2021-01-04
SRR12354773	PRJNA649782	2021-01-04
SRR12354766	PRJNA649782	2021-01-04
SRR12354768	PRJNA649782	2021-01-04
SRR12354769	PRJNA649782	2021-01-04
SRR12354770	PRJNA649782	2021-01-04
SRR12354771	PRJNA649782	2021-01-04
SRR12354774	PRJNA649782	2021-01-04
SRR12354775	PRJNA649782	2021-01-04
SRR13176175	PRJNA681864	2021-01-04
SRR13176176	PRJNA681864	2021-01-04
SRR13176177	PRJNA681864	2021-01-04
SRR13176180	PRJNA681864	2021-01-04
SRR13176186	PRJNA681864	2021-01-04
SRR13176190	PRJNA681864	2021-01-04
SRR13176195	PRJNA681864	2021-01-04
SRR13176196	PRJNA681864	2021-01-04
SRR13176201	PRJNA681864	2021-01-04
SRR13176203	PRJNA681864	2021-01-04
SRR13176208	PRJNA681864	2021-01-04
SRR13176209	PRJNA681864	2021-01-04
SRR13176178	PRJNA681864	2021-01-04
SRR13176179	PRJNA681864	2021-01-04
SRR13176184	PRJNA681864	2021-01-04
SRR13176187	PRJNA681864	2021-01-04
SRR13176188	PRJNA681864	2021-01-04
SRR13176189	PRJNA681864	2021-01-04
SRR13176191	PRJNA681864	2021-01-04
SRR13176193	PRJNA681864	2021-01-04
SRR13176197	PRJNA681864	2021-01-04
SRR13176198	PRJNA681864	2021-01-04
SRR13176199	PRJNA681864	2021-01-04
SRR13176202	PRJNA681864	2021-01-04
SRR13176204	PRJNA681864	2021-01-04
SRR13176205	PRJNA681864	2021-01-04
SRR13176207	PRJNA681864	2021-01-04
SRR13176174	PRJNA681864	2021-01-04
SRR13176181	PRJNA681864	2021-01-04
SRR13176182	PRJNA681864	2021-01-04
SRR13176183	PRJNA681864	2021-01-04
SRR13176185	PRJNA681864	2021-01-04
SRR13176192	PRJNA681864	2021-01-04
SRR13176194	PRJNA681864	2021-01-04
SRR13176200	PRJNA681864	2021-01-04
SRR13176206	PRJNA681864	2021-01-04
SRR13282340	PRJNA686997	2021-01-04
SRR13282353	PRJNA686997	2021-01-04
SRR13282354	PRJNA686997	2021-01-04
SRR13282355	PRJNA686997	2021-01-04
SRR13282356	PRJNA686997	2021-01-04
SRR13282358	PRJNA686997	2021-01-04
SRR13282341	PRJNA686997	2021-01-04
SRR13282343	PRJNA686997	2021-01-04
SRR13282347	PRJNA686997	2021-01-04
SRR13282349	PRJNA686997	2021-01-04
SRR13282350	PRJNA686997	2021-01-04
SRR13282352	PRJNA686997	2021-01-04
SRR13282359	PRJNA686997	2021-01-04
SRR13282342	PRJNA686997	2021-01-04
SRR13282345	PRJNA686997	2021-01-04
SRR13282346	PRJNA686997	2021-01-04
SRR13282348	PRJNA686997	2021-01-04
SRR13282351	PRJNA686997	2021-01-04
SRR13282357	PRJNA686997	2021-01-04
SRR12796966	PRJNA668142	2021-01-14
SRR12796968	PRJNA668142	2021-01-14
SRR12796969	PRJNA668142	2021-01-14
SRR12796970	PRJNA668142	2021-01-14
SRR12796983	PRJNA668142	2021-01-14
SRR12797011	PRJNA668142	2021-01-14
SRR12935468	PRJNA668142	2021-01-14
SRR12935470	PRJNA668142	2021-01-14
SRR12935477	PRJNA668142	2021-01-14
SRR13198540	PRJNA668142	2021-01-14
SRR13198541	PRJNA668142	2021-01-14
SRR12796972	PRJNA668142	2021-01-14
SRR12796974	PRJNA668142	2021-01-14
SRR12796975	PRJNA668142	2021-01-14
SRR12796976	PRJNA668142	2021-01-14
SRR12796979	PRJNA668142	2021-01-14
SRR12796985	PRJNA668142	2021-01-14
SRR12797002	PRJNA668142	2021-01-14
SRR12797003	PRJNA668142	2021-01-14
SRR12797004	PRJNA668142	2021-01-14
SRR12797005	PRJNA668142	2021-01-14
SRR12797007	PRJNA668142	2021-01-14
SRR12797008	PRJNA668142	2021-01-14
SRR12797009	PRJNA668142	2021-01-14
SRR12797014	PRJNA668142	2021-01-14
SRR12935466	PRJNA668142	2021-01-14
SRR12935467	PRJNA668142	2021-01-14
SRR12935471	PRJNA668142	2021-01-14
SRR12935474	PRJNA668142	2021-01-14
SRR12935475	PRJNA668142	2021-01-14
SRR12935478	PRJNA668142	2021-01-14
SRR12935480	PRJNA668142	2021-01-14
SRR13198535	PRJNA668142	2021-01-14
SRR12796977	PRJNA668142	2021-01-14
SRR12796982	PRJNA668142	2021-01-14
SRR12797010	PRJNA668142	2021-01-14
SRR12797012	PRJNA668142	2021-01-14
SRR12797013	PRJNA668142	2021-01-14
SRR12796967	PRJNA668142	2021-01-14
SRR12796971	PRJNA668142	2021-01-14
SRR12796973	PRJNA668142	2021-01-14
SRR12796978	PRJNA668142	2021-01-14
SRR12796980	PRJNA668142	2021-01-14
SRR12796981	PRJNA668142	2021-01-14
SRR12796984	PRJNA668142	2021-01-14
SRR12797006	PRJNA668142	2021-01-14
SRR12797015	PRJNA668142	2021-01-14
SRR12797016	PRJNA668142	2021-01-14
SRR12797017	PRJNA668142	2021-01-14
SRR12935469	PRJNA668142	2021-01-14
SRR12935476	PRJNA668142	2021-01-14
SRR12935479	PRJNA668142	2021-01-14
SRR13198537	PRJNA668142	2021-01-14
SRR13198538	PRJNA668142	2021-01-14
SRR12560576	PRJNA660599	2021-01-28
SRR12560577	PRJNA660599	2021-01-28
SRR12560583	PRJNA660599	2021-01-28
SRR12560587	PRJNA660599	2021-01-28
SRR12560588	PRJNA660599	2021-01-28
SRR12560589	PRJNA660599	2021-01-28
SRR12560590	PRJNA660599	2021-01-28
SRR12560591	PRJNA660599	2021-01-28
SRR12560597	PRJNA660599	2021-01-28
SRR12560599	PRJNA660599	2021-01-28
SRR12560573	PRJNA660599	2021-01-28
SRR12560574	PRJNA660599	2021-01-28
SRR12560578	PRJNA660599	2021-01-28
SRR12560579	PRJNA660599	2021-01-28
SRR12560581	PRJNA660599	2021-01-28
SRR12560582	PRJNA660599	2021-01-28
SRR12560584	PRJNA660599	2021-01-28
SRR12560585	PRJNA660599	2021-01-28
SRR12560592	PRJNA660599	2021-01-28
SRR12560593	PRJNA660599	2021-01-28
SRR12560594	PRJNA660599	2021-01-28
SRR12560595	PRJNA660599	2021-01-28
SRR12560598	PRJNA660599	2021-01-28
SRR12560572	PRJNA660599	2021-01-28
SRR12560575	PRJNA660599	2021-01-28
SRR12560580	PRJNA660599	2021-01-28
SRR12560586	PRJNA660599	2021-01-28
SRR12560596	PRJNA660599	2021-01-28
SRR13631617	PRJNA699546	2021-02-07
SRR13631618	PRJNA699546	2021-02-07
SRR13631655	PRJNA699546	2021-02-07
SRR13631657	PRJNA699546	2021-02-07
SRR13631667	PRJNA699546	2021-02-07
SRR13631668	PRJNA699546	2021-02-07
SRR13631669	PRJNA699546	2021-02-07
SRR13631671	PRJNA699546	2021-02-07
SRR13631680	PRJNA699546	2021-02-07
SRR13631687	PRJNA699546	2021-02-07
SRR13631689	PRJNA699546	2021-02-07
SRR13631697	PRJNA699546	2021-02-07
SRR13631700	PRJNA699546	2021-02-07
SRR13631701	PRJNA699546	2021-02-07
SRR13631703	PRJNA699546	2021-02-07
SRR13631705	PRJNA699546	2021-02-07
SRR13631717	PRJNA699546	2021-02-07
SRR13631739	PRJNA699546	2021-02-07
SRR13631747	PRJNA699546	2021-02-07
SRR13631756	PRJNA699546	2021-02-07
SRR13631757	PRJNA699546	2021-02-07
SRR13631760	PRJNA699546	2021-02-07
SRR13631761	PRJNA699546	2021-02-07
SRR13631764	PRJNA699546	2021-02-07
SRR13631765	PRJNA699546	2021-02-07
SRR13631767	PRJNA699546	2021-02-07
SRR13631768	PRJNA699546	2021-02-07
SRR13631769	PRJNA699546	2021-02-07
SRR13631770	PRJNA699546	2021-02-07
SRR13631776	PRJNA699546	2021-02-07
SRR13631778	PRJNA699546	2021-02-07
SRR13631780	PRJNA699546	2021-02-07
SRR13631781	PRJNA699546	2021-02-07
SRR13631783	PRJNA699546	2021-02-07
SRR13631788	PRJNA699546	2021-02-07
SRR13631820	PRJNA699546	2021-02-07
SRR13631824	PRJNA699546	2021-02-07
SRR13631829	PRJNA699546	2021-02-07
SRR13631832	PRJNA699546	2021-02-07
SRR13631835	PRJNA699546	2021-02-07
SRR13631837	PRJNA699546	2021-02-07
SRR13631840	PRJNA699546	2021-02-07
SRR13631841	PRJNA699546	2021-02-07
SRR13631842	PRJNA699546	2021-02-07
SRR13631850	PRJNA699546	2021-02-07
SRR13631853	PRJNA699546	2021-02-07
SRR13631858	PRJNA699546	2021-02-07
SRR13631859	PRJNA699546	2021-02-07
SRR13631862	PRJNA699546	2021-02-07
SRR13631880	PRJNA699546	2021-02-07
SRR13631885	PRJNA699546	2021-02-07
SRR13631899	PRJNA699546	2021-02-07
SRR13631927	PRJNA699546	2021-02-07
SRR13631928	PRJNA699546	2021-02-07
SRR13631959	PRJNA699546	2021-02-07
SRR13631962	PRJNA699546	2021-02-07
SRR13631973	PRJNA699546	2021-02-07
SRR13631974	PRJNA699546	2021-02-07
SRR13631975	PRJNA699546	2021-02-07
SRR13631983	PRJNA699546	2021-02-07
SRR13631999	PRJNA699546	2021-02-07
SRR13632002	PRJNA699546	2021-02-07
SRR13632005	PRJNA699546	2021-02-07
SRR13632006	PRJNA699546	2021-02-07
SRR13632012	PRJNA699546	2021-02-07
SRR13632025	PRJNA699546	2021-02-07
SRR13632028	PRJNA699546	2021-02-07
SRR13632036	PRJNA699546	2021-02-07
SRR13632039	PRJNA699546	2021-02-07
SRR13632044	PRJNA699546	2021-02-07
SRR13632046	PRJNA699546	2021-02-07
SRR13632047	PRJNA699546	2021-02-07
SRR13632055	PRJNA699546	2021-02-07
SRR13632058	PRJNA699546	2021-02-07
SRR13632061	PRJNA699546	2021-02-07
SRR13632064	PRJNA699546	2021-02-07
SRR13632067	PRJNA699546	2021-02-07
SRR13632069	PRJNA699546	2021-02-07
SRR13632070	PRJNA699546	2021-02-07
SRR13632073	PRJNA699546	2021-02-07
SRR13632076	PRJNA699546	2021-02-07
SRR13632078	PRJNA699546	2021-02-07
SRR13632081	PRJNA699546	2021-02-07
SRR13632082	PRJNA699546	2021-02-07
SRR13632083	PRJNA699546	2021-02-07
SRR13632085	PRJNA699546	2021-02-07
SRR13632087	PRJNA699546	2021-02-07
SRR13632089	PRJNA699546	2021-02-07
SRR13632090	PRJNA699546	2021-02-07
SRR13632093	PRJNA699546	2021-02-07
SRR13632095	PRJNA699546	2021-02-07
SRR13632098	PRJNA699546	2021-02-07
SRR13632099	PRJNA699546	2021-02-07
SRR13632101	PRJNA699546	2021-02-07
SRR13632102	PRJNA699546	2021-02-07
SRR13632109	PRJNA699546	2021-02-07
SRR13632110	PRJNA699546	2021-02-07
SRR13632132	PRJNA699546	2021-02-07
SRR13632137	PRJNA699546	2021-02-07
SRR13632146	PRJNA699546	2021-02-07
SRR13632174	PRJNA699546	2021-02-07
SRR13632183	PRJNA699546	2021-02-07
SRR13632186	PRJNA699546	2021-02-07
SRR13632187	PRJNA699546	2021-02-07
SRR13632190	PRJNA699546	2021-02-07
SRR13632191	PRJNA699546	2021-02-07
SRR13632198	PRJNA699546	2021-02-07
SRR13632199	PRJNA699546	2021-02-07
SRR13632200	PRJNA699546	2021-02-07
SRR13632202	PRJNA699546	2021-02-07
SRR13632234	PRJNA699546	2021-02-07
SRR13632235	PRJNA699546	2021-02-07
SRR13632238	PRJNA699546	2021-02-07
SRR13632243	PRJNA699546	2021-02-07
SRR13632262	PRJNA699546	2021-02-07
SRR13632266	PRJNA699546	2021-02-07
SRR13632267	PRJNA699546	2021-02-07
SRR13632270	PRJNA699546	2021-02-07
SRR13632273	PRJNA699546	2021-02-07
SRR13632274	PRJNA699546	2021-02-07
SRR13632275	PRJNA699546	2021-02-07
SRR13632277	PRJNA699546	2021-02-07
SRR13632280	PRJNA699546	2021-02-07
SRR13632281	PRJNA699546	2021-02-07
SRR13632283	PRJNA699546	2021-02-07
SRR13632288	PRJNA699546	2021-02-07
SRR13632303	PRJNA699546	2021-02-07
SRR13632304	PRJNA699546	2021-02-07
SRR13632305	PRJNA699546	2021-02-07
SRR13632311	PRJNA699546	2021-02-07
SRR13632313	PRJNA699546	2021-02-07
SRR13632317	PRJNA699546	2021-02-07
SRR13632324	PRJNA699546	2021-02-07
SRR13632325	PRJNA699546	2021-02-07
SRR13632327	PRJNA699546	2021-02-07
SRR13631619	PRJNA699546	2021-02-07
SRR13631620	PRJNA699546	2021-02-07
SRR13631621	PRJNA699546	2021-02-07
SRR13631622	PRJNA699546	2021-02-07
SRR13631647	PRJNA699546	2021-02-07
SRR13631648	PRJNA699546	2021-02-07
SRR13631649	PRJNA699546	2021-02-07
SRR13631670	PRJNA699546	2021-02-07
SRR13631674	PRJNA699546	2021-02-07
SRR13631677	PRJNA699546	2021-02-07
SRR13631681	PRJNA699546	2021-02-07
SRR13631688	PRJNA699546	2021-02-07
SRR13631691	PRJNA699546	2021-02-07
SRR13631692	PRJNA699546	2021-02-07
SRR13631695	PRJNA699546	2021-02-07
SRR13631702	PRJNA699546	2021-02-07
SRR13631704	PRJNA699546	2021-02-07
SRR13631706	PRJNA699546	2021-02-07
SRR13631711	PRJNA699546	2021-02-07
SRR13631712	PRJNA699546	2021-02-07
SRR13631714	PRJNA699546	2021-02-07
SRR13631743	PRJNA699546	2021-02-07
SRR13631744	PRJNA699546	2021-02-07
SRR13631745	PRJNA699546	2021-02-07
SRR13631749	PRJNA699546	2021-02-07
SRR13631750	PRJNA699546	2021-02-07
SRR13631758	PRJNA699546	2021-02-07
SRR13631759	PRJNA699546	2021-02-07
SRR13631763	PRJNA699546	2021-02-07
SRR13631771	PRJNA699546	2021-02-07
SRR13631779	PRJNA699546	2021-02-07
SRR13631782	PRJNA699546	2021-02-07
SRR13631789	PRJNA699546	2021-02-07
SRR13631791	PRJNA699546	2021-02-07
SRR13631795	PRJNA699546	2021-02-07
SRR13631812	PRJNA699546	2021-02-07
SRR13631814	PRJNA699546	2021-02-07
SRR13631818	PRJNA699546	2021-02-07
SRR13631819	PRJNA699546	2021-02-07
SRR13631823	PRJNA699546	2021-02-07
SRR13631826	PRJNA699546	2021-02-07
SRR13631827	PRJNA699546	2021-02-07
SRR13631833	PRJNA699546	2021-02-07
SRR13631847	PRJNA699546	2021-02-07
SRR13631848	PRJNA699546	2021-02-07
SRR13631849	PRJNA699546	2021-02-07
SRR13631854	PRJNA699546	2021-02-07
SRR13631860	PRJNA699546	2021-02-07
SRR13631879	PRJNA699546	2021-02-07
SRR13631881	PRJNA699546	2021-02-07
SRR13631883	PRJNA699546	2021-02-07
SRR13631886	PRJNA699546	2021-02-07
SRR13631900	PRJNA699546	2021-02-07
SRR13631901	PRJNA699546	2021-02-07
SRR13631902	PRJNA699546	2021-02-07
SRR13631923	PRJNA699546	2021-02-07
SRR13631926	PRJNA699546	2021-02-07
SRR13631929	PRJNA699546	2021-02-07
SRR13631960	PRJNA699546	2021-02-07
SRR13631979	PRJNA699546	2021-02-07
SRR13631980	PRJNA699546	2021-02-07
SRR13631982	PRJNA699546	2021-02-07
SRR13631986	PRJNA699546	2021-02-07
SRR13632000	PRJNA699546	2021-02-07
SRR13632009	PRJNA699546	2021-02-07
SRR13632011	PRJNA699546	2021-02-07
SRR13632013	PRJNA699546	2021-02-07
SRR13632015	PRJNA699546	2021-02-07
SRR13632024	PRJNA699546	2021-02-07
SRR13632026	PRJNA699546	2021-02-07
SRR13632027	PRJNA699546	2021-02-07
SRR13632029	PRJNA699546	2021-02-07
SRR13632030	PRJNA699546	2021-02-07
SRR13632037	PRJNA699546	2021-02-07
SRR13632038	PRJNA699546	2021-02-07
SRR13632042	PRJNA699546	2021-02-07
SRR13632045	PRJNA699546	2021-02-07
SRR13632049	PRJNA699546	2021-02-07
SRR13632051	PRJNA699546	2021-02-07
SRR13632052	PRJNA699546	2021-02-07
SRR13632053	PRJNA699546	2021-02-07
SRR13632054	PRJNA699546	2021-02-07
SRR13632056	PRJNA699546	2021-02-07
SRR13632059	PRJNA699546	2021-02-07
SRR13632060	PRJNA699546	2021-02-07
SRR13632062	PRJNA699546	2021-02-07
SRR13632065	PRJNA699546	2021-02-07
SRR13632071	PRJNA699546	2021-02-07
SRR13632072	PRJNA699546	2021-02-07
SRR13632077	PRJNA699546	2021-02-07
SRR13632079	PRJNA699546	2021-02-07
SRR13632084	PRJNA699546	2021-02-07
SRR13632086	PRJNA699546	2021-02-07
SRR13632088	PRJNA699546	2021-02-07
SRR13632097	PRJNA699546	2021-02-07
SRR13632105	PRJNA699546	2021-02-07
SRR13632106	PRJNA699546	2021-02-07
SRR13632107	PRJNA699546	2021-02-07
SRR13632108	PRJNA699546	2021-02-07
SRR13632138	PRJNA699546	2021-02-07
SRR13632145	PRJNA699546	2021-02-07
SRR13632161	PRJNA699546	2021-02-07
SRR13632171	PRJNA699546	2021-02-07
SRR13632173	PRJNA699546	2021-02-07
SRR13632188	PRJNA699546	2021-02-07
SRR13632189	PRJNA699546	2021-02-07
SRR13632192	PRJNA699546	2021-02-07
SRR13632193	PRJNA699546	2021-02-07
SRR13632196	PRJNA699546	2021-02-07
SRR13632197	PRJNA699546	2021-02-07
SRR13632231	PRJNA699546	2021-02-07
SRR13632232	PRJNA699546	2021-02-07
SRR13632236	PRJNA699546	2021-02-07
SRR13632245	PRJNA699546	2021-02-07
SRR13632246	PRJNA699546	2021-02-07
SRR13632255	PRJNA699546	2021-02-07
SRR13632256	PRJNA699546	2021-02-07
SRR13632261	PRJNA699546	2021-02-07
SRR13632263	PRJNA699546	2021-02-07
SRR13632271	PRJNA699546	2021-02-07
SRR13632279	PRJNA699546	2021-02-07
SRR13632282	PRJNA699546	2021-02-07
SRR13632285	PRJNA699546	2021-02-07
SRR13632286	PRJNA699546	2021-02-07
SRR13632287	PRJNA699546	2021-02-07
SRR13632290	PRJNA699546	2021-02-07
SRR13632306	PRJNA699546	2021-02-07
SRR13632312	PRJNA699546	2021-02-07
SRR13632315	PRJNA699546	2021-02-07
SRR13632316	PRJNA699546	2021-02-07
SRR13632318	PRJNA699546	2021-02-07
SRR13632323	PRJNA699546	2021-02-07
SRR13632326	PRJNA699546	2021-02-07
SRR13632328	PRJNA699546	2021-02-07
SRR13632329	PRJNA699546	2021-02-07
SRR13632330	PRJNA699546	2021-02-07
SRR13631615	PRJNA699546	2021-02-07
SRR13631616	PRJNA699546	2021-02-07
SRR13631650	PRJNA699546	2021-02-07
SRR13631656	PRJNA699546	2021-02-07
SRR13631672	PRJNA699546	2021-02-07
SRR13631673	PRJNA699546	2021-02-07
SRR13631675	PRJNA699546	2021-02-07
SRR13631676	PRJNA699546	2021-02-07
SRR13631678	PRJNA699546	2021-02-07
SRR13631679	PRJNA699546	2021-02-07
SRR13631682	PRJNA699546	2021-02-07
SRR13631690	PRJNA699546	2021-02-07
SRR13631693	PRJNA699546	2021-02-07
SRR13631694	PRJNA699546	2021-02-07
SRR13631696	PRJNA699546	2021-02-07
SRR13631698	PRJNA699546	2021-02-07
SRR13631699	PRJNA699546	2021-02-07
SRR13631707	PRJNA699546	2021-02-07
SRR13631708	PRJNA699546	2021-02-07
SRR13631709	PRJNA699546	2021-02-07
SRR13631710	PRJNA699546	2021-02-07
SRR13631713	PRJNA699546	2021-02-07
SRR13631718	PRJNA699546	2021-02-07
SRR13631722	PRJNA699546	2021-02-07
SRR13631740	PRJNA699546	2021-02-07
SRR13631741	PRJNA699546	2021-02-07
SRR13631742	PRJNA699546	2021-02-07
SRR13631748	PRJNA699546	2021-02-07
SRR13631755	PRJNA699546	2021-02-07
SRR13631762	PRJNA699546	2021-02-07
SRR13631766	PRJNA699546	2021-02-07
SRR13631772	PRJNA699546	2021-02-07
SRR13631775	PRJNA699546	2021-02-07
SRR13631777	PRJNA699546	2021-02-07
SRR13631784	PRJNA699546	2021-02-07
SRR13631785	PRJNA699546	2021-02-07
SRR13631786	PRJNA699546	2021-02-07
SRR13631787	PRJNA699546	2021-02-07
SRR13631790	PRJNA699546	2021-02-07
SRR13631792	PRJNA699546	2021-02-07
SRR13631793	PRJNA699546	2021-02-07
SRR13631794	PRJNA699546	2021-02-07
SRR13631796	PRJNA699546	2021-02-07
SRR13631797	PRJNA699546	2021-02-07
SRR13631798	PRJNA699546	2021-02-07
SRR13631811	PRJNA699546	2021-02-07
SRR13631813	PRJNA699546	2021-02-07
SRR13631815	PRJNA699546	2021-02-07
SRR13631816	PRJNA699546	2021-02-07
SRR13631817	PRJNA699546	2021-02-07
SRR13631821	PRJNA699546	2021-02-07
SRR13631822	PRJNA699546	2021-02-07
SRR13631825	PRJNA699546	2021-02-07
SRR13631828	PRJNA699546	2021-02-07
SRR13631830	PRJNA699546	2021-02-07
SRR13631831	PRJNA699546	2021-02-07
SRR13631834	PRJNA699546	2021-02-07
SRR13631836	PRJNA699546	2021-02-07
SRR13631838	PRJNA699546	2021-02-07
SRR13631839	PRJNA699546	2021-02-07
SRR13631851	PRJNA699546	2021-02-07
SRR13631852	PRJNA699546	2021-02-07
SRR13631855	PRJNA699546	2021-02-07
SRR13631856	PRJNA699546	2021-02-07
SRR13631857	PRJNA699546	2021-02-07
SRR13631861	PRJNA699546	2021-02-07
SRR13631882	PRJNA699546	2021-02-07
SRR13631884	PRJNA699546	2021-02-07
SRR13631924	PRJNA699546	2021-02-07
SRR13631925	PRJNA699546	2021-02-07
SRR13631930	PRJNA699546	2021-02-07
SRR13631961	PRJNA699546	2021-02-07
SRR13631971	PRJNA699546	2021-02-07
SRR13631972	PRJNA699546	2021-02-07
SRR13631976	PRJNA699546	2021-02-07
SRR13631977	PRJNA699546	2021-02-07
SRR13631978	PRJNA699546	2021-02-07
SRR13631981	PRJNA699546	2021-02-07
SRR13631984	PRJNA699546	2021-02-07
SRR13631985	PRJNA699546	2021-02-07
SRR13632001	PRJNA699546	2021-02-07
SRR13632003	PRJNA699546	2021-02-07
SRR13632004	PRJNA699546	2021-02-07
SRR13632007	PRJNA699546	2021-02-07
SRR13632008	PRJNA699546	2021-02-07
SRR13632010	PRJNA699546	2021-02-07
SRR13632014	PRJNA699546	2021-02-07
SRR13632016	PRJNA699546	2021-02-07
SRR13632017	PRJNA699546	2021-02-07
SRR13632018	PRJNA699546	2021-02-07
SRR13632023	PRJNA699546	2021-02-07
SRR13632035	PRJNA699546	2021-02-07
SRR13632040	PRJNA699546	2021-02-07
SRR13632041	PRJNA699546	2021-02-07
SRR13632043	PRJNA699546	2021-02-07
SRR13632057	PRJNA699546	2021-02-07
SRR13632063	PRJNA699546	2021-02-07
SRR13632066	PRJNA699546	2021-02-07
SRR13632068	PRJNA699546	2021-02-07
SRR13632074	PRJNA699546	2021-02-07
SRR13632075	PRJNA699546	2021-02-07
SRR13632080	PRJNA699546	2021-02-07
SRR13632091	PRJNA699546	2021-02-07
SRR13632092	PRJNA699546	2021-02-07
SRR13632094	PRJNA699546	2021-02-07
SRR13632096	PRJNA699546	2021-02-07
SRR13632100	PRJNA699546	2021-02-07
SRR13632103	PRJNA699546	2021-02-07
SRR13632104	PRJNA699546	2021-02-07
SRR13632131	PRJNA699546	2021-02-07
SRR13632133	PRJNA699546	2021-02-07
SRR13632134	PRJNA699546	2021-02-07
SRR13632135	PRJNA699546	2021-02-07
SRR13632136	PRJNA699546	2021-02-07
SRR13632143	PRJNA699546	2021-02-07
SRR13632159	PRJNA699546	2021-02-07
SRR13632160	PRJNA699546	2021-02-07
SRR13632162	PRJNA699546	2021-02-07
SRR13632163	PRJNA699546	2021-02-07
SRR13632172	PRJNA699546	2021-02-07
SRR13632184	PRJNA699546	2021-02-07
SRR13632185	PRJNA699546	2021-02-07
SRR13632194	PRJNA699546	2021-02-07
SRR13632195	PRJNA699546	2021-02-07
SRR13632201	PRJNA699546	2021-02-07
SRR13632233	PRJNA699546	2021-02-07
SRR13632237	PRJNA699546	2021-02-07
SRR13632244	PRJNA699546	2021-02-07
SRR13632257	PRJNA699546	2021-02-07
SRR13632258	PRJNA699546	2021-02-07
SRR13632259	PRJNA699546	2021-02-07
SRR13632260	PRJNA699546	2021-02-07
SRR13632264	PRJNA699546	2021-02-07
SRR13632265	PRJNA699546	2021-02-07
SRR13632268	PRJNA699546	2021-02-07
SRR13632269	PRJNA699546	2021-02-07
SRR13632272	PRJNA699546	2021-02-07
SRR13632276	PRJNA699546	2021-02-07
SRR13632278	PRJNA699546	2021-02-07
SRR13632284	PRJNA699546	2021-02-07
SRR13632289	PRJNA699546	2021-02-07
SRR13632314	PRJNA699546	2021-02-07
SRR13632319	PRJNA699546	2021-02-07
SRR13632320	PRJNA699546	2021-02-07
SRR13632321	PRJNA699546	2021-02-07
SRR13632322	PRJNA699546	2021-02-07
SRR11692093	PRJNA630485	2021-02-10
SRR11692097	PRJNA630485	2021-02-10
SRR11692099	PRJNA630485	2021-02-10
SRR11692104	PRJNA630485	2021-02-10
SRR11692090	PRJNA630485	2021-02-10
SRR11692092	PRJNA630485	2021-02-10
SRR11692100	PRJNA630485	2021-02-10
SRR11692102	PRJNA630485	2021-02-10
SRR11692091	PRJNA630485	2021-02-10
SRR11692094	PRJNA630485	2021-02-10
SRR11692095	PRJNA630485	2021-02-10
SRR11692096	PRJNA630485	2021-02-10
SRR11692098	PRJNA630485	2021-02-10
SRR11692101	PRJNA630485	2021-02-10
SRR11692103	PRJNA630485	2021-02-10
SRR12935472	PRJNA668142	2021-02-15
SRR13532374	PRJNA694947	2021-02-16
SRR13532379	PRJNA694947	2021-02-16
SRR13532384	PRJNA694947	2021-02-16
SRR13532385	PRJNA694947	2021-02-16
SRR13532388	PRJNA694947	2021-02-16
SRR13532392	PRJNA694947	2021-02-16
SRR13532394	PRJNA694947	2021-02-16
SRR13532399	PRJNA694947	2021-02-16
SRR13532400	PRJNA694947	2021-02-16
SRR13532401	PRJNA694947	2021-02-16
SRR13711228	PRJNA694947	2021-02-16
SRR13532369	PRJNA694947	2021-02-16
SRR13532371	PRJNA694947	2021-02-16
SRR13532372	PRJNA694947	2021-02-16
SRR13532373	PRJNA694947	2021-02-16
SRR13532375	PRJNA694947	2021-02-16
SRR13532376	PRJNA694947	2021-02-16
SRR13532377	PRJNA694947	2021-02-16
SRR13532380	PRJNA694947	2021-02-16
SRR13532382	PRJNA694947	2021-02-16
SRR13532390	PRJNA694947	2021-02-16
SRR13532393	PRJNA694947	2021-02-16
SRR13532396	PRJNA694947	2021-02-16
SRR13532397	PRJNA694947	2021-02-16
SRR13532398	PRJNA694947	2021-02-16
SRR13532402	PRJNA694947	2021-02-16
SRR13532403	PRJNA694947	2021-02-16
SRR13532404	PRJNA694947	2021-02-16
SRR13532406	PRJNA694947	2021-02-16
SRR13711218	PRJNA694947	2021-02-16
SRR13711220	PRJNA694947	2021-02-16
SRR13711224	PRJNA694947	2021-02-16
SRR13711226	PRJNA694947	2021-02-16
SRR13711227	PRJNA694947	2021-02-16
SRR13532370	PRJNA694947	2021-02-16
SRR13532378	PRJNA694947	2021-02-16
SRR13532381	PRJNA694947	2021-02-16
SRR13532383	PRJNA694947	2021-02-16
SRR13532386	PRJNA694947	2021-02-16
SRR13532387	PRJNA694947	2021-02-16
SRR13532389	PRJNA694947	2021-02-16
SRR13532391	PRJNA694947	2021-02-16
SRR13532395	PRJNA694947	2021-02-16
SRR13532405	PRJNA694947	2021-02-16
SRR13711219	PRJNA694947	2021-02-16
SRR13711221	PRJNA694947	2021-02-16
SRR13711222	PRJNA694947	2021-02-16
SRR13711223	PRJNA694947	2021-02-16
SRR13711225	PRJNA694947	2021-02-16
SRR13711229	PRJNA694947	2021-02-16
SRR12935473	PRJNA668142	2021-02-18
SRR12935481	PRJNA668142	2021-02-18
SRR13198542	PRJNA668142	2021-02-18
SRR13764241	PRJNA703977	2021-03-01
SRR13764242	PRJNA703977	2021-03-01
SRR13764251	PRJNA703977	2021-03-01
SRR13764253	PRJNA703977	2021-03-01
SRR13764256	PRJNA703977	2021-03-01
SRR13764257	PRJNA703977	2021-03-01
SRR13764260	PRJNA703977	2021-03-01
SRR13764240	PRJNA703977	2021-03-01
SRR13764244	PRJNA703977	2021-03-01
SRR13764246	PRJNA703977	2021-03-01
SRR13764249	PRJNA703977	2021-03-01
SRR13764254	PRJNA703977	2021-03-01
SRR13764255	PRJNA703977	2021-03-01
SRR13764261	PRJNA703977	2021-03-01
SRR13764238	PRJNA703977	2021-03-01
SRR13764239	PRJNA703977	2021-03-01
SRR13764243	PRJNA703977	2021-03-01
SRR13764245	PRJNA703977	2021-03-01
SRR13764247	PRJNA703977	2021-03-01
SRR13764248	PRJNA703977	2021-03-01
SRR13764250	PRJNA703977	2021-03-01
SRR13764252	PRJNA703977	2021-03-01
SRR13764258	PRJNA703977	2021-03-01
SRR13764259	PRJNA703977	2021-03-01
SRR13786234	PRJNA704106	2021-03-01
SRR13786236	PRJNA704106	2021-03-01
SRR13786239	PRJNA704106	2021-03-01
SRR13786240	PRJNA704106	2021-03-01
SRR13786243	PRJNA704106	2021-03-01
SRR13786253	PRJNA704106	2021-03-01
SRR13786257	PRJNA704106	2021-03-01
SRR13786262	PRJNA704106	2021-03-01
SRR13786263	PRJNA704106	2021-03-01
SRR13786265	PRJNA704106	2021-03-01
SRR13786266	PRJNA704106	2021-03-01
SRR13786268	PRJNA704106	2021-03-01
SRR13786270	PRJNA704106	2021-03-01
SRR13786275	PRJNA704106	2021-03-01
SRR13786277	PRJNA704106	2021-03-01
SRR13786278	PRJNA704106	2021-03-01
SRR13786280	PRJNA704106	2021-03-01
SRR13786233	PRJNA704106	2021-03-01
SRR13786238	PRJNA704106	2021-03-01
SRR13786242	PRJNA704106	2021-03-01
SRR13786246	PRJNA704106	2021-03-01
SRR13786247	PRJNA704106	2021-03-01
SRR13786248	PRJNA704106	2021-03-01
SRR13786249	PRJNA704106	2021-03-01
SRR13786250	PRJNA704106	2021-03-01
SRR13786251	PRJNA704106	2021-03-01
SRR13786252	PRJNA704106	2021-03-01
SRR13786254	PRJNA704106	2021-03-01
SRR13786256	PRJNA704106	2021-03-01
SRR13786259	PRJNA704106	2021-03-01
SRR13786261	PRJNA704106	2021-03-01
SRR13786264	PRJNA704106	2021-03-01
SRR13786271	PRJNA704106	2021-03-01
SRR13786273	PRJNA704106	2021-03-01
SRR13786231	PRJNA704106	2021-03-01
SRR13786232	PRJNA704106	2021-03-01
SRR13786235	PRJNA704106	2021-03-01
SRR13786237	PRJNA704106	2021-03-01
SRR13786241	PRJNA704106	2021-03-01
SRR13786244	PRJNA704106	2021-03-01
SRR13786245	PRJNA704106	2021-03-01
SRR13786255	PRJNA704106	2021-03-01
SRR13786258	PRJNA704106	2021-03-01
SRR13786260	PRJNA704106	2021-03-01
SRR13786267	PRJNA704106	2021-03-01
SRR13786269	PRJNA704106	2021-03-01
SRR13786272	PRJNA704106	2021-03-01
SRR13786274	PRJNA704106	2021-03-01
SRR13786276	PRJNA704106	2021-03-01
SRR13786279	PRJNA704106	2021-03-01
SRR13783235	PRJNA704901	2021-03-01
SRR13783238	PRJNA704901	2021-03-01
SRR13783239	PRJNA704901	2021-03-01
SRR13783242	PRJNA704901	2021-03-01
SRR13783246	PRJNA704901	2021-03-01
SRR13783250	PRJNA704901	2021-03-01
SRR13783252	PRJNA704901	2021-03-01
SRR13783253	PRJNA704901	2021-03-01
SRR13783256	PRJNA704901	2021-03-01
SRR13783258	PRJNA704901	2021-03-01
SRR13783260	PRJNA704901	2021-03-01
SRR13783261	PRJNA704901	2021-03-01
SRR13783234	PRJNA704901	2021-03-01
SRR13783237	PRJNA704901	2021-03-01
SRR13783243	PRJNA704901	2021-03-01
SRR13783244	PRJNA704901	2021-03-01
SRR13783245	PRJNA704901	2021-03-01
SRR13783251	PRJNA704901	2021-03-01
SRR13783255	PRJNA704901	2021-03-01
SRR13783257	PRJNA704901	2021-03-01
SRR13783236	PRJNA704901	2021-03-01
SRR13783240	PRJNA704901	2021-03-01
SRR13783241	PRJNA704901	2021-03-01
SRR13783247	PRJNA704901	2021-03-01
SRR13783248	PRJNA704901	2021-03-01
SRR13783249	PRJNA704901	2021-03-01
SRR13783254	PRJNA704901	2021-03-01
SRR13783259	PRJNA704901	2021-03-01
SRR13159347	PRJNA681221	2021-03-16
SRR13159355	PRJNA681221	2021-03-16
SRR13159356	PRJNA681221	2021-03-16
SRR13159344	PRJNA681221	2021-03-16
SRR13159345	PRJNA681221	2021-03-16
SRR13159346	PRJNA681221	2021-03-16
SRR13159348	PRJNA681221	2021-03-16
SRR13159349	PRJNA681221	2021-03-16
SRR13159350	PRJNA681221	2021-03-16
SRR13159353	PRJNA681221	2021-03-16
SRR13159358	PRJNA681221	2021-03-16
SRR13159361	PRJNA681221	2021-03-16
SRR13159351	PRJNA681221	2021-03-16
SRR13159352	PRJNA681221	2021-03-16
SRR13159354	PRJNA681221	2021-03-16
SRR13159357	PRJNA681221	2021-03-16
SRR13159359	PRJNA681221	2021-03-16
SRR13159360	PRJNA681221	2021-03-16
SRR11658491	PRJNA629640	2021-03-31
SRR11658499	PRJNA629640	2021-03-31
SRR11658501	PRJNA629640	2021-03-31
SRR11658502	PRJNA629640	2021-03-31
SRR11658492	PRJNA629640	2021-03-31
SRR11658494	PRJNA629640	2021-03-31
SRR11658495	PRJNA629640	2021-03-31
SRR11658496	PRJNA629640	2021-03-31
SRR11658498	PRJNA629640	2021-03-31
SRR11658493	PRJNA629640	2021-03-31
SRR11658497	PRJNA629640	2021-03-31
SRR11658500	PRJNA629640	2021-03-31
SRR13084956	PRJNA451017	2021-04-13
SRR13084958	PRJNA451017	2021-04-13
SRR13084959	PRJNA451017	2021-04-13
SRR13084960	PRJNA451017	2021-04-13
SRR7042444	PRJNA451017	2021-04-13
SRR7042447	PRJNA451017	2021-04-13
SRR7042448	PRJNA451017	2021-04-13
SRR7042452	PRJNA451017	2021-04-13
SRR7042455	PRJNA451017	2021-04-13
SRR7042456	PRJNA451017	2021-04-13
SRR7042457	PRJNA451017	2021-04-13
SRR7042443	PRJNA451017	2021-04-13
SRR7042445	PRJNA451017	2021-04-13
SRR7042450	PRJNA451017	2021-04-13
SRR7042451	PRJNA451017	2021-04-13
SRR7042453	PRJNA451017	2021-04-13
SRR7042459	PRJNA451017	2021-04-13
SRR7042446	PRJNA451017	2021-04-13
SRR7042449	PRJNA451017	2021-04-13
SRR7042454	PRJNA451017	2021-04-13
SRR7042458	PRJNA451017	2021-04-13
SRR7042460	PRJNA451017	2021-04-13
SRR13084957	PRJNA451017	2021-04-13
SRR14233750	PRJNA721733	2021-04-16
SRR14233751	PRJNA721733	2021-04-16
SRR14233754	PRJNA721733	2021-04-16
SRR14233759	PRJNA721733	2021-04-16
SRR14233760	PRJNA721733	2021-04-16
SRR14233761	PRJNA721733	2021-04-16
SRR14233770	PRJNA721733	2021-04-16
SRR14233772	PRJNA721733	2021-04-16
SRR14233775	PRJNA721733	2021-04-16
SRR14233777	PRJNA721733	2021-04-16
SRR14233778	PRJNA721733	2021-04-16
SRR14233780	PRJNA721733	2021-04-16
SRR14233781	PRJNA721733	2021-04-16
SRR14233749	PRJNA721733	2021-04-16
SRR14233756	PRJNA721733	2021-04-16
SRR14233757	PRJNA721733	2021-04-16
SRR14233758	PRJNA721733	2021-04-16
SRR14233762	PRJNA721733	2021-04-16
SRR14233765	PRJNA721733	2021-04-16
SRR14233773	PRJNA721733	2021-04-16
SRR14233776	PRJNA721733	2021-04-16
SRR14233779	PRJNA721733	2021-04-16
SRR14233752	PRJNA721733	2021-04-16
SRR14233753	PRJNA721733	2021-04-16
SRR14233755	PRJNA721733	2021-04-16
SRR14233763	PRJNA721733	2021-04-16
SRR14233764	PRJNA721733	2021-04-16
SRR14233766	PRJNA721733	2021-04-16
SRR14233767	PRJNA721733	2021-04-16
SRR14233768	PRJNA721733	2021-04-16
SRR14233769	PRJNA721733	2021-04-16
SRR14233771	PRJNA721733	2021-04-16
SRR14233774	PRJNA721733	2021-04-16
SRR14233782	PRJNA721733	2021-04-16
SRR14233783	PRJNA721733	2021-04-16
SRR14233784	PRJNA721733	2021-04-16
SRR14004986	PRJNA715645	2021-05-09
SRR14004989	PRJNA715645	2021-05-09
SRR14004992	PRJNA715645	2021-05-09
SRR14004993	PRJNA715645	2021-05-09
SRR14004995	PRJNA715645	2021-05-09
SRR14004996	PRJNA715645	2021-05-09
SRR14005000	PRJNA715645	2021-05-09
SRR14005003	PRJNA715645	2021-05-09
SRR14005005	PRJNA715645	2021-05-09
SRR14005015	PRJNA715645	2021-05-09
SRR14005018	PRJNA715645	2021-05-09
SRR14004987	PRJNA715645	2021-05-09
SRR14004988	PRJNA715645	2021-05-09
SRR14004990	PRJNA715645	2021-05-09
SRR14004991	PRJNA715645	2021-05-09
SRR14004994	PRJNA715645	2021-05-09
SRR14004998	PRJNA715645	2021-05-09
SRR14005004	PRJNA715645	2021-05-09
SRR14005006	PRJNA715645	2021-05-09
SRR14005008	PRJNA715645	2021-05-09
SRR14005010	PRJNA715645	2021-05-09
SRR14005012	PRJNA715645	2021-05-09
SRR14005013	PRJNA715645	2021-05-09
SRR14005014	PRJNA715645	2021-05-09
SRR14005017	PRJNA715645	2021-05-09
SRR14004985	PRJNA715645	2021-05-09
SRR14004997	PRJNA715645	2021-05-09
SRR14004999	PRJNA715645	2021-05-09
SRR14005001	PRJNA715645	2021-05-09
SRR14005002	PRJNA715645	2021-05-09
SRR14005007	PRJNA715645	2021-05-09
SRR14005009	PRJNA715645	2021-05-09
SRR14005011	PRJNA715645	2021-05-09
SRR14005016	PRJNA715645	2021-05-09
SRR14005019	PRJNA715645	2021-05-09
SRR14005020	PRJNA715645	2021-05-09
SRR12046228	PRJNA640390	2021-05-11
SRR12046236	PRJNA640390	2021-05-11
SRR12046240	PRJNA640390	2021-05-11
SRR12046242	PRJNA640390	2021-05-11
SRR12046248	PRJNA640390	2021-05-11
SRR12046226	PRJNA640390	2021-05-11
SRR12046227	PRJNA640390	2021-05-11
SRR12046230	PRJNA640390	2021-05-11
SRR12046231	PRJNA640390	2021-05-11
SRR12046234	PRJNA640390	2021-05-11
SRR12046235	PRJNA640390	2021-05-11
SRR12046237	PRJNA640390	2021-05-11
SRR12046238	PRJNA640390	2021-05-11
SRR12046239	PRJNA640390	2021-05-11
SRR12046246	PRJNA640390	2021-05-11
SRR12046247	PRJNA640390	2021-05-11
SRR12046225	PRJNA640390	2021-05-11
SRR12046229	PRJNA640390	2021-05-11
SRR12046232	PRJNA640390	2021-05-11
SRR12046233	PRJNA640390	2021-05-11
SRR12046241	PRJNA640390	2021-05-11
SRR12046243	PRJNA640390	2021-05-11
SRR12046244	PRJNA640390	2021-05-11
SRR12046245	PRJNA640390	2021-05-11
SRR14523823	PRJNA729750	2021-05-15
SRR14523828	PRJNA729750	2021-05-15
SRR14523835	PRJNA729750	2021-05-15
SRR14523841	PRJNA729750	2021-05-15
SRR14523845	PRJNA729750	2021-05-15
SRR14523847	PRJNA729750	2021-05-15
SRR14523849	PRJNA729750	2021-05-15
SRR14523891	PRJNA729750	2021-05-15
SRR14523925	PRJNA729750	2021-05-15
SRR14523994	PRJNA729750	2021-05-15
SRR14523995	PRJNA729750	2021-05-15
SRR14524003	PRJNA729750	2021-05-15
SRR14524004	PRJNA729750	2021-05-15
SRR14524011	PRJNA729750	2021-05-15
SRR14524012	PRJNA729750	2021-05-15
SRR14524086	PRJNA729750	2021-05-15
SRR14524088	PRJNA729750	2021-05-15
SRR14524089	PRJNA729750	2021-05-15
SRR14524094	PRJNA729750	2021-05-15
SRR14524098	PRJNA729750	2021-05-15
SRR14524101	PRJNA729750	2021-05-15
SRR14524104	PRJNA729750	2021-05-15
SRR14524105	PRJNA729750	2021-05-15
SRR14523824	PRJNA729750	2021-05-15
SRR14523836	PRJNA729750	2021-05-15
SRR14523837	PRJNA729750	2021-05-15
SRR14523839	PRJNA729750	2021-05-15
SRR14523840	PRJNA729750	2021-05-15
SRR14523848	PRJNA729750	2021-05-15
SRR14523890	PRJNA729750	2021-05-15
SRR14523892	PRJNA729750	2021-05-15
SRR14523893	PRJNA729750	2021-05-15
SRR14523922	PRJNA729750	2021-05-15
SRR14523923	PRJNA729750	2021-05-15
SRR14523924	PRJNA729750	2021-05-15
SRR14523990	PRJNA729750	2021-05-15
SRR14523991	PRJNA729750	2021-05-15
SRR14523996	PRJNA729750	2021-05-15
SRR14523997	PRJNA729750	2021-05-15
SRR14524002	PRJNA729750	2021-05-15
SRR14524019	PRJNA729750	2021-05-15
SRR14524087	PRJNA729750	2021-05-15
SRR14524096	PRJNA729750	2021-05-15
SRR14524097	PRJNA729750	2021-05-15
SRR14523821	PRJNA729750	2021-05-15
SRR14523822	PRJNA729750	2021-05-15
SRR14523827	PRJNA729750	2021-05-15
SRR14523829	PRJNA729750	2021-05-15
SRR14523833	PRJNA729750	2021-05-15
SRR14523834	PRJNA729750	2021-05-15
SRR14523846	PRJNA729750	2021-05-15
SRR14523992	PRJNA729750	2021-05-15
SRR14523993	PRJNA729750	2021-05-15
SRR14524005	PRJNA729750	2021-05-15
SRR14524013	PRJNA729750	2021-05-15
SRR14524018	PRJNA729750	2021-05-15
SRR14524020	PRJNA729750	2021-05-15
SRR14524021	PRJNA729750	2021-05-15
SRR14524095	PRJNA729750	2021-05-15
SRR14524099	PRJNA729750	2021-05-15
SRR14524100	PRJNA729750	2021-05-15
SRR14524102	PRJNA729750	2021-05-15
SRR14524103	PRJNA729750	2021-05-15
SRR14520767	PRJNA729641	2021-05-16
SRR14520768	PRJNA729641	2021-05-16
SRR14520769	PRJNA729641	2021-05-16
SRR14520772	PRJNA729641	2021-05-16
SRR14520773	PRJNA729641	2021-05-16
SRR14520774	PRJNA729641	2021-05-16
SRR14520776	PRJNA729641	2021-05-16
SRR14520766	PRJNA729641	2021-05-16
SRR14520770	PRJNA729641	2021-05-16
SRR14520771	PRJNA729641	2021-05-16
SRR14520775	PRJNA729641	2021-05-16
SRR14520777	PRJNA729641	2021-05-16
SRR11821841	PRJNA634157	2021-05-20
SRR11821845	PRJNA634157	2021-05-20
SRR11821846	PRJNA634157	2021-05-20
SRR11821849	PRJNA634157	2021-05-20
SRR11821843	PRJNA634157	2021-05-20
SRR11821844	PRJNA634157	2021-05-20
SRR11821850	PRJNA634157	2021-05-20
SRR11821839	PRJNA634157	2021-05-20
SRR11821840	PRJNA634157	2021-05-20
SRR11821842	PRJNA634157	2021-05-20
SRR11821847	PRJNA634157	2021-05-20
SRR11821848	PRJNA634157	2021-05-20
SRR12720521	PRJNA665977	2021-06-08
SRR12720522	PRJNA665977	2021-06-08
SRR12720523	PRJNA665977	2021-06-08
SRR12720529	PRJNA665977	2021-06-08
SRR12720537	PRJNA665977	2021-06-08
SRR12720544	PRJNA665977	2021-06-08
SRR12720545	PRJNA665977	2021-06-08
SRR12720547	PRJNA665977	2021-06-08
SRR12720549	PRJNA665977	2021-06-08
SRR12720555	PRJNA665977	2021-06-08
SRR12720557	PRJNA665977	2021-06-08
SRR12720558	PRJNA665977	2021-06-08
SRR12720524	PRJNA665977	2021-06-08
SRR12720526	PRJNA665977	2021-06-08
SRR12720528	PRJNA665977	2021-06-08
SRR12720530	PRJNA665977	2021-06-08
SRR12720532	PRJNA665977	2021-06-08
SRR12720534	PRJNA665977	2021-06-08
SRR12720551	PRJNA665977	2021-06-08
SRR12720519	PRJNA665977	2021-06-08
SRR12720520	PRJNA665977	2021-06-08
SRR12720525	PRJNA665977	2021-06-08
SRR12720527	PRJNA665977	2021-06-08
SRR12720531	PRJNA665977	2021-06-08
SRR12720533	PRJNA665977	2021-06-08
SRR12720535	PRJNA665977	2021-06-08
SRR12720536	PRJNA665977	2021-06-08
SRR12720538	PRJNA665977	2021-06-08
SRR12720539	PRJNA665977	2021-06-08
SRR12720540	PRJNA665977	2021-06-08
SRR12720541	PRJNA665977	2021-06-08
SRR12720542	PRJNA665977	2021-06-08
SRR12720543	PRJNA665977	2021-06-08
SRR12720546	PRJNA665977	2021-06-08
SRR12720548	PRJNA665977	2021-06-08
SRR12720550	PRJNA665977	2021-06-08
SRR12720552	PRJNA665977	2021-06-08
SRR12720553	PRJNA665977	2021-06-08
SRR12720554	PRJNA665977	2021-06-08
SRR12720556	PRJNA665977	2021-06-08
SRR14709653	PRJNA733836	2021-06-08
SRR14709656	PRJNA733836	2021-06-08
SRR14709657	PRJNA733836	2021-06-08
SRR14709658	PRJNA733836	2021-06-08
SRR14709659	PRJNA733836	2021-06-08
SRR14709663	PRJNA733836	2021-06-08
SRR14709668	PRJNA733836	2021-06-08
SRR14709671	PRJNA733836	2021-06-08
SRR14709672	PRJNA733836	2021-06-08
SRR14709655	PRJNA733836	2021-06-08
SRR14709660	PRJNA733836	2021-06-08
SRR14709665	PRJNA733836	2021-06-08
SRR14709667	PRJNA733836	2021-06-08
SRR14709669	PRJNA733836	2021-06-08
SRR14709670	PRJNA733836	2021-06-08
SRR14709654	PRJNA733836	2021-06-08
SRR14709661	PRJNA733836	2021-06-08
SRR14709662	PRJNA733836	2021-06-08
SRR14709664	PRJNA733836	2021-06-08
SRR14709666	PRJNA733836	2021-06-08
SRR10262238	PRJNA576920	2021-06-26
SRR10262239	PRJNA576920	2021-06-26
SRR10262310	PRJNA576920	2021-06-26
SRR10262312	PRJNA576920	2021-06-26
SRR10262313	PRJNA576920	2021-06-26
SRR10262314	PRJNA576920	2021-06-26
SRR10262315	PRJNA576920	2021-06-26
SRR10262316	PRJNA576920	2021-06-26
SRR10262335	PRJNA576920	2021-06-26
SRR10262336	PRJNA576920	2021-06-26
SRR10262337	PRJNA576920	2021-06-26
SRR10262346	PRJNA576920	2021-06-26
SRR10262348	PRJNA576920	2021-06-26
SRR10262350	PRJNA576920	2021-06-26
SRR10262351	PRJNA576920	2021-06-26
SRR10262353	PRJNA576920	2021-06-26
SRR10262688	PRJNA576920	2021-06-26
SRR10262689	PRJNA576920	2021-06-26
SRR10262699	PRJNA576920	2021-06-26
SRR10262703	PRJNA576920	2021-06-26
SRR10262705	PRJNA576920	2021-06-26
SRR10262706	PRJNA576920	2021-06-26
SRR10262719	PRJNA576920	2021-06-26
SRR10262725	PRJNA576920	2021-06-26
SRR10266793	PRJNA576920	2021-06-26
SRR10266794	PRJNA576920	2021-06-26
SRR10266795	PRJNA576920	2021-06-26
SRR10266796	PRJNA576920	2021-06-26
SRR10266802	PRJNA576920	2021-06-26
SRR10266870	PRJNA576920	2021-06-26
SRR10266874	PRJNA576920	2021-06-26
SRR10266875	PRJNA576920	2021-06-26
SRR10266878	PRJNA576920	2021-06-26
SRR10266896	PRJNA576920	2021-06-26
SRR10266899	PRJNA576920	2021-06-26
SRR10266907	PRJNA576920	2021-06-26
SRR10261677	PRJNA576920	2021-06-26
SRR10261679	PRJNA576920	2021-06-26
SRR10261681	PRJNA576920	2021-06-26
SRR10261682	PRJNA576920	2021-06-26
SRR10261684	PRJNA576920	2021-06-26
SRR10262245	PRJNA576920	2021-06-26
SRR10262306	PRJNA576920	2021-06-26
SRR10262307	PRJNA576920	2021-06-26
SRR10262334	PRJNA576920	2021-06-26
SRR10262338	PRJNA576920	2021-06-26
SRR10262339	PRJNA576920	2021-06-26
SRR10262341	PRJNA576920	2021-06-26
SRR10262349	PRJNA576920	2021-06-26
SRR10262352	PRJNA576920	2021-06-26
SRR10262690	PRJNA576920	2021-06-26
SRR10262696	PRJNA576920	2021-06-26
SRR10262704	PRJNA576920	2021-06-26
SRR10262708	PRJNA576920	2021-06-26
SRR10262716	PRJNA576920	2021-06-26
SRR10262717	PRJNA576920	2021-06-26
SRR10262718	PRJNA576920	2021-06-26
SRR10262724	PRJNA576920	2021-06-26
SRR10266801	PRJNA576920	2021-06-26
SRR10266803	PRJNA576920	2021-06-26
SRR10266873	PRJNA576920	2021-06-26
SRR10266877	PRJNA576920	2021-06-26
SRR10266895	PRJNA576920	2021-06-26
SRR10266898	PRJNA576920	2021-06-26
SRR10266900	PRJNA576920	2021-06-26
SRR10266901	PRJNA576920	2021-06-26
SRR10266910	PRJNA576920	2021-06-26
SRR10266911	PRJNA576920	2021-06-26
SRR10266913	PRJNA576920	2021-06-26
SRR10266914	PRJNA576920	2021-06-26
SRR10261678	PRJNA576920	2021-06-26
SRR10262246	PRJNA576920	2021-06-26
SRR10262309	PRJNA576920	2021-06-26
SRR10262311	PRJNA576920	2021-06-26
SRR10262318	PRJNA576920	2021-06-26
SRR10262340	PRJNA576920	2021-06-26
SRR10262347	PRJNA576920	2021-06-26
SRR10262691	PRJNA576920	2021-06-26
SRR10262697	PRJNA576920	2021-06-26
SRR10262698	PRJNA576920	2021-06-26
SRR10262700	PRJNA576920	2021-06-26
SRR10262707	PRJNA576920	2021-06-26
SRR10262709	PRJNA576920	2021-06-26
SRR10262715	PRJNA576920	2021-06-26
SRR10262720	PRJNA576920	2021-06-26
SRR10262722	PRJNA576920	2021-06-26
SRR10266868	PRJNA576920	2021-06-26
SRR10266869	PRJNA576920	2021-06-26
SRR10266871	PRJNA576920	2021-06-26
SRR10266872	PRJNA576920	2021-06-26
SRR10266876	PRJNA576920	2021-06-26
SRR10266879	PRJNA576920	2021-06-26
SRR10266897	PRJNA576920	2021-06-26
SRR10266902	PRJNA576920	2021-06-26
SRR10266908	PRJNA576920	2021-06-26
SRR10266909	PRJNA576920	2021-06-26
SRR10262240	PRJNA576920	2021-06-28
SRR10262317	PRJNA576920	2021-06-28
SRR10262710	PRJNA576920	2021-06-28
SRR10262723	PRJNA576920	2021-06-28
SRR10266912	PRJNA576920	2021-06-28
SRR10262237	PRJNA576920	2021-06-28
SRR10262308	PRJNA576920	2021-06-28
SRR10262721	PRJNA576920	2021-06-28
SRR13169529	PRJNA681604	2021-07-04
SRR13169532	PRJNA681604	2021-07-04
SRR13169534	PRJNA681604	2021-07-04
SRR13169535	PRJNA681604	2021-07-04
SRR13169537	PRJNA681604	2021-07-04
SRR13169538	PRJNA681604	2021-07-04
SRR13169539	PRJNA681604	2021-07-04
SRR13169540	PRJNA681604	2021-07-04
SRR13169546	PRJNA681604	2021-07-04
SRR13169549	PRJNA681604	2021-07-04
SRR13169553	PRJNA681604	2021-07-04
SRR13169522	PRJNA681604	2021-07-04
SRR13169523	PRJNA681604	2021-07-04
SRR13169524	PRJNA681604	2021-07-04
SRR13169526	PRJNA681604	2021-07-04
SRR13169527	PRJNA681604	2021-07-04
SRR13169528	PRJNA681604	2021-07-04
SRR13169531	PRJNA681604	2021-07-04
SRR13169536	PRJNA681604	2021-07-04
SRR13169541	PRJNA681604	2021-07-04
SRR13169548	PRJNA681604	2021-07-04
SRR13169551	PRJNA681604	2021-07-04
SRR13169525	PRJNA681604	2021-07-04
SRR13169530	PRJNA681604	2021-07-04
SRR13169533	PRJNA681604	2021-07-04
SRR13169542	PRJNA681604	2021-07-04
SRR13169543	PRJNA681604	2021-07-04
SRR13169544	PRJNA681604	2021-07-04
SRR13169545	PRJNA681604	2021-07-04
SRR13169547	PRJNA681604	2021-07-04
SRR13169550	PRJNA681604	2021-07-04
SRR13169552	PRJNA681604	2021-07-04
SRR9871419	PRJNA557684	2021-07-20
SRR9871421	PRJNA557684	2021-07-20
SRR9871423	PRJNA557684	2021-07-20
SRR9871424	PRJNA557684	2021-07-20
SRR9871425	PRJNA557684	2021-07-20
SRR9871430	PRJNA557684	2021-07-20
SRR9871432	PRJNA557684	2021-07-20
SRR9871433	PRJNA557684	2021-07-20
SRR9871420	PRJNA557684	2021-07-20
SRR9871428	PRJNA557684	2021-07-20
SRR9871429	PRJNA557684	2021-07-20
SRR9871422	PRJNA557684	2021-07-20
SRR9871426	PRJNA557684	2021-07-20
SRR9871427	PRJNA557684	2021-07-20
SRR9871431	PRJNA557684	2021-07-20
SRR13733086	PRJNA702498	2021-08-25
SRR13733087	PRJNA702498	2021-08-25
SRR13733089	PRJNA702498	2021-08-25
SRR13733090	PRJNA702498	2021-08-25
SRR13733091	PRJNA702498	2021-08-25
SRR13733095	PRJNA702498	2021-08-25
SRR13733098	PRJNA702498	2021-08-25
SRR13733092	PRJNA702498	2021-08-25
SRR13733093	PRJNA702498	2021-08-25
SRR13733094	PRJNA702498	2021-08-25
SRR13733096	PRJNA702498	2021-08-25
SRR13733097	PRJNA702498	2021-08-25
SRR13733099	PRJNA702498	2021-08-25
SRR13733100	PRJNA702498	2021-08-25
SRR13733088	PRJNA702498	2021-08-25
SRR13853355	PRJNA706446	2021-08-25
SRR13853357	PRJNA706446	2021-08-25
SRR13853365	PRJNA706446	2021-08-25
SRR13853368	PRJNA706446	2021-08-25
SRR13853369	PRJNA706446	2021-08-25
SRR13853370	PRJNA706446	2021-08-25
SRR13853374	PRJNA706446	2021-08-25
SRR13853375	PRJNA706446	2021-08-25
SRR13853376	PRJNA706446	2021-08-25
SRR13853378	PRJNA706446	2021-08-25
SRR13853379	PRJNA706446	2021-08-25
SRR13853354	PRJNA706446	2021-08-25
SRR13853359	PRJNA706446	2021-08-25
SRR13853363	PRJNA706446	2021-08-25
SRR13853367	PRJNA706446	2021-08-25
SRR13853371	PRJNA706446	2021-08-25
SRR13853353	PRJNA706446	2021-08-25
SRR13853356	PRJNA706446	2021-08-25
SRR13853358	PRJNA706446	2021-08-25
SRR13853360	PRJNA706446	2021-08-25
SRR13853361	PRJNA706446	2021-08-25
SRR13853362	PRJNA706446	2021-08-25
SRR13853364	PRJNA706446	2021-08-25
SRR13853366	PRJNA706446	2021-08-25
SRR13853372	PRJNA706446	2021-08-25
SRR13853373	PRJNA706446	2021-08-25
SRR13853377	PRJNA706446	2021-08-25
SRR14121844	PRJNA718886	2021-08-25
SRR14121849	PRJNA718886	2021-08-25
SRR14121851	PRJNA718886	2021-08-25
SRR14121852	PRJNA718886	2021-08-25
SRR14121857	PRJNA718886	2021-08-25
SRR14121860	PRJNA718886	2021-08-25
SRR14121861	PRJNA718886	2021-08-25
SRR14121870	PRJNA718886	2021-08-25
SRR14121871	PRJNA718886	2021-08-25
SRR14121872	PRJNA718886	2021-08-25
SRR14121875	PRJNA718886	2021-08-25
SRR14121837	PRJNA718886	2021-08-25
SRR14121839	PRJNA718886	2021-08-25
SRR14121840	PRJNA718886	2021-08-25
SRR14121850	PRJNA718886	2021-08-25
SRR14121853	PRJNA718886	2021-08-25
SRR14121854	PRJNA718886	2021-08-25
SRR14121856	PRJNA718886	2021-08-25
SRR14121859	PRJNA718886	2021-08-25
SRR14121862	PRJNA718886	2021-08-25
SRR14121863	PRJNA718886	2021-08-25
SRR14121864	PRJNA718886	2021-08-25
SRR14121869	PRJNA718886	2021-08-25
SRR14121874	PRJNA718886	2021-08-25
SRR14121838	PRJNA718886	2021-08-25
SRR14121841	PRJNA718886	2021-08-25
SRR14121842	PRJNA718886	2021-08-25
SRR14121843	PRJNA718886	2021-08-25
SRR14121845	PRJNA718886	2021-08-25
SRR14121846	PRJNA718886	2021-08-25
SRR14121847	PRJNA718886	2021-08-25
SRR14121848	PRJNA718886	2021-08-25
SRR14121855	PRJNA718886	2021-08-25
SRR14121858	PRJNA718886	2021-08-25
SRR14121865	PRJNA718886	2021-08-25
SRR14121866	PRJNA718886	2021-08-25
SRR14121867	PRJNA718886	2021-08-25
SRR14121868	PRJNA718886	2021-08-25
SRR14121873	PRJNA718886	2021-08-25
SRR15362166	PRJNA752631	2021-08-25
SRR15362171	PRJNA752631	2021-08-25
SRR15362172	PRJNA752631	2021-08-25
SRR15362174	PRJNA752631	2021-08-25
SRR15362176	PRJNA752631	2021-08-25
SRR15362178	PRJNA752631	2021-08-25
SRR15362180	PRJNA752631	2021-08-25
SRR15362184	PRJNA752631	2021-08-25
SRR15362188	PRJNA752631	2021-08-25
SRR15362190	PRJNA752631	2021-08-25
SRR15362192	PRJNA752631	2021-08-25
SRR15362221	PRJNA752631	2021-08-25
SRR15362223	PRJNA752631	2021-08-25
SRR15362226	PRJNA752631	2021-08-25
SRR15362167	PRJNA752631	2021-08-25
SRR15362168	PRJNA752631	2021-08-25
SRR15362173	PRJNA752631	2021-08-25
SRR15362175	PRJNA752631	2021-08-25
SRR15362181	PRJNA752631	2021-08-25
SRR15362182	PRJNA752631	2021-08-25
SRR15362183	PRJNA752631	2021-08-25
SRR15362191	PRJNA752631	2021-08-25
SRR15362218	PRJNA752631	2021-08-25
SRR15362224	PRJNA752631	2021-08-25
SRR15362225	PRJNA752631	2021-08-25
SRR15362165	PRJNA752631	2021-08-25
SRR15362169	PRJNA752631	2021-08-25
SRR15362170	PRJNA752631	2021-08-25
SRR15362177	PRJNA752631	2021-08-25
SRR15362179	PRJNA752631	2021-08-25
SRR15362185	PRJNA752631	2021-08-25
SRR15362186	PRJNA752631	2021-08-25
SRR15362187	PRJNA752631	2021-08-25
SRR15362189	PRJNA752631	2021-08-25
SRR15362217	PRJNA752631	2021-08-25
SRR15362219	PRJNA752631	2021-08-25
SRR15362220	PRJNA752631	2021-08-25
SRR15362222	PRJNA752631	2021-08-25
SRR14683904	PRJNA733523	2021-09-01
SRR14683911	PRJNA733523	2021-09-01
SRR14683914	PRJNA733523	2021-09-01
SRR14683905	PRJNA733523	2021-09-01
SRR14683908	PRJNA733523	2021-09-01
SRR14683909	PRJNA733523	2021-09-01
SRR14683913	PRJNA733523	2021-09-01
SRR14683906	PRJNA733523	2021-09-01
SRR14683907	PRJNA733523	2021-09-01
SRR14683910	PRJNA733523	2021-09-01
SRR14683912	PRJNA733523	2021-09-01
SRR14683915	PRJNA733523	2021-09-01
SRR14713010	PRJNA734609	2021-09-15
SRR14713013	PRJNA734609	2021-09-15
SRR14713014	PRJNA734609	2021-09-15
SRR14713015	PRJNA734609	2021-09-15
SRR14713018	PRJNA734609	2021-09-15
SRR14713021	PRJNA734609	2021-09-15
SRR14713022	PRJNA734609	2021-09-15
SRR14713016	PRJNA734609	2021-09-15
SRR14713024	PRJNA734609	2021-09-15
SRR14713011	PRJNA734609	2021-09-15
SRR14713009	PRJNA734609	2021-09-15
SRR14713012	PRJNA734609	2021-09-15
SRR14713017	PRJNA734609	2021-09-15
SRR14713019	PRJNA734609	2021-09-15
SRR14713023	PRJNA734609	2021-09-15
SRR14713020	PRJNA734609	2021-09-15
SRR11537085	PRJNA625154	2021-10-01
SRR11537096	PRJNA625154	2021-10-01
SRR11537098	PRJNA625154	2021-10-01
SRR11537103	PRJNA625154	2021-10-01
SRR11537106	PRJNA625154	2021-10-01
SRR11537087	PRJNA625154	2021-10-01
SRR11537088	PRJNA625154	2021-10-01
SRR11537090	PRJNA625154	2021-10-01
SRR11537092	PRJNA625154	2021-10-01
SRR11537093	PRJNA625154	2021-10-01
SRR11537097	PRJNA625154	2021-10-01
SRR11537099	PRJNA625154	2021-10-01
SRR11537100	PRJNA625154	2021-10-01
SRR11537104	PRJNA625154	2021-10-01
SRR11537105	PRJNA625154	2021-10-01
SRR11537086	PRJNA625154	2021-10-01
SRR11537089	PRJNA625154	2021-10-01
SRR11537091	PRJNA625154	2021-10-01
SRR11537101	PRJNA625154	2021-10-01
SRR11537102	PRJNA625154	2021-10-01
SRR14148690	PRJNA719921	2021-10-12
SRR14148694	PRJNA719921	2021-10-12
SRR14148699	PRJNA719921	2021-10-12
SRR14148700	PRJNA719921	2021-10-12
SRR14148692	PRJNA719921	2021-10-12
SRR14148697	PRJNA719921	2021-10-12
SRR14148698	PRJNA719921	2021-10-12
SRR14148688	PRJNA719921	2021-10-12
SRR14148689	PRJNA719921	2021-10-12
SRR14148691	PRJNA719921	2021-10-12
SRR14148693	PRJNA719921	2021-10-12
SRR14148695	PRJNA719921	2021-10-12
SRR14148696	PRJNA719921	2021-10-12
SRR14148701	PRJNA719921	2021-10-12
SRR14148702	PRJNA719921	2021-10-12
SRR14148703	PRJNA719921	2021-10-12
SRR9043353	PRJNA542385	2021-11-03
SRR9043354	PRJNA542385	2021-11-03
SRR9043355	PRJNA542385	2021-11-03
SRR9043356	PRJNA542385	2021-11-03
SRR9043364	PRJNA542385	2021-11-03
SRR9043366	PRJNA542385	2021-11-03
SRR9043369	PRJNA542385	2021-11-03
SRR9043372	PRJNA542385	2021-11-03
SRR9043373	PRJNA542385	2021-11-03
SRR9043376	PRJNA542385	2021-11-03
SRR9043357	PRJNA542385	2021-11-03
SRR9043358	PRJNA542385	2021-11-03
SRR9043359	PRJNA542385	2021-11-03
SRR9043362	PRJNA542385	2021-11-03
SRR9043363	PRJNA542385	2021-11-03
SRR9043365	PRJNA542385	2021-11-03
SRR9043367	PRJNA542385	2021-11-03
SRR9043368	PRJNA542385	2021-11-03
SRR9043370	PRJNA542385	2021-11-03
SRR9043374	PRJNA542385	2021-11-03
SRR9043375	PRJNA542385	2021-11-03
SRR9043360	PRJNA542385	2021-11-03
SRR9043361	PRJNA542385	2021-11-03
SRR9043371	PRJNA542385	2021-11-03
SRR16889477	PRJNA778984	2021-11-13
SRR16889481	PRJNA778984	2021-11-13
SRR16889484	PRJNA778984	2021-11-13
SRR16889486	PRJNA778984	2021-11-13
SRR16889490	PRJNA778984	2021-11-13
SRR16889497	PRJNA778984	2021-11-13
SRR16889499	PRJNA778984	2021-11-13
SRR16889502	PRJNA778984	2021-11-13
SRR16889507	PRJNA778984	2021-11-13
SRR16889509	PRJNA778984	2021-11-13
SRR16889512	PRJNA778984	2021-11-13
SRR16889520	PRJNA778984	2021-11-13
SRR16889523	PRJNA778984	2021-11-13
SRR16889531	PRJNA778984	2021-11-13
SRR16889534	PRJNA778984	2021-11-13
SRR16889535	PRJNA778984	2021-11-13
SRR16889539	PRJNA778984	2021-11-13
SRR16889540	PRJNA778984	2021-11-13
SRR16889541	PRJNA778984	2021-11-13
SRR16889542	PRJNA778984	2021-11-13
SRR16889543	PRJNA778984	2021-11-13
SRR16889545	PRJNA778984	2021-11-13
SRR16889546	PRJNA778984	2021-11-13
SRR16889547	PRJNA778984	2021-11-13
SRR16889476	PRJNA778984	2021-11-13
SRR16889478	PRJNA778984	2021-11-13
SRR16889480	PRJNA778984	2021-11-13
SRR16889482	PRJNA778984	2021-11-13
SRR16889483	PRJNA778984	2021-11-13
SRR16889485	PRJNA778984	2021-11-13
SRR16889491	PRJNA778984	2021-11-13
SRR16889493	PRJNA778984	2021-11-13
SRR16889494	PRJNA778984	2021-11-13
SRR16889496	PRJNA778984	2021-11-13
SRR16889501	PRJNA778984	2021-11-13
SRR16889506	PRJNA778984	2021-11-13
SRR16889508	PRJNA778984	2021-11-13
SRR16889516	PRJNA778984	2021-11-13
SRR16889518	PRJNA778984	2021-11-13
SRR16889519	PRJNA778984	2021-11-13
SRR16889521	PRJNA778984	2021-11-13
SRR16889522	PRJNA778984	2021-11-13
SRR16889525	PRJNA778984	2021-11-13
SRR16889526	PRJNA778984	2021-11-13
SRR16889528	PRJNA778984	2021-11-13
SRR16889536	PRJNA778984	2021-11-13
SRR16889537	PRJNA778984	2021-11-13
SRR16889479	PRJNA778984	2021-11-13
SRR16889487	PRJNA778984	2021-11-13
SRR16889488	PRJNA778984	2021-11-13
SRR16889489	PRJNA778984	2021-11-13
SRR16889492	PRJNA778984	2021-11-13
SRR16889495	PRJNA778984	2021-11-13
SRR16889498	PRJNA778984	2021-11-13
SRR16889500	PRJNA778984	2021-11-13
SRR16889503	PRJNA778984	2021-11-13
SRR16889504	PRJNA778984	2021-11-13
SRR16889505	PRJNA778984	2021-11-13
SRR16889510	PRJNA778984	2021-11-13
SRR16889511	PRJNA778984	2021-11-13
SRR16889513	PRJNA778984	2021-11-13
SRR16889514	PRJNA778984	2021-11-13
SRR16889515	PRJNA778984	2021-11-13
SRR16889517	PRJNA778984	2021-11-13
SRR16889524	PRJNA778984	2021-11-13
SRR16889527	PRJNA778984	2021-11-13
SRR16889529	PRJNA778984	2021-11-13
SRR16889530	PRJNA778984	2021-11-13
SRR16889532	PRJNA778984	2021-11-13
SRR16889533	PRJNA778984	2021-11-13
SRR16889538	PRJNA778984	2021-11-13
SRR16889544	PRJNA778984	2021-11-13
SRR16931515	PRJNA779191	2021-11-14
SRR16931516	PRJNA779191	2021-11-14
SRR16931518	PRJNA779191	2021-11-14
SRR16931522	PRJNA779191	2021-11-14
SRR16931523	PRJNA779191	2021-11-14
SRR16931517	PRJNA779191	2021-11-14
SRR16931521	PRJNA779191	2021-11-14
SRR16931524	PRJNA779191	2021-11-14
SRR16931514	PRJNA779191	2021-11-14
SRR16931519	PRJNA779191	2021-11-14
SRR16931520	PRJNA779191	2021-11-14
SRR16931525	PRJNA779191	2021-11-14
ERR6753296	PRJEB47586	2021-11-15
ERR6753300	PRJEB47586	2021-11-15
ERR6797402	PRJEB47586	2021-11-15
ERR6797403	PRJEB47586	2021-11-15
ERR6797404	PRJEB47586	2021-11-15
ERR6800680	PRJEB47586	2021-11-15
ERR6800692	PRJEB47586	2021-11-15
ERR6800693	PRJEB47586	2021-11-15
ERR6753295	PRJEB47586	2021-11-15
ERR6753297	PRJEB47586	2021-11-15
ERR6797407	PRJEB47586	2021-11-15
ERR6797408	PRJEB47586	2021-11-15
ERR6800686	PRJEB47586	2021-11-15
ERR6800689	PRJEB47586	2021-11-15
ERR6800694	PRJEB47586	2021-11-15
ERR6800695	PRJEB47586	2021-11-15
ERR6800705	PRJEB47586	2021-11-15
ERR6800711	PRJEB47586	2021-11-15
ERR6753294	PRJEB47586	2021-11-15
ERR6753299	PRJEB47586	2021-11-15
ERR6797405	PRJEB47586	2021-11-15
ERR6800687	PRJEB47586	2021-11-15
ERR6800688	PRJEB47586	2021-11-15
ERR6800704	PRJEB47586	2021-11-15
ERR6800708	PRJEB47586	2021-11-15
ERR6800710	PRJEB47586	2021-11-15
SRR10258411	PRJNA576899	2021-11-18
SRR10258413	PRJNA576899	2021-11-18
SRR10258414	PRJNA576899	2021-11-18
SRR10258420	PRJNA576899	2021-11-18
SRR10258410	PRJNA576899	2021-11-18
SRR10258412	PRJNA576899	2021-11-18
SRR10258415	PRJNA576899	2021-11-18
SRR10258416	PRJNA576899	2021-11-18
SRR10258417	PRJNA576899	2021-11-18
SRR10258419	PRJNA576899	2021-11-18
SRR10258422	PRJNA576899	2021-11-18
SRR10258424	PRJNA576899	2021-11-18
SRR10258425	PRJNA576899	2021-11-18
SRR10258418	PRJNA576899	2021-11-18
SRR10258421	PRJNA576899	2021-11-18
SRR10258423	PRJNA576899	2021-11-18
SRR14154367	PRJNA720122	2021-11-18
SRR14154368	PRJNA720122	2021-11-18
SRR14154369	PRJNA720122	2021-11-18
SRR14154372	PRJNA720122	2021-11-18
SRR14154378	PRJNA720122	2021-11-18
SRR14154382	PRJNA720122	2021-11-18
SRR14154383	PRJNA720122	2021-11-18
SRR14154384	PRJNA720122	2021-11-18
SRR14154386	PRJNA720122	2021-11-18
SRR14154388	PRJNA720122	2021-11-18
SRR14154389	PRJNA720122	2021-11-18
SRR14154397	PRJNA720122	2021-11-18
SRR14154398	PRJNA720122	2021-11-18
SRR14154399	PRJNA720122	2021-11-18
SRR14154400	PRJNA720122	2021-11-18
SRR14154401	PRJNA720122	2021-11-18
SRR14154404	PRJNA720122	2021-11-18
SRR14154406	PRJNA720122	2021-11-18
SRR14154410	PRJNA720122	2021-11-18
SRR14154370	PRJNA720122	2021-11-18
SRR14154371	PRJNA720122	2021-11-18
SRR14154375	PRJNA720122	2021-11-18
SRR14154376	PRJNA720122	2021-11-18
SRR14154379	PRJNA720122	2021-11-18
SRR14154381	PRJNA720122	2021-11-18
SRR14154385	PRJNA720122	2021-11-18
SRR14154390	PRJNA720122	2021-11-18
SRR14154391	PRJNA720122	2021-11-18
SRR14154392	PRJNA720122	2021-11-18
SRR14154393	PRJNA720122	2021-11-18
SRR14154402	PRJNA720122	2021-11-18
SRR14154407	PRJNA720122	2021-11-18
SRR14154408	PRJNA720122	2021-11-18
SRR14154412	PRJNA720122	2021-11-18
SRR14154413	PRJNA720122	2021-11-18
SRR14154414	PRJNA720122	2021-11-18
SRR14154415	PRJNA720122	2021-11-18
SRR14154416	PRJNA720122	2021-11-18
SRR14154418	PRJNA720122	2021-11-18
SRR14154420	PRJNA720122	2021-11-18
SRR14154366	PRJNA720122	2021-11-18
SRR14154373	PRJNA720122	2021-11-18
SRR14154374	PRJNA720122	2021-11-18
SRR14154377	PRJNA720122	2021-11-18
SRR14154380	PRJNA720122	2021-11-18
SRR14154387	PRJNA720122	2021-11-18
SRR14154394	PRJNA720122	2021-11-18
SRR14154395	PRJNA720122	2021-11-18
SRR14154396	PRJNA720122	2021-11-18
SRR14154403	PRJNA720122	2021-11-18
SRR14154405	PRJNA720122	2021-11-18
SRR14154409	PRJNA720122	2021-11-18
SRR14154411	PRJNA720122	2021-11-18
SRR14154417	PRJNA720122	2021-11-18
SRR14154419	PRJNA720122	2021-11-18
SRR14154421	PRJNA720122	2021-11-18
DRR278980	PRJDB11300	2021-12-03
DRR279013	PRJDB11300	2021-12-03
DRR279014	PRJDB11300	2021-12-03
DRR279033	PRJDB11300	2021-12-03
DRR279037	PRJDB11300	2021-12-03
DRR278978	PRJDB11300	2021-12-03
DRR279011	PRJDB11300	2021-12-03
DRR279012	PRJDB11300	2021-12-03
DRR279034	PRJDB11300	2021-12-03
DRR279039	PRJDB11300	2021-12-03
DRR279040	PRJDB11300	2021-12-03
DRR278976	PRJDB11300	2021-12-03
DRR279010	PRJDB11300	2021-12-03
DRR278975	PRJDB11300	2021-12-03
DRR278977	PRJDB11300	2021-12-03
DRR278979	PRJDB11300	2021-12-03
DRR279015	PRJDB11300	2021-12-03
DRR279035	PRJDB11300	2021-12-03
DRR279036	PRJDB11300	2021-12-03
DRR279038	PRJDB11300	2021-12-03
DRR279041	PRJDB11300	2021-12-03
DRR279032	PRJDB11300	2021-12-03
DRR279042	PRJDB11300	2021-12-03
DRR279043	PRJDB11300	2021-12-03
SRR11671399	PRJNA625154	2021-12-11
SRR11671401	PRJNA625154	2021-12-11
SRR11671403	PRJNA625154	2021-12-11
SRR11671402	PRJNA625154	2021-12-11
SRR16890862	PRJNA779028	2021-12-14
SRR16890865	PRJNA779028	2021-12-14
SRR16890868	PRJNA779028	2021-12-14
SRR16890869	PRJNA779028	2021-12-14
SRR16890870	PRJNA779028	2021-12-14
SRR16890874	PRJNA779028	2021-12-14
SRR16890876	PRJNA779028	2021-12-14
SRR16890878	PRJNA779028	2021-12-14
SRR16890880	PRJNA779028	2021-12-14
SRR16890884	PRJNA779028	2021-12-14
SRR16890893	PRJNA779028	2021-12-14
SRR16890896	PRJNA779028	2021-12-14
SRR16890906	PRJNA779028	2021-12-14
SRR16890864	PRJNA779028	2021-12-14
SRR16890866	PRJNA779028	2021-12-14
SRR16890867	PRJNA779028	2021-12-14
SRR16890871	PRJNA779028	2021-12-14
SRR16890872	PRJNA779028	2021-12-14
SRR16890873	PRJNA779028	2021-12-14
SRR16890875	PRJNA779028	2021-12-14
SRR16890877	PRJNA779028	2021-12-14
SRR16890879	PRJNA779028	2021-12-14
SRR16890881	PRJNA779028	2021-12-14
SRR16890882	PRJNA779028	2021-12-14
SRR16890883	PRJNA779028	2021-12-14
SRR16890886	PRJNA779028	2021-12-14
SRR16890887	PRJNA779028	2021-12-14
SRR16890889	PRJNA779028	2021-12-14
SRR16890891	PRJNA779028	2021-12-14
SRR16890892	PRJNA779028	2021-12-14
SRR16890895	PRJNA779028	2021-12-14
SRR16890898	PRJNA779028	2021-12-14
SRR16890900	PRJNA779028	2021-12-14
SRR16890901	PRJNA779028	2021-12-14
SRR16890902	PRJNA779028	2021-12-14
SRR16890903	PRJNA779028	2021-12-14
SRR16890907	PRJNA779028	2021-12-14
SRR16890861	PRJNA779028	2021-12-14
SRR16890863	PRJNA779028	2021-12-14
SRR16890885	PRJNA779028	2021-12-14
SRR16890888	PRJNA779028	2021-12-14
SRR16890890	PRJNA779028	2021-12-14
SRR16890894	PRJNA779028	2021-12-14
SRR16890897	PRJNA779028	2021-12-14
SRR16890899	PRJNA779028	2021-12-14
SRR16890904	PRJNA779028	2021-12-14
SRR16890905	PRJNA779028	2021-12-14
SRR16890908	PRJNA779028	2021-12-14
SRR17317881	PRJNA791750	2021-12-26
SRR17317882	PRJNA791750	2021-12-26
SRR17317886	PRJNA791750	2021-12-26
SRR17317887	PRJNA791750	2021-12-26
SRR17317890	PRJNA791750	2021-12-26
SRR17317880	PRJNA791750	2021-12-26
SRR17317883	PRJNA791750	2021-12-26
SRR17317884	PRJNA791750	2021-12-26
SRR17317885	PRJNA791750	2021-12-26
SRR17317888	PRJNA791750	2021-12-26
SRR17317889	PRJNA791750	2021-12-26
SRR13650133	PRJNA700578	2021-12-31
SRR13650135	PRJNA700578	2021-12-31
SRR13650139	PRJNA700578	2021-12-31
SRR13650132	PRJNA700578	2021-12-31
SRR13650134	PRJNA700578	2021-12-31
SRR13650140	PRJNA700578	2021-12-31
SRR13650137	PRJNA700578	2021-12-31
SRR13650143	PRJNA700578	2021-12-31
SRR13650136	PRJNA700578	2021-12-31
SRR13650138	PRJNA700578	2021-12-31
SRR13650141	PRJNA700578	2021-12-31
SRR13650142	PRJNA700578	2021-12-31
SRR10261683	PRJNA576920	2022-01-04
SRR10261680	PRJNA576920	2022-01-04
SRR10262702	PRJNA576920	2022-01-04
SRR10262701	PRJNA576920	2022-01-06
SRR17462002	PRJNA795041	2022-01-08
SRR17462003	PRJNA795041	2022-01-08
SRR17462008	PRJNA795041	2022-01-08
SRR17461997	PRJNA795041	2022-01-08
SRR17461999	PRJNA795041	2022-01-08
SRR17462001	PRJNA795041	2022-01-08
SRR17462004	PRJNA795041	2022-01-08
SRR17462005	PRJNA795041	2022-01-08
SRR17462007	PRJNA795041	2022-01-08
SRR17461998	PRJNA795041	2022-01-08
SRR17462000	PRJNA795041	2022-01-08
SRR17462006	PRJNA795041	2022-01-08
SRR17467414	PRJNA795153	2022-01-08
SRR17467416	PRJNA795153	2022-01-08
SRR17467422	PRJNA795153	2022-01-08
SRR17467426	PRJNA795153	2022-01-08
SRR17467428	PRJNA795153	2022-01-08
SRR17467413	PRJNA795153	2022-01-08
SRR17467419	PRJNA795153	2022-01-08
SRR17467421	PRJNA795153	2022-01-08
SRR17467429	PRJNA795153	2022-01-08
SRR17467415	PRJNA795153	2022-01-08
SRR17467418	PRJNA795153	2022-01-08
SRR17467420	PRJNA795153	2022-01-08
SRR17467425	PRJNA795153	2022-01-08
ERR6178344	PRJEB46063	2022-01-12
ERR6178345	PRJEB46063	2022-01-12
ERR6178346	PRJEB46063	2022-01-12
ERR6178347	PRJEB46063	2022-01-12
ERR6178349	PRJEB46063	2022-01-12
ERR6178350	PRJEB46063	2022-01-12
ERR6178356	PRJEB46063	2022-01-12
ERR6178357	PRJEB46063	2022-01-12
ERR6178362	PRJEB46063	2022-01-12
ERR6178364	PRJEB46063	2022-01-12
ERR6178342	PRJEB46063	2022-01-12
ERR6178348	PRJEB46063	2022-01-12
ERR6178351	PRJEB46063	2022-01-12
ERR6178352	PRJEB46063	2022-01-12
ERR6178353	PRJEB46063	2022-01-12
ERR6178355	PRJEB46063	2022-01-12
ERR6178363	PRJEB46063	2022-01-12
ERR6178365	PRJEB46063	2022-01-12
ERR6178343	PRJEB46063	2022-01-12
ERR6178354	PRJEB46063	2022-01-12
ERR6178358	PRJEB46063	2022-01-12
ERR6178359	PRJEB46063	2022-01-12
ERR6178360	PRJEB46063	2022-01-12
ERR6178361	PRJEB46063	2022-01-12
SRR12828902	PRJNA670003	2022-02-16
SRR12828903	PRJNA670003	2022-02-16
SRR12828907	PRJNA670003	2022-02-16
SRR12828909	PRJNA670003	2022-02-16
SRR12828914	PRJNA670003	2022-02-16
SRR12828915	PRJNA670003	2022-02-16
SRR12828904	PRJNA670003	2022-02-16
SRR12828906	PRJNA670003	2022-02-16
SRR12828910	PRJNA670003	2022-02-16
SRR12828911	PRJNA670003	2022-02-16
SRR12828916	PRJNA670003	2022-02-16
SRR12828905	PRJNA670003	2022-02-16
SRR12828908	PRJNA670003	2022-02-16
SRR12828912	PRJNA670003	2022-02-16
SRR12828913	PRJNA670003	2022-02-16
SRR17075064	PRJNA784961	2022-02-17
SRR17075066	PRJNA784961	2022-02-17
SRR17075067	PRJNA784961	2022-02-17
SRR17075068	PRJNA784961	2022-02-17
SRR17075073	PRJNA784961	2022-02-17
SRR17075088	PRJNA784961	2022-02-17
SRR17075090	PRJNA784961	2022-02-17
SRR17075094	PRJNA784961	2022-02-17
SRR17075098	PRJNA784961	2022-02-17
SRR17075100	PRJNA784961	2022-02-17
SRR17075102	PRJNA784961	2022-02-17
SRR17075104	PRJNA784961	2022-02-17
SRR17075107	PRJNA784961	2022-02-17
SRR17075108	PRJNA784961	2022-02-17
SRR17075111	PRJNA784961	2022-02-17
SRR17075122	PRJNA784961	2022-02-17
SRR17075059	PRJNA784961	2022-02-17
SRR17075061	PRJNA784961	2022-02-17
SRR17075062	PRJNA784961	2022-02-17
SRR17075065	PRJNA784961	2022-02-17
SRR17075070	PRJNA784961	2022-02-17
SRR17075081	PRJNA784961	2022-02-17
SRR17075089	PRJNA784961	2022-02-17
SRR17075095	PRJNA784961	2022-02-17
SRR17075096	PRJNA784961	2022-02-17
SRR17075101	PRJNA784961	2022-02-17
SRR17075103	PRJNA784961	2022-02-17
SRR17075106	PRJNA784961	2022-02-17
SRR17075109	PRJNA784961	2022-02-17
SRR17075112	PRJNA784961	2022-02-17
SRR17075113	PRJNA784961	2022-02-17
SRR17075114	PRJNA784961	2022-02-17
SRR17075115	PRJNA784961	2022-02-17
SRR17075119	PRJNA784961	2022-02-17
SRR17075120	PRJNA784961	2022-02-17
SRR17075060	PRJNA784961	2022-02-17
SRR17075063	PRJNA784961	2022-02-17
SRR17075069	PRJNA784961	2022-02-17
SRR17075071	PRJNA784961	2022-02-17
SRR17075072	PRJNA784961	2022-02-17
SRR17075074	PRJNA784961	2022-02-17
SRR17075079	PRJNA784961	2022-02-17
SRR17075080	PRJNA784961	2022-02-17
SRR17075082	PRJNA784961	2022-02-17
SRR17075087	PRJNA784961	2022-02-17
SRR17075093	PRJNA784961	2022-02-17
SRR17075097	PRJNA784961	2022-02-17
SRR17075099	PRJNA784961	2022-02-17
SRR17075105	PRJNA784961	2022-02-17
SRR17075110	PRJNA784961	2022-02-17
SRR17075116	PRJNA784961	2022-02-17
SRR17075117	PRJNA784961	2022-02-17
SRR17075118	PRJNA784961	2022-02-17
SRR17075121	PRJNA784961	2022-02-17
SRR18082486	PRJNA808757	2022-02-25
SRR18082479	PRJNA808757	2022-02-25
SRR18082489	PRJNA808757	2022-02-25
SRR18082491	PRJNA808757	2022-02-25
SRR18082493	PRJNA808757	2022-02-25
SRR18082480	PRJNA808757	2022-02-25
SRR18082481	PRJNA808757	2022-02-25
SRR18082482	PRJNA808757	2022-02-25
SRR18082483	PRJNA808757	2022-02-25
SRR18082484	PRJNA808757	2022-02-25
SRR18082485	PRJNA808757	2022-02-25
SRR18082487	PRJNA808757	2022-02-25
SRR18082488	PRJNA808757	2022-02-25
SRR18082490	PRJNA808757	2022-02-25
SRR18082492	PRJNA808757	2022-02-25
SRR17758384	PRJNA800601	2022-03-03
SRR17758386	PRJNA800601	2022-03-03
SRR17758390	PRJNA800601	2022-03-03
SRR17758395	PRJNA800601	2022-03-03
SRR17758396	PRJNA800601	2022-03-03
SRR17758397	PRJNA800601	2022-03-03
SRR17758400	PRJNA800601	2022-03-03
SRR17758402	PRJNA800601	2022-03-03
SRR17758410	PRJNA800601	2022-03-03
SRR17758385	PRJNA800601	2022-03-03
SRR17758388	PRJNA800601	2022-03-03
SRR17758389	PRJNA800601	2022-03-03
SRR17758391	PRJNA800601	2022-03-03
SRR17758392	PRJNA800601	2022-03-03
SRR17758401	PRJNA800601	2022-03-03
SRR17758403	PRJNA800601	2022-03-03
SRR17758404	PRJNA800601	2022-03-03
SRR17758408	PRJNA800601	2022-03-03
SRR17758411	PRJNA800601	2022-03-03
SRR17758412	PRJNA800601	2022-03-03
SRR17758387	PRJNA800601	2022-03-03
SRR17758393	PRJNA800601	2022-03-03
SRR17758394	PRJNA800601	2022-03-03
SRR17758398	PRJNA800601	2022-03-03
SRR17758399	PRJNA800601	2022-03-03
SRR17758405	PRJNA800601	2022-03-03
SRR17758406	PRJNA800601	2022-03-03
SRR17758407	PRJNA800601	2022-03-03
SRR17758409	PRJNA800601	2022-03-03
SRR17758413	PRJNA800601	2022-03-03
SRR14496758	PRJNA728970	2022-03-12
SRR14496765	PRJNA728970	2022-03-12
SRR14496759	PRJNA728970	2022-03-12
SRR14496766	PRJNA728970	2022-03-12
SRR14496767	PRJNA728970	2022-03-12
SRR14496769	PRJNA728970	2022-03-12
SRR14496772	PRJNA728970	2022-03-12
SRR14496760	PRJNA728970	2022-03-12
SRR14496762	PRJNA728970	2022-03-12
SRR14496773	PRJNA728970	2022-03-12
SRR14496761	PRJNA728970	2022-03-12
SRR14496763	PRJNA728970	2022-03-12
SRR14496764	PRJNA728970	2022-03-12
SRR14496768	PRJNA728970	2022-03-12
SRR14496770	PRJNA728970	2022-03-12
SRR14496771	PRJNA728970	2022-03-12
SRR15055663	PRJNA744268	2022-03-12
SRR15055664	PRJNA744268	2022-03-12
SRR15055668	PRJNA744268	2022-03-12
SRR15055676	PRJNA744268	2022-03-12
SRR15055678	PRJNA744268	2022-03-12
SRR15055688	PRJNA744268	2022-03-12
SRR15055691	PRJNA744268	2022-03-12
SRR15055697	PRJNA744268	2022-03-12
SRR15055700	PRJNA744268	2022-03-12
SRR15055703	PRJNA744268	2022-03-12
SRR15055704	PRJNA744268	2022-03-12
SRR15055661	PRJNA744268	2022-03-12
SRR15055667	PRJNA744268	2022-03-12
SRR15055670	PRJNA744268	2022-03-12
SRR15055679	PRJNA744268	2022-03-12
SRR15055681	PRJNA744268	2022-03-12
SRR15055682	PRJNA744268	2022-03-12
SRR15055683	PRJNA744268	2022-03-12
SRR15055684	PRJNA744268	2022-03-12
SRR15055686	PRJNA744268	2022-03-12
SRR15055687	PRJNA744268	2022-03-12
SRR15055689	PRJNA744268	2022-03-12
SRR15055693	PRJNA744268	2022-03-12
SRR15055694	PRJNA744268	2022-03-12
SRR15055695	PRJNA744268	2022-03-12
SRR15055696	PRJNA744268	2022-03-12
SRR15055698	PRJNA744268	2022-03-12
SRR15055705	PRJNA744268	2022-03-12
SRR15055706	PRJNA744268	2022-03-12
SRR15055659	PRJNA744268	2022-03-12
SRR15055660	PRJNA744268	2022-03-12
SRR15055662	PRJNA744268	2022-03-12
SRR15055665	PRJNA744268	2022-03-12
SRR15055666	PRJNA744268	2022-03-12
SRR15055669	PRJNA744268	2022-03-12
SRR15055671	PRJNA744268	2022-03-12
SRR15055672	PRJNA744268	2022-03-12
SRR15055673	PRJNA744268	2022-03-12
SRR15055674	PRJNA744268	2022-03-12
SRR15055675	PRJNA744268	2022-03-12
SRR15055677	PRJNA744268	2022-03-12
SRR15055685	PRJNA744268	2022-03-12
SRR15055690	PRJNA744268	2022-03-12
SRR15055692	PRJNA744268	2022-03-12
SRR15055699	PRJNA744268	2022-03-12
SRR15055701	PRJNA744268	2022-03-12
SRR15055702	PRJNA744268	2022-03-12
SRR18284544	PRJNA814302	2022-03-18
SRR18284558	PRJNA814302	2022-03-18
SRR18284545	PRJNA814302	2022-03-18
SRR18284546	PRJNA814302	2022-03-18
SRR18284554	PRJNA814302	2022-03-18
SRR18284564	PRJNA814302	2022-03-18
SRR18284547	PRJNA814302	2022-03-18
SRR18284549	PRJNA814302	2022-03-18
SRR18284555	PRJNA814302	2022-03-18
SRR18284562	PRJNA814302	2022-03-18
SRR7692037	PRJNA485951	2022-03-20
SRR7692040	PRJNA485951	2022-03-20
SRR7692044	PRJNA485951	2022-03-20
SRR7692046	PRJNA485951	2022-03-20
SRR7692047	PRJNA485951	2022-03-20
SRR7692053	PRJNA485951	2022-03-20
SRR7692055	PRJNA485951	2022-03-20
SRR7692060	PRJNA485951	2022-03-20
SRR7692064	PRJNA485951	2022-03-20
SRR7692065	PRJNA485951	2022-03-20
SRR7692038	PRJNA485951	2022-03-20
SRR7692039	PRJNA485951	2022-03-20
SRR7692041	PRJNA485951	2022-03-20
SRR7692043	PRJNA485951	2022-03-20
SRR7692045	PRJNA485951	2022-03-20
SRR7692048	PRJNA485951	2022-03-20
SRR7692051	PRJNA485951	2022-03-20
SRR7692056	PRJNA485951	2022-03-20
SRR7692058	PRJNA485951	2022-03-20
SRR7692059	PRJNA485951	2022-03-20
SRR7692063	PRJNA485951	2022-03-20
SRR7692036	PRJNA485951	2022-03-20
SRR7692042	PRJNA485951	2022-03-20
SRR7692049	PRJNA485951	2022-03-20
SRR7692050	PRJNA485951	2022-03-20
SRR7692052	PRJNA485951	2022-03-20
SRR7692054	PRJNA485951	2022-03-20
SRR7692057	PRJNA485951	2022-03-20
SRR7692061	PRJNA485951	2022-03-20
SRR7692062	PRJNA485951	2022-03-20
SRR10191358	PRJNA574414	2022-03-20
SRR10191363	PRJNA574414	2022-03-20
SRR10191364	PRJNA574414	2022-03-20
SRR10191366	PRJNA574414	2022-03-20
SRR10191367	PRJNA574414	2022-03-20
SRR10191372	PRJNA574414	2022-03-20
SRR10191374	PRJNA574414	2022-03-20
SRR10191375	PRJNA574414	2022-03-20
SRR10191376	PRJNA574414	2022-03-20
SRR10191382	PRJNA574414	2022-03-20
SRR10191384	PRJNA574414	2022-03-20
SRR10191385	PRJNA574414	2022-03-20
SRR10191386	PRJNA574414	2022-03-20
SRR10191388	PRJNA574414	2022-03-20
SRR10191355	PRJNA574414	2022-03-20
SRR10191356	PRJNA574414	2022-03-20
SRR10191362	PRJNA574414	2022-03-20
SRR10191365	PRJNA574414	2022-03-20
SRR10191368	PRJNA574414	2022-03-20
SRR10191369	PRJNA574414	2022-03-20
SRR10191377	PRJNA574414	2022-03-20
SRR10191387	PRJNA574414	2022-03-20
SRR10191354	PRJNA574414	2022-03-20
SRR10191357	PRJNA574414	2022-03-20
SRR10191359	PRJNA574414	2022-03-20
SRR10191360	PRJNA574414	2022-03-20
SRR10191361	PRJNA574414	2022-03-20
SRR10191370	PRJNA574414	2022-03-20
SRR10191371	PRJNA574414	2022-03-20
SRR10191373	PRJNA574414	2022-03-20
SRR10191378	PRJNA574414	2022-03-20
SRR10191379	PRJNA574414	2022-03-20
SRR10191380	PRJNA574414	2022-03-20
SRR10191381	PRJNA574414	2022-03-20
SRR10191383	PRJNA574414	2022-03-20
SRR10191389	PRJNA574414	2022-03-20
SRR16955204	PRJNA780782	2022-03-20
SRR16955205	PRJNA780782	2022-03-20
SRR16955199	PRJNA780782	2022-03-20
SRR16955201	PRJNA780782	2022-03-20
SRR16955203	PRJNA780782	2022-03-20
SRR16955206	PRJNA780782	2022-03-20
SRR16955207	PRJNA780782	2022-03-20
SRR16955208	PRJNA780782	2022-03-20
SRR16955209	PRJNA780782	2022-03-20
SRR16955198	PRJNA780782	2022-03-20
SRR16955200	PRJNA780782	2022-03-20
SRR16955202	PRJNA780782	2022-03-20
SRR18338402	PRJNA816864	2022-03-22
SRR18338404	PRJNA816864	2022-03-22
SRR18338406	PRJNA816864	2022-03-22
SRR18338413	PRJNA816864	2022-03-22
SRR18338419	PRJNA816864	2022-03-22
SRR18338421	PRJNA816864	2022-03-22
SRR18338423	PRJNA816864	2022-03-22
SRR18338425	PRJNA816864	2022-03-22
SRR18338426	PRJNA816864	2022-03-22
SRR18338431	PRJNA816864	2022-03-22
SRR18338436	PRJNA816864	2022-03-22
SRR18338455	PRJNA816864	2022-03-22
SRR18338461	PRJNA816864	2022-03-22
SRR18338469	PRJNA816864	2022-03-22
SRR18338399	PRJNA816864	2022-03-22
SRR18338400	PRJNA816864	2022-03-22
SRR18338403	PRJNA816864	2022-03-22
SRR18338407	PRJNA816864	2022-03-22
SRR18338408	PRJNA816864	2022-03-22
SRR18338411	PRJNA816864	2022-03-22
SRR18338414	PRJNA816864	2022-03-22
SRR18338415	PRJNA816864	2022-03-22
SRR18338416	PRJNA816864	2022-03-22
SRR18338417	PRJNA816864	2022-03-22
SRR18338420	PRJNA816864	2022-03-22
SRR18338424	PRJNA816864	2022-03-22
SRR18338427	PRJNA816864	2022-03-22
SRR18338430	PRJNA816864	2022-03-22
SRR18338432	PRJNA816864	2022-03-22
SRR18338433	PRJNA816864	2022-03-22
SRR18338440	PRJNA816864	2022-03-22
SRR18338452	PRJNA816864	2022-03-22
SRR18338457	PRJNA816864	2022-03-22
SRR18338459	PRJNA816864	2022-03-22
SRR18338462	PRJNA816864	2022-03-22
SRR18338463	PRJNA816864	2022-03-22
SRR18338465	PRJNA816864	2022-03-22
SRR18338467	PRJNA816864	2022-03-22
SRR18338470	PRJNA816864	2022-03-22
SRR18338409	PRJNA816864	2022-03-22
SRR18338418	PRJNA816864	2022-03-22
SRR18338428	PRJNA816864	2022-03-22
SRR18338429	PRJNA816864	2022-03-22
SRR18338435	PRJNA816864	2022-03-22
SRR18338437	PRJNA816864	2022-03-22
SRR18338438	PRJNA816864	2022-03-22
SRR18338439	PRJNA816864	2022-03-22
SRR18338441	PRJNA816864	2022-03-22
SRR18338442	PRJNA816864	2022-03-22
SRR18338443	PRJNA816864	2022-03-22
SRR18338445	PRJNA816864	2022-03-22
SRR18338447	PRJNA816864	2022-03-22
SRR18338449	PRJNA816864	2022-03-22
SRR18338451	PRJNA816864	2022-03-22
SRR18338458	PRJNA816864	2022-03-22
SRR18338466	PRJNA816864	2022-03-22
SRR18338468	PRJNA816864	2022-03-22
SRR18338448	PRJNA816864	2022-03-22
SRR18338401	PRJNA816864	2022-03-22
SRR18338405	PRJNA816864	2022-03-22
SRR18338410	PRJNA816864	2022-03-22
SRR18338412	PRJNA816864	2022-03-22
SRR18338422	PRJNA816864	2022-03-22
SRR18338444	PRJNA816864	2022-03-22
SRR18338446	PRJNA816864	2022-03-22
SRR18338450	PRJNA816864	2022-03-22
SRR18338454	PRJNA816864	2022-03-22
SRR18338456	PRJNA816864	2022-03-22
SRR18338460	PRJNA816864	2022-03-22
SRR18338464	PRJNA816864	2022-03-22
SRR14004931	PRJNA715643	2022-04-01
SRR14004932	PRJNA715643	2022-04-01
SRR14004935	PRJNA715643	2022-04-01
SRR14004938	PRJNA715643	2022-04-01
SRR14004939	PRJNA715643	2022-04-01
SRR14004945	PRJNA715643	2022-04-01
SRR14004951	PRJNA715643	2022-04-01
SRR14004952	PRJNA715643	2022-04-01
SRR14004956	PRJNA715643	2022-04-01
SRR14004960	PRJNA715643	2022-04-01
SRR14004965	PRJNA715643	2022-04-01
SRR14004966	PRJNA715643	2022-04-01
SRR14004967	PRJNA715643	2022-04-01
SRR14004968	PRJNA715643	2022-04-01
SRR14004974	PRJNA715643	2022-04-01
SRR14004977	PRJNA715643	2022-04-01
SRR14004922	PRJNA715643	2022-04-01
SRR14004923	PRJNA715643	2022-04-01
SRR14004928	PRJNA715643	2022-04-01
SRR14004930	PRJNA715643	2022-04-01
SRR14004933	PRJNA715643	2022-04-01
SRR14004936	PRJNA715643	2022-04-01
SRR14004940	PRJNA715643	2022-04-01
SRR14004944	PRJNA715643	2022-04-01
SRR14004948	PRJNA715643	2022-04-01
SRR14004950	PRJNA715643	2022-04-01
SRR14004953	PRJNA715643	2022-04-01
SRR14004954	PRJNA715643	2022-04-01
SRR14004955	PRJNA715643	2022-04-01
SRR14004958	PRJNA715643	2022-04-01
SRR14004959	PRJNA715643	2022-04-01
SRR14004961	PRJNA715643	2022-04-01
SRR14004970	PRJNA715643	2022-04-01
SRR14004973	PRJNA715643	2022-04-01
SRR14004924	PRJNA715643	2022-04-01
SRR14004925	PRJNA715643	2022-04-01
SRR14004926	PRJNA715643	2022-04-01
SRR14004927	PRJNA715643	2022-04-01
SRR14004929	PRJNA715643	2022-04-01
SRR14004934	PRJNA715643	2022-04-01
SRR14004937	PRJNA715643	2022-04-01
SRR14004941	PRJNA715643	2022-04-01
SRR14004942	PRJNA715643	2022-04-01
SRR14004943	PRJNA715643	2022-04-01
SRR14004946	PRJNA715643	2022-04-01
SRR14004947	PRJNA715643	2022-04-01
SRR14004949	PRJNA715643	2022-04-01
SRR14004957	PRJNA715643	2022-04-01
SRR14004962	PRJNA715643	2022-04-01
SRR14004963	PRJNA715643	2022-04-01
SRR14004964	PRJNA715643	2022-04-01
SRR14004969	PRJNA715643	2022-04-01
SRR14004971	PRJNA715643	2022-04-01
SRR14004972	PRJNA715643	2022-04-01
SRR14004975	PRJNA715643	2022-04-01
SRR14004976	PRJNA715643	2022-04-01
SRR14004978	PRJNA715643	2022-04-01
SRR18284551	PRJNA814302	2022-04-01
SRR18284552	PRJNA814302	2022-04-01
SRR18284563	PRJNA814302	2022-04-01
SRR18284550	PRJNA814302	2022-04-01
SRR18284556	PRJNA814302	2022-04-01
SRR18284559	PRJNA814302	2022-04-01
SRR18284560	PRJNA814302	2022-04-01
SRR18284561	PRJNA814302	2022-04-01
SRR18284553	PRJNA814302	2022-04-01
SRR18284557	PRJNA814302	2022-04-01
SRR18338453	PRJNA816864	2022-04-01
SRR14279978	PRJNA723192	2022-04-07
SRR14279982	PRJNA723192	2022-04-07
SRR14279983	PRJNA723192	2022-04-07
SRR14279988	PRJNA723192	2022-04-07
SRR14279993	PRJNA723192	2022-04-07
SRR14279994	PRJNA723192	2022-04-07
SRR14279977	PRJNA723192	2022-04-07
SRR14279979	PRJNA723192	2022-04-07
SRR14279980	PRJNA723192	2022-04-07
SRR14279989	PRJNA723192	2022-04-07
SRR14279990	PRJNA723192	2022-04-07
SRR14279991	PRJNA723192	2022-04-07
SRR14279992	PRJNA723192	2022-04-07
SRR14279981	PRJNA723192	2022-04-07
SRR14279984	PRJNA723192	2022-04-07
SRR14279985	PRJNA723192	2022-04-07
SRR14279986	PRJNA723192	2022-04-07
SRR14279987	PRJNA723192	2022-04-07
SRR14888615	PRJNA740275	2022-05-02
SRR14888616	PRJNA740275	2022-05-02
SRR14888617	PRJNA740275	2022-05-02
SRR14888621	PRJNA740275	2022-05-02
SRR14888623	PRJNA740275	2022-05-02
SRR14888628	PRJNA740275	2022-05-02
SRR14888630	PRJNA740275	2022-05-02
SRR14888636	PRJNA740275	2022-05-02
SRR14888613	PRJNA740275	2022-05-02
SRR14888619	PRJNA740275	2022-05-02
SRR14888620	PRJNA740275	2022-05-02
SRR14888627	PRJNA740275	2022-05-02
SRR14888633	PRJNA740275	2022-05-02
SRR14888634	PRJNA740275	2022-05-02
SRR14888625	PRJNA740275	2022-05-02
SRR14888629	PRJNA740275	2022-05-02
SRR14888631	PRJNA740275	2022-05-02
SRR14888635	PRJNA740275	2022-05-02
SRR18173210	PRJNA811229	2022-05-02
SRR18173211	PRJNA811229	2022-05-02
SRR18173213	PRJNA811229	2022-05-02
SRR18173215	PRJNA811229	2022-05-02
SRR18173216	PRJNA811229	2022-05-02
SRR18173219	PRJNA811229	2022-05-02
SRR18173218	PRJNA811229	2022-05-02
SRR18173209	PRJNA811229	2022-05-02
SRR18173212	PRJNA811229	2022-05-02
SRR18173214	PRJNA811229	2022-05-02
SRR18173217	PRJNA811229	2022-05-02
SRR19038644	PRJNA834102	2022-05-06
SRR19038641	PRJNA834102	2022-05-06
SRR19038642	PRJNA834102	2022-05-06
SRR19038646	PRJNA834102	2022-05-06
SRR19038647	PRJNA834102	2022-05-06
SRR19038645	PRJNA834102	2022-05-06
SRR19038643	PRJNA834102	2022-05-06
SRR19038648	PRJNA834102	2022-05-06
SRR19038635	PRJNA834102	2022-05-06
SRR19038637	PRJNA834102	2022-05-06
SRR19038638	PRJNA834102	2022-05-06
SRR19038639	PRJNA834102	2022-05-06
SRR19038649	PRJNA834102	2022-05-06
SRR19038650	PRJNA834102	2022-05-06
SRR19038651	PRJNA834102	2022-05-06
SRR18982191	PRJNA787645	2022-05-12
SRR18982192	PRJNA787645	2022-05-12
SRR18982188	PRJNA787645	2022-05-12
SRR18982189	PRJNA787645	2022-05-12
SRR18982197	PRJNA787645	2022-05-12
SRR18982187	PRJNA787645	2022-05-12
SRR18982190	PRJNA787645	2022-05-12
SRR18982193	PRJNA787645	2022-05-12
SRR18982194	PRJNA787645	2022-05-12
SRR18982195	PRJNA787645	2022-05-12
SRR18982196	PRJNA787645	2022-05-12
SRR18982198	PRJNA787645	2022-05-12
SRR18675629	PRJNA824485	2022-05-14
SRR18675630	PRJNA824485	2022-05-14
SRR18675634	PRJNA824485	2022-05-14
SRR18675635	PRJNA824485	2022-05-14
SRR18675637	PRJNA824485	2022-05-14
SRR18675639	PRJNA824485	2022-05-14
SRR18675641	PRJNA824485	2022-05-14
SRR18675626	PRJNA824485	2022-05-14
SRR18675627	PRJNA824485	2022-05-14
SRR18675628	PRJNA824485	2022-05-14
SRR18675631	PRJNA824485	2022-05-14
SRR18675632	PRJNA824485	2022-05-14
SRR18675633	PRJNA824485	2022-05-14
SRR18675636	PRJNA824485	2022-05-14
SRR18675638	PRJNA824485	2022-05-14
SRR18675640	PRJNA824485	2022-05-14
SRR18675642	PRJNA824485	2022-05-14
SRR18675643	PRJNA824485	2022-05-14
SRR19159716	PRJNA836946	2022-05-14
SRR19159717	PRJNA836946	2022-05-14
SRR19159718	PRJNA836946	2022-05-14
SRR19159722	PRJNA836946	2022-05-14
SRR19159723	PRJNA836946	2022-05-14
SRR19159730	PRJNA836946	2022-05-14
SRR19159731	PRJNA836946	2022-05-14
SRR19159733	PRJNA836946	2022-05-14
SRR19159738	PRJNA836946	2022-05-14
SRR19159719	PRJNA836946	2022-05-14
SRR19159726	PRJNA836946	2022-05-14
SRR19159728	PRJNA836946	2022-05-14
SRR19159729	PRJNA836946	2022-05-14
SRR19159732	PRJNA836946	2022-05-14
SRR19159737	PRJNA836946	2022-05-14
SRR19159739	PRJNA836946	2022-05-14
SRR19159744	PRJNA836946	2022-05-14
SRR19159715	PRJNA836946	2022-05-14
SRR19159720	PRJNA836946	2022-05-14
SRR19159721	PRJNA836946	2022-05-14
SRR19159724	PRJNA836946	2022-05-14
SRR19159725	PRJNA836946	2022-05-14
SRR19159727	PRJNA836946	2022-05-14
SRR19159734	PRJNA836946	2022-05-14
SRR19159735	PRJNA836946	2022-05-14
SRR19159736	PRJNA836946	2022-05-14
SRR19159740	PRJNA836946	2022-05-14
SRR19159741	PRJNA836946	2022-05-14
SRR19159742	PRJNA836946	2022-05-14
SRR19159743	PRJNA836946	2022-05-14
SRR19165662	PRJNA837110	2022-05-14
SRR19165665	PRJNA837110	2022-05-14
SRR19165661	PRJNA837110	2022-05-14
SRR19165664	PRJNA837110	2022-05-14
SRR19165666	PRJNA837110	2022-05-14
SRR19165668	PRJNA837110	2022-05-14
SRR19165669	PRJNA837110	2022-05-14
SRR19165674	PRJNA837110	2022-05-14
SRR19165663	PRJNA837110	2022-05-14
SRR19165670	PRJNA837110	2022-05-14
SRR19165671	PRJNA837110	2022-05-14
SRR19165672	PRJNA837110	2022-05-14
SRR19165673	PRJNA837110	2022-05-14
SRR16532240	PRJNA773728	2022-05-16
SRR16532241	PRJNA773728	2022-05-16
SRR16532242	PRJNA773728	2022-05-16
SRR16532246	PRJNA773728	2022-05-16
SRR16532247	PRJNA773728	2022-05-16
SRR16532248	PRJNA773728	2022-05-16
SRR16532249	PRJNA773728	2022-05-16
SRR16532243	PRJNA773728	2022-05-16
SRR16532244	PRJNA773728	2022-05-16
SRR16532245	PRJNA773728	2022-05-16
SRR16532250	PRJNA773728	2022-05-16
SRR16532251	PRJNA773728	2022-05-16
SRR19264230	PRJNA839337	2022-05-21
SRR19264246	PRJNA839337	2022-05-21
SRR19264252	PRJNA839337	2022-05-21
SRR19264253	PRJNA839337	2022-05-21
SRR19264259	PRJNA839337	2022-05-21
SRR19264265	PRJNA839337	2022-05-21
SRR19264268	PRJNA839337	2022-05-21
SRR19264269	PRJNA839337	2022-05-21
SRR19264274	PRJNA839337	2022-05-21
SRR19264286	PRJNA839337	2022-05-21
SRR19264287	PRJNA839337	2022-05-21
SRR19264289	PRJNA839337	2022-05-21
SRR19264291	PRJNA839337	2022-05-21
SRR19264292	PRJNA839337	2022-05-21
SRR19264231	PRJNA839337	2022-05-21
SRR19264232	PRJNA839337	2022-05-21
SRR19264233	PRJNA839337	2022-05-21
SRR19264236	PRJNA839337	2022-05-21
SRR19264247	PRJNA839337	2022-05-21
SRR19264251	PRJNA839337	2022-05-21
SRR19264257	PRJNA839337	2022-05-21
SRR19264258	PRJNA839337	2022-05-21
SRR19264260	PRJNA839337	2022-05-21
SRR19264262	PRJNA839337	2022-05-21
SRR19264263	PRJNA839337	2022-05-21
SRR19264264	PRJNA839337	2022-05-21
SRR19264266	PRJNA839337	2022-05-21
SRR19264267	PRJNA839337	2022-05-21
SRR19264272	PRJNA839337	2022-05-21
SRR19264273	PRJNA839337	2022-05-21
SRR19264283	PRJNA839337	2022-05-21
SRR19264290	PRJNA839337	2022-05-21
SRR19264293	PRJNA839337	2022-05-21
SRR19264237	PRJNA839337	2022-05-21
SRR19264238	PRJNA839337	2022-05-21
SRR19264239	PRJNA839337	2022-05-21
SRR19264248	PRJNA839337	2022-05-21
SRR19264249	PRJNA839337	2022-05-21
SRR19264250	PRJNA839337	2022-05-21
SRR19264254	PRJNA839337	2022-05-21
SRR19264255	PRJNA839337	2022-05-21
SRR19264256	PRJNA839337	2022-05-21
SRR19264261	PRJNA839337	2022-05-21
SRR19264275	PRJNA839337	2022-05-21
SRR19264284	PRJNA839337	2022-05-21
SRR19264288	PRJNA839337	2022-05-21
SRR11600982	PRJNA625154	2022-05-26
SRR11600990	PRJNA625154	2022-05-26
SRR11600991	PRJNA625154	2022-05-26
SRR11600998	PRJNA625154	2022-05-26
SRR11601000	PRJNA625154	2022-05-26
SRR11601001	PRJNA625154	2022-05-26
SRR11600983	PRJNA625154	2022-05-26
SRR11600986	PRJNA625154	2022-05-26
SRR11600988	PRJNA625154	2022-05-26
SRR11600997	PRJNA625154	2022-05-26
SRR11600980	PRJNA625154	2022-05-26
SRR11600981	PRJNA625154	2022-05-26
SRR11600984	PRJNA625154	2022-05-26
SRR11600985	PRJNA625154	2022-05-26
SRR11600989	PRJNA625154	2022-05-26
SRR11600992	PRJNA625154	2022-05-26
SRR11600996	PRJNA625154	2022-05-26
SRR19349906	PRJNA841360	2022-05-26
SRR19349910	PRJNA841360	2022-05-26
SRR19349915	PRJNA841360	2022-05-26
SRR19349920	PRJNA841360	2022-05-26
SRR19349921	PRJNA841360	2022-05-26
SRR19349908	PRJNA841360	2022-05-26
SRR19349909	PRJNA841360	2022-05-26
SRR19349911	PRJNA841360	2022-05-26
SRR19349912	PRJNA841360	2022-05-26
SRR19349914	PRJNA841360	2022-05-26
SRR19349907	PRJNA841360	2022-05-26
SRR19349913	PRJNA841360	2022-05-26
SRR19349916	PRJNA841360	2022-05-26
SRR19349917	PRJNA841360	2022-05-26
SRR19349918	PRJNA841360	2022-05-26
SRR19349919	PRJNA841360	2022-05-26
ERR9669541	PRJEB52505	2022-05-30
ERR9669547	PRJEB52505	2022-05-30
ERR9669544	PRJEB52505	2022-05-30
ERR9669545	PRJEB52505	2022-05-30
ERR9669546	PRJEB52505	2022-05-30
ERR9669550	PRJEB52505	2022-05-30
ERR9669551	PRJEB52505	2022-05-30
ERR9669542	PRJEB52505	2022-05-30
ERR9669543	PRJEB52505	2022-05-30
ERR9669548	PRJEB52505	2022-05-30
ERR9669549	PRJEB52505	2022-05-30
ERR9669552	PRJEB52505	2022-05-30
SRR17915629	PRJNA804193	2022-06-20
SRR17915630	PRJNA804193	2022-06-20
SRR17915632	PRJNA804193	2022-06-20
SRR17915635	PRJNA804193	2022-06-20
SRR17915636	PRJNA804193	2022-06-20
SRR17915638	PRJNA804193	2022-06-20
SRR17915640	PRJNA804193	2022-06-20
SRR17915642	PRJNA804193	2022-06-20
SRR17915647	PRJNA804193	2022-06-20
SRR17915652	PRJNA804193	2022-06-20
SRR17915653	PRJNA804193	2022-06-20
SRR17915655	PRJNA804193	2022-06-20
SRR17915656	PRJNA804193	2022-06-20
SRR17915659	PRJNA804193	2022-06-20
SRR17915662	PRJNA804193	2022-06-20
SRR17915668	PRJNA804193	2022-06-20
SRR17915631	PRJNA804193	2022-06-20
SRR17915633	PRJNA804193	2022-06-20
SRR17915634	PRJNA804193	2022-06-20
SRR17915637	PRJNA804193	2022-06-20
SRR17915641	PRJNA804193	2022-06-20
SRR17915643	PRJNA804193	2022-06-20
SRR17915651	PRJNA804193	2022-06-20
SRR17915657	PRJNA804193	2022-06-20
SRR17915661	PRJNA804193	2022-06-20
SRR17915663	PRJNA804193	2022-06-20
SRR17915664	PRJNA804193	2022-06-20
SRR17915639	PRJNA804193	2022-06-20
SRR17915644	PRJNA804193	2022-06-20
SRR17915645	PRJNA804193	2022-06-20
SRR17915646	PRJNA804193	2022-06-20
SRR17915648	PRJNA804193	2022-06-20
SRR17915649	PRJNA804193	2022-06-20
SRR17915650	PRJNA804193	2022-06-20
SRR17915654	PRJNA804193	2022-06-20
SRR17915658	PRJNA804193	2022-06-20
SRR17915660	PRJNA804193	2022-06-20
SRR17915665	PRJNA804193	2022-06-20
SRR17915666	PRJNA804193	2022-06-20
SRR17915667	PRJNA804193	2022-06-20
SRR19038636	PRJNA834102	2022-06-20
SRR19038640	PRJNA834102	2022-06-20
SRR12272471	PRJNA647410	2022-07-06
SRR12272473	PRJNA647410	2022-07-06
SRR12272474	PRJNA647410	2022-07-06
SRR12272475	PRJNA647410	2022-07-06
SRR12272477	PRJNA647410	2022-07-06
SRR12272482	PRJNA647410	2022-07-06
SRR12272483	PRJNA647410	2022-07-06
SRR12272487	PRJNA647410	2022-07-06
SRR12272491	PRJNA647410	2022-07-06
SRR12272494	PRJNA647410	2022-07-06
SRR12272495	PRJNA647410	2022-07-06
SRR12272470	PRJNA647410	2022-07-06
SRR12272476	PRJNA647410	2022-07-06
SRR12272478	PRJNA647410	2022-07-06
SRR12272479	PRJNA647410	2022-07-06
SRR12272480	PRJNA647410	2022-07-06
SRR12272481	PRJNA647410	2022-07-06
SRR12272486	PRJNA647410	2022-07-06
SRR12272493	PRJNA647410	2022-07-06
SRR12272496	PRJNA647410	2022-07-06
SRR12272497	PRJNA647410	2022-07-06
SRR12272468	PRJNA647410	2022-07-06
SRR12272469	PRJNA647410	2022-07-06
SRR12272472	PRJNA647410	2022-07-06
SRR12272484	PRJNA647410	2022-07-06
SRR12272485	PRJNA647410	2022-07-06
SRR12272488	PRJNA647410	2022-07-06
SRR12272489	PRJNA647410	2022-07-06
SRR12272490	PRJNA647410	2022-07-06
SRR12272492	PRJNA647410	2022-07-06
SRR15011153	PRJNA742775	2022-07-06
SRR15011155	PRJNA742775	2022-07-06
SRR15011161	PRJNA742775	2022-07-06
SRR15011162	PRJNA742775	2022-07-06
SRR15011167	PRJNA742775	2022-07-06
SRR15011171	PRJNA742775	2022-07-06
SRR15011172	PRJNA742775	2022-07-06
SRR15011175	PRJNA742775	2022-07-06
SRR15011163	PRJNA742775	2022-07-06
SRR15011165	PRJNA742775	2022-07-06
SRR15011170	PRJNA742775	2022-07-06
SRR15011173	PRJNA742775	2022-07-06
SRR15011152	PRJNA742775	2022-07-06
SRR15011154	PRJNA742775	2022-07-06
SRR15011160	PRJNA742775	2022-07-06
SRR15011164	PRJNA742775	2022-07-06
SRR15011166	PRJNA742775	2022-07-06
SRR15011168	PRJNA742775	2022-07-06
SRR15011169	PRJNA742775	2022-07-06
SRR15011174	PRJNA742775	2022-07-06
SRR20182136	PRJNA858410	2022-07-17
SRR20182137	PRJNA858410	2022-07-17
SRR20182145	PRJNA858410	2022-07-17
SRR20182146	PRJNA858410	2022-07-17
SRR20182174	PRJNA858410	2022-07-17
SRR20182175	PRJNA858410	2022-07-17
SRR20182176	PRJNA858410	2022-07-17
SRR20182138	PRJNA858410	2022-07-17
SRR20182139	PRJNA858410	2022-07-17
SRR20182143	PRJNA858410	2022-07-17
SRR20182144	PRJNA858410	2022-07-17
SRR20182168	PRJNA858410	2022-07-17
SRR20182167	PRJNA858410	2022-07-17
SRR20182169	PRJNA858410	2022-07-17
SRR20182170	PRJNA858410	2022-07-17
SRR20182177	PRJNA858410	2022-07-17
SRR20614690	PRJNA861997	2022-07-26
SRR20614694	PRJNA861997	2022-07-26
SRR20614696	PRJNA861997	2022-07-26
SRR20614706	PRJNA861997	2022-07-26
SRR20614698	PRJNA861997	2022-07-26
SRR20614699	PRJNA861997	2022-07-26
SRR20614701	PRJNA861997	2022-07-26
SRR20614702	PRJNA861997	2022-07-26
SRR20614689	PRJNA861997	2022-07-26
SRR20614691	PRJNA861997	2022-07-26
SRR20614692	PRJNA861997	2022-07-26
SRR20614693	PRJNA861997	2022-07-26
SRR20614695	PRJNA861997	2022-07-26
SRR20614697	PRJNA861997	2022-07-26
SRR20614700	PRJNA861997	2022-07-26
SRR20614703	PRJNA861997	2022-07-26
SRR20614704	PRJNA861997	2022-07-26
SRR20614705	PRJNA861997	2022-07-26
SRR20648578	PRJNA862346	2022-08-11
SRR20853662	PRJNA865294	2022-08-11
SRR20853664	PRJNA865294	2022-08-11
SRR20853665	PRJNA865294	2022-08-11
SRR20755849	PRJNA865294	2022-08-11
SRR20853663	PRJNA865294	2022-08-11
SRR20755845	PRJNA865294	2022-08-11
SRR20755846	PRJNA865294	2022-08-11
SRR20755847	PRJNA865294	2022-08-11
SRR20755848	PRJNA865294	2022-08-11
SRR20853661	PRJNA865294	2022-08-11
SRR20853666	PRJNA865294	2022-08-11
SRR20853488	PRJNA866358	2022-08-11
SRR20853489	PRJNA866358	2022-08-11
SRR20853490	PRJNA866358	2022-08-11
SRR20853495	PRJNA866358	2022-08-11
SRR20853496	PRJNA866358	2022-08-11
SRR20853491	PRJNA866358	2022-08-11
SRR20853492	PRJNA866358	2022-08-11
SRR20853497	PRJNA866358	2022-08-11
SRR20853499	PRJNA866358	2022-08-11
SRR20853493	PRJNA866358	2022-08-11
SRR20853494	PRJNA866358	2022-08-11
SRR20853498	PRJNA866358	2022-08-11
SRR12720782	PRJNA665990	2022-08-12
SRR12720783	PRJNA665990	2022-08-12
SRR12720785	PRJNA665990	2022-08-12
SRR12720786	PRJNA665990	2022-08-12
SRR12720787	PRJNA665990	2022-08-12
SRR12720789	PRJNA665990	2022-08-12
SRR12720780	PRJNA665990	2022-08-12
SRR12720791	PRJNA665990	2022-08-12
SRR12720781	PRJNA665990	2022-08-12
SRR12720784	PRJNA665990	2022-08-12
SRR12720788	PRJNA665990	2022-08-12
SRR12720790	PRJNA665990	2022-08-12
SRR20648575	PRJNA862346	2022-08-12
SRR16959553	PRJNA780950	2022-08-14
SRR16959556	PRJNA780950	2022-08-14
SRR16959557	PRJNA780950	2022-08-14
SRR16959558	PRJNA780950	2022-08-14
SRR16959554	PRJNA780950	2022-08-14
SRR16959559	PRJNA780950	2022-08-14
SRR16959560	PRJNA780950	2022-08-14
SRR16959561	PRJNA780950	2022-08-14
SRR16959562	PRJNA780950	2022-08-14
SRR16959563	PRJNA780950	2022-08-14
SRR16959555	PRJNA780950	2022-08-14
SRR16959564	PRJNA780950	2022-08-14
SRR20755850	PRJNA865294	2022-08-14
SRR20648577	PRJNA862346	2022-08-19
SRR20363892	PRJNA861009	2022-08-20
SRR20363893	PRJNA861009	2022-08-20
SRR20363896	PRJNA861009	2022-08-20
SRR20363897	PRJNA861009	2022-08-20
SRR20363901	PRJNA861009	2022-08-20
SRR20363905	PRJNA861009	2022-08-20
SRR20363910	PRJNA861009	2022-08-20
SRR20363915	PRJNA861009	2022-08-20
SRR20363919	PRJNA861009	2022-08-20
SRR20363920	PRJNA861009	2022-08-20
SRR20363921	PRJNA861009	2022-08-20
SRR20363923	PRJNA861009	2022-08-20
SRR20363926	PRJNA861009	2022-08-20
SRR20363891	PRJNA861009	2022-08-20
SRR20363894	PRJNA861009	2022-08-20
SRR20363895	PRJNA861009	2022-08-20
SRR20363898	PRJNA861009	2022-08-20
SRR20363902	PRJNA861009	2022-08-20
SRR20363904	PRJNA861009	2022-08-20
SRR20363908	PRJNA861009	2022-08-20
SRR20363918	PRJNA861009	2022-08-20
SRR20363922	PRJNA861009	2022-08-20
SRR20363924	PRJNA861009	2022-08-20
SRR20363890	PRJNA861009	2022-08-20
SRR20363899	PRJNA861009	2022-08-20
SRR20363900	PRJNA861009	2022-08-20
SRR20363903	PRJNA861009	2022-08-20
SRR20363906	PRJNA861009	2022-08-20
SRR20363907	PRJNA861009	2022-08-20
SRR20363909	PRJNA861009	2022-08-20
SRR20363911	PRJNA861009	2022-08-20
SRR20363912	PRJNA861009	2022-08-20
SRR20363913	PRJNA861009	2022-08-20
SRR20363914	PRJNA861009	2022-08-20
SRR20363916	PRJNA861009	2022-08-20
SRR20363917	PRJNA861009	2022-08-20
SRR20363925	PRJNA861009	2022-08-20
SRR20363927	PRJNA861009	2022-08-20
SRR20363928	PRJNA861009	2022-08-20
SRR15565632	PRJNA756940	2022-08-22
SRR15565634	PRJNA756940	2022-08-22
SRR15565635	PRJNA756940	2022-08-22
SRR15565636	PRJNA756940	2022-08-22
SRR15565639	PRJNA756940	2022-08-22
SRR15565642	PRJNA756940	2022-08-22
SRR15565651	PRJNA756940	2022-08-22
SRR15565667	PRJNA756940	2022-08-22
SRR15565675	PRJNA756940	2022-08-22
SRR15565669	PRJNA756940	2022-08-22
SRR15565637	PRJNA756940	2022-08-22
SRR15565638	PRJNA756940	2022-08-22
SRR15565640	PRJNA756940	2022-08-22
SRR15565641	PRJNA756940	2022-08-22
SRR15565649	PRJNA756940	2022-08-22
SRR15565650	PRJNA756940	2022-08-22
SRR15565666	PRJNA756940	2022-08-22
SRR15565643	PRJNA756940	2022-08-22
SRR15565644	PRJNA756940	2022-08-22
SRR15565647	PRJNA756940	2022-08-22
SRR15565653	PRJNA756940	2022-08-22
SRR15565657	PRJNA756940	2022-08-22
SRR15565659	PRJNA756940	2022-08-22
SRR15565661	PRJNA756940	2022-08-22
SRR15565663	PRJNA756940	2022-08-22
SRR15565673	PRJNA756940	2022-08-22
SRR15565676	PRJNA756940	2022-08-22
SRR15565677	PRJNA756940	2022-08-22
SRR19328817	PRJNA839865	2022-08-22
SRR19328818	PRJNA839865	2022-08-22
SRR19328819	PRJNA839865	2022-08-22
SRR19328824	PRJNA839865	2022-08-22
SRR19328812	PRJNA839865	2022-08-22
SRR19328814	PRJNA839865	2022-08-22
SRR19328815	PRJNA839865	2022-08-22
SRR19328816	PRJNA839865	2022-08-22
SRR19328825	PRJNA839865	2022-08-22
SRR19328813	PRJNA839865	2022-08-22
SRR19328823	PRJNA839865	2022-08-22
SRR20648572	PRJNA862346	2022-08-22
SRR20648574	PRJNA862346	2022-08-22
SRR20648576	PRJNA862346	2022-08-22
SRR20648573	PRJNA862346	2022-08-22
SRR20648579	PRJNA862346	2022-08-22
SRR20649109	PRJNA862449	2022-08-22
SRR20649116	PRJNA862449	2022-08-22
SRR20649117	PRJNA862449	2022-08-22
SRR20649107	PRJNA862449	2022-08-22
SRR20649112	PRJNA862449	2022-08-22
SRR20649114	PRJNA862449	2022-08-22
SRR20649115	PRJNA862449	2022-08-22
SRR20649106	PRJNA862449	2022-08-22
SRR20649108	PRJNA862449	2022-08-22
SRR20649111	PRJNA862449	2022-08-22
SRR20649113	PRJNA862449	2022-08-22
SRR19328820	PRJNA839865	2022-08-26
SRR20308381	PRJNA860090	2022-08-26
SRR20308386	PRJNA860090	2022-08-26
SRR20308389	PRJNA860090	2022-08-26
SRR20308392	PRJNA860090	2022-08-26
SRR20308394	PRJNA860090	2022-08-26
SRR20308398	PRJNA860090	2022-08-26
SRR20308400	PRJNA860090	2022-08-26
SRR20308380	PRJNA860090	2022-08-26
SRR20308384	PRJNA860090	2022-08-26
SRR20308385	PRJNA860090	2022-08-26
SRR20308387	PRJNA860090	2022-08-26
SRR20308388	PRJNA860090	2022-08-26
SRR20308397	PRJNA860090	2022-08-26
SRR20308382	PRJNA860090	2022-08-26
SRR20308383	PRJNA860090	2022-08-26
SRR20308390	PRJNA860090	2022-08-26
SRR20308391	PRJNA860090	2022-08-26
SRR20308393	PRJNA860090	2022-08-26
SRR20308395	PRJNA860090	2022-08-26
SRR20308396	PRJNA860090	2022-08-26
SRR20308399	PRJNA860090	2022-08-26
SRR20308401	PRJNA860090	2022-08-26
SRR20308402	PRJNA860090	2022-08-26
SRR20308403	PRJNA860090	2022-08-26
SRR20649110	PRJNA862449	2022-08-26
SRR21168159	PRJNA872149	2022-08-26
SRR21168163	PRJNA872149	2022-08-26
SRR21168164	PRJNA872149	2022-08-26
SRR21168167	PRJNA872149	2022-08-26
SRR21168169	PRJNA872149	2022-08-26
SRR21168171	PRJNA872149	2022-08-26
SRR21168172	PRJNA872149	2022-08-26
SRR21168175	PRJNA872149	2022-08-26
SRR21168162	PRJNA872149	2022-08-26
SRR21168166	PRJNA872149	2022-08-26
SRR21168168	PRJNA872149	2022-08-26
SRR21168170	PRJNA872149	2022-08-26
SRR21168173	PRJNA872149	2022-08-26
SRR21168174	PRJNA872149	2022-08-26
SRR21168160	PRJNA872149	2022-08-26
SRR21168161	PRJNA872149	2022-08-26
SRR21168165	PRJNA872149	2022-08-26
SRR15276651	PRJNA750314	2022-08-28
SRR15276652	PRJNA750314	2022-08-28
SRR15276655	PRJNA750314	2022-08-28
SRR15276656	PRJNA750314	2022-08-28
SRR15276657	PRJNA750314	2022-08-28
SRR15276649	PRJNA750314	2022-08-28
SRR15276653	PRJNA750314	2022-08-28
SRR15276654	PRJNA750314	2022-08-28
SRR15276646	PRJNA750314	2022-08-28
SRR15276647	PRJNA750314	2022-08-28
SRR15276648	PRJNA750314	2022-08-28
SRR15276650	PRJNA750314	2022-08-28
SRR19760802	PRJNA851252	2022-09-01
SRR19760804	PRJNA851252	2022-09-01
SRR19760806	PRJNA851252	2022-09-01
SRR19760808	PRJNA851252	2022-09-01
SRR19760809	PRJNA851252	2022-09-01
SRR19760810	PRJNA851252	2022-09-01
SRR19760812	PRJNA851252	2022-09-01
SRR19760801	PRJNA851252	2022-09-01
SRR19760803	PRJNA851252	2022-09-01
SRR19760805	PRJNA851252	2022-09-01
SRR19760807	PRJNA851252	2022-09-01
SRR21529734	PRJNA879318	2022-09-16
SRR21529735	PRJNA879318	2022-09-16
SRR21529736	PRJNA879318	2022-09-16
SRR21529738	PRJNA879318	2022-09-16
SRR21529740	PRJNA879318	2022-09-16
SRR21529743	PRJNA879318	2022-09-16
SRR21529745	PRJNA879318	2022-09-16
SRR21529746	PRJNA879318	2022-09-16
SRR21529747	PRJNA879318	2022-09-16
SRR21529748	PRJNA879318	2022-09-16
SRR21529752	PRJNA879318	2022-09-16
SRR21529754	PRJNA879318	2022-09-16
SRR21529731	PRJNA879318	2022-09-16
SRR21529732	PRJNA879318	2022-09-16
SRR21529733	PRJNA879318	2022-09-16
SRR21529741	PRJNA879318	2022-09-16
SRR21529742	PRJNA879318	2022-09-16
SRR21529744	PRJNA879318	2022-09-16
SRR21529749	PRJNA879318	2022-09-16
SRR21529750	PRJNA879318	2022-09-16
SRR21529757	PRJNA879318	2022-09-16
SRR21529737	PRJNA879318	2022-09-16
SRR21529739	PRJNA879318	2022-09-16
SRR21529751	PRJNA879318	2022-09-16
SRR21529753	PRJNA879318	2022-09-16
SRR21529755	PRJNA879318	2022-09-16
SRR21529756	PRJNA879318	2022-09-16
SRR21531013	PRJNA879332	2022-09-16
SRR21531016	PRJNA879332	2022-09-16
SRR21531027	PRJNA879332	2022-09-16
SRR21531010	PRJNA879332	2022-09-16
SRR21531011	PRJNA879332	2022-09-16
SRR21531012	PRJNA879332	2022-09-16
SRR21531014	PRJNA879332	2022-09-16
SRR21531015	PRJNA879332	2022-09-16
SRR21531017	PRJNA879332	2022-09-16
SRR21531021	PRJNA879332	2022-09-16
SRR21531022	PRJNA879332	2022-09-16
SRR21531025	PRJNA879332	2022-09-16
SRR21531026	PRJNA879332	2022-09-16
SRR21531009	PRJNA879332	2022-09-16
SRR21531018	PRJNA879332	2022-09-16
SRR21531019	PRJNA879332	2022-09-16
SRR21531020	PRJNA879332	2022-09-16
SRR21531023	PRJNA879332	2022-09-16
SRR21531024	PRJNA879332	2022-09-16
SRR21531028	PRJNA879332	2022-09-16
SRR21616364	PRJNA881612	2022-09-21
SRR21616366	PRJNA881612	2022-09-21
SRR21616368	PRJNA881612	2022-09-21
SRR21616370	PRJNA881612	2022-09-21
SRR21616373	PRJNA881612	2022-09-21
SRR21616377	PRJNA881612	2022-09-21
SRR21616378	PRJNA881612	2022-09-21
SRR21616379	PRJNA881612	2022-09-21
SRR21616385	PRJNA881612	2022-09-21
SRR21616386	PRJNA881612	2022-09-21
SRR21616393	PRJNA881612	2022-09-21
SRR21616396	PRJNA881612	2022-09-21
SRR21616363	PRJNA881612	2022-09-21
SRR21616367	PRJNA881612	2022-09-21
SRR21616371	PRJNA881612	2022-09-21
SRR21616372	PRJNA881612	2022-09-21
SRR21616374	PRJNA881612	2022-09-21
SRR21616375	PRJNA881612	2022-09-21
SRR21616380	PRJNA881612	2022-09-21
SRR21616384	PRJNA881612	2022-09-21
SRR21616387	PRJNA881612	2022-09-21
SRR21616388	PRJNA881612	2022-09-21
SRR21616389	PRJNA881612	2022-09-21
SRR21616394	PRJNA881612	2022-09-21
SRR21616395	PRJNA881612	2022-09-21
SRR21616399	PRJNA881612	2022-09-21
SRR21616400	PRJNA881612	2022-09-21
SRR21616402	PRJNA881612	2022-09-21
SRR21616362	PRJNA881612	2022-09-21
SRR21616365	PRJNA881612	2022-09-21
SRR21616369	PRJNA881612	2022-09-21
SRR21616376	PRJNA881612	2022-09-21
SRR21616381	PRJNA881612	2022-09-21
SRR21616382	PRJNA881612	2022-09-21
SRR21616383	PRJNA881612	2022-09-21
SRR21616390	PRJNA881612	2022-09-21
SRR21616391	PRJNA881612	2022-09-21
SRR21616392	PRJNA881612	2022-09-21
SRR21616397	PRJNA881612	2022-09-21
SRR21616398	PRJNA881612	2022-09-21
SRR21616401	PRJNA881612	2022-09-21
SRR21616403	PRJNA881612	2022-09-21
SRR21625568	PRJNA680560	2022-09-24
SRR21973327	PRJNA779028	2022-10-21
SRR21973329	PRJNA779028	2022-10-21
SRR21973330	PRJNA779028	2022-10-21
SRR21973328	PRJNA779028	2022-10-21
SRR20791197	PRJNA862451	2022-10-31
SRR20791198	PRJNA862451	2022-10-31
SRR20791199	PRJNA862451	2022-10-31
SRR20791204	PRJNA862451	2022-10-31
SRR20791206	PRJNA862451	2022-10-31
SRR20791200	PRJNA862451	2022-10-31
SRR20791202	PRJNA862451	2022-10-31
SRR20791203	PRJNA862451	2022-10-31
SRR20791205	PRJNA862451	2022-10-31
SRR20791196	PRJNA862451	2022-10-31
SRR20791201	PRJNA862451	2022-10-31
SRR21849012	PRJNA888811	2022-10-31
SRR21849015	PRJNA888811	2022-10-31
SRR21849016	PRJNA888811	2022-10-31
SRR21849019	PRJNA888811	2022-10-31
SRR21849023	PRJNA888811	2022-10-31
SRR21849024	PRJNA888811	2022-10-31
SRR21849025	PRJNA888811	2022-10-31
SRR21849026	PRJNA888811	2022-10-31
SRR21849028	PRJNA888811	2022-10-31
SRR21849029	PRJNA888811	2022-10-31
SRR21849030	PRJNA888811	2022-10-31
SRR21849031	PRJNA888811	2022-10-31
SRR21849033	PRJNA888811	2022-10-31
SRR21849034	PRJNA888811	2022-10-31
SRR21849036	PRJNA888811	2022-10-31
SRR21849038	PRJNA888811	2022-10-31
SRR21849040	PRJNA888811	2022-10-31
SRR21849043	PRJNA888811	2022-10-31
SRR21849044	PRJNA888811	2022-10-31
SRR21849047	PRJNA888811	2022-10-31
SRR21849050	PRJNA888811	2022-10-31
SRR21849053	PRJNA888811	2022-10-31
SRR21849056	PRJNA888811	2022-10-31
SRR21849057	PRJNA888811	2022-10-31
SRR21849058	PRJNA888811	2022-10-31
SRR21849061	PRJNA888811	2022-10-31
SRR21849064	PRJNA888811	2022-10-31
SRR21849065	PRJNA888811	2022-10-31
SRR21849066	PRJNA888811	2022-10-31
SRR21849013	PRJNA888811	2022-10-31
SRR21849014	PRJNA888811	2022-10-31
SRR21849017	PRJNA888811	2022-10-31
SRR21849018	PRJNA888811	2022-10-31
SRR21849020	PRJNA888811	2022-10-31
SRR21849022	PRJNA888811	2022-10-31
SRR21849027	PRJNA888811	2022-10-31
SRR21849032	PRJNA888811	2022-10-31
SRR21849035	PRJNA888811	2022-10-31
SRR21849039	PRJNA888811	2022-10-31
SRR21849042	PRJNA888811	2022-10-31
SRR21849045	PRJNA888811	2022-10-31
SRR21849046	PRJNA888811	2022-10-31
SRR21849048	PRJNA888811	2022-10-31
SRR21849049	PRJNA888811	2022-10-31
SRR21849060	PRJNA888811	2022-10-31
SRR21849067	PRJNA888811	2022-10-31
SRR21849021	PRJNA888811	2022-10-31
SRR21849037	PRJNA888811	2022-10-31
SRR21849041	PRJNA888811	2022-10-31
SRR21849051	PRJNA888811	2022-10-31
SRR21849052	PRJNA888811	2022-10-31
SRR21849054	PRJNA888811	2022-10-31
SRR21849055	PRJNA888811	2022-10-31
SRR21849059	PRJNA888811	2022-10-31
SRR21849062	PRJNA888811	2022-10-31
SRR21849063	PRJNA888811	2022-10-31
SRR21849068	PRJNA888811	2022-10-31
SRR16042009	PRJNA766024	2022-11-02
SRR16042010	PRJNA766024	2022-11-02
SRR16042015	PRJNA766024	2022-11-02
SRR16042008	PRJNA766024	2022-11-02
SRR16042014	PRJNA766024	2022-11-02
SRR16042011	PRJNA766024	2022-11-02
SRR16042012	PRJNA766024	2022-11-02
SRR16042013	PRJNA766024	2022-11-02
SRR16042016	PRJNA766024	2022-11-02
SRR16042017	PRJNA766024	2022-11-02
SRR16042018	PRJNA766024	2022-11-02
SRR16042019	PRJNA766024	2022-11-02
SRR10160758	PRJNA573537	2022-11-11
SRR10160759	PRJNA573537	2022-11-11
SRR10160760	PRJNA573537	2022-11-11
SRR10160762	PRJNA573537	2022-11-11
SRR10160767	PRJNA573537	2022-11-11
SRR10160768	PRJNA573537	2022-11-11
SRR10160761	PRJNA573537	2022-11-11
SRR10160763	PRJNA573537	2022-11-11
SRR10160766	PRJNA573537	2022-11-11
SRR10160757	PRJNA573537	2022-11-11
SRR10160764	PRJNA573537	2022-11-11
SRR10160765	PRJNA573537	2022-11-11
SRR14573495	PRJNA730598	2022-11-11
SRR14573502	PRJNA730598	2022-11-11
SRR14573504	PRJNA730598	2022-11-11
SRR14573505	PRJNA730598	2022-11-11
SRR14573506	PRJNA730598	2022-11-11
SRR14573507	PRJNA730598	2022-11-11
SRR14573510	PRJNA730598	2022-11-11
SRR14573491	PRJNA730598	2022-11-11
SRR14573492	PRJNA730598	2022-11-11
SRR14573493	PRJNA730598	2022-11-11
SRR14573494	PRJNA730598	2022-11-11
SRR14573497	PRJNA730598	2022-11-11
SRR14573498	PRJNA730598	2022-11-11
SRR14573499	PRJNA730598	2022-11-11
SRR14573501	PRJNA730598	2022-11-11
SRR14573503	PRJNA730598	2022-11-11
SRR14573496	PRJNA730598	2022-11-11
SRR14573500	PRJNA730598	2022-11-11
SRR14573508	PRJNA730598	2022-11-11
SRR14573509	PRJNA730598	2022-11-11
SRR13687718	PRJNA701428	2022-11-12
SRR13687726	PRJNA701428	2022-11-12
SRR13687727	PRJNA701428	2022-11-12
SRR13687714	PRJNA701428	2022-11-12
SRR13687716	PRJNA701428	2022-11-12
SRR13687721	PRJNA701428	2022-11-12
SRR13687722	PRJNA701428	2022-11-12
SRR13687723	PRJNA701428	2022-11-12
SRR13687725	PRJNA701428	2022-11-12
SRR13687728	PRJNA701428	2022-11-12
SRR13687730	PRJNA701428	2022-11-12
SRR13687736	PRJNA701428	2022-11-12
SRR13687713	PRJNA701428	2022-11-12
SRR13687715	PRJNA701428	2022-11-12
SRR13687717	PRJNA701428	2022-11-12
SRR13687719	PRJNA701428	2022-11-12
SRR13687720	PRJNA701428	2022-11-12
SRR13687724	PRJNA701428	2022-11-12
SRR13687729	PRJNA701428	2022-11-12
SRR13687731	PRJNA701428	2022-11-12
SRR13687732	PRJNA701428	2022-11-12
SRR13687733	PRJNA701428	2022-11-12
SRR13687734	PRJNA701428	2022-11-12
SRR13687735	PRJNA701428	2022-11-12
SRR18733275	PRJNA825823	2022-11-14
SRR18733281	PRJNA825823	2022-11-14
SRR18733282	PRJNA825823	2022-11-14
SRR18733284	PRJNA825823	2022-11-14
SRR18733273	PRJNA825823	2022-11-14
SRR18733274	PRJNA825823	2022-11-14
SRR18733276	PRJNA825823	2022-11-14
SRR18733277	PRJNA825823	2022-11-14
SRR18733279	PRJNA825823	2022-11-14
SRR18733280	PRJNA825823	2022-11-14
SRR18733283	PRJNA825823	2022-11-14
SRR18733285	PRJNA825823	2022-11-14
SRR18733287	PRJNA825823	2022-11-14
SRR18733270	PRJNA825823	2022-11-14
SRR18733271	PRJNA825823	2022-11-14
SRR18733272	PRJNA825823	2022-11-14
SRR18733278	PRJNA825823	2022-11-14
SRR18733286	PRJNA825823	2022-11-14
SRR20755599	PRJNA865352	2022-11-29
SRR20755601	PRJNA865352	2022-11-29
SRR20755611	PRJNA865352	2022-11-29
SRR20755616	PRJNA865352	2022-11-29
SRR20755621	PRJNA865352	2022-11-29
SRR20755623	PRJNA865352	2022-11-29
SRR20755625	PRJNA865352	2022-11-29
SRR20755629	PRJNA865352	2022-11-29
SRR20755632	PRJNA865352	2022-11-29
SRR20755598	PRJNA865352	2022-11-29
SRR20755602	PRJNA865352	2022-11-29
SRR20755604	PRJNA865352	2022-11-29
SRR20755608	PRJNA865352	2022-11-29
SRR20755609	PRJNA865352	2022-11-29
SRR20755613	PRJNA865352	2022-11-29
SRR20755618	PRJNA865352	2022-11-29
SRR20755619	PRJNA865352	2022-11-29
SRR20755620	PRJNA865352	2022-11-29
SRR20755622	PRJNA865352	2022-11-29
SRR20755627	PRJNA865352	2022-11-29
SRR20755628	PRJNA865352	2022-11-29
SRR20755630	PRJNA865352	2022-11-29
SRR20755600	PRJNA865352	2022-11-29
SRR20755603	PRJNA865352	2022-11-29
SRR20755605	PRJNA865352	2022-11-29
SRR20755606	PRJNA865352	2022-11-29
SRR20755607	PRJNA865352	2022-11-29
SRR20755610	PRJNA865352	2022-11-29
SRR20755612	PRJNA865352	2022-11-29
SRR20755614	PRJNA865352	2022-11-29
SRR20755615	PRJNA865352	2022-11-29
SRR20755617	PRJNA865352	2022-11-29
SRR20755624	PRJNA865352	2022-11-29
SRR20755626	PRJNA865352	2022-11-29
SRR20755631	PRJNA865352	2022-11-29
SRR20755633	PRJNA865352	2022-11-29
SRR20755634	PRJNA865352	2022-11-29
SRR21850507	PRJNA885306	2022-12-01
SRR21850510	PRJNA885306	2022-12-01
SRR21850511	PRJNA885306	2022-12-01
SRR21850513	PRJNA885306	2022-12-01
SRR21850514	PRJNA885306	2022-12-01
SRR21850520	PRJNA885306	2022-12-01
SRR21850506	PRJNA885306	2022-12-01
SRR21850508	PRJNA885306	2022-12-01
SRR21850509	PRJNA885306	2022-12-01
SRR21850512	PRJNA885306	2022-12-01
SRR21850519	PRJNA885306	2022-12-01
SRR21850515	PRJNA885306	2022-12-01
SRR21850516	PRJNA885306	2022-12-01
SRR21850517	PRJNA885306	2022-12-01
SRR21850518	PRJNA885306	2022-12-01
SRR22506263	PRJNA907804	2022-12-04
SRR22506267	PRJNA907804	2022-12-04
SRR22506270	PRJNA907804	2022-12-04
SRR22506271	PRJNA907804	2022-12-04
SRR22506272	PRJNA907804	2022-12-04
SRR22506273	PRJNA907804	2022-12-04
SRR22506274	PRJNA907804	2022-12-04
SRR22506275	PRJNA907804	2022-12-04
SRR22506281	PRJNA907804	2022-12-04
SRR22506264	PRJNA907804	2022-12-04
SRR22506265	PRJNA907804	2022-12-04
SRR22506276	PRJNA907804	2022-12-04
SRR22506277	PRJNA907804	2022-12-04
SRR22506278	PRJNA907804	2022-12-04
SRR22506282	PRJNA907804	2022-12-04
SRR22506266	PRJNA907804	2022-12-04
SRR22506268	PRJNA907804	2022-12-04
SRR22506269	PRJNA907804	2022-12-04
SRR22506279	PRJNA907804	2022-12-04
SRR22506280	PRJNA907804	2022-12-04
SRR16085806	PRJNA766617	2022-12-16
SRR16085808	PRJNA766617	2022-12-16
SRR16085809	PRJNA766617	2022-12-16
SRR16085813	PRJNA766617	2022-12-16
SRR16085814	PRJNA766617	2022-12-16
SRR16085819	PRJNA766617	2022-12-16
SRR16085821	PRJNA766617	2022-12-16
SRR16085822	PRJNA766617	2022-12-16
SRR16085824	PRJNA766617	2022-12-16
SRR16085830	PRJNA766617	2022-12-16
SRR16085807	PRJNA766617	2022-12-16
SRR16085816	PRJNA766617	2022-12-16
SRR16085818	PRJNA766617	2022-12-16
SRR16085820	PRJNA766617	2022-12-16
SRR16085823	PRJNA766617	2022-12-16
SRR16085825	PRJNA766617	2022-12-16
SRR16085827	PRJNA766617	2022-12-16
SRR16085828	PRJNA766617	2022-12-16
SRR16085829	PRJNA766617	2022-12-16
SRR16085805	PRJNA766617	2022-12-16
SRR16085810	PRJNA766617	2022-12-16
SRR16085811	PRJNA766617	2022-12-16
SRR16085812	PRJNA766617	2022-12-16
SRR16085815	PRJNA766617	2022-12-16
SRR16085817	PRJNA766617	2022-12-16
SRR16085826	PRJNA766617	2022-12-16
SRR22765028	PRJNA853352	2022-12-17
SRR22765029	PRJNA853352	2022-12-17
SRR22765033	PRJNA853352	2022-12-17
SRR22765034	PRJNA853352	2022-12-17
SRR22765036	PRJNA853352	2022-12-17
SRR22765030	PRJNA853352	2022-12-17
SRR22765031	PRJNA853352	2022-12-17
SRR22765032	PRJNA853352	2022-12-17
SRR22765035	PRJNA853352	2022-12-17
SRR22742312	PRJNA912240	2022-12-20
SRR22742316	PRJNA912240	2022-12-20
SRR22742318	PRJNA912240	2022-12-20
SRR22742322	PRJNA912240	2022-12-20
SRR22742336	PRJNA912240	2022-12-20
SRR22742343	PRJNA912240	2022-12-20
SRR22742349	PRJNA912240	2022-12-20
SRR22742350	PRJNA912240	2022-12-20
SRR22742351	PRJNA912240	2022-12-20
SRR22742354	PRJNA912240	2022-12-20
SRR22742356	PRJNA912240	2022-12-20
SRR22742366	PRJNA912240	2022-12-20
SRR22742296	PRJNA912240	2022-12-20
SRR22742297	PRJNA912240	2022-12-20
SRR22742315	PRJNA912240	2022-12-20
SRR22742319	PRJNA912240	2022-12-20
SRR22742332	PRJNA912240	2022-12-20
SRR22742334	PRJNA912240	2022-12-20
SRR22742344	PRJNA912240	2022-12-20
SRR22742346	PRJNA912240	2022-12-20
SRR22742355	PRJNA912240	2022-12-20
SRR22742362	PRJNA912240	2022-12-20
SRR22742290	PRJNA912240	2022-12-20
SRR22742294	PRJNA912240	2022-12-20
SRR22742314	PRJNA912240	2022-12-20
SRR22742317	PRJNA912240	2022-12-20
SRR22742326	PRJNA912240	2022-12-20
SRR22742333	PRJNA912240	2022-12-20
SRR22742342	PRJNA912240	2022-12-20
SRR22742345	PRJNA912240	2022-12-20
SRR22742347	PRJNA912240	2022-12-20
SRR22742348	PRJNA912240	2022-12-20
SRR22742352	PRJNA912240	2022-12-20
SRR22742360	PRJNA912240	2022-12-20
SRR22742363	PRJNA912240	2022-12-20
SRR22742364	PRJNA912240	2022-12-20
SRR22742468	PRJNA912241	2022-12-20
SRR22742560	PRJNA912241	2022-12-20
SRR22742584	PRJNA912241	2022-12-20
SRR22742469	PRJNA912241	2022-12-20
SRR22742470	PRJNA912241	2022-12-20
SRR22742478	PRJNA912241	2022-12-20
SRR22742558	PRJNA912241	2022-12-20
SRR22742575	PRJNA912241	2022-12-20
SRR22742583	PRJNA912241	2022-12-20
SRR22742591	PRJNA912241	2022-12-20
SRR22742592	PRJNA912241	2022-12-20
SRR22742602	PRJNA912241	2022-12-20
SRR22742471	PRJNA912241	2022-12-20
SRR22742485	PRJNA912241	2022-12-20
SRR22742486	PRJNA912241	2022-12-20
SRR22742487	PRJNA912241	2022-12-20
SRR22742557	PRJNA912241	2022-12-20
SRR22742559	PRJNA912241	2022-12-20
SRR22742573	PRJNA912241	2022-12-20
SRR22742574	PRJNA912241	2022-12-20
SRR22742576	PRJNA912241	2022-12-20
SRR22742582	PRJNA912241	2022-12-20
SRR22742593	PRJNA912241	2022-12-20
SRR22742594	PRJNA912241	2022-12-20
SRR22742595	PRJNA912241	2022-12-20
SRR22742596	PRJNA912241	2022-12-20
SRR22742597	PRJNA912241	2022-12-20
SRR22742601	PRJNA912241	2022-12-20
SRR22827121	PRJNA914227	2022-12-22
SRR22827123	PRJNA914227	2022-12-22
SRR22827125	PRJNA914227	2022-12-22
SRR22827133	PRJNA914227	2022-12-22
SRR22827136	PRJNA914227	2022-12-22
SRR22827137	PRJNA914227	2022-12-22
SRR22827141	PRJNA914227	2022-12-22
SRR22827143	PRJNA914227	2022-12-22
SRR22827144	PRJNA914227	2022-12-22
SRR22827118	PRJNA914227	2022-12-22
SRR22827120	PRJNA914227	2022-12-22
SRR22827122	PRJNA914227	2022-12-22
SRR22827128	PRJNA914227	2022-12-22
SRR22827129	PRJNA914227	2022-12-22
SRR22827130	PRJNA914227	2022-12-22
SRR22827134	PRJNA914227	2022-12-22
SRR22827142	PRJNA914227	2022-12-22
SRR22827124	PRJNA914227	2022-12-22
SRR22827140	PRJNA914227	2022-12-22
SRR22827131	PRJNA914227	2022-12-22
SRR22827132	PRJNA914227	2022-12-22
SRR22827145	PRJNA914227	2022-12-22
SRR22827119	PRJNA914227	2022-12-22
SRR22827126	PRJNA914227	2022-12-22
SRR22827127	PRJNA914227	2022-12-22
SRR22827135	PRJNA914227	2022-12-22
SRR22827138	PRJNA914227	2022-12-22
SRR22827139	PRJNA914227	2022-12-22
SRR16973965	PRJNA781454	2023-01-02
SRR16973967	PRJNA781454	2023-01-02
SRR16973968	PRJNA781454	2023-01-02
SRR16973961	PRJNA781454	2023-01-02
SRR16973964	PRJNA781454	2023-01-02
SRR16973963	PRJNA781454	2023-01-02
SRR16973962	PRJNA781454	2023-01-02
SRR16973966	PRJNA781454	2023-01-02
SRR20341193	PRJNA860930	2023-01-02
SRR20341194	PRJNA860930	2023-01-02
SRR20341196	PRJNA860930	2023-01-02
SRR20341198	PRJNA860930	2023-01-02
SRR20341204	PRJNA860930	2023-01-02
SRR20341222	PRJNA860930	2023-01-02
SRR20341229	PRJNA860930	2023-01-02
SRR20341231	PRJNA860930	2023-01-02
SRR20341235	PRJNA860930	2023-01-02
SRR20341240	PRJNA860930	2023-01-02
SRR20341243	PRJNA860930	2023-01-02
SRR20341244	PRJNA860930	2023-01-02
SRR20341246	PRJNA860930	2023-01-02
SRR20341248	PRJNA860930	2023-01-02
SRR20341249	PRJNA860930	2023-01-02
SRR20341253	PRJNA860930	2023-01-02
SRR20341256	PRJNA860930	2023-01-02
SRR20341261	PRJNA860930	2023-01-02
SRR20341264	PRJNA860930	2023-01-02
SRR20341266	PRJNA860930	2023-01-02
SRR20341267	PRJNA860930	2023-01-02
SRR20341270	PRJNA860930	2023-01-02
SRR20341271	PRJNA860930	2023-01-02
SRR20341276	PRJNA860930	2023-01-02
SRR20341277	PRJNA860930	2023-01-02
SRR20341279	PRJNA860930	2023-01-02
SRR20341282	PRJNA860930	2023-01-02
SRR20341286	PRJNA860930	2023-01-02
SRR20341192	PRJNA860930	2023-01-02
SRR20341199	PRJNA860930	2023-01-02
SRR20341200	PRJNA860930	2023-01-02
SRR20341202	PRJNA860930	2023-01-02
SRR20341207	PRJNA860930	2023-01-02
SRR20341208	PRJNA860930	2023-01-02
SRR20341209	PRJNA860930	2023-01-02
SRR20341210	PRJNA860930	2023-01-02
SRR20341213	PRJNA860930	2023-01-02
SRR20341217	PRJNA860930	2023-01-02
SRR20341219	PRJNA860930	2023-01-02
SRR20341220	PRJNA860930	2023-01-02
SRR20341224	PRJNA860930	2023-01-02
SRR20341226	PRJNA860930	2023-01-02
SRR20341232	PRJNA860930	2023-01-02
SRR20341237	PRJNA860930	2023-01-02
SRR20341242	PRJNA860930	2023-01-02
SRR20341247	PRJNA860930	2023-01-02
SRR20341251	PRJNA860930	2023-01-02
SRR20341252	PRJNA860930	2023-01-02
SRR20341254	PRJNA860930	2023-01-02
SRR20341255	PRJNA860930	2023-01-02
SRR20341257	PRJNA860930	2023-01-02
SRR20341258	PRJNA860930	2023-01-02
SRR20341259	PRJNA860930	2023-01-02
SRR20341263	PRJNA860930	2023-01-02
SRR20341265	PRJNA860930	2023-01-02
SRR20341272	PRJNA860930	2023-01-02
SRR20341273	PRJNA860930	2023-01-02
SRR20341274	PRJNA860930	2023-01-02
SRR20341275	PRJNA860930	2023-01-02
SRR20341278	PRJNA860930	2023-01-02
SRR20341280	PRJNA860930	2023-01-02
SRR20341284	PRJNA860930	2023-01-02
SRR20341195	PRJNA860930	2023-01-02
SRR20341197	PRJNA860930	2023-01-02
SRR20341201	PRJNA860930	2023-01-02
SRR20341203	PRJNA860930	2023-01-02
SRR20341205	PRJNA860930	2023-01-02
SRR20341206	PRJNA860930	2023-01-02
SRR20341211	PRJNA860930	2023-01-02
SRR20341212	PRJNA860930	2023-01-02
SRR20341214	PRJNA860930	2023-01-02
SRR20341215	PRJNA860930	2023-01-02
SRR20341216	PRJNA860930	2023-01-02
SRR20341218	PRJNA860930	2023-01-02
SRR20341221	PRJNA860930	2023-01-02
SRR20341223	PRJNA860930	2023-01-02
SRR20341225	PRJNA860930	2023-01-02
SRR20341227	PRJNA860930	2023-01-02
SRR20341228	PRJNA860930	2023-01-02
SRR20341230	PRJNA860930	2023-01-02
SRR20341233	PRJNA860930	2023-01-02
SRR20341234	PRJNA860930	2023-01-02
SRR20341236	PRJNA860930	2023-01-02
SRR20341238	PRJNA860930	2023-01-02
SRR20341239	PRJNA860930	2023-01-02
SRR20341241	PRJNA860930	2023-01-02
SRR20341245	PRJNA860930	2023-01-02
SRR20341250	PRJNA860930	2023-01-02
SRR20341260	PRJNA860930	2023-01-02
SRR20341262	PRJNA860930	2023-01-02
SRR20341268	PRJNA860930	2023-01-02
SRR20341269	PRJNA860930	2023-01-02
SRR20341281	PRJNA860930	2023-01-02
SRR20341283	PRJNA860930	2023-01-02
SRR20341285	PRJNA860930	2023-01-02
ERR9929019	PRJEB54640	2023-01-03
ERR9929026	PRJEB54640	2023-01-03
ERR9929029	PRJEB54640	2023-01-03
ERR9929031	PRJEB54640	2023-01-03
ERR9929038	PRJEB54640	2023-01-03
ERR9929039	PRJEB54640	2023-01-03
ERR9929028	PRJEB54640	2023-01-03
ERR9929030	PRJEB54640	2023-01-03
ERR9929034	PRJEB54640	2023-01-03
ERR9929037	PRJEB54640	2023-01-03
ERR9929020	PRJEB54640	2023-01-03
ERR9929021	PRJEB54640	2023-01-03
ERR9929022	PRJEB54640	2023-01-03
ERR9929023	PRJEB54640	2023-01-03
ERR9929024	PRJEB54640	2023-01-03
ERR9929025	PRJEB54640	2023-01-03
ERR9929027	PRJEB54640	2023-01-03
ERR9929032	PRJEB54640	2023-01-03
ERR9929033	PRJEB54640	2023-01-03
ERR9929035	PRJEB54640	2023-01-03
ERR9929036	PRJEB54640	2023-01-03
ERR9929040	PRJEB54640	2023-01-03
ERR9929041	PRJEB54640	2023-01-03
ERR9929042	PRJEB54640	2023-01-03
SRR16248732	PRJNA769662	2023-01-04
SRR16248733	PRJNA769662	2023-01-04
SRR16248735	PRJNA769662	2023-01-04
SRR16248737	PRJNA769662	2023-01-04
SRR16248734	PRJNA769662	2023-01-04
SRR16248738	PRJNA769662	2023-01-04
SRR16248740	PRJNA769662	2023-01-04
SRR16248741	PRJNA769662	2023-01-04
SRR16248742	PRJNA769662	2023-01-04
SRR16248731	PRJNA769662	2023-01-04
SRR16248736	PRJNA769662	2023-01-04
SRR16248739	PRJNA769662	2023-01-04
SRR23013311	PRJNA921841	2023-01-10
SRR23013312	PRJNA921841	2023-01-10
SRR23013316	PRJNA921841	2023-01-10
SRR23013320	PRJNA921841	2023-01-10
SRR23013321	PRJNA921841	2023-01-10
SRR23013323	PRJNA921841	2023-01-10
SRR23013326	PRJNA921841	2023-01-10
SRR23013313	PRJNA921841	2023-01-10
SRR23013317	PRJNA921841	2023-01-10
SRR23013318	PRJNA921841	2023-01-10
SRR23013319	PRJNA921841	2023-01-10
SRR23013328	PRJNA921841	2023-01-10
SRR23013314	PRJNA921841	2023-01-10
SRR23013315	PRJNA921841	2023-01-10
SRR23013322	PRJNA921841	2023-01-10
SRR23013324	PRJNA921841	2023-01-10
SRR23013325	PRJNA921841	2023-01-10
SRR23013327	PRJNA921841	2023-01-10
SRR10897396	PRJNA601330	2023-01-17
SRR10897399	PRJNA601330	2023-01-17
SRR10897403	PRJNA601330	2023-01-17
SRR10897407	PRJNA601330	2023-01-17
SRR10897408	PRJNA601330	2023-01-17
SRR10897409	PRJNA601330	2023-01-17
SRR10897397	PRJNA601330	2023-01-17
SRR10897398	PRJNA601330	2023-01-17
SRR10897400	PRJNA601330	2023-01-17
SRR10897401	PRJNA601330	2023-01-17
SRR10897406	PRJNA601330	2023-01-17
SRR10897410	PRJNA601330	2023-01-17
SRR10897411	PRJNA601330	2023-01-17
SRR10897402	PRJNA601330	2023-01-17
SRR10897404	PRJNA601330	2023-01-17
SRR10897405	PRJNA601330	2023-01-17
SRR18440234	PRJNA818797	2023-02-07
SRR18440235	PRJNA818797	2023-02-07
SRR18440240	PRJNA818797	2023-02-07
SRR18440243	PRJNA818797	2023-02-07
SRR18440244	PRJNA818797	2023-02-07
SRR18440249	PRJNA818797	2023-02-07
SRR18440251	PRJNA818797	2023-02-07
SRR18440252	PRJNA818797	2023-02-07
SRR18440254	PRJNA818797	2023-02-07
SRR18440255	PRJNA818797	2023-02-07
SRR18440258	PRJNA818797	2023-02-07
SRR18440260	PRJNA818797	2023-02-07
SRR18440270	PRJNA818797	2023-02-07
SRR18440274	PRJNA818797	2023-02-07
SRR18440282	PRJNA818797	2023-02-07
SRR18440283	PRJNA818797	2023-02-07
SRR18440284	PRJNA818797	2023-02-07
SRR18440229	PRJNA818797	2023-02-07
SRR18440230	PRJNA818797	2023-02-07
SRR18440237	PRJNA818797	2023-02-07
SRR18440247	PRJNA818797	2023-02-07
SRR18440248	PRJNA818797	2023-02-07
SRR18440250	PRJNA818797	2023-02-07
SRR18440256	PRJNA818797	2023-02-07
SRR18440262	PRJNA818797	2023-02-07
SRR18440263	PRJNA818797	2023-02-07
SRR18440266	PRJNA818797	2023-02-07
SRR18440267	PRJNA818797	2023-02-07
SRR18440268	PRJNA818797	2023-02-07
SRR18440269	PRJNA818797	2023-02-07
SRR18440273	PRJNA818797	2023-02-07
SRR18440275	PRJNA818797	2023-02-07
SRR18440277	PRJNA818797	2023-02-07
SRR18440278	PRJNA818797	2023-02-07
SRR18440279	PRJNA818797	2023-02-07
SRR18440280	PRJNA818797	2023-02-07
SRR18440281	PRJNA818797	2023-02-07
SRR18440231	PRJNA818797	2023-02-07
SRR18440232	PRJNA818797	2023-02-07
SRR18440233	PRJNA818797	2023-02-07
SRR18440236	PRJNA818797	2023-02-07
SRR18440238	PRJNA818797	2023-02-07
SRR18440239	PRJNA818797	2023-02-07
SRR18440241	PRJNA818797	2023-02-07
SRR18440242	PRJNA818797	2023-02-07
SRR18440245	PRJNA818797	2023-02-07
SRR18440246	PRJNA818797	2023-02-07
SRR18440253	PRJNA818797	2023-02-07
SRR18440257	PRJNA818797	2023-02-07
SRR18440259	PRJNA818797	2023-02-07
SRR18440261	PRJNA818797	2023-02-07
SRR18440264	PRJNA818797	2023-02-07
SRR18440265	PRJNA818797	2023-02-07
SRR18440271	PRJNA818797	2023-02-07
SRR18440272	PRJNA818797	2023-02-07
SRR18440276	PRJNA818797	2023-02-07
SRR23386688	PRJNA934527	2023-02-27
SRR23386692	PRJNA934527	2023-02-27
SRR23386749	PRJNA934527	2023-02-27
SRR23386755	PRJNA934527	2023-02-27
SRR23386756	PRJNA934527	2023-02-27
SRR23386757	PRJNA934527	2023-02-27
SRR23386984	PRJNA934527	2023-02-27
SRR23386985	PRJNA934527	2023-02-27
SRR23386689	PRJNA934527	2023-02-27
SRR23386690	PRJNA934527	2023-02-27
SRR23386752	PRJNA934527	2023-02-27
SRR23386753	PRJNA934527	2023-02-27
SRR23386937	PRJNA934527	2023-02-27
SRR23386983	PRJNA934527	2023-02-27
SRR23386986	PRJNA934527	2023-02-27
SRR23386987	PRJNA934527	2023-02-27
SRR23386691	PRJNA934527	2023-02-27
SRR23386750	PRJNA934527	2023-02-27
SRR23386751	PRJNA934527	2023-02-27
SRR23386754	PRJNA934527	2023-02-27
SRR23386758	PRJNA934527	2023-02-27
SRR23386935	PRJNA934527	2023-02-27
SRR23702300	PRJNA941076	2023-03-10
SRR23702302	PRJNA941076	2023-03-10
SRR23702303	PRJNA941076	2023-03-10
SRR23702305	PRJNA941076	2023-03-10
SRR23702307	PRJNA941076	2023-03-10
SRR23702296	PRJNA941076	2023-03-10
SRR23702297	PRJNA941076	2023-03-10
SRR23702298	PRJNA941076	2023-03-10
SRR23702301	PRJNA941076	2023-03-10
SRR23702294	PRJNA941076	2023-03-10
SRR23702295	PRJNA941076	2023-03-10
SRR23702299	PRJNA941076	2023-03-10
SRR23702304	PRJNA941076	2023-03-10
SRR23702306	PRJNA941076	2023-03-10
SRR23702308	PRJNA941076	2023-03-10
SRR23798294	PRJNA862346	2023-03-17
SRR23798293	PRJNA862346	2023-03-17
SRR23798296	PRJNA862346	2023-03-17
SRR23798295	PRJNA862346	2023-03-17
SRR17170460	PRJNA787262	2023-03-19
SRR17170461	PRJNA787262	2023-03-19
SRR17170462	PRJNA787262	2023-03-19
SRR17170464	PRJNA787262	2023-03-19
SRR17170465	PRJNA787262	2023-03-19
SRR17170470	PRJNA787262	2023-03-19
SRR17170472	PRJNA787262	2023-03-19
SRR17170473	PRJNA787262	2023-03-19
SRR17170474	PRJNA787262	2023-03-19
SRR17170476	PRJNA787262	2023-03-19
SRR17170463	PRJNA787262	2023-03-19
SRR17170466	PRJNA787262	2023-03-19
SRR17170467	PRJNA787262	2023-03-19
SRR17170468	PRJNA787262	2023-03-19
SRR17170471	PRJNA787262	2023-03-19
SRR17170469	PRJNA787262	2023-03-19
SRR17170475	PRJNA787262	2023-03-19
SRR17170477	PRJNA787262	2023-03-19
SRR11539517	PRJNA625032	2023-04-14
SRR11539518	PRJNA625032	2023-04-14
SRR11539520	PRJNA625032	2023-04-14
SRR11539526	PRJNA625032	2023-04-14
SRR11539534	PRJNA625032	2023-04-14
SRR11539536	PRJNA625032	2023-04-14
SRR11539542	PRJNA625032	2023-04-14
SRR11539544	PRJNA625032	2023-04-14
SRR11539519	PRJNA625032	2023-04-14
SRR11539521	PRJNA625032	2023-04-14
SRR11539523	PRJNA625032	2023-04-14
SRR11539525	PRJNA625032	2023-04-14
SRR11539527	PRJNA625032	2023-04-14
SRR11539529	PRJNA625032	2023-04-14
SRR11539530	PRJNA625032	2023-04-14
SRR11539532	PRJNA625032	2023-04-14
SRR11539537	PRJNA625032	2023-04-14
SRR11539539	PRJNA625032	2023-04-14
SRR11539540	PRJNA625032	2023-04-14
SRR11539541	PRJNA625032	2023-04-14
SRR11539543	PRJNA625032	2023-04-14
SRR11539515	PRJNA625032	2023-04-14
SRR11539516	PRJNA625032	2023-04-14
SRR11539522	PRJNA625032	2023-04-14
SRR11539524	PRJNA625032	2023-04-14
SRR11539528	PRJNA625032	2023-04-14
SRR11539531	PRJNA625032	2023-04-14
SRR11539533	PRJNA625032	2023-04-14
SRR11539535	PRJNA625032	2023-04-14
SRR11539538	PRJNA625032	2023-04-14
SRR23079059	PRJNA923698	2023-04-14
SRR23079070	PRJNA923698	2023-04-14
SRR23079084	PRJNA923698	2023-04-14
SRR23079092	PRJNA923698	2023-04-14
SRR23079100	PRJNA923698	2023-04-14
SRR23079107	PRJNA923698	2023-04-14
SRR23079112	PRJNA923698	2023-04-14
SRR23079119	PRJNA923698	2023-04-14
SRR23079122	PRJNA923698	2023-04-14
SRR23079123	PRJNA923698	2023-04-14
SRR23079124	PRJNA923698	2023-04-14
SRR23079141	PRJNA923698	2023-04-14
SRR23079153	PRJNA923698	2023-04-14
SRR23079158	PRJNA923698	2023-04-14
SRR23079164	PRJNA923698	2023-04-14
SRR23079165	PRJNA923698	2023-04-14
SRR23079170	PRJNA923698	2023-04-14
SRR23079181	PRJNA923698	2023-04-14
SRR23079182	PRJNA923698	2023-04-14
SRR23079187	PRJNA923698	2023-04-14
SRR23079190	PRJNA923698	2023-04-14
SRR23079191	PRJNA923698	2023-04-14
SRR23079194	PRJNA923698	2023-04-14
SRR23079195	PRJNA923698	2023-04-14
SRR23079199	PRJNA923698	2023-04-14
SRR23079203	PRJNA923698	2023-04-14
SRR23079209	PRJNA923698	2023-04-14
SRR23079210	PRJNA923698	2023-04-14
SRR23079220	PRJNA923698	2023-04-14
SRR23079232	PRJNA923698	2023-04-14
SRR23079236	PRJNA923698	2023-04-14
SRR23079237	PRJNA923698	2023-04-14
SRR23079247	PRJNA923698	2023-04-14
SRR23079251	PRJNA923698	2023-04-14
SRR23079045	PRJNA923698	2023-04-14
SRR23079049	PRJNA923698	2023-04-14
SRR23079051	PRJNA923698	2023-04-14
SRR23079064	PRJNA923698	2023-04-14
SRR23079073	PRJNA923698	2023-04-14
SRR23079078	PRJNA923698	2023-04-14
SRR23079087	PRJNA923698	2023-04-14
SRR23079115	PRJNA923698	2023-04-14
SRR23079128	PRJNA923698	2023-04-14
SRR23079132	PRJNA923698	2023-04-14
SRR23079137	PRJNA923698	2023-04-14
SRR23079159	PRJNA923698	2023-04-14
SRR23079166	PRJNA923698	2023-04-14
SRR23079169	PRJNA923698	2023-04-14
SRR23079174	PRJNA923698	2023-04-14
SRR23079179	PRJNA923698	2023-04-14
SRR23079186	PRJNA923698	2023-04-14
SRR23079196	PRJNA923698	2023-04-14
SRR23079205	PRJNA923698	2023-04-14
SRR23079214	PRJNA923698	2023-04-14
SRR23079219	PRJNA923698	2023-04-14
SRR23079235	PRJNA923698	2023-04-14
SRR23079241	PRJNA923698	2023-04-14
SRR23079242	PRJNA923698	2023-04-14
SRR23079245	PRJNA923698	2023-04-14
SRR23079257	PRJNA923698	2023-04-14
SRR23079270	PRJNA923698	2023-04-14
SRR23079273	PRJNA923698	2023-04-14
SRR23079281	PRJNA923698	2023-04-14
SRR23079052	PRJNA923698	2023-04-14
SRR23079063	PRJNA923698	2023-04-14
SRR23079067	PRJNA923698	2023-04-14
SRR23079094	PRJNA923698	2023-04-14
SRR23079098	PRJNA923698	2023-04-14
SRR23079103	PRJNA923698	2023-04-14
SRR23079106	PRJNA923698	2023-04-14
SRR23079110	PRJNA923698	2023-04-14
SRR23079111	PRJNA923698	2023-04-14
SRR23079129	PRJNA923698	2023-04-14
SRR23079142	PRJNA923698	2023-04-14
SRR23079154	PRJNA923698	2023-04-14
SRR23079155	PRJNA923698	2023-04-14
SRR23079160	PRJNA923698	2023-04-14
SRR23079185	PRJNA923698	2023-04-14
SRR23079204	PRJNA923698	2023-04-14
SRR23079213	PRJNA923698	2023-04-14
SRR23079218	PRJNA923698	2023-04-14
SRR23079223	PRJNA923698	2023-04-14
SRR23079226	PRJNA923698	2023-04-14
SRR23079246	PRJNA923698	2023-04-14
SRR23079250	PRJNA923698	2023-04-14
SRR23079254	PRJNA923698	2023-04-14
SRR23079260	PRJNA923698	2023-04-14
SRR23079278	PRJNA923698	2023-04-14
SRR24116719	PRJNA953970	2023-04-14
SRR24116723	PRJNA953970	2023-04-14
SRR24116716	PRJNA953970	2023-04-14
SRR24116717	PRJNA953970	2023-04-14
SRR24116720	PRJNA953970	2023-04-14
SRR24116722	PRJNA953970	2023-04-14
SRR24116724	PRJNA953970	2023-04-14
SRR24116718	PRJNA953970	2023-04-14
SRR24116721	PRJNA953970	2023-04-14
SRR24116725	PRJNA953970	2023-04-14
SRR24116726	PRJNA953970	2023-04-14
SRR24116727	PRJNA953970	2023-04-14
SRR23254891	PRJNA928734	2023-05-05
SRR23254892	PRJNA928734	2023-05-05
SRR23254893	PRJNA928734	2023-05-05
SRR23254894	PRJNA928734	2023-05-05
SRR23254897	PRJNA928734	2023-05-05
SRR23254902	PRJNA928734	2023-05-05
SRR23254903	PRJNA928734	2023-05-05
SRR23254905	PRJNA928734	2023-05-05
SRR23254907	PRJNA928734	2023-05-05
SRR23254909	PRJNA928734	2023-05-05
SRR23254887	PRJNA928734	2023-05-05
SRR23254888	PRJNA928734	2023-05-05
SRR23254889	PRJNA928734	2023-05-05
SRR23254898	PRJNA928734	2023-05-05
SRR23254899	PRJNA928734	2023-05-05
SRR23254901	PRJNA928734	2023-05-05
SRR23254904	PRJNA928734	2023-05-05
SRR23254906	PRJNA928734	2023-05-05
SRR23254890	PRJNA928734	2023-05-05
SRR23254895	PRJNA928734	2023-05-05
SRR23254896	PRJNA928734	2023-05-05
SRR23254900	PRJNA928734	2023-05-05
SRR23254908	PRJNA928734	2023-05-05
SRR23254928	PRJNA928735	2023-05-05
SRR23254931	PRJNA928735	2023-05-05
SRR23254932	PRJNA928735	2023-05-05
SRR23254935	PRJNA928735	2023-05-05
SRR23254936	PRJNA928735	2023-05-05
SRR23254937	PRJNA928735	2023-05-05
SRR23254938	PRJNA928735	2023-05-05
SRR23254926	PRJNA928735	2023-05-05
SRR23254927	PRJNA928735	2023-05-05
SRR23254929	PRJNA928735	2023-05-05
SRR23254934	PRJNA928735	2023-05-05
SRR23254930	PRJNA928735	2023-05-05
SRR23254933	PRJNA928735	2023-05-05
SRR24301996	PRJNA961723	2023-05-05
SRR24301997	PRJNA961723	2023-05-05
SRR24301999	PRJNA961723	2023-05-05
SRR24302000	PRJNA961723	2023-05-05
SRR24302005	PRJNA961723	2023-05-05
SRR24302007	PRJNA961723	2023-05-05
SRR24301992	PRJNA961723	2023-05-05
SRR24301995	PRJNA961723	2023-05-05
SRR24302001	PRJNA961723	2023-05-05
SRR24302002	PRJNA961723	2023-05-05
SRR24302004	PRJNA961723	2023-05-05
SRR24301993	PRJNA961723	2023-05-05
SRR24301994	PRJNA961723	2023-05-05
SRR24301998	PRJNA961723	2023-05-05
SRR24302003	PRJNA961723	2023-05-05
SRR24302006	PRJNA961723	2023-05-05
SRR12964669	PRJNA673835	2023-05-10
SRR12964710	PRJNA673835	2023-05-10
SRR12964664	PRJNA673835	2023-05-12
SRR12964671	PRJNA673835	2023-05-12
SRR12964679	PRJNA673835	2023-05-12
SRR12964693	PRJNA673835	2023-05-12
SRR12964696	PRJNA673835	2023-05-12
SRR12964699	PRJNA673835	2023-05-12
SRR12964700	PRJNA673835	2023-05-12
SRR12964701	PRJNA673835	2023-05-12
SRR12964720	PRJNA673835	2023-05-12
SRR12964731	PRJNA673835	2023-05-12
SRR12964663	PRJNA673835	2023-05-12
SRR12964665	PRJNA673835	2023-05-12
SRR12964667	PRJNA673835	2023-05-12
SRR12964674	PRJNA673835	2023-05-12
SRR12964685	PRJNA673835	2023-05-12
SRR12964687	PRJNA673835	2023-05-12
SRR12964695	PRJNA673835	2023-05-12
SRR12964708	PRJNA673835	2023-05-12
SRR12964711	PRJNA673835	2023-05-12
SRR12964717	PRJNA673835	2023-05-12
SRR12964724	PRJNA673835	2023-05-12
SRR12964662	PRJNA673835	2023-05-12
SRR12964673	PRJNA673835	2023-05-12
SRR12964686	PRJNA673835	2023-05-12
SRR12964715	PRJNA673835	2023-05-12
SRR12964718	PRJNA673835	2023-05-12
SRR12964670	PRJNA673835	2023-05-19
SRR12964730	PRJNA673835	2023-05-19
SRR12964733	PRJNA673835	2023-05-19
SRR12964672	PRJNA673835	2023-05-19
SRR12964682	PRJNA673835	2023-05-19
SRR12964678	PRJNA673835	2023-05-19
SRR12964689	PRJNA673835	2023-05-19
SRR12964690	PRJNA673835	2023-05-19
SRR12964691	PRJNA673835	2023-05-19
SRR12964694	PRJNA673835	2023-05-19
SRR12964732	PRJNA673835	2023-05-19
ERR9903083	PRJEB53723	2023-06-05
ERR9903091	PRJEB53723	2023-06-05
ERR9903099	PRJEB53723	2023-06-05
ERR9903101	PRJEB53723	2023-06-05
ERR9903104	PRJEB53723	2023-06-05
ERR9903109	PRJEB53723	2023-06-05
ERR9903111	PRJEB53723	2023-06-05
ERR9903113	PRJEB53723	2023-06-05
ERR9903084	PRJEB53723	2023-06-05
ERR9903086	PRJEB53723	2023-06-05
ERR9903087	PRJEB53723	2023-06-05
ERR9903090	PRJEB53723	2023-06-05
ERR9903096	PRJEB53723	2023-06-05
ERR9903100	PRJEB53723	2023-06-05
ERR9903106	PRJEB53723	2023-06-05
ERR9903107	PRJEB53723	2023-06-05
ERR9903110	PRJEB53723	2023-06-05
ERR9903085	PRJEB53723	2023-06-05
ERR9903093	PRJEB53723	2023-06-05
ERR9903094	PRJEB53723	2023-06-05
ERR9903095	PRJEB53723	2023-06-05
ERR9903097	PRJEB53723	2023-06-05
ERR9903098	PRJEB53723	2023-06-05
ERR9903102	PRJEB53723	2023-06-05
ERR9903103	PRJEB53723	2023-06-05
ERR9903105	PRJEB53723	2023-06-05
ERR9903108	PRJEB53723	2023-06-05
ERR9903112	PRJEB53723	2023-06-05
SRR12964666	PRJNA673835	2023-06-05
SRR12964668	PRJNA673835	2023-06-05
SRR12964680	PRJNA673835	2023-06-05
SRR12964692	PRJNA673835	2023-06-05
SRR12964723	PRJNA673835	2023-06-05
SRR12964734	PRJNA673835	2023-06-05
SRR12964675	PRJNA673835	2023-06-05
SRR12964676	PRJNA673835	2023-06-05
SRR12964684	PRJNA673835	2023-06-05
SRR12964697	PRJNA673835	2023-06-05
SRR12964677	PRJNA673835	2023-06-05
SRR12964681	PRJNA673835	2023-06-05
SRR12964683	PRJNA673835	2023-06-05
SRR12964688	PRJNA673835	2023-06-05
SRR12964722	PRJNA673835	2023-06-05
SRR12964727	PRJNA673835	2023-06-05
SRR23601827	PRJNA938084	2023-06-05
SRR23601828	PRJNA938084	2023-06-05
SRR23601831	PRJNA938084	2023-06-05
SRR23601836	PRJNA938084	2023-06-05
SRR23601837	PRJNA938084	2023-06-05
SRR23601839	PRJNA938084	2023-06-05
SRR23601841	PRJNA938084	2023-06-05
SRR23601829	PRJNA938084	2023-06-05
SRR23601830	PRJNA938084	2023-06-05
SRR23601840	PRJNA938084	2023-06-05
SRR23601842	PRJNA938084	2023-06-05
SRR23601832	PRJNA938084	2023-06-05
SRR23601834	PRJNA938084	2023-06-05
SRR24753483	PRJNA976929	2023-06-05
SRR24753519	PRJNA976929	2023-06-05
SRR24753521	PRJNA976929	2023-06-05
SRR24753522	PRJNA976929	2023-06-05
SRR24753529	PRJNA976929	2023-06-05
SRR24753460	PRJNA976929	2023-06-05
SRR24753492	PRJNA976929	2023-06-05
SRR24753449	PRJNA976929	2023-06-05
SRR24753459	PRJNA976929	2023-06-05
SRR24753480	PRJNA976929	2023-06-05
SRR24753500	PRJNA976929	2023-06-05
SRR24753524	PRJNA976929	2023-06-05
SRR24752699	PRJNA976924	2023-06-22
SRR24752701	PRJNA976924	2023-06-22
SRR24752704	PRJNA976924	2023-06-22
SRR24752705	PRJNA976924	2023-06-22
SRR24752706	PRJNA976924	2023-06-22
SRR24752725	PRJNA976924	2023-06-22
SRR24752728	PRJNA976924	2023-06-22
SRR24752730	PRJNA976924	2023-06-22
SRR24752731	PRJNA976924	2023-06-22
SRR24752734	PRJNA976924	2023-06-22
SRR24752735	PRJNA976924	2023-06-22
SRR24752736	PRJNA976924	2023-06-22
SRR24752741	PRJNA976924	2023-06-22
SRR24752767	PRJNA976924	2023-06-22
SRR24752768	PRJNA976924	2023-06-22
SRR24752770	PRJNA976924	2023-06-22
SRR24752775	PRJNA976924	2023-06-22
SRR24752780	PRJNA976924	2023-06-22
SRR24752781	PRJNA976924	2023-06-22
SRR24752783	PRJNA976924	2023-06-22
SRR24752785	PRJNA976924	2023-06-22
SRR24752786	PRJNA976924	2023-06-22
SRR24752691	PRJNA976924	2023-06-22
SRR24752693	PRJNA976924	2023-06-22
SRR24752694	PRJNA976924	2023-06-22
SRR24752698	PRJNA976924	2023-06-22
SRR24752700	PRJNA976924	2023-06-22
SRR24752702	PRJNA976924	2023-06-22
SRR24752707	PRJNA976924	2023-06-22
SRR24752708	PRJNA976924	2023-06-22
SRR24752724	PRJNA976924	2023-06-22
SRR24752726	PRJNA976924	2023-06-22
SRR24752729	PRJNA976924	2023-06-22
SRR24752732	PRJNA976924	2023-06-22
SRR24752733	PRJNA976924	2023-06-22
SRR24752738	PRJNA976924	2023-06-22
SRR24752739	PRJNA976924	2023-06-22
SRR24752742	PRJNA976924	2023-06-22
SRR24752743	PRJNA976924	2023-06-22
SRR24752760	PRJNA976924	2023-06-22
SRR24752761	PRJNA976924	2023-06-22
SRR24752764	PRJNA976924	2023-06-22
SRR24752765	PRJNA976924	2023-06-22
SRR24752766	PRJNA976924	2023-06-22
SRR24752769	PRJNA976924	2023-06-22
SRR24752771	PRJNA976924	2023-06-22
SRR24752772	PRJNA976924	2023-06-22
SRR24752773	PRJNA976924	2023-06-22
SRR24752774	PRJNA976924	2023-06-22
SRR24752778	PRJNA976924	2023-06-22
SRR24752779	PRJNA976924	2023-06-22
SRR24752788	PRJNA976924	2023-06-22
SRR24752790	PRJNA976924	2023-06-22
SRR24752791	PRJNA976924	2023-06-22
SRR24752684	PRJNA976924	2023-06-22
SRR24752695	PRJNA976924	2023-06-22
SRR24752696	PRJNA976924	2023-06-22
SRR24752697	PRJNA976924	2023-06-22
SRR24752703	PRJNA976924	2023-06-22
SRR24752727	PRJNA976924	2023-06-22
SRR24752737	PRJNA976924	2023-06-22
SRR24752740	PRJNA976924	2023-06-22
SRR24752762	PRJNA976924	2023-06-22
SRR24752763	PRJNA976924	2023-06-22
SRR24752776	PRJNA976924	2023-06-22
SRR24752777	PRJNA976924	2023-06-22
SRR24752782	PRJNA976924	2023-06-22
SRR24752784	PRJNA976924	2023-06-22
SRR24752787	PRJNA976924	2023-06-22
SRR24752789	PRJNA976924	2023-06-22
SRR24770531	PRJNA977878	2023-06-22
SRR24770534	PRJNA977878	2023-06-22
SRR24770535	PRJNA977878	2023-06-22
SRR24770539	PRJNA977878	2023-06-22
SRR24770540	PRJNA977878	2023-06-22
SRR24770532	PRJNA977878	2023-06-22
SRR24770537	PRJNA977878	2023-06-22
SRR24770541	PRJNA977878	2023-06-22
SRR24770544	PRJNA977878	2023-06-22
SRR24746855	PRJNA975850	2023-06-23
SRR24746866	PRJNA975850	2023-06-23
SRR24746874	PRJNA975850	2023-06-23
SRR24746894	PRJNA975850	2023-06-23
SRR24746903	PRJNA975850	2023-06-23
SRR24746917	PRJNA975850	2023-06-23
SRR24746926	PRJNA975850	2023-06-23
SRR24746942	PRJNA975850	2023-06-23
SRR24746953	PRJNA975850	2023-06-23
SRR24746968	PRJNA975850	2023-06-23
SRR24746981	PRJNA975850	2023-06-23
SRR24747036	PRJNA975850	2023-06-23
SRR24747037	PRJNA975850	2023-06-23
SRR24747038	PRJNA975850	2023-06-23
SRR24747045	PRJNA975850	2023-06-23
SRR24747046	PRJNA975850	2023-06-23
SRR24747080	PRJNA975850	2023-06-23
SRR24747084	PRJNA975850	2023-06-23
SRR24747087	PRJNA975850	2023-06-23
SRR24747089	PRJNA975850	2023-06-23
SRR24747090	PRJNA975850	2023-06-23
SRR24747096	PRJNA975850	2023-06-23
SRR24747099	PRJNA975850	2023-06-23
SRR24747102	PRJNA975850	2023-06-23
SRR24747103	PRJNA975850	2023-06-23
SRR24747116	PRJNA975850	2023-06-23
SRR24747117	PRJNA975850	2023-06-23
SRR24747128	PRJNA975850	2023-06-23
SRR24747129	PRJNA975850	2023-06-23
SRR24747133	PRJNA975850	2023-06-23
SRR24747138	PRJNA975850	2023-06-23
SRR24747140	PRJNA975850	2023-06-23
SRR24747141	PRJNA975850	2023-06-23
SRR24747146	PRJNA975850	2023-06-23
SRR24747206	PRJNA975850	2023-06-23
SRR24747210	PRJNA975850	2023-06-23
SRR24747244	PRJNA975850	2023-06-23
SRR24747245	PRJNA975850	2023-06-23
SRR24747248	PRJNA975850	2023-06-23
SRR24747257	PRJNA975850	2023-06-23
SRR24747294	PRJNA975850	2023-06-23
SRR24747297	PRJNA975850	2023-06-23
SRR24747329	PRJNA975850	2023-06-23
SRR24747334	PRJNA975850	2023-06-23
SRR24747335	PRJNA975850	2023-06-23
SRR24747357	PRJNA975850	2023-06-23
SRR24747384	PRJNA975850	2023-06-23
SRR24747412	PRJNA975850	2023-06-23
SRR24747413	PRJNA975850	2023-06-23
SRR24747434	PRJNA975850	2023-06-23
SRR24747447	PRJNA975850	2023-06-23
SRR24747453	PRJNA975850	2023-06-23
SRR24747464	PRJNA975850	2023-06-23
SRR24747465	PRJNA975850	2023-06-23
SRR24747467	PRJNA975850	2023-06-23
SRR24747492	PRJNA975850	2023-06-23
SRR24747540	PRJNA975850	2023-06-23
SRR24747541	PRJNA975850	2023-06-23
SRR24747543	PRJNA975850	2023-06-23
SRR24747545	PRJNA975850	2023-06-23
SRR24747558	PRJNA975850	2023-06-23
SRR24747559	PRJNA975850	2023-06-23
SRR24747562	PRJNA975850	2023-06-23
SRR24747568	PRJNA975850	2023-06-23
SRR24747569	PRJNA975850	2023-06-23
SRR24747588	PRJNA975850	2023-06-23
SRR24747604	PRJNA975850	2023-06-23
SRR24747606	PRJNA975850	2023-06-23
SRR24747635	PRJNA975850	2023-06-23
SRR24747636	PRJNA975850	2023-06-23
SRR24747644	PRJNA975850	2023-06-23
SRR24747653	PRJNA975850	2023-06-23
SRR24747668	PRJNA975850	2023-06-23
SRR24747703	PRJNA975850	2023-06-23
SRR24747723	PRJNA975850	2023-06-23
SRR24746832	PRJNA975850	2023-06-23
SRR24746842	PRJNA975850	2023-06-23
SRR24746843	PRJNA975850	2023-06-23
SRR24746849	PRJNA975850	2023-06-23
SRR24746852	PRJNA975850	2023-06-23
SRR24746853	PRJNA975850	2023-06-23
SRR24746867	PRJNA975850	2023-06-23
SRR24746872	PRJNA975850	2023-06-23
SRR24746875	PRJNA975850	2023-06-23
SRR24746877	PRJNA975850	2023-06-23
SRR24746882	PRJNA975850	2023-06-23
SRR24746883	PRJNA975850	2023-06-23
SRR24746902	PRJNA975850	2023-06-23
SRR24746905	PRJNA975850	2023-06-23
SRR24746922	PRJNA975850	2023-06-23
SRR24746923	PRJNA975850	2023-06-23
SRR24746927	PRJNA975850	2023-06-23
SRR24746943	PRJNA975850	2023-06-23
SRR24746952	PRJNA975850	2023-06-23
SRR24746969	PRJNA975850	2023-06-23
SRR24746970	PRJNA975850	2023-06-23
SRR24746975	PRJNA975850	2023-06-23
SRR24746979	PRJNA975850	2023-06-23
SRR24747039	PRJNA975850	2023-06-23
SRR24747044	PRJNA975850	2023-06-23
SRR24747056	PRJNA975850	2023-06-23
SRR24747057	PRJNA975850	2023-06-23
SRR24747074	PRJNA975850	2023-06-23
SRR24747086	PRJNA975850	2023-06-23
SRR24747088	PRJNA975850	2023-06-23
SRR24747091	PRJNA975850	2023-06-23
SRR24747092	PRJNA975850	2023-06-23
SRR24747095	PRJNA975850	2023-06-23
SRR24747097	PRJNA975850	2023-06-23
SRR24747132	PRJNA975850	2023-06-23
SRR24747139	PRJNA975850	2023-06-23
SRR24747160	PRJNA975850	2023-06-23
SRR24747161	PRJNA975850	2023-06-23
SRR24747164	PRJNA975850	2023-06-23
SRR24747165	PRJNA975850	2023-06-23
SRR24747208	PRJNA975850	2023-06-23
SRR24747214	PRJNA975850	2023-06-23
SRR24747215	PRJNA975850	2023-06-23
SRR24747246	PRJNA975850	2023-06-23
SRR24747289	PRJNA975850	2023-06-23
SRR24747328	PRJNA975850	2023-06-23
SRR24747356	PRJNA975850	2023-06-23
SRR24747381	PRJNA975850	2023-06-23
SRR24747406	PRJNA975850	2023-06-23
SRR24747410	PRJNA975850	2023-06-23
SRR24747446	PRJNA975850	2023-06-23
SRR24747452	PRJNA975850	2023-06-23
SRR24747459	PRJNA975850	2023-06-23
SRR24747462	PRJNA975850	2023-06-23
SRR24747463	PRJNA975850	2023-06-23
SRR24747477	PRJNA975850	2023-06-23
SRR24747484	PRJNA975850	2023-06-23
SRR24747485	PRJNA975850	2023-06-23
SRR24747487	PRJNA975850	2023-06-23
SRR24747561	PRJNA975850	2023-06-23
SRR24747576	PRJNA975850	2023-06-23
SRR24747577	PRJNA975850	2023-06-23
SRR24747580	PRJNA975850	2023-06-23
SRR24747581	PRJNA975850	2023-06-23
SRR24747589	PRJNA975850	2023-06-23
SRR24747590	PRJNA975850	2023-06-23
SRR24747591	PRJNA975850	2023-06-23
SRR24747605	PRJNA975850	2023-06-23
SRR24747607	PRJNA975850	2023-06-23
SRR24747608	PRJNA975850	2023-06-23
SRR24747609	PRJNA975850	2023-06-23
SRR24747634	PRJNA975850	2023-06-23
SRR24747637	PRJNA975850	2023-06-23
SRR24747645	PRJNA975850	2023-06-23
SRR24747646	PRJNA975850	2023-06-23
SRR24747691	PRJNA975850	2023-06-23
SRR24747706	PRJNA975850	2023-06-23
SRR24747714	PRJNA975850	2023-06-23
SRR24747722	PRJNA975850	2023-06-23
SRR24746827	PRJNA975850	2023-06-23
SRR24746833	PRJNA975850	2023-06-23
SRR24746854	PRJNA975850	2023-06-23
SRR24746858	PRJNA975850	2023-06-23
SRR24746859	PRJNA975850	2023-06-23
SRR24746870	PRJNA975850	2023-06-23
SRR24746871	PRJNA975850	2023-06-23
SRR24746873	PRJNA975850	2023-06-23
SRR24746876	PRJNA975850	2023-06-23
SRR24746895	PRJNA975850	2023-06-23
SRR24746896	PRJNA975850	2023-06-23
SRR24746897	PRJNA975850	2023-06-23
SRR24746916	PRJNA975850	2023-06-23
SRR24746946	PRJNA975850	2023-06-23
SRR24746966	PRJNA975850	2023-06-23
SRR24746967	PRJNA975850	2023-06-23
SRR24746971	PRJNA975850	2023-06-23
SRR24746974	PRJNA975850	2023-06-23
SRR24746978	PRJNA975850	2023-06-23
SRR24746980	PRJNA975850	2023-06-23
SRR24747042	PRJNA975850	2023-06-23
SRR24747043	PRJNA975850	2023-06-23
SRR24747047	PRJNA975850	2023-06-23
SRR24747075	PRJNA975850	2023-06-23
SRR24747085	PRJNA975850	2023-06-23
SRR24747093	PRJNA975850	2023-06-23
SRR24747094	PRJNA975850	2023-06-23
SRR24747098	PRJNA975850	2023-06-23
SRR24747147	PRJNA975850	2023-06-23
SRR24747172	PRJNA975850	2023-06-23
SRR24747175	PRJNA975850	2023-06-23
SRR24747207	PRJNA975850	2023-06-23
SRR24747211	PRJNA975850	2023-06-23
SRR24747247	PRJNA975850	2023-06-23
SRR24747249	PRJNA975850	2023-06-23
SRR24747288	PRJNA975850	2023-06-23
SRR24747295	PRJNA975850	2023-06-23
SRR24747318	PRJNA975850	2023-06-23
SRR24747319	PRJNA975850	2023-06-23
SRR24747366	PRJNA975850	2023-06-23
SRR24747380	PRJNA975850	2023-06-23
SRR24747385	PRJNA975850	2023-06-23
SRR24747389	PRJNA975850	2023-06-23
SRR24747395	PRJNA975850	2023-06-23
SRR24747396	PRJNA975850	2023-06-23
SRR24747397	PRJNA975850	2023-06-23
SRR24747407	PRJNA975850	2023-06-23
SRR24747411	PRJNA975850	2023-06-23
SRR24747435	PRJNA975850	2023-06-23
SRR24747466	PRJNA975850	2023-06-23
SRR24747476	PRJNA975850	2023-06-23
SRR24747478	PRJNA975850	2023-06-23
SRR24747479	PRJNA975850	2023-06-23
SRR24747486	PRJNA975850	2023-06-23
SRR24747510	PRJNA975850	2023-06-23
SRR24747511	PRJNA975850	2023-06-23
SRR24747542	PRJNA975850	2023-06-23
SRR24747544	PRJNA975850	2023-06-23
SRR24747630	PRJNA975850	2023-06-23
SRR24747631	PRJNA975850	2023-06-23
SRR24747647	PRJNA975850	2023-06-23
SRR24747669	PRJNA975850	2023-06-23
SRR24747684	PRJNA975850	2023-06-23
SRR24747685	PRJNA975850	2023-06-23
SRR24747702	PRJNA975850	2023-06-23
SRR24747712	PRJNA975850	2023-06-23
SRR24747713	PRJNA975850	2023-06-23
SRR24770543	PRJNA977878	2023-06-23
SRR24770552	PRJNA977878	2023-06-23
SRR24770536	PRJNA977878	2023-06-23
SRR24770538	PRJNA977878	2023-06-23
SRR24770542	PRJNA977878	2023-06-23
SRR24770551	PRJNA977878	2023-06-23
SRR24747174	PRJNA975850	2023-06-24
SRR24747209	PRJNA975850	2023-06-24
SRR24747493	PRJNA975850	2023-06-24
SRR24747560	PRJNA975850	2023-06-24
SRR24747652	PRJNA975850	2023-06-24
SRR24747715	PRJNA975850	2023-06-24
SRR24746826	PRJNA975850	2023-06-24
SRR24746848	PRJNA975850	2023-06-24
SRR24746904	PRJNA975850	2023-06-24
SRR24746947	PRJNA975850	2023-06-24
SRR24747081	PRJNA975850	2023-06-24
SRR24747256	PRJNA975850	2023-06-24
SRR24747296	PRJNA975850	2023-06-24
SRR24747388	PRJNA975850	2023-06-24
SRR24747458	PRJNA975850	2023-06-24
SRR24747690	PRJNA975850	2023-06-24
SRR24747173	PRJNA975850	2023-06-24
SRR24747367	PRJNA975850	2023-06-24
SRR24747394	PRJNA975850	2023-06-24
SRR24747563	PRJNA975850	2023-06-24
SRR24747707	PRJNA975850	2023-06-24
SRR24770533	PRJNA977878	2023-06-25
SRR22801483	PRJNA913571	2023-07-02
SRR22801499	PRJNA913571	2023-07-02
SRR22801500	PRJNA913571	2023-07-02
SRR22801501	PRJNA913571	2023-07-02
SRR22801502	PRJNA913571	2023-07-02
SRR22801505	PRJNA913571	2023-07-02
SRR22801506	PRJNA913571	2023-07-02
SRR22801486	PRJNA913571	2023-07-02
SRR22801489	PRJNA913571	2023-07-02
SRR22801492	PRJNA913571	2023-07-02
SRR22801493	PRJNA913571	2023-07-02
SRR22801494	PRJNA913571	2023-07-02
SRR22801495	PRJNA913571	2023-07-02
SRR22801497	PRJNA913571	2023-07-02
SRR22801498	PRJNA913571	2023-07-02
SRR22801504	PRJNA913571	2023-07-02
SRR22801484	PRJNA913571	2023-07-02
SRR22801485	PRJNA913571	2023-07-02
SRR22801487	PRJNA913571	2023-07-02
SRR22801488	PRJNA913571	2023-07-02
SRR22801490	PRJNA913571	2023-07-02
SRR22801491	PRJNA913571	2023-07-02
SRR22801496	PRJNA913571	2023-07-02
SRR22801503	PRJNA913571	2023-07-02
SRR24770545	PRJNA977878	2023-07-06
SRR24770546	PRJNA977878	2023-07-06
SRR24770547	PRJNA977878	2023-07-06
SRR24770549	PRJNA977878	2023-07-06
SRR24770548	PRJNA977878	2023-07-06
SRR24770550	PRJNA977878	2023-07-06
SRR21051643	PRJNA869659	2023-07-09
SRR21051650	PRJNA869659	2023-07-09
SRR21051646	PRJNA869659	2023-07-09
SRR21051651	PRJNA869659	2023-07-09
SRR21051637	PRJNA869659	2023-07-09
SRR23919643	PRJNA934540	2023-07-09
SRR23919651	PRJNA934540	2023-07-09
SRR23919652	PRJNA934540	2023-07-09
SRR23919638	PRJNA934540	2023-07-09
SRR23919645	PRJNA934540	2023-07-09
SRR23919653	PRJNA934540	2023-07-09
SRR23919656	PRJNA934540	2023-07-09
SRR23919657	PRJNA934540	2023-07-09
SRR23919658	PRJNA934540	2023-07-09
SRR23919627	PRJNA934540	2023-07-09
SRR23919629	PRJNA934540	2023-07-09
SRR23919639	PRJNA934540	2023-07-09
SRR23919648	PRJNA934540	2023-07-09
SRR23919654	PRJNA934540	2023-07-09
SRR23919655	PRJNA934540	2023-07-09
SRR21051638	PRJNA869659	2023-07-10
SRR21051639	PRJNA869659	2023-07-10
SRR23919633	PRJNA934540	2023-07-10
SRR23919635	PRJNA934540	2023-07-10
SRR23919640	PRJNA934540	2023-07-10
SRR23919641	PRJNA934540	2023-07-10
SRR23919646	PRJNA934540	2023-07-10
SRR23919611	PRJNA934540	2023-07-10
SRR23919628	PRJNA934540	2023-07-10
SRR23919647	PRJNA934540	2023-07-10
SRR23919649	PRJNA934540	2023-07-10
SRR23919612	PRJNA934540	2023-07-10
SRR23919630	PRJNA934540	2023-07-10
SRR23919632	PRJNA934540	2023-07-10
SRR23919634	PRJNA934540	2023-07-10
SRR23919642	PRJNA934540	2023-07-10
SRR23919650	PRJNA934540	2023-07-10
SRR21051635	PRJNA869659	2023-07-11
SRR21051645	PRJNA869659	2023-07-11
SRR23919614	PRJNA934540	2023-07-11
SRR23919636	PRJNA934540	2023-07-11
SRR23919613	PRJNA934540	2023-07-11
SRR23919644	PRJNA934540	2023-07-11
SRR23919631	PRJNA934540	2023-07-12
SRR23919637	PRJNA934540	2023-07-13
SRR22299123	PRJNA901910	2023-07-19
SRR22299128	PRJNA901910	2023-07-19
SRR22299130	PRJNA901910	2023-07-19
SRR22299136	PRJNA901910	2023-07-19
SRR22299137	PRJNA901910	2023-07-19
SRR22299139	PRJNA901910	2023-07-19
SRR22299144	PRJNA901910	2023-07-19
SRR22299145	PRJNA901910	2023-07-19
SRR22299154	PRJNA901910	2023-07-19
SRR22299155	PRJNA901910	2023-07-19
SRR22299166	PRJNA901910	2023-07-19
SRR22299167	PRJNA901910	2023-07-19
SRR22299184	PRJNA901910	2023-07-19
SRR22299185	PRJNA901910	2023-07-19
SRR22299192	PRJNA901910	2023-07-19
SRR22299194	PRJNA901910	2023-07-19
SRR22299204	PRJNA901910	2023-07-19
SRR22299213	PRJNA901910	2023-07-19
SRR22299225	PRJNA901910	2023-07-19
SRR22299227	PRJNA901910	2023-07-19
SRR22299240	PRJNA901910	2023-07-19
SRR22299241	PRJNA901910	2023-07-19
SRR22299242	PRJNA901910	2023-07-19
SRR22299250	PRJNA901910	2023-07-19
SRR22299251	PRJNA901910	2023-07-19
SRR22299252	PRJNA901910	2023-07-19
SRR22299129	PRJNA901910	2023-07-19
SRR22299138	PRJNA901910	2023-07-19
SRR22299147	PRJNA901910	2023-07-19
SRR22299153	PRJNA901910	2023-07-19
SRR22299164	PRJNA901910	2023-07-19
SRR22299186	PRJNA901910	2023-07-19
SRR22299187	PRJNA901910	2023-07-19
SRR22299193	PRJNA901910	2023-07-19
SRR22299195	PRJNA901910	2023-07-19
SRR22299198	PRJNA901910	2023-07-19
SRR22299206	PRJNA901910	2023-07-19
SRR22299207	PRJNA901910	2023-07-19
SRR22299239	PRJNA901910	2023-07-19
SRR22299249	PRJNA901910	2023-07-19
SRR22299253	PRJNA901910	2023-07-19
SRR22299131	PRJNA901910	2023-07-19
SRR22299146	PRJNA901910	2023-07-19
SRR22299152	PRJNA901910	2023-07-19
SRR22299165	PRJNA901910	2023-07-19
SRR22299196	PRJNA901910	2023-07-19
SRR22299197	PRJNA901910	2023-07-19
SRR22299199	PRJNA901910	2023-07-19
SRR22299205	PRJNA901910	2023-07-19
SRR22299212	PRJNA901910	2023-07-19
SRR22299214	PRJNA901910	2023-07-19
SRR22299215	PRJNA901910	2023-07-19
SRR22299228	PRJNA901910	2023-07-19
SRR22299229	PRJNA901910	2023-07-19
SRR22299230	PRJNA901910	2023-07-19
SRR22299247	PRJNA901910	2023-07-19
SRR22299248	PRJNA901910	2023-07-19
SRR22299254	PRJNA901910	2023-07-19
SRR23283847	PRJNA929907	2023-07-19
SRR23283848	PRJNA929907	2023-07-19
SRR23283853	PRJNA929907	2023-07-19
SRR23283855	PRJNA929907	2023-07-19
SRR23283850	PRJNA929907	2023-07-19
SRR23283852	PRJNA929907	2023-07-19
SRR23283858	PRJNA929907	2023-07-19
SRR23283849	PRJNA929907	2023-07-19
SRR23283851	PRJNA929907	2023-07-19
SRR23283854	PRJNA929907	2023-07-19
SRR23283856	PRJNA929907	2023-07-19
SRR23283857	PRJNA929907	2023-07-19
ERR11758209	PRJEB64554	2023-07-30
ERR11758207	PRJEB64554	2023-07-30
ERR11758213	PRJEB64554	2023-07-30
ERR11758206	PRJEB64554	2023-07-30
ERR11758210	PRJEB64554	2023-07-30
ERR11758212	PRJEB64554	2023-07-30
ERR11758214	PRJEB64554	2023-07-30
ERR11758215	PRJEB64554	2023-07-30
ERR11758204	PRJEB64554	2023-07-30
ERR11758208	PRJEB64554	2023-07-30
ERR11758211	PRJEB64554	2023-07-30
ERR11758205	PRJEB64554	2023-07-30
SRR21051636	PRJNA869659	2023-07-30
SRR21051644	PRJNA869659	2023-07-30
SRR21051648	PRJNA869659	2023-07-30
SRR21051641	PRJNA869659	2023-07-30
SRR21051642	PRJNA869659	2023-07-30
SRR21051634	PRJNA869659	2023-07-30
SRR21051640	PRJNA869659	2023-07-30
SRR21051647	PRJNA869659	2023-07-30
SRR21051649	PRJNA869659	2023-07-30
SRR24188268	PRJNA956475	2023-08-02
SRR24188272	PRJNA956475	2023-08-02
SRR24188273	PRJNA956475	2023-08-02
SRR24188275	PRJNA956475	2023-08-02
SRR24188279	PRJNA956475	2023-08-02
SRR24188267	PRJNA956475	2023-08-02
SRR24188270	PRJNA956475	2023-08-02
SRR24188271	PRJNA956475	2023-08-02
SRR24188274	PRJNA956475	2023-08-02
SRR24188277	PRJNA956475	2023-08-02
SRR24188278	PRJNA956475	2023-08-02
SRR24188269	PRJNA956475	2023-08-02
SRR24188276	PRJNA956475	2023-08-02
SRR23798298	PRJNA862346	2023-08-05
SRR23798300	PRJNA862346	2023-08-05
SRR23798301	PRJNA862346	2023-08-05
SRR23798302	PRJNA862346	2023-08-05
SRR23798297	PRJNA862346	2023-08-05
SRR23798299	PRJNA862346	2023-08-05
SRR23760784	PRJNA942912	2023-08-18
SRR23760790	PRJNA942912	2023-08-18
SRR23760791	PRJNA942912	2023-08-18
SRR23760794	PRJNA942912	2023-08-18
SRR23760796	PRJNA942912	2023-08-18
SRR23760797	PRJNA942912	2023-08-18
SRR23760798	PRJNA942912	2023-08-18
SRR23760799	PRJNA942912	2023-08-18
SRR23760801	PRJNA942912	2023-08-18
SRR23760805	PRJNA942912	2023-08-18
SRR23760806	PRJNA942912	2023-08-18
SRR23760809	PRJNA942912	2023-08-18
SRR23760810	PRJNA942912	2023-08-18
SRR23760811	PRJNA942912	2023-08-18
SRR23760788	PRJNA942912	2023-08-18
SRR23760795	PRJNA942912	2023-08-18
SRR23760813	PRJNA942912	2023-08-18
SRR23760786	PRJNA942912	2023-08-18
SRR23760787	PRJNA942912	2023-08-18
SRR23760789	PRJNA942912	2023-08-18
SRR23760793	PRJNA942912	2023-08-18
SRR23760800	PRJNA942912	2023-08-18
SRR23760803	PRJNA942912	2023-08-18
SRR23760804	PRJNA942912	2023-08-18
SRR23760807	PRJNA942912	2023-08-18
SRR23760808	PRJNA942912	2023-08-18
SRR23760812	PRJNA942912	2023-08-18
ERR10228793	PRJEB56191	2023-08-22
ERR10228795	PRJEB56191	2023-08-22
ERR10228796	PRJEB56191	2023-08-22
ERR10228797	PRJEB56191	2023-08-22
ERR10228803	PRJEB56191	2023-08-22
ERR10228804	PRJEB56191	2023-08-22
ERR10228800	PRJEB56191	2023-08-22
ERR10228794	PRJEB56191	2023-08-22
ERR10228798	PRJEB56191	2023-08-22
ERR10228799	PRJEB56191	2023-08-22
ERR10228801	PRJEB56191	2023-08-22
ERR10228802	PRJEB56191	2023-08-22
SRR18355077	PRJNA816901	2023-08-23
SRR18355078	PRJNA816901	2023-08-23
SRR18355080	PRJNA816901	2023-08-23
SRR18355081	PRJNA816901	2023-08-23
SRR18355084	PRJNA816901	2023-08-23
SRR18355076	PRJNA816901	2023-08-23
SRR18355079	PRJNA816901	2023-08-23
SRR18355082	PRJNA816901	2023-08-23
SRR18355083	PRJNA816901	2023-08-23
SRR18355086	PRJNA816901	2023-08-23
SRR18355074	PRJNA816901	2023-08-23
SRR18355075	PRJNA816901	2023-08-23
SRR18355085	PRJNA816901	2023-08-23
ERR11894547	PRJEB59603	2023-08-27
ERR11894548	PRJEB59603	2023-08-27
ERR11894553	PRJEB59603	2023-08-27
ERR11894554	PRJEB59603	2023-08-27
ERR11894556	PRJEB59603	2023-08-27
ERR11894558	PRJEB59603	2023-08-27
ERR11894559	PRJEB59603	2023-08-27
ERR11894563	PRJEB59603	2023-08-27
ERR11894564	PRJEB59603	2023-08-27
ERR11894565	PRJEB59603	2023-08-27
ERR11894578	PRJEB59603	2023-08-27
ERR11894581	PRJEB59603	2023-08-27
ERR11894584	PRJEB59603	2023-08-27
ERR11894590	PRJEB59603	2023-08-27
ERR11894596	PRJEB59603	2023-08-27
ERR11894599	PRJEB59603	2023-08-27
ERR11894601	PRJEB59603	2023-08-27
ERR11894603	PRJEB59603	2023-08-27
ERR11894605	PRJEB59603	2023-08-27
ERR11894549	PRJEB59603	2023-08-27
ERR11894550	PRJEB59603	2023-08-27
ERR11894551	PRJEB59603	2023-08-27
ERR11894552	PRJEB59603	2023-08-27
ERR11894555	PRJEB59603	2023-08-27
ERR11894560	PRJEB59603	2023-08-27
ERR11894561	PRJEB59603	2023-08-27
ERR11894566	PRJEB59603	2023-08-27
ERR11894567	PRJEB59603	2023-08-27
ERR11894568	PRJEB59603	2023-08-27
ERR11894569	PRJEB59603	2023-08-27
ERR11894570	PRJEB59603	2023-08-27
ERR11894574	PRJEB59603	2023-08-27
ERR11894575	PRJEB59603	2023-08-27
ERR11894577	PRJEB59603	2023-08-27
ERR11894580	PRJEB59603	2023-08-27
ERR11894583	PRJEB59603	2023-08-27
ERR11894587	PRJEB59603	2023-08-27
ERR11894589	PRJEB59603	2023-08-27
ERR11894593	PRJEB59603	2023-08-27
ERR11894600	PRJEB59603	2023-08-27
ERR11894602	PRJEB59603	2023-08-27
ERR11894557	PRJEB59603	2023-08-27
ERR11894562	PRJEB59603	2023-08-27
ERR11894571	PRJEB59603	2023-08-27
ERR11894572	PRJEB59603	2023-08-27
ERR11894573	PRJEB59603	2023-08-27
ERR11894576	PRJEB59603	2023-08-27
ERR11894579	PRJEB59603	2023-08-27
ERR11894582	PRJEB59603	2023-08-27
ERR11894585	PRJEB59603	2023-08-27
ERR11894586	PRJEB59603	2023-08-27
ERR11894588	PRJEB59603	2023-08-27
ERR11894591	PRJEB59603	2023-08-27
ERR11894592	PRJEB59603	2023-08-27
ERR11894594	PRJEB59603	2023-08-27
ERR11894595	PRJEB59603	2023-08-27
ERR11894597	PRJEB59603	2023-08-27
ERR11894598	PRJEB59603	2023-08-27
ERR11894604	PRJEB59603	2023-08-27
ERR11894606	PRJEB59603	2023-08-27
SRR19753953	PRJNA851027	2023-08-27
SRR19753967	PRJNA851027	2023-08-27
SRR19753968	PRJNA851027	2023-08-27
SRR19753971	PRJNA851027	2023-08-27
SRR19753974	PRJNA851027	2023-08-27
SRR19753975	PRJNA851027	2023-08-27
SRR19753980	PRJNA851027	2023-08-27
SRR19753981	PRJNA851027	2023-08-27
SRR19753983	PRJNA851027	2023-08-27
SRR19753985	PRJNA851027	2023-08-27
SRR19753969	PRJNA851027	2023-08-27
SRR19753973	PRJNA851027	2023-08-27
SRR19753976	PRJNA851027	2023-08-27
SRR19753978	PRJNA851027	2023-08-27
SRR19753982	PRJNA851027	2023-08-27
SRR19753984	PRJNA851027	2023-08-27
SRR19753949	PRJNA851027	2023-08-27
SRR19753962	PRJNA851027	2023-08-27
SRR19753970	PRJNA851027	2023-08-27
SRR19753972	PRJNA851027	2023-08-27
SRR19753977	PRJNA851027	2023-08-27
SRR19753979	PRJNA851027	2023-08-27
SRR19753986	PRJNA851027	2023-08-27
SRR25932615	PRJNA1013554	2023-09-08
SRR25932616	PRJNA1013554	2023-09-08
SRR25932624	PRJNA1013554	2023-09-08
SRR25932625	PRJNA1013554	2023-09-08
SRR25932614	PRJNA1013554	2023-09-08
SRR25932623	PRJNA1013554	2023-09-08
SRR25932629	PRJNA1013554	2023-09-08
SRR25932613	PRJNA1013554	2023-09-08
SRR25932626	PRJNA1013554	2023-09-08
SRR25932627	PRJNA1013554	2023-09-08
SRR25932628	PRJNA1013554	2023-09-08
SRR25471647	PRJNA1000459	2023-09-24
SRR25471649	PRJNA1000459	2023-09-24
SRR25471650	PRJNA1000459	2023-09-24
SRR25471652	PRJNA1000459	2023-09-24
SRR25471657	PRJNA1000459	2023-09-24
SRR25471659	PRJNA1000459	2023-09-24
SRR25471660	PRJNA1000459	2023-09-24
SRR25471665	PRJNA1000459	2023-09-24
SRR25471651	PRJNA1000459	2023-09-24
SRR25471653	PRJNA1000459	2023-09-24
SRR25471658	PRJNA1000459	2023-09-24
SRR25471662	PRJNA1000459	2023-09-24
SRR25471664	PRJNA1000459	2023-09-24
SRR25471667	PRJNA1000459	2023-09-24
SRR25471648	PRJNA1000459	2023-09-24
SRR25471654	PRJNA1000459	2023-09-24
SRR25471655	PRJNA1000459	2023-09-24
SRR25471656	PRJNA1000459	2023-09-24
SRR25471661	PRJNA1000459	2023-09-24
SRR25471663	PRJNA1000459	2023-09-24
SRR25471666	PRJNA1000459	2023-09-24
SRR25734366	PRJNA1008176	2023-09-24
SRR25734370	PRJNA1008176	2023-09-24
SRR25734371	PRJNA1008176	2023-09-24
SRR25734372	PRJNA1008176	2023-09-24
SRR25734373	PRJNA1008176	2023-09-24
SRR25734375	PRJNA1008176	2023-09-24
SRR25734377	PRJNA1008176	2023-09-24
SRR25734383	PRJNA1008176	2023-09-24
SRR25734386	PRJNA1008176	2023-09-24
SRR25734388	PRJNA1008176	2023-09-24
SRR25734389	PRJNA1008176	2023-09-24
SRR25734393	PRJNA1008176	2023-09-24
SRR25734394	PRJNA1008176	2023-09-24
SRR25734396	PRJNA1008176	2023-09-24
SRR25734400	PRJNA1008176	2023-09-24
SRR25734410	PRJNA1008176	2023-09-24
SRR25734364	PRJNA1008176	2023-09-24
SRR25734367	PRJNA1008176	2023-09-24
SRR25734369	PRJNA1008176	2023-09-24
SRR25734374	PRJNA1008176	2023-09-24
SRR25734379	PRJNA1008176	2023-09-24
SRR25734381	PRJNA1008176	2023-09-24
SRR25734384	PRJNA1008176	2023-09-24
SRR25734387	PRJNA1008176	2023-09-24
SRR25734391	PRJNA1008176	2023-09-24
SRR25734397	PRJNA1008176	2023-09-24
SRR25734398	PRJNA1008176	2023-09-24
SRR25734399	PRJNA1008176	2023-09-24
SRR25734403	PRJNA1008176	2023-09-24
SRR25734404	PRJNA1008176	2023-09-24
SRR25734407	PRJNA1008176	2023-09-24
SRR25734409	PRJNA1008176	2023-09-24
SRR25734411	PRJNA1008176	2023-09-24
SRR25734365	PRJNA1008176	2023-09-24
SRR25734368	PRJNA1008176	2023-09-24
SRR25734376	PRJNA1008176	2023-09-24
SRR25734378	PRJNA1008176	2023-09-24
SRR25734380	PRJNA1008176	2023-09-24
SRR25734382	PRJNA1008176	2023-09-24
SRR25734385	PRJNA1008176	2023-09-24
SRR25734390	PRJNA1008176	2023-09-24
SRR25734392	PRJNA1008176	2023-09-24
SRR25734395	PRJNA1008176	2023-09-24
SRR25734401	PRJNA1008176	2023-09-24
SRR25734402	PRJNA1008176	2023-09-24
SRR25734405	PRJNA1008176	2023-09-24
SRR25734406	PRJNA1008176	2023-09-24
SRR25734408	PRJNA1008176	2023-09-24
SRR25257304	PRJNA994430	2023-09-30
SRR25257306	PRJNA994430	2023-09-30
SRR25257309	PRJNA994430	2023-09-30
SRR25257311	PRJNA994430	2023-09-30
SRR25257303	PRJNA994430	2023-09-30
SRR25257308	PRJNA994430	2023-09-30
SRR25257312	PRJNA994430	2023-09-30
SRR25257313	PRJNA994430	2023-09-30
SRR25257314	PRJNA994430	2023-09-30
SRR25257307	PRJNA994430	2023-09-30
SRR25257310	PRJNA994430	2023-09-30
SRR24968336	PRJNA985598	2023-10-08
SRR24968337	PRJNA985598	2023-10-08
SRR24968338	PRJNA985598	2023-10-08
SRR24968341	PRJNA985598	2023-10-08
SRR24968342	PRJNA985598	2023-10-08
SRR24968346	PRJNA985598	2023-10-08
SRR24968350	PRJNA985598	2023-10-08
SRR24968339	PRJNA985598	2023-10-08
SRR24968343	PRJNA985598	2023-10-08
SRR24968344	PRJNA985598	2023-10-08
SRR24968345	PRJNA985598	2023-10-08
SRR24968347	PRJNA985598	2023-10-08
SRR24968340	PRJNA985598	2023-10-08
SRR24968348	PRJNA985598	2023-10-08
SRR24968349	PRJNA985598	2023-10-08
SRR24968351	PRJNA985598	2023-10-08
SRR24520169	PRJNA971880	2023-10-11
SRR26337493	PRJNA1026533	2023-10-29
SRR26337494	PRJNA1026533	2023-10-29
SRR26337495	PRJNA1026533	2023-10-29
SRR26337496	PRJNA1026533	2023-10-29
SRR26337498	PRJNA1026533	2023-10-29
SRR26337499	PRJNA1026533	2023-10-29
SRR26337509	PRJNA1026533	2023-10-29
SRR26337497	PRJNA1026533	2023-10-29
SRR26337501	PRJNA1026533	2023-10-29
SRR26337502	PRJNA1026533	2023-10-29
SRR26337504	PRJNA1026533	2023-10-29
SRR26337507	PRJNA1026533	2023-10-29
SRR26337508	PRJNA1026533	2023-10-29
SRR26337491	PRJNA1026533	2023-10-29
SRR26337492	PRJNA1026533	2023-10-29
SRR26337500	PRJNA1026533	2023-10-29
SRR26337503	PRJNA1026533	2023-10-29
SRR26337505	PRJNA1026533	2023-10-29
SRR26337506	PRJNA1026533	2023-10-29
SRR20848472	PRJNA866169	2023-10-29
SRR20848479	PRJNA866169	2023-10-29
SRR20848475	PRJNA866169	2023-10-29
SRR20848476	PRJNA866169	2023-10-29
SRR20848481	PRJNA866169	2023-10-29
SRR20848482	PRJNA866169	2023-10-29
SRR20848483	PRJNA866169	2023-10-29
SRR20848477	PRJNA866169	2023-10-29
SRR20848478	PRJNA866169	2023-10-29
SRR20848480	PRJNA866169	2023-10-29
SRR20848484	PRJNA866169	2023-10-29
SRR24520145	PRJNA971880	2023-10-29
SRR24520147	PRJNA971880	2023-10-29
SRR24520149	PRJNA971880	2023-10-29
SRR24520151	PRJNA971880	2023-10-29
SRR24520154	PRJNA971880	2023-10-29
SRR24520159	PRJNA971880	2023-10-29
SRR24520162	PRJNA971880	2023-10-29
SRR24520165	PRJNA971880	2023-10-29
SRR24520167	PRJNA971880	2023-10-29
SRR24520168	PRJNA971880	2023-10-29
SRR24520144	PRJNA971880	2023-10-29
SRR24520146	PRJNA971880	2023-10-29
SRR24520153	PRJNA971880	2023-10-29
SRR24520155	PRJNA971880	2023-10-29
SRR24520156	PRJNA971880	2023-10-29
SRR24520158	PRJNA971880	2023-10-29
SRR24520160	PRJNA971880	2023-10-29
SRR24520161	PRJNA971880	2023-10-29
SRR24520142	PRJNA971880	2023-10-29
SRR24520143	PRJNA971880	2023-10-29
SRR24520148	PRJNA971880	2023-10-29
SRR24520150	PRJNA971880	2023-10-29
SRR24520152	PRJNA971880	2023-10-29
SRR24520157	PRJNA971880	2023-10-29
SRR24520163	PRJNA971880	2023-10-29
SRR24520164	PRJNA971880	2023-10-29
SRR24520166	PRJNA971880	2023-10-29
SRR24520170	PRJNA971880	2023-10-29
SRR24520171	PRJNA971880	2023-10-29
SRR12346177	PRJNA649567	2023-10-31
SRR12346186	PRJNA649567	2023-10-31
SRR12346187	PRJNA649567	2023-10-31
SRR12346188	PRJNA649567	2023-10-31
SRR12346189	PRJNA649567	2023-10-31
SRR12346190	PRJNA649567	2023-10-31
SRR12346191	PRJNA649567	2023-10-31
SRR12346193	PRJNA649567	2023-10-31
SRR12346195	PRJNA649567	2023-10-31
SRR12346202	PRJNA649567	2023-10-31
SRR12346207	PRJNA649567	2023-10-31
SRR12346208	PRJNA649567	2023-10-31
SRR12346211	PRJNA649567	2023-10-31
SRR12346212	PRJNA649567	2023-10-31
SRR12346216	PRJNA649567	2023-10-31
SRR12346219	PRJNA649567	2023-10-31
SRR12346223	PRJNA649567	2023-10-31
SRR12346179	PRJNA649567	2023-10-31
SRR12346180	PRJNA649567	2023-10-31
SRR12346183	PRJNA649567	2023-10-31
SRR12346185	PRJNA649567	2023-10-31
SRR12346196	PRJNA649567	2023-10-31
SRR12346197	PRJNA649567	2023-10-31
SRR12346198	PRJNA649567	2023-10-31
SRR12346203	PRJNA649567	2023-10-31
SRR12346209	PRJNA649567	2023-10-31
SRR12346215	PRJNA649567	2023-10-31
SRR12346217	PRJNA649567	2023-10-31
SRR12346176	PRJNA649567	2023-10-31
SRR12346178	PRJNA649567	2023-10-31
SRR12346181	PRJNA649567	2023-10-31
SRR12346182	PRJNA649567	2023-10-31
SRR12346184	PRJNA649567	2023-10-31
SRR12346192	PRJNA649567	2023-10-31
SRR12346194	PRJNA649567	2023-10-31
SRR12346199	PRJNA649567	2023-10-31
SRR12346200	PRJNA649567	2023-10-31
SRR12346201	PRJNA649567	2023-10-31
SRR12346204	PRJNA649567	2023-10-31
SRR12346205	PRJNA649567	2023-10-31
SRR12346206	PRJNA649567	2023-10-31
SRR12346210	PRJNA649567	2023-10-31
SRR12346213	PRJNA649567	2023-10-31
SRR12346214	PRJNA649567	2023-10-31
SRR12346218	PRJNA649567	2023-10-31
SRR12346220	PRJNA649567	2023-10-31
SRR12346221	PRJNA649567	2023-10-31
SRR12346222	PRJNA649567	2023-10-31
SRR25426467	PRJNA998758	2023-10-31
SRR25426469	PRJNA998758	2023-10-31
SRR25426471	PRJNA998758	2023-10-31
SRR25426473	PRJNA998758	2023-10-31
SRR25426476	PRJNA998758	2023-10-31
SRR25426465	PRJNA998758	2023-10-31
SRR25426468	PRJNA998758	2023-10-31
SRR25426470	PRJNA998758	2023-10-31
SRR25426474	PRJNA998758	2023-10-31
SRR25426475	PRJNA998758	2023-10-31
SRR25426466	PRJNA998758	2023-10-31
SRR25426472	PRJNA998758	2023-10-31
SRR26539507	PRJNA1032634	2023-11-02
SRR26539509	PRJNA1032634	2023-11-02
SRR26539513	PRJNA1032634	2023-11-02
SRR26539508	PRJNA1032634	2023-11-02
SRR26539511	PRJNA1032634	2023-11-02
SRR26539506	PRJNA1032634	2023-11-02
SRR26539510	PRJNA1032634	2023-11-02
SRR26539512	PRJNA1032634	2023-11-02
SRR26539514	PRJNA1032634	2023-11-02
SRR26539515	PRJNA1032634	2023-11-02
SRR26539516	PRJNA1032634	2023-11-02
SRR26539517	PRJNA1032634	2023-11-02
SRR26371460	PRJNA1027460	2023-11-15
SRR26371464	PRJNA1027460	2023-11-15
SRR26371467	PRJNA1027460	2023-11-15
SRR26371468	PRJNA1027460	2023-11-15
SRR26371458	PRJNA1027460	2023-11-15
SRR26371459	PRJNA1027460	2023-11-15
SRR26371462	PRJNA1027460	2023-11-15
SRR26371463	PRJNA1027460	2023-11-15
SRR26371465	PRJNA1027460	2023-11-15
SRR26371466	PRJNA1027460	2023-11-15
SRR26371469	PRJNA1027460	2023-11-15
SRR26371461	PRJNA1027460	2023-11-15
SRR26798387	PRJNA1039499	2023-11-26
SRR26798389	PRJNA1039499	2023-11-26
SRR26798390	PRJNA1039499	2023-11-26
SRR26798391	PRJNA1039499	2023-11-26
SRR26798392	PRJNA1039499	2023-11-26
SRR26798396	PRJNA1039499	2023-11-26
SRR26798398	PRJNA1039499	2023-11-26
SRR26798401	PRJNA1039499	2023-11-26
SRR26798386	PRJNA1039499	2023-11-26
SRR26798388	PRJNA1039499	2023-11-26
SRR26798395	PRJNA1039499	2023-11-26
SRR26798397	PRJNA1039499	2023-11-26
SRR26798400	PRJNA1039499	2023-11-26
SRR26798393	PRJNA1039499	2023-11-26
SRR26798394	PRJNA1039499	2023-11-26
SRR26798399	PRJNA1039499	2023-11-26
SRR22804977	PRJNA913609	2023-11-26
SRR22804981	PRJNA913609	2023-11-26
SRR22804985	PRJNA913609	2023-11-26
SRR22804991	PRJNA913609	2023-11-26
SRR22804994	PRJNA913609	2023-11-26
SRR22804997	PRJNA913609	2023-11-26
SRR22804969	PRJNA913609	2023-11-26
SRR22804970	PRJNA913609	2023-11-26
SRR22804972	PRJNA913609	2023-11-26
SRR22804973	PRJNA913609	2023-11-26
SRR22804975	PRJNA913609	2023-11-26
SRR22804976	PRJNA913609	2023-11-26
SRR22804984	PRJNA913609	2023-11-26
SRR22804986	PRJNA913609	2023-11-26
SRR22804989	PRJNA913609	2023-11-26
SRR22804996	PRJNA913609	2023-11-26
SRR22804971	PRJNA913609	2023-11-26
SRR22804974	PRJNA913609	2023-11-26
SRR22804978	PRJNA913609	2023-11-26
SRR22804979	PRJNA913609	2023-11-26
SRR22804980	PRJNA913609	2023-11-26
SRR22804982	PRJNA913609	2023-11-26
SRR22804983	PRJNA913609	2023-11-26
SRR22804987	PRJNA913609	2023-11-26
SRR22804988	PRJNA913609	2023-11-26
SRR22804990	PRJNA913609	2023-11-26
SRR22804992	PRJNA913609	2023-11-26
SRR22804993	PRJNA913609	2023-11-26
SRR22804995	PRJNA913609	2023-11-26
SRR22804998	PRJNA913609	2023-11-26
SRR22421781	PRJNA781454	2023-12-02
SRR22421782	PRJNA781454	2023-12-02
SRR22421780	PRJNA781454	2023-12-02
SRR22421779	PRJNA781454	2023-12-02
SRR21813790	PRJNA887367	2023-12-02
SRR21813793	PRJNA887367	2023-12-02
SRR21813794	PRJNA887367	2023-12-02
SRR21813796	PRJNA887367	2023-12-02
SRR21813787	PRJNA887367	2023-12-02
SRR21813792	PRJNA887367	2023-12-02
SRR21813795	PRJNA887367	2023-12-02
SRR21813799	PRJNA887367	2023-12-02
SRR21813800	PRJNA887367	2023-12-02
SRR21813788	PRJNA887367	2023-12-02
SRR21813789	PRJNA887367	2023-12-02
SRR21813791	PRJNA887367	2023-12-02
SRR27153959	PRJNA1050298	2023-12-15
SRR27153960	PRJNA1050298	2023-12-15
SRR27153962	PRJNA1050298	2023-12-15
SRR27153963	PRJNA1050298	2023-12-15
SRR27153964	PRJNA1050298	2023-12-15
SRR27153965	PRJNA1050298	2023-12-15
SRR27153976	PRJNA1050298	2023-12-15
SRR27153977	PRJNA1050298	2023-12-15
SRR27153978	PRJNA1050298	2023-12-15
SRR27153979	PRJNA1050298	2023-12-15
SRR27153968	PRJNA1050298	2023-12-15
SRR27153970	PRJNA1050298	2023-12-15
SRR27153973	PRJNA1050298	2023-12-15
SRR27153980	PRJNA1050298	2023-12-15
SRR27153958	PRJNA1050298	2023-12-15
SRR27153961	PRJNA1050298	2023-12-15
SRR27153969	PRJNA1050298	2023-12-15
SRR27153971	PRJNA1050298	2023-12-15
SRR27153972	PRJNA1050298	2023-12-15
SRR27153974	PRJNA1050298	2023-12-15
SRR27153981	PRJNA1050298	2023-12-15
SRR27153967	PRJNA1050298	2023-12-15
SRR27153966	PRJNA1050298	2023-12-15
SRR27153975	PRJNA1050298	2023-12-15
SRR23954668	PRJNA948339	2023-12-22
SRR23954670	PRJNA948339	2023-12-22
SRR23954671	PRJNA948339	2023-12-22
SRR23954676	PRJNA948339	2023-12-22
SRR23954680	PRJNA948339	2023-12-22
SRR23954683	PRJNA948339	2023-12-22
SRR23954686	PRJNA948339	2023-12-22
SRR23954697	PRJNA948339	2023-12-22
SRR23954673	PRJNA948339	2023-12-22
SRR23954674	PRJNA948339	2023-12-22
SRR23954675	PRJNA948339	2023-12-22
SRR23954678	PRJNA948339	2023-12-22
SRR23954681	PRJNA948339	2023-12-22
SRR23954685	PRJNA948339	2023-12-22
SRR23954687	PRJNA948339	2023-12-22
SRR23954691	PRJNA948339	2023-12-22
SRR23954692	PRJNA948339	2023-12-22
SRR23954695	PRJNA948339	2023-12-22
SRR23954669	PRJNA948339	2023-12-22
SRR23954672	PRJNA948339	2023-12-22
SRR23954677	PRJNA948339	2023-12-22
SRR23954679	PRJNA948339	2023-12-22
SRR23954682	PRJNA948339	2023-12-22
SRR23954684	PRJNA948339	2023-12-22
SRR23954688	PRJNA948339	2023-12-22
SRR23954689	PRJNA948339	2023-12-22
SRR23954690	PRJNA948339	2023-12-22
SRR23954693	PRJNA948339	2023-12-22
SRR23954694	PRJNA948339	2023-12-22
SRR23954696	PRJNA948339	2023-12-22
SRR24336410	PRJNA962874	2023-12-24
SRR24336411	PRJNA962874	2023-12-24
SRR24336412	PRJNA962874	2023-12-24
SRR24336420	PRJNA962874	2023-12-24
SRR24336422	PRJNA962874	2023-12-24
SRR24336423	PRJNA962874	2023-12-24
SRR24336426	PRJNA962874	2023-12-24
SRR24336432	PRJNA962874	2023-12-24
SRR24336434	PRJNA962874	2023-12-24
SRR24336439	PRJNA962874	2023-12-24
SRR24336441	PRJNA962874	2023-12-24
SRR24336443	PRJNA962874	2023-12-24
SRR24336406	PRJNA962874	2023-12-24
SRR24336408	PRJNA962874	2023-12-24
SRR24336413	PRJNA962874	2023-12-24
SRR24336415	PRJNA962874	2023-12-24
SRR24336419	PRJNA962874	2023-12-24
SRR24336425	PRJNA962874	2023-12-24
SRR24336427	PRJNA962874	2023-12-24
SRR24336430	PRJNA962874	2023-12-24
SRR24336431	PRJNA962874	2023-12-24
SRR24336433	PRJNA962874	2023-12-24
SRR24336435	PRJNA962874	2023-12-24
SRR24336436	PRJNA962874	2023-12-24
SRR24336440	PRJNA962874	2023-12-24
SRR24336407	PRJNA962874	2023-12-24
SRR24336409	PRJNA962874	2023-12-24
SRR24336414	PRJNA962874	2023-12-24
SRR24336416	PRJNA962874	2023-12-24
SRR24336417	PRJNA962874	2023-12-24
SRR24336418	PRJNA962874	2023-12-24
SRR24336421	PRJNA962874	2023-12-24
SRR24336424	PRJNA962874	2023-12-24
SRR24336428	PRJNA962874	2023-12-24
SRR24336429	PRJNA962874	2023-12-24
SRR24336437	PRJNA962874	2023-12-24
SRR24336442	PRJNA962874	2023-12-24
SRR24336444	PRJNA962874	2023-12-24
SRR26552364	PRJNA1032944	2024-01-01
SRR26552365	PRJNA1032944	2024-01-01
SRR26552367	PRJNA1032944	2024-01-01
SRR26552369	PRJNA1032944	2024-01-01
SRR26552373	PRJNA1032944	2024-01-01
SRR26552366	PRJNA1032944	2024-01-01
SRR26552368	PRJNA1032944	2024-01-01
SRR26552370	PRJNA1032944	2024-01-01
SRR26552371	PRJNA1032944	2024-01-01
SRR26552372	PRJNA1032944	2024-01-01
SRR26552375	PRJNA1032944	2024-01-01
SRR26552360	PRJNA1032944	2024-01-01
SRR26552361	PRJNA1032944	2024-01-01
SRR26552362	PRJNA1032944	2024-01-01
SRR26552363	PRJNA1032944	2024-01-01
SRR26552374	PRJNA1032944	2024-01-01
SRR26552376	PRJNA1032944	2024-01-01
SRR26552377	PRJNA1032944	2024-01-01
SRR24874661	PRJNA981452	2024-01-01
SRR24874668	PRJNA981452	2024-01-01
SRR24874672	PRJNA981452	2024-01-01
SRR24874653	PRJNA981452	2024-01-01
SRR24874662	PRJNA981452	2024-01-01
SRR24874664	PRJNA981452	2024-01-01
SRR24874666	PRJNA981452	2024-01-01
SRR24874673	PRJNA981452	2024-01-01
SRR24874655	PRJNA981452	2024-01-01
SRR24874657	PRJNA981452	2024-01-01
SRR24874663	PRJNA981452	2024-01-01
SRR24874669	PRJNA981452	2024-01-01
SRR24874675	PRJNA981452	2024-01-01
SRR24874665	PRJNA981452	2024-01-01
SRR24874670	PRJNA981452	2024-01-01
SRR24874674	PRJNA981452	2024-01-01
SRR24874654	PRJNA981452	2024-01-01
SRR24874656	PRJNA981452	2024-01-01
SRR24874658	PRJNA981452	2024-01-01
SRR24874659	PRJNA981452	2024-01-01
SRR24874660	PRJNA981452	2024-01-01
SRR24874667	PRJNA981452	2024-01-01
SRR24874671	PRJNA981452	2024-01-01
SRR23105685	PRJNA924985	2024-01-10
SRR23105687	PRJNA924985	2024-01-10
SRR23105701	PRJNA924985	2024-01-10
SRR23105703	PRJNA924985	2024-01-10
SRR23105686	PRJNA924985	2024-01-10
SRR23105694	PRJNA924985	2024-01-10
SRR23105697	PRJNA924985	2024-01-10
SRR23105698	PRJNA924985	2024-01-10
SRR23105700	PRJNA924985	2024-01-10
SRR23105702	PRJNA924985	2024-01-10
SRR23105705	PRJNA924985	2024-01-10
SRR23105706	PRJNA924985	2024-01-10
SRR23105688	PRJNA924985	2024-01-10
SRR23105692	PRJNA924985	2024-01-10
SRR23105693	PRJNA924985	2024-01-10
SRR23105695	PRJNA924985	2024-01-10
SRR23105699	PRJNA924985	2024-01-10
SRR23105704	PRJNA924985	2024-01-10
SRR27594219	PRJNA1065896	2024-01-18
SRR27594220	PRJNA1065896	2024-01-18
SRR27594221	PRJNA1065896	2024-01-18
SRR27594223	PRJNA1065896	2024-01-18
SRR27594218	PRJNA1065896	2024-01-18
SRR27594227	PRJNA1065896	2024-01-18
SRR27594222	PRJNA1065896	2024-01-18
SRR27594224	PRJNA1065896	2024-01-18
SRR27594225	PRJNA1065896	2024-01-18
SRR27594226	PRJNA1065896	2024-01-18
SRR27594228	PRJNA1065896	2024-01-18
SRR27594229	PRJNA1065896	2024-01-19
SRR21008834	PRJNA868380	2024-01-28
SRR21008841	PRJNA868380	2024-01-28
SRR21008842	PRJNA868380	2024-01-28
SRR21008844	PRJNA868380	2024-01-28
SRR21008835	PRJNA868380	2024-01-28
SRR21008836	PRJNA868380	2024-01-28
SRR21008837	PRJNA868380	2024-01-28
SRR21008838	PRJNA868380	2024-01-28
SRR21008840	PRJNA868380	2024-01-28
SRR21008833	PRJNA868380	2024-01-28
SRR21008839	PRJNA868380	2024-01-28
SRR21008843	PRJNA868380	2024-01-28
SRR22991944	PRJNA918697	2024-01-28
SRR22991945	PRJNA918697	2024-01-28
SRR22991947	PRJNA918697	2024-01-28
SRR22991948	PRJNA918697	2024-01-28
SRR22991951	PRJNA918697	2024-01-28
SRR22991953	PRJNA918697	2024-01-28
SRR22991955	PRJNA918697	2024-01-28
SRR22991957	PRJNA918697	2024-01-28
SRR22991958	PRJNA918697	2024-01-28
SRR22991942	PRJNA918697	2024-01-28
SRR22991943	PRJNA918697	2024-01-28
SRR22991950	PRJNA918697	2024-01-28
SRR22991952	PRJNA918697	2024-01-28
SRR22991954	PRJNA918697	2024-01-28
SRR22991946	PRJNA918697	2024-01-28
SRR22991949	PRJNA918697	2024-01-28
SRR22991956	PRJNA918697	2024-01-28
SRR22991959	PRJNA918697	2024-01-28
SRR22991960	PRJNA918697	2024-01-28
ERR9941598	PRJEB52880	2024-02-13
ERR9941601	PRJEB52880	2024-02-13
ERR9941614	PRJEB52880	2024-02-13
ERR9941617	PRJEB52880	2024-02-13
ERR9941618	PRJEB52880	2024-02-13
ERR9941624	PRJEB52880	2024-02-13
ERR9941625	PRJEB52880	2024-02-13
ERR9941603	PRJEB52880	2024-02-13
ERR9941604	PRJEB52880	2024-02-13
ERR9941615	PRJEB52880	2024-02-13
ERR9941620	PRJEB52880	2024-02-13
ERR9941621	PRJEB52880	2024-02-13
ERR9941622	PRJEB52880	2024-02-13
ERR9941599	PRJEB52880	2024-02-13
ERR9941600	PRJEB52880	2024-02-13
ERR9941602	PRJEB52880	2024-02-13
ERR9941605	PRJEB52880	2024-02-13
ERR9941606	PRJEB52880	2024-02-13
ERR9941607	PRJEB52880	2024-02-13
ERR9941608	PRJEB52880	2024-02-13
ERR9941609	PRJEB52880	2024-02-13
ERR9941610	PRJEB52880	2024-02-13
ERR9941611	PRJEB52880	2024-02-13
ERR9941612	PRJEB52880	2024-02-13
ERR9941613	PRJEB52880	2024-02-13
ERR9941616	PRJEB52880	2024-02-13
ERR9941619	PRJEB52880	2024-02-13
ERR9941623	PRJEB52880	2024-02-13
SRR28013778	PRJNA1078245	2024-02-24
SRR28013780	PRJNA1078245	2024-02-24
SRR28013782	PRJNA1078245	2024-02-24
SRR28013783	PRJNA1078245	2024-02-24
SRR28013784	PRJNA1078245	2024-02-24
SRR28013787	PRJNA1078245	2024-02-24
SRR28013790	PRJNA1078245	2024-02-24
SRR28013792	PRJNA1078245	2024-02-24
SRR28013801	PRJNA1078245	2024-02-24
SRR28013805	PRJNA1078245	2024-02-24
SRR28013808	PRJNA1078245	2024-02-24
SRR28013781	PRJNA1078245	2024-02-24
SRR28013785	PRJNA1078245	2024-02-24
SRR28013786	PRJNA1078245	2024-02-24
SRR28013789	PRJNA1078245	2024-02-24
SRR28013794	PRJNA1078245	2024-02-24
SRR28013796	PRJNA1078245	2024-02-24
SRR28013797	PRJNA1078245	2024-02-24
SRR28013799	PRJNA1078245	2024-02-24
SRR28013800	PRJNA1078245	2024-02-24
SRR28013803	PRJNA1078245	2024-02-24
SRR28013806	PRJNA1078245	2024-02-24
SRR28013807	PRJNA1078245	2024-02-24
SRR28013777	PRJNA1078245	2024-02-24
SRR28013779	PRJNA1078245	2024-02-24
SRR28013788	PRJNA1078245	2024-02-24
SRR28013791	PRJNA1078245	2024-02-24
SRR28013793	PRJNA1078245	2024-02-24
SRR28013795	PRJNA1078245	2024-02-24
SRR28013798	PRJNA1078245	2024-02-24
SRR28013802	PRJNA1078245	2024-02-24
SRR28013804	PRJNA1078245	2024-02-24
SRR27235858	PRJNA1053654	2024-02-25
SRR27235860	PRJNA1053654	2024-02-25
SRR27235861	PRJNA1053654	2024-02-25
SRR27235868	PRJNA1053654	2024-02-25
SRR27235854	PRJNA1053654	2024-02-25
SRR27235856	PRJNA1053654	2024-02-25
SRR27235859	PRJNA1053654	2024-02-25
SRR27235869	PRJNA1053654	2024-02-25
SRR27235870	PRJNA1053654	2024-02-25
SRR27235871	PRJNA1053654	2024-02-25
SRR27235855	PRJNA1053654	2024-02-25
SRR27235857	PRJNA1053654	2024-02-25
SRR27965834	PRJNA1076455	2024-02-25
SRR27965835	PRJNA1076455	2024-02-25
SRR27965836	PRJNA1076455	2024-02-25
SRR27965837	PRJNA1076455	2024-02-25
SRR27965838	PRJNA1076455	2024-02-25
SRR27965839	PRJNA1076455	2024-02-25
SRR27965841	PRJNA1076455	2024-02-25
SRR27965843	PRJNA1076455	2024-02-25
SRR27965844	PRJNA1076455	2024-02-25
SRR27965833	PRJNA1076455	2024-02-25
SRR27965840	PRJNA1076455	2024-02-25
SRR27965842	PRJNA1076455	2024-02-25
SRR27965845	PRJNA1076455	2024-02-25
SRR27965846	PRJNA1076455	2024-02-25
SRR22803280	PRJNA913598	2024-02-25
SRR22803288	PRJNA913598	2024-02-25
SRR22803294	PRJNA913598	2024-02-25
SRR22803295	PRJNA913598	2024-02-25
SRR22803296	PRJNA913598	2024-02-25
SRR22803298	PRJNA913598	2024-02-25
SRR22803278	PRJNA913598	2024-02-25
SRR22803279	PRJNA913598	2024-02-25
SRR22803284	PRJNA913598	2024-02-25
SRR22803285	PRJNA913598	2024-02-25
SRR22803286	PRJNA913598	2024-02-25
SRR22803290	PRJNA913598	2024-02-25
SRR22803293	PRJNA913598	2024-02-25
SRR22803299	PRJNA913598	2024-02-25
SRR22803301	PRJNA913598	2024-02-25
SRR22803303	PRJNA913598	2024-02-25
SRR22803281	PRJNA913598	2024-02-25
SRR22803282	PRJNA913598	2024-02-25
SRR22803283	PRJNA913598	2024-02-25
SRR22803287	PRJNA913598	2024-02-25
SRR22803289	PRJNA913598	2024-02-25
SRR22803291	PRJNA913598	2024-02-25
SRR22803292	PRJNA913598	2024-02-25
SRR22803297	PRJNA913598	2024-02-25
SRR22803300	PRJNA913598	2024-02-25
SRR22803302	PRJNA913598	2024-02-25
SRR22857612	PRJNA914772	2024-02-25
SRR22857614	PRJNA914772	2024-02-25
SRR22857615	PRJNA914772	2024-02-25
SRR22857616	PRJNA914772	2024-02-25
SRR22857619	PRJNA914772	2024-02-25
SRR22857620	PRJNA914772	2024-02-25
SRR22857623	PRJNA914772	2024-02-25
SRR22857625	PRJNA914772	2024-02-25
SRR22857626	PRJNA914772	2024-02-25
SRR22857627	PRJNA914772	2024-02-25
SRR22857628	PRJNA914772	2024-02-25
SRR22857631	PRJNA914772	2024-02-25
SRR22857610	PRJNA914772	2024-02-25
SRR22857611	PRJNA914772	2024-02-25
SRR22857618	PRJNA914772	2024-02-25
SRR22857629	PRJNA914772	2024-02-25
SRR22857613	PRJNA914772	2024-02-25
SRR22857617	PRJNA914772	2024-02-25
SRR22857621	PRJNA914772	2024-02-25
SRR22857622	PRJNA914772	2024-02-25
SRR22857624	PRJNA914772	2024-02-25
SRR22857630	PRJNA914772	2024-02-25
SRR23024373	PRJNA922121	2024-02-25
SRR23024376	PRJNA922121	2024-02-25
SRR23024379	PRJNA922121	2024-02-25
SRR23024381	PRJNA922121	2024-02-25
SRR23024370	PRJNA922121	2024-02-25
SRR23024375	PRJNA922121	2024-02-25
SRR23024369	PRJNA922121	2024-02-25
SRR23024371	PRJNA922121	2024-02-25
SRR23024372	PRJNA922121	2024-02-25
SRR23024374	PRJNA922121	2024-02-25
SRR23024377	PRJNA922121	2024-02-25
SRR23024378	PRJNA922121	2024-02-25
SRR23024380	PRJNA922121	2024-02-25
SRR23063533	PRJNA923312	2024-02-25
SRR23063535	PRJNA923312	2024-02-25
SRR23063537	PRJNA923312	2024-02-25
SRR23063539	PRJNA923312	2024-02-25
SRR23063540	PRJNA923312	2024-02-25
SRR23063541	PRJNA923312	2024-02-25
SRR23063543	PRJNA923312	2024-02-25
SRR23063544	PRJNA923312	2024-02-25
SRR23063529	PRJNA923312	2024-02-25
SRR23063532	PRJNA923312	2024-02-25
SRR23063534	PRJNA923312	2024-02-25
SRR23063536	PRJNA923312	2024-02-25
SRR23063538	PRJNA923312	2024-02-25
SRR23063545	PRJNA923312	2024-02-25
SRR23063547	PRJNA923312	2024-02-25
SRR23063548	PRJNA923312	2024-02-25
SRR23063549	PRJNA923312	2024-02-25
SRR23063528	PRJNA923312	2024-02-25
SRR23063530	PRJNA923312	2024-02-25
SRR23063531	PRJNA923312	2024-02-25
SRR23063542	PRJNA923312	2024-02-25
SRR23063546	PRJNA923312	2024-02-25
SRR23940451	PRJNA947601	2024-03-08
SRR23940452	PRJNA947601	2024-03-08
SRR23940455	PRJNA947601	2024-03-08
SRR23940457	PRJNA947601	2024-03-08
SRR23940453	PRJNA947601	2024-03-08
SRR23940458	PRJNA947601	2024-03-08
SRR23940459	PRJNA947601	2024-03-08
SRR23940460	PRJNA947601	2024-03-08
SRR23940462	PRJNA947601	2024-03-08
SRR23940467	PRJNA947601	2024-03-08
SRR23940468	PRJNA947601	2024-03-08
SRR23940454	PRJNA947601	2024-03-08
SRR23940456	PRJNA947601	2024-03-08
SRR23940463	PRJNA947601	2024-03-08
SRR23940464	PRJNA947601	2024-03-08
SRR23940465	PRJNA947601	2024-03-08
SRR23940469	PRJNA947601	2024-03-08
SRR23940470	PRJNA947601	2024-03-08
SRR23940450	PRJNA947601	2024-03-08
SRR23940466	PRJNA947601	2024-03-08
SRR28335292	PRJNA1087369	2024-04-14
SRR28335295	PRJNA1087369	2024-04-14
SRR28335296	PRJNA1087369	2024-04-14
SRR28335303	PRJNA1087369	2024-04-14
SRR28335314	PRJNA1087369	2024-04-14
SRR28335317	PRJNA1087369	2024-04-14
SRR28335320	PRJNA1087369	2024-04-14
SRR28335324	PRJNA1087369	2024-04-14
SRR28335326	PRJNA1087369	2024-04-14
SRR28335311	PRJNA1087369	2024-04-14
SRR28335313	PRJNA1087369	2024-04-14
SRR28335318	PRJNA1087369	2024-04-14
SRR28335319	PRJNA1087369	2024-04-14
SRR28335325	PRJNA1087369	2024-04-14
SRR28335293	PRJNA1087369	2024-04-14
SRR28335294	PRJNA1087369	2024-04-14
SRR28335310	PRJNA1087369	2024-04-14
SRR28335312	PRJNA1087369	2024-04-14
SRR28335315	PRJNA1087369	2024-04-14
SRR28335316	PRJNA1087369	2024-04-14
SRR28335321	PRJNA1087369	2024-04-14
SRR28335322	PRJNA1087369	2024-04-14
SRR28335323	PRJNA1087369	2024-04-14
SRR28335327	PRJNA1087369	2024-04-14
SRR26623058	PRJNA1033698	2024-04-28
SRR26623061	PRJNA1033698	2024-04-28
SRR26623066	PRJNA1033698	2024-04-28
SRR26623067	PRJNA1033698	2024-04-28
SRR26623070	PRJNA1033698	2024-04-28
SRR26623071	PRJNA1033698	2024-04-28
SRR26623075	PRJNA1033698	2024-04-28
SRR26623060	PRJNA1033698	2024-04-28
SRR26623062	PRJNA1033698	2024-04-28
SRR26623068	PRJNA1033698	2024-04-28
SRR26623069	PRJNA1033698	2024-04-28
SRR26623074	PRJNA1033698	2024-04-28
SRR26623076	PRJNA1033698	2024-04-28
SRR26623078	PRJNA1033698	2024-04-28
SRR26623057	PRJNA1033698	2024-04-28
SRR26623059	PRJNA1033698	2024-04-28
SRR26623063	PRJNA1033698	2024-04-28
SRR26623064	PRJNA1033698	2024-04-28
SRR26623065	PRJNA1033698	2024-04-28
SRR26623072	PRJNA1033698	2024-04-28
SRR26623073	PRJNA1033698	2024-04-28
SRR26623077	PRJNA1033698	2024-04-28
SRR27462495	PRJNA1062441	2024-04-28
SRR27462489	PRJNA1062441	2024-04-28
SRR27462491	PRJNA1062441	2024-04-28
SRR27462493	PRJNA1062441	2024-04-28
SRR27462494	PRJNA1062441	2024-04-28
SRR27462496	PRJNA1062441	2024-04-28
SRR27462497	PRJNA1062441	2024-04-28
SRR27462498	PRJNA1062441	2024-04-28
SRR27462499	PRJNA1062441	2024-04-28
SRR27462490	PRJNA1062441	2024-04-28
SRR27462492	PRJNA1062441	2024-04-28
SRR28402090	PRJNA1090238	2024-04-28
SRR28402082	PRJNA1090238	2024-04-28
SRR28402083	PRJNA1090238	2024-04-28
SRR28402084	PRJNA1090238	2024-04-28
SRR28402086	PRJNA1090238	2024-04-28
SRR28402088	PRJNA1090238	2024-04-28
SRR28402085	PRJNA1090238	2024-04-28
SRR28402087	PRJNA1090238	2024-04-28
SRR28402089	PRJNA1090238	2024-04-28
SRR28402091	PRJNA1090238	2024-04-28
SRR28402092	PRJNA1090238	2024-04-28
SRR28402093	PRJNA1090238	2024-04-28
SRR24827640	PRJNA980148	2024-04-28
SRR24827646	PRJNA980148	2024-04-28
SRR24827649	PRJNA980148	2024-04-28
SRR24827650	PRJNA980148	2024-04-28
SRR24827641	PRJNA980148	2024-04-28
SRR24827642	PRJNA980148	2024-04-28
SRR24827643	PRJNA980148	2024-04-28
SRR24827639	PRJNA980148	2024-04-28
SRR24827644	PRJNA980148	2024-04-28
SRR24827645	PRJNA980148	2024-04-28
SRR24827647	PRJNA980148	2024-04-28
SRR24827648	PRJNA980148	2024-04-28
SRR25054745	PRJNA988498	2024-04-28
SRR25054746	PRJNA988498	2024-04-28
SRR25054748	PRJNA988498	2024-04-28
SRR25054749	PRJNA988498	2024-04-28
SRR25054752	PRJNA988498	2024-04-28
SRR25054743	PRJNA988498	2024-04-28
SRR25054744	PRJNA988498	2024-04-28
SRR25054747	PRJNA988498	2024-04-28
SRR25054750	PRJNA988498	2024-04-28
SRR25054751	PRJNA988498	2024-04-28
SRR25054753	PRJNA988498	2024-04-28
SRR25054754	PRJNA988498	2024-04-28
SRR9033958	PRJNA542096	2024-05-01
SRR9033964	PRJNA542096	2024-05-01
SRR9033956	PRJNA542096	2024-05-01
SRR9033959	PRJNA542096	2024-05-01
SRR9033961	PRJNA542096	2024-05-01
SRR9033963	PRJNA542096	2024-05-01
SRR9033965	PRJNA542096	2024-05-01
SRR9033954	PRJNA542096	2024-05-01
SRR9033955	PRJNA542096	2024-05-01
SRR9033957	PRJNA542096	2024-05-01
SRR9033960	PRJNA542096	2024-05-01
SRR9033962	PRJNA542096	2024-05-01
SRR18300943	PRJNA815247	2024-05-10
SRR18300947	PRJNA815247	2024-05-10
SRR18300954	PRJNA815247	2024-05-10
SRR18300956	PRJNA815247	2024-05-10
SRR18300957	PRJNA815247	2024-05-10
SRR18300951	PRJNA815247	2024-05-10
SRR24564978	PRJNA972712	2024-05-10
SRR24685140	PRJNA975076	2024-05-10
SRR24685008	PRJNA975077	2024-05-10
SRR24685043	PRJNA975077	2024-05-10
SRR24685049	PRJNA975077	2024-05-10
SRR24685051	PRJNA975077	2024-05-10
SRR24685061	PRJNA975077	2024-05-10
SRR24685002	PRJNA975077	2024-05-10
SRR24685024	PRJNA975077	2024-05-10
SRR24685034	PRJNA975077	2024-05-10
SRR24685038	PRJNA975077	2024-05-10
SRR24685044	PRJNA975077	2024-05-10
SRR24685047	PRJNA975077	2024-05-10
SRR24685087	PRJNA975077	2024-05-10
SRR24685088	PRJNA975077	2024-05-10
SRR24685089	PRJNA975077	2024-05-10
SRR24685090	PRJNA975077	2024-05-10
SRR24685096	PRJNA975077	2024-05-10
SRR24685012	PRJNA975077	2024-05-10
SRR24685030	PRJNA975077	2024-05-10
SRR28984768	PRJNA1109866	2024-05-12
SRR28984775	PRJNA1109866	2024-05-12
SRR28984776	PRJNA1109866	2024-05-12
SRR28984778	PRJNA1109866	2024-05-12
SRR28984779	PRJNA1109866	2024-05-12
SRR28984781	PRJNA1109866	2024-05-12
SRR28984784	PRJNA1109866	2024-05-12
SRR28984787	PRJNA1109866	2024-05-12
SRR28984788	PRJNA1109866	2024-05-12
SRR28984769	PRJNA1109866	2024-05-12
SRR28984773	PRJNA1109866	2024-05-12
SRR28984774	PRJNA1109866	2024-05-12
SRR28984777	PRJNA1109866	2024-05-12
SRR28984780	PRJNA1109866	2024-05-12
SRR28984782	PRJNA1109866	2024-05-12
SRR28984789	PRJNA1109866	2024-05-12
SRR28984791	PRJNA1109866	2024-05-12
SRR28984792	PRJNA1109866	2024-05-12
SRR28984793	PRJNA1109866	2024-05-12
SRR28984794	PRJNA1109866	2024-05-12
SRR28984770	PRJNA1109866	2024-05-12
SRR28984771	PRJNA1109866	2024-05-12
SRR28984772	PRJNA1109866	2024-05-12
SRR28984783	PRJNA1109866	2024-05-12
SRR28984785	PRJNA1109866	2024-05-12
SRR28984786	PRJNA1109866	2024-05-12
SRR28984790	PRJNA1109866	2024-05-12
SRR25886999	PRJNA1012308	2024-05-26
SRR25887000	PRJNA1012308	2024-05-26
SRR25887005	PRJNA1012308	2024-05-26
SRR25887006	PRJNA1012308	2024-05-26
SRR25887007	PRJNA1012308	2024-05-26
SRR25887008	PRJNA1012308	2024-05-26
SRR25887009	PRJNA1012308	2024-05-26
SRR25887010	PRJNA1012308	2024-05-26
SRR25887016	PRJNA1012308	2024-05-26
SRR25887019	PRJNA1012308	2024-05-26
SRR25887024	PRJNA1012308	2024-05-26
SRR25887003	PRJNA1012308	2024-05-26
SRR25887004	PRJNA1012308	2024-05-26
SRR25887011	PRJNA1012308	2024-05-26
SRR25887012	PRJNA1012308	2024-05-26
SRR25887013	PRJNA1012308	2024-05-26
SRR25887014	PRJNA1012308	2024-05-26
SRR25887015	PRJNA1012308	2024-05-26
SRR25887017	PRJNA1012308	2024-05-26
SRR25887020	PRJNA1012308	2024-05-26
SRR25887023	PRJNA1012308	2024-05-26
SRR25886998	PRJNA1012308	2024-05-26
SRR25887001	PRJNA1012308	2024-05-26
SRR25887002	PRJNA1012308	2024-05-26
SRR25887018	PRJNA1012308	2024-05-26
SRR25887021	PRJNA1012308	2024-05-26
SRR25887022	PRJNA1012308	2024-05-26
SRR25887025	PRJNA1012308	2024-05-26
SRR25887026	PRJNA1012308	2024-05-26
SRR25887027	PRJNA1012308	2024-05-26
SRR27937474	PRJNA1075321	2024-05-26
SRR27937475	PRJNA1075321	2024-05-26
SRR27937476	PRJNA1075321	2024-05-26
SRR27937478	PRJNA1075321	2024-05-26
SRR27937479	PRJNA1075321	2024-05-26
SRR27937481	PRJNA1075321	2024-05-26
SRR27937482	PRJNA1075321	2024-05-26
SRR27937483	PRJNA1075321	2024-05-26
SRR27937486	PRJNA1075321	2024-05-26
SRR27937487	PRJNA1075321	2024-05-26
SRR27937489	PRJNA1075321	2024-05-26
SRR27937496	PRJNA1075321	2024-05-26
SRR27937459	PRJNA1075321	2024-05-26
SRR27937461	PRJNA1075321	2024-05-26
SRR27937468	PRJNA1075321	2024-05-26
SRR27937469	PRJNA1075321	2024-05-26
SRR27937471	PRJNA1075321	2024-05-26
SRR27937472	PRJNA1075321	2024-05-26
SRR27937477	PRJNA1075321	2024-05-26
SRR27937480	PRJNA1075321	2024-05-26
SRR27937484	PRJNA1075321	2024-05-26
SRR27937488	PRJNA1075321	2024-05-26
SRR27937491	PRJNA1075321	2024-05-26
SRR27937492	PRJNA1075321	2024-05-26
SRR27937493	PRJNA1075321	2024-05-26
SRR27937497	PRJNA1075321	2024-05-26
SRR27937498	PRJNA1075321	2024-05-26
SRR27937500	PRJNA1075321	2024-05-26
SRR27937501	PRJNA1075321	2024-05-26
SRR27937457	PRJNA1075321	2024-05-26
SRR27937458	PRJNA1075321	2024-05-26
SRR27937460	PRJNA1075321	2024-05-26
SRR27937462	PRJNA1075321	2024-05-26
SRR27937463	PRJNA1075321	2024-05-26
SRR27937464	PRJNA1075321	2024-05-26
SRR27937465	PRJNA1075321	2024-05-26
SRR27937466	PRJNA1075321	2024-05-26
SRR27937467	PRJNA1075321	2024-05-26
SRR27937470	PRJNA1075321	2024-05-26
SRR27937473	PRJNA1075321	2024-05-26
SRR27937485	PRJNA1075321	2024-05-26
SRR27937490	PRJNA1075321	2024-05-26
SRR27937494	PRJNA1075321	2024-05-26
SRR27937495	PRJNA1075321	2024-05-26
SRR27937499	PRJNA1075321	2024-05-26
SRR28069002	PRJNA1079745	2024-05-26
SRR28069003	PRJNA1079745	2024-05-26
SRR28069004	PRJNA1079745	2024-05-26
SRR28069005	PRJNA1079745	2024-05-26
SRR28069008	PRJNA1079745	2024-05-26
SRR28069011	PRJNA1079745	2024-05-26
SRR28069012	PRJNA1079745	2024-05-26
SRR28069014	PRJNA1079745	2024-05-26
SRR28069015	PRJNA1079745	2024-05-26
SRR28069016	PRJNA1079745	2024-05-26
SRR28069021	PRJNA1079745	2024-05-26
SRR28069023	PRJNA1079745	2024-05-26
SRR28069047	PRJNA1079745	2024-05-26
SRR28069050	PRJNA1079745	2024-05-26
SRR28069053	PRJNA1079745	2024-05-26
SRR28068997	PRJNA1079745	2024-05-26
SRR28069001	PRJNA1079745	2024-05-26
SRR28069007	PRJNA1079745	2024-05-26
SRR28069009	PRJNA1079745	2024-05-26
SRR28069010	PRJNA1079745	2024-05-26
SRR28069013	PRJNA1079745	2024-05-26
SRR28069018	PRJNA1079745	2024-05-26
SRR28069019	PRJNA1079745	2024-05-26
SRR28069025	PRJNA1079745	2024-05-26
SRR28069026	PRJNA1079745	2024-05-26
SRR28069048	PRJNA1079745	2024-05-26
SRR28069054	PRJNA1079745	2024-05-26
SRR28069055	PRJNA1079745	2024-05-26
SRR28068998	PRJNA1079745	2024-05-26
SRR28068999	PRJNA1079745	2024-05-26
SRR28069000	PRJNA1079745	2024-05-26
SRR28069006	PRJNA1079745	2024-05-26
SRR28069017	PRJNA1079745	2024-05-26
SRR28069020	PRJNA1079745	2024-05-26
SRR28069022	PRJNA1079745	2024-05-26
SRR28069024	PRJNA1079745	2024-05-26
SRR28069027	PRJNA1079745	2024-05-26
SRR28069044	PRJNA1079745	2024-05-26
SRR28069056	PRJNA1079745	2024-05-26
SRR18300939	PRJNA815247	2024-05-26
SRR18300942	PRJNA815247	2024-05-26
SRR18300955	PRJNA815247	2024-05-26
SRR18300958	PRJNA815247	2024-05-26
SRR18300944	PRJNA815247	2024-05-26
SRR18300946	PRJNA815247	2024-05-26
SRR18300948	PRJNA815247	2024-05-26
SRR18300952	PRJNA815247	2024-05-26
SRR18300959	PRJNA815247	2024-05-26
SRR18300960	PRJNA815247	2024-05-26
SRR18300937	PRJNA815247	2024-05-26
SRR18300938	PRJNA815247	2024-05-26
SRR18300940	PRJNA815247	2024-05-26
SRR18300941	PRJNA815247	2024-05-26
SRR18300945	PRJNA815247	2024-05-26
SRR18300949	PRJNA815247	2024-05-26
SRR18300950	PRJNA815247	2024-05-26
SRR18300953	PRJNA815247	2024-05-26
SRR24564976	PRJNA972712	2024-05-26
SRR24564979	PRJNA972712	2024-05-26
SRR24564980	PRJNA972712	2024-05-26
SRR24564981	PRJNA972712	2024-05-26
SRR24564982	PRJNA972712	2024-05-26
SRR24564971	PRJNA972712	2024-05-26
SRR24564973	PRJNA972712	2024-05-26
SRR24564974	PRJNA972712	2024-05-26
SRR24564977	PRJNA972712	2024-05-26
SRR24564972	PRJNA972712	2024-05-26
SRR24564975	PRJNA972712	2024-05-26
SRR24579625	PRJNA972996	2024-05-26
SRR24579628	PRJNA972996	2024-05-26
SRR24579620	PRJNA972996	2024-05-26
SRR24579624	PRJNA972996	2024-05-26
SRR24579626	PRJNA972996	2024-05-26
SRR24579627	PRJNA972996	2024-05-26
SRR24579629	PRJNA972996	2024-05-26
SRR24579619	PRJNA972996	2024-05-26
SRR24579621	PRJNA972996	2024-05-26
SRR24579622	PRJNA972996	2024-05-26
SRR24579623	PRJNA972996	2024-05-26
SRR24579630	PRJNA972996	2024-05-26
SRR24622516	PRJNA973618	2024-05-26
SRR24622517	PRJNA973618	2024-05-26
SRR24622518	PRJNA973618	2024-05-26
SRR24622519	PRJNA973618	2024-05-26
SRR24622521	PRJNA973618	2024-05-26
SRR24622524	PRJNA973618	2024-05-26
SRR24622523	PRJNA973618	2024-05-26
SRR24622513	PRJNA973618	2024-05-26
SRR24622514	PRJNA973618	2024-05-26
SRR24622515	PRJNA973618	2024-05-26
SRR24622520	PRJNA973618	2024-05-26
SRR24622522	PRJNA973618	2024-05-26
SRR24685113	PRJNA975076	2024-05-26
SRR24685114	PRJNA975076	2024-05-26
SRR24685115	PRJNA975076	2024-05-26
SRR24685121	PRJNA975076	2024-05-26
SRR24685124	PRJNA975076	2024-05-26
SRR24685127	PRJNA975076	2024-05-26
SRR24685129	PRJNA975076	2024-05-26
SRR24685136	PRJNA975076	2024-05-26
SRR24685137	PRJNA975076	2024-05-26
SRR24685141	PRJNA975076	2024-05-26
SRR24685143	PRJNA975076	2024-05-26
SRR24685148	PRJNA975076	2024-05-26
SRR24685151	PRJNA975076	2024-05-26
SRR24685155	PRJNA975076	2024-05-26
SRR24685160	PRJNA975076	2024-05-26
SRR24685165	PRJNA975076	2024-05-26
SRR24685167	PRJNA975076	2024-05-26
SRR24685169	PRJNA975076	2024-05-26
SRR24685171	PRJNA975076	2024-05-26
SRR24685173	PRJNA975076	2024-05-26
SRR24685174	PRJNA975076	2024-05-26
SRR24685175	PRJNA975076	2024-05-26
SRR24685176	PRJNA975076	2024-05-26
SRR24685179	PRJNA975076	2024-05-26
SRR24685184	PRJNA975076	2024-05-26
SRR24685116	PRJNA975076	2024-05-26
SRR24685117	PRJNA975076	2024-05-26
SRR24685118	PRJNA975076	2024-05-26
SRR24685120	PRJNA975076	2024-05-26
SRR24685122	PRJNA975076	2024-05-26
SRR24685123	PRJNA975076	2024-05-26
SRR24685125	PRJNA975076	2024-05-26
SRR24685126	PRJNA975076	2024-05-26
SRR24685128	PRJNA975076	2024-05-26
SRR24685134	PRJNA975076	2024-05-26
SRR24685139	PRJNA975076	2024-05-26
SRR24685144	PRJNA975076	2024-05-26
SRR24685145	PRJNA975076	2024-05-26
SRR24685146	PRJNA975076	2024-05-26
SRR24685147	PRJNA975076	2024-05-26
SRR24685150	PRJNA975076	2024-05-26
SRR24685152	PRJNA975076	2024-05-26
SRR24685154	PRJNA975076	2024-05-26
SRR24685158	PRJNA975076	2024-05-26
SRR24685161	PRJNA975076	2024-05-26
SRR24685162	PRJNA975076	2024-05-26
SRR24685163	PRJNA975076	2024-05-26
SRR24685164	PRJNA975076	2024-05-26
SRR24685166	PRJNA975076	2024-05-26
SRR24685170	PRJNA975076	2024-05-26
SRR24685178	PRJNA975076	2024-05-26
SRR24685180	PRJNA975076	2024-05-26
SRR24685182	PRJNA975076	2024-05-26
SRR24685183	PRJNA975076	2024-05-26
SRR24685119	PRJNA975076	2024-05-26
SRR24685130	PRJNA975076	2024-05-26
SRR24685131	PRJNA975076	2024-05-26
SRR24685132	PRJNA975076	2024-05-26
SRR24685133	PRJNA975076	2024-05-26
SRR24685135	PRJNA975076	2024-05-26
SRR24685138	PRJNA975076	2024-05-26
SRR24685142	PRJNA975076	2024-05-26
SRR24685149	PRJNA975076	2024-05-26
SRR24685153	PRJNA975076	2024-05-26
SRR24685156	PRJNA975076	2024-05-26
SRR24685157	PRJNA975076	2024-05-26
SRR24685159	PRJNA975076	2024-05-26
SRR24685168	PRJNA975076	2024-05-26
SRR24685172	PRJNA975076	2024-05-26
SRR24685177	PRJNA975076	2024-05-26
SRR24685181	PRJNA975076	2024-05-26
SRR24685009	PRJNA975077	2024-05-26
SRR24685016	PRJNA975077	2024-05-26
SRR24685025	PRJNA975077	2024-05-26
SRR24685026	PRJNA975077	2024-05-26
SRR24685027	PRJNA975077	2024-05-26
SRR24685029	PRJNA975077	2024-05-26
SRR24685036	PRJNA975077	2024-05-26
SRR24685037	PRJNA975077	2024-05-26
SRR24685046	PRJNA975077	2024-05-26
SRR24685053	PRJNA975077	2024-05-26
SRR24685055	PRJNA975077	2024-05-26
SRR24685056	PRJNA975077	2024-05-26
SRR24685057	PRJNA975077	2024-05-26
SRR24685058	PRJNA975077	2024-05-26
SRR24685066	PRJNA975077	2024-05-26
SRR24685067	PRJNA975077	2024-05-26
SRR24685071	PRJNA975077	2024-05-26
SRR24685076	PRJNA975077	2024-05-26
SRR24685082	PRJNA975077	2024-05-26
SRR24685093	PRJNA975077	2024-05-26
SRR24685001	PRJNA975077	2024-05-26
SRR24685004	PRJNA975077	2024-05-26
SRR24685005	PRJNA975077	2024-05-26
SRR24685006	PRJNA975077	2024-05-26
SRR24685013	PRJNA975077	2024-05-26
SRR24685015	PRJNA975077	2024-05-26
SRR24685018	PRJNA975077	2024-05-26
SRR24685022	PRJNA975077	2024-05-26
SRR24685031	PRJNA975077	2024-05-26
SRR24685032	PRJNA975077	2024-05-26
SRR24685033	PRJNA975077	2024-05-26
SRR24685041	PRJNA975077	2024-05-26
SRR24685042	PRJNA975077	2024-05-26
SRR24685050	PRJNA975077	2024-05-26
SRR24685064	PRJNA975077	2024-05-26
SRR24685069	PRJNA975077	2024-05-26
SRR24685072	PRJNA975077	2024-05-26
SRR24685073	PRJNA975077	2024-05-26
SRR24685074	PRJNA975077	2024-05-26
SRR24685078	PRJNA975077	2024-05-26
SRR24685081	PRJNA975077	2024-05-26
SRR24685086	PRJNA975077	2024-05-26
SRR24685092	PRJNA975077	2024-05-26
SRR24685095	PRJNA975077	2024-05-26
SRR24685014	PRJNA975077	2024-05-26
SRR24685019	PRJNA975077	2024-05-26
SRR24685020	PRJNA975077	2024-05-26
SRR24685023	PRJNA975077	2024-05-26
SRR24685052	PRJNA975077	2024-05-26
SRR24685060	PRJNA975077	2024-05-26
SRR24685062	PRJNA975077	2024-05-26
SRR24685063	PRJNA975077	2024-05-26
SRR24685065	PRJNA975077	2024-05-26
SRR24685077	PRJNA975077	2024-05-26
SRR24685079	PRJNA975077	2024-05-26
SRR24685080	PRJNA975077	2024-05-26
SRR24685083	PRJNA975077	2024-05-26
SRR24685084	PRJNA975077	2024-05-26
SRR24685085	PRJNA975077	2024-05-26
SRR24685091	PRJNA975077	2024-05-26
SRR24685094	PRJNA975077	2024-05-26
SRR24685431	PRJNA975082	2024-05-26
SRR24685433	PRJNA975082	2024-05-26
SRR24685439	PRJNA975082	2024-05-26
SRR24685440	PRJNA975082	2024-05-26
SRR24685442	PRJNA975082	2024-05-26
SRR24685444	PRJNA975082	2024-05-26
SRR24685446	PRJNA975082	2024-05-26
SRR24685449	PRJNA975082	2024-05-26
SRR24685452	PRJNA975082	2024-05-26
SRR24685456	PRJNA975082	2024-05-26
SRR24685459	PRJNA975082	2024-05-26
SRR24685461	PRJNA975082	2024-05-26
SRR24685430	PRJNA975082	2024-05-26
SRR24685434	PRJNA975082	2024-05-26
SRR24685435	PRJNA975082	2024-05-26
SRR24685437	PRJNA975082	2024-05-26
SRR24685438	PRJNA975082	2024-05-26
SRR24685445	PRJNA975082	2024-05-26
SRR24685450	PRJNA975082	2024-05-26
SRR24685451	PRJNA975082	2024-05-26
SRR24685453	PRJNA975082	2024-05-26
SRR24685455	PRJNA975082	2024-05-26
SRR24685462	PRJNA975082	2024-05-26
SRR24685463	PRJNA975082	2024-05-26
SRR24685464	PRJNA975082	2024-05-26
SRR24685432	PRJNA975082	2024-05-26
SRR24685436	PRJNA975082	2024-05-26
SRR24685441	PRJNA975082	2024-05-26
SRR24685443	PRJNA975082	2024-05-26
SRR24685447	PRJNA975082	2024-05-26
SRR24685448	PRJNA975082	2024-05-26
SRR24685454	PRJNA975082	2024-05-26
SRR24685457	PRJNA975082	2024-05-26
SRR24685458	PRJNA975082	2024-05-26
SRR24685460	PRJNA975082	2024-05-26
SRR24685465	PRJNA975082	2024-05-26
SRR17167480	PRJNA787117	2024-06-02
SRR17167481	PRJNA787117	2024-06-02
SRR17167485	PRJNA787117	2024-06-02
SRR17167486	PRJNA787117	2024-06-02
SRR17167488	PRJNA787117	2024-06-02
SRR17167489	PRJNA787117	2024-06-02
SRR17167491	PRJNA787117	2024-06-02
SRR17167492	PRJNA787117	2024-06-02
SRR17167493	PRJNA787117	2024-06-02
SRR17167499	PRJNA787117	2024-06-02
SRR17167478	PRJNA787117	2024-06-02
SRR17167479	PRJNA787117	2024-06-02
SRR17167482	PRJNA787117	2024-06-02
SRR17167487	PRJNA787117	2024-06-02
SRR17167494	PRJNA787117	2024-06-02
SRR17167495	PRJNA787117	2024-06-02
SRR17167497	PRJNA787117	2024-06-02
SRR17167498	PRJNA787117	2024-06-02
SRR17167483	PRJNA787117	2024-06-02
SRR17167484	PRJNA787117	2024-06-02
SRR17167490	PRJNA787117	2024-06-02
SRR17167496	PRJNA787117	2024-06-02
SRR21563131	PRJNA880541	2024-06-15
SRR21563132	PRJNA880541	2024-06-15
SRR21563137	PRJNA880541	2024-06-15
SRR21563141	PRJNA880541	2024-06-15
SRR21563133	PRJNA880541	2024-06-15
SRR21563134	PRJNA880541	2024-06-15
SRR21563135	PRJNA880541	2024-06-15
SRR21563142	PRJNA880541	2024-06-15
SRR21563136	PRJNA880541	2024-06-15
SRR21563139	PRJNA880541	2024-06-15
SRR21563140	PRJNA880541	2024-06-15
SRR21563138	PRJNA880541	2024-06-15
SRR29495882	PRJNA1062441	2024-06-25
SRR29495881	PRJNA1062441	2024-06-25
DRR384632	PRJDB13755	2024-06-30
DRR384633	PRJDB13755	2024-06-30
DRR384637	PRJDB13755	2024-06-30
DRR384639	PRJDB13755	2024-06-30
DRR384645	PRJDB13755	2024-06-30
DRR384651	PRJDB13755	2024-06-30
DRR384657	PRJDB13755	2024-06-30
DRR384629	PRJDB13755	2024-06-30
DRR384634	PRJDB13755	2024-06-30
DRR384636	PRJDB13755	2024-06-30
DRR384638	PRJDB13755	2024-06-30
DRR384640	PRJDB13755	2024-06-30
DRR384644	PRJDB13755	2024-06-30
DRR384647	PRJDB13755	2024-06-30
DRR384650	PRJDB13755	2024-06-30
DRR384652	PRJDB13755	2024-06-30
DRR384654	PRJDB13755	2024-06-30
DRR384656	PRJDB13755	2024-06-30
DRR384628	PRJDB13755	2024-06-30
DRR384630	PRJDB13755	2024-06-30
DRR384631	PRJDB13755	2024-06-30
DRR384635	PRJDB13755	2024-06-30
DRR384641	PRJDB13755	2024-06-30
DRR384642	PRJDB13755	2024-06-30
DRR384643	PRJDB13755	2024-06-30
DRR384646	PRJDB13755	2024-06-30
DRR384648	PRJDB13755	2024-06-30
DRR384653	PRJDB13755	2024-06-30
DRR384655	PRJDB13755	2024-06-30
SRR28782512	PRJNA1103800	2024-06-30
SRR28782513	PRJNA1103800	2024-06-30
SRR28782514	PRJNA1103800	2024-06-30
SRR28782515	PRJNA1103800	2024-06-30
SRR28782516	PRJNA1103800	2024-06-30
SRR28782517	PRJNA1103800	2024-06-30
SRR28782510	PRJNA1103800	2024-06-30
SRR28782518	PRJNA1103800	2024-06-30
SRR28782507	PRJNA1103800	2024-06-30
SRR28782508	PRJNA1103800	2024-06-30
SRR28782509	PRJNA1103800	2024-06-30
SRR28782511	PRJNA1103800	2024-06-30
SRR19439342	PRJNA843329	2024-06-30
SRR19439343	PRJNA843329	2024-06-30
SRR19439348	PRJNA843329	2024-06-30
SRR19439352	PRJNA843329	2024-06-30
SRR19439344	PRJNA843329	2024-06-30
SRR19439345	PRJNA843329	2024-06-30
SRR19439347	PRJNA843329	2024-06-30
SRR19439350	PRJNA843329	2024-06-30
SRR19439353	PRJNA843329	2024-06-30
SRR19439346	PRJNA843329	2024-06-30
SRR19439349	PRJNA843329	2024-06-30
SRR19439351	PRJNA843329	2024-06-30
SRR22254495	PRJNA900194	2024-06-30
SRR22254496	PRJNA900194	2024-06-30
SRR22254497	PRJNA900194	2024-06-30
SRR22254498	PRJNA900194	2024-06-30
SRR22254500	PRJNA900194	2024-06-30
SRR22254501	PRJNA900194	2024-06-30
SRR22254492	PRJNA900194	2024-06-30
SRR22254494	PRJNA900194	2024-06-30
SRR22254502	PRJNA900194	2024-06-30
SRR22254493	PRJNA900194	2024-06-30
SRR22254499	PRJNA900194	2024-06-30
SRR28055213	PRJNA900194	2024-06-30
SRR28055214	PRJNA900194	2024-06-30
SRR28155094	PRJNA1081910	2024-07-01
SRR28155097	PRJNA1081910	2024-07-01
SRR28155098	PRJNA1081910	2024-07-01
SRR28155090	PRJNA1081910	2024-07-01
SRR28155092	PRJNA1081910	2024-07-01
SRR28155095	PRJNA1081910	2024-07-01
SRR28155096	PRJNA1081910	2024-07-01
SRR28155099	PRJNA1081910	2024-07-01
SRR28155101	PRJNA1081910	2024-07-01
SRR28155091	PRJNA1081910	2024-07-01
SRR28155093	PRJNA1081910	2024-07-01
SRR28155100	PRJNA1081910	2024-07-01
SRR22206146	PRJNA898785	2024-07-01
SRR22206148	PRJNA898785	2024-07-01
SRR22206149	PRJNA898785	2024-07-01
SRR22206150	PRJNA898785	2024-07-01
SRR22206152	PRJNA898785	2024-07-01
SRR22206153	PRJNA898785	2024-07-01
SRR22206158	PRJNA898785	2024-07-01
SRR22206160	PRJNA898785	2024-07-01
SRR22206165	PRJNA898785	2024-07-01
SRR22206147	PRJNA898785	2024-07-01
SRR22206151	PRJNA898785	2024-07-01
SRR22206155	PRJNA898785	2024-07-01
SRR22206156	PRJNA898785	2024-07-01
SRR22206161	PRJNA898785	2024-07-01
SRR22206162	PRJNA898785	2024-07-01
SRR22206164	PRJNA898785	2024-07-01
SRR22206154	PRJNA898785	2024-07-01
SRR22206157	PRJNA898785	2024-07-01
SRR22206159	PRJNA898785	2024-07-01
SRR22206163	PRJNA898785	2024-07-01
SRR13782517	PRJNA704810	2024-07-02
SRR13782518	PRJNA704810	2024-07-02
SRR13782522	PRJNA704810	2024-07-02
SRR13782519	PRJNA704810	2024-07-02
SRR13782527	PRJNA704810	2024-07-02
SRR13782528	PRJNA704810	2024-07-02
SRR13782520	PRJNA704810	2024-07-02
SRR13782521	PRJNA704810	2024-07-02
SRR13782523	PRJNA704810	2024-07-02
SRR13782524	PRJNA704810	2024-07-02
SRR13782525	PRJNA704810	2024-07-02
SRR13782526	PRJNA704810	2024-07-02
SRR29446258	PRJNA1125170	2024-07-03
SRR29446259	PRJNA1125170	2024-07-03
SRR29446260	PRJNA1125170	2024-07-03
SRR29446263	PRJNA1125170	2024-07-03
SRR29446267	PRJNA1125170	2024-07-03
SRR29446276	PRJNA1125170	2024-07-03
SRR29446277	PRJNA1125170	2024-07-03
SRR29446261	PRJNA1125170	2024-07-03
SRR29446262	PRJNA1125170	2024-07-03
SRR29446264	PRJNA1125170	2024-07-03
SRR29446266	PRJNA1125170	2024-07-03
SRR29446268	PRJNA1125170	2024-07-03
SRR29446272	PRJNA1125170	2024-07-03
SRR29446273	PRJNA1125170	2024-07-03
SRR29446274	PRJNA1125170	2024-07-03
SRR29446278	PRJNA1125170	2024-07-03
SRR29446257	PRJNA1125170	2024-07-03
SRR29446265	PRJNA1125170	2024-07-03
SRR29446269	PRJNA1125170	2024-07-03
SRR29446270	PRJNA1125170	2024-07-03
SRR29446271	PRJNA1125170	2024-07-03
SRR29446275	PRJNA1125170	2024-07-03
SRR29767623	PRJNA853352	2024-07-11
SRR29767628	PRJNA853352	2024-07-11
SRR29767624	PRJNA853352	2024-07-11
SRR29845392	PRJNA1135711	2024-08-02
SRR29845447	PRJNA1135711	2024-08-02
SRR29845393	PRJNA1135711	2024-08-02
SRR29845445	PRJNA1135711	2024-08-02
SRR29845453	PRJNA1135711	2024-08-02
SRR29845417	PRJNA1135711	2024-08-02
SRR29845420	PRJNA1135711	2024-08-02
SRR29845450	PRJNA1135711	2024-08-02
SRR29547782	PRJNA1128105	2024-08-25
SRR29547786	PRJNA1128105	2024-08-25
SRR29547788	PRJNA1128105	2024-08-25
SRR29547789	PRJNA1128105	2024-08-25
SRR29547790	PRJNA1128105	2024-08-25
SRR29547791	PRJNA1128105	2024-08-25
SRR29547794	PRJNA1128105	2024-08-25
SRR29547778	PRJNA1128105	2024-08-25
SRR29547783	PRJNA1128105	2024-08-25
SRR29547785	PRJNA1128105	2024-08-25
SRR29547787	PRJNA1128105	2024-08-25
SRR29547792	PRJNA1128105	2024-08-25
SRR29547796	PRJNA1128105	2024-08-25
SRR29547797	PRJNA1128105	2024-08-25
SRR29547798	PRJNA1128105	2024-08-25
SRR29547799	PRJNA1128105	2024-08-25
SRR29547800	PRJNA1128105	2024-08-25
SRR29547802	PRJNA1128105	2024-08-25
SRR29547777	PRJNA1128105	2024-08-25
SRR29547779	PRJNA1128105	2024-08-25
SRR29547780	PRJNA1128105	2024-08-25
SRR29547781	PRJNA1128105	2024-08-25
SRR29547784	PRJNA1128105	2024-08-25
SRR29547793	PRJNA1128105	2024-08-25
SRR29547795	PRJNA1128105	2024-08-25
SRR29547801	PRJNA1128105	2024-08-25
SRR29845388	PRJNA1135711	2024-08-25
SRR29845389	PRJNA1135711	2024-08-25
SRR29845397	PRJNA1135711	2024-08-25
SRR29845399	PRJNA1135711	2024-08-25
SRR29845401	PRJNA1135711	2024-08-25
SRR29845402	PRJNA1135711	2024-08-25
SRR29845403	PRJNA1135711	2024-08-25
SRR29845416	PRJNA1135711	2024-08-25
SRR29845422	PRJNA1135711	2024-08-25
SRR29845423	PRJNA1135711	2024-08-25
SRR29845426	PRJNA1135711	2024-08-25
SRR29845430	PRJNA1135711	2024-08-25
SRR29845435	PRJNA1135711	2024-08-25
SRR29845437	PRJNA1135711	2024-08-25
SRR29845438	PRJNA1135711	2024-08-25
SRR29845446	PRJNA1135711	2024-08-25
SRR29845449	PRJNA1135711	2024-08-25
SRR29845452	PRJNA1135711	2024-08-25
SRR29845387	PRJNA1135711	2024-08-25
SRR29845390	PRJNA1135711	2024-08-25
SRR29845394	PRJNA1135711	2024-08-25
SRR29845396	PRJNA1135711	2024-08-25
SRR29845398	PRJNA1135711	2024-08-25
SRR29845400	PRJNA1135711	2024-08-25
SRR29845405	PRJNA1135711	2024-08-25
SRR29845410	PRJNA1135711	2024-08-25
SRR29845413	PRJNA1135711	2024-08-25
SRR29845414	PRJNA1135711	2024-08-25
SRR29845415	PRJNA1135711	2024-08-25
SRR29845419	PRJNA1135711	2024-08-25
SRR29845425	PRJNA1135711	2024-08-25
SRR29845431	PRJNA1135711	2024-08-25
SRR29845433	PRJNA1135711	2024-08-25
SRR29845436	PRJNA1135711	2024-08-25
SRR29845439	PRJNA1135711	2024-08-25
SRR29845440	PRJNA1135711	2024-08-25
SRR29845441	PRJNA1135711	2024-08-25
SRR29845442	PRJNA1135711	2024-08-25
SRR29845444	PRJNA1135711	2024-08-25
SRR29845454	PRJNA1135711	2024-08-25
SRR29845391	PRJNA1135711	2024-08-25
SRR29845395	PRJNA1135711	2024-08-25
SRR29845404	PRJNA1135711	2024-08-25
SRR29845406	PRJNA1135711	2024-08-25
SRR29845407	PRJNA1135711	2024-08-25
SRR29845408	PRJNA1135711	2024-08-25
SRR29845409	PRJNA1135711	2024-08-25
SRR29845411	PRJNA1135711	2024-08-25
SRR29845412	PRJNA1135711	2024-08-25
SRR29845418	PRJNA1135711	2024-08-25
SRR29845421	PRJNA1135711	2024-08-25
SRR29845424	PRJNA1135711	2024-08-25
SRR29845427	PRJNA1135711	2024-08-25
SRR29845428	PRJNA1135711	2024-08-25
SRR29845429	PRJNA1135711	2024-08-25
SRR29845432	PRJNA1135711	2024-08-25
SRR29845434	PRJNA1135711	2024-08-25
SRR29845443	PRJNA1135711	2024-08-25
SRR29845448	PRJNA1135711	2024-08-25
SRR29845451	PRJNA1135711	2024-08-25
SRR27744617	PRJNA1069748	2024-08-27
SRR27744621	PRJNA1069748	2024-08-27
SRR27744625	PRJNA1069748	2024-08-27
SRR27744616	PRJNA1069748	2024-08-27
SRR27744618	PRJNA1069748	2024-08-27
SRR27744619	PRJNA1069748	2024-08-27
SRR27744620	PRJNA1069748	2024-08-27
SRR27744622	PRJNA1069748	2024-08-27
SRR27744623	PRJNA1069748	2024-08-27
SRR27744624	PRJNA1069748	2024-08-27
SRR27744626	PRJNA1069748	2024-08-27
SRR27744627	PRJNA1069748	2024-08-27
SRR30334126	PRJNA1150602	2024-08-27
SRR30334128	PRJNA1150602	2024-08-27
SRR30334133	PRJNA1150602	2024-08-27
SRR30334136	PRJNA1150602	2024-08-27
SRR30334139	PRJNA1150602	2024-08-27
SRR30334143	PRJNA1150602	2024-08-27
SRR30334145	PRJNA1150602	2024-08-27
SRR30334148	PRJNA1150602	2024-08-27
SRR30334150	PRJNA1150602	2024-08-27
SRR30334155	PRJNA1150602	2024-08-27
SRR30334127	PRJNA1150602	2024-08-27
SRR30334129	PRJNA1150602	2024-08-27
SRR30334131	PRJNA1150602	2024-08-27
SRR30334132	PRJNA1150602	2024-08-27
SRR30334134	PRJNA1150602	2024-08-27
SRR30334137	PRJNA1150602	2024-08-27
SRR30334141	PRJNA1150602	2024-08-27
SRR30334146	PRJNA1150602	2024-08-27
SRR30334147	PRJNA1150602	2024-08-27
SRR30334149	PRJNA1150602	2024-08-27
SRR30334151	PRJNA1150602	2024-08-27
SRR30334153	PRJNA1150602	2024-08-27
SRR30334130	PRJNA1150602	2024-08-27
SRR30334135	PRJNA1150602	2024-08-27
SRR30334138	PRJNA1150602	2024-08-27
SRR30334140	PRJNA1150602	2024-08-27
SRR30334142	PRJNA1150602	2024-08-27
SRR30334144	PRJNA1150602	2024-08-27
SRR30334152	PRJNA1150602	2024-08-27
SRR30334154	PRJNA1150602	2024-08-27
SRR26944578	PRJNA1044935	2024-08-31
SRR26944567	PRJNA1044935	2024-08-31
SRR26944568	PRJNA1044935	2024-08-31
SRR26944569	PRJNA1044935	2024-08-31
SRR26944573	PRJNA1044935	2024-08-31
SRR26944574	PRJNA1044935	2024-08-31
SRR26944576	PRJNA1044935	2024-08-31
SRR26944577	PRJNA1044935	2024-08-31
SRR26944570	PRJNA1044935	2024-08-31
SRR26944571	PRJNA1044935	2024-08-31
SRR26944572	PRJNA1044935	2024-08-31
SRR26944575	PRJNA1044935	2024-08-31
SRR26455236	PRJNA1030422	2024-09-12
SRR26455237	PRJNA1030422	2024-09-12
SRR26455239	PRJNA1030422	2024-09-12
SRR26455242	PRJNA1030422	2024-09-12
SRR26455243	PRJNA1030422	2024-09-12
SRR26455246	PRJNA1030422	2024-09-12
SRR26455247	PRJNA1030422	2024-09-12
SRR26455248	PRJNA1030422	2024-09-12
SRR26455249	PRJNA1030422	2024-09-12
SRR26455251	PRJNA1030422	2024-09-12
SRR26455252	PRJNA1030422	2024-09-12
SRR26455253	PRJNA1030422	2024-09-12
SRR26455257	PRJNA1030422	2024-09-12
SRR26455261	PRJNA1030422	2024-09-12
SRR26455263	PRJNA1030422	2024-09-12
SRR26455266	PRJNA1030422	2024-09-12
SRR26455267	PRJNA1030422	2024-09-12
SRR26455268	PRJNA1030422	2024-09-12
SRR26455270	PRJNA1030422	2024-09-12
SRR26455271	PRJNA1030422	2024-09-12
SRR26455273	PRJNA1030422	2024-09-12
SRR26455285	PRJNA1030422	2024-09-12
SRR26455289	PRJNA1030422	2024-09-12
SRR26455241	PRJNA1030422	2024-09-12
SRR26455244	PRJNA1030422	2024-09-12
SRR26455259	PRJNA1030422	2024-09-12
SRR26455272	PRJNA1030422	2024-09-12
SRR26455275	PRJNA1030422	2024-09-12
SRR26455276	PRJNA1030422	2024-09-12
SRR26455286	PRJNA1030422	2024-09-12
SRR26455287	PRJNA1030422	2024-09-12
SRR26455288	PRJNA1030422	2024-09-12
SRR26455291	PRJNA1030422	2024-09-12
SRR26455238	PRJNA1030422	2024-09-12
SRR26455240	PRJNA1030422	2024-09-12
SRR26455245	PRJNA1030422	2024-09-12
SRR26455250	PRJNA1030422	2024-09-12
SRR26455254	PRJNA1030422	2024-09-12
SRR26455255	PRJNA1030422	2024-09-12
SRR26455256	PRJNA1030422	2024-09-12
SRR26455258	PRJNA1030422	2024-09-12
SRR26455260	PRJNA1030422	2024-09-12
SRR26455262	PRJNA1030422	2024-09-12
SRR26455269	PRJNA1030422	2024-09-12
SRR26455274	PRJNA1030422	2024-09-12
SRR26455277	PRJNA1030422	2024-09-12
SRR26455283	PRJNA1030422	2024-09-12
SRR26455290	PRJNA1030422	2024-09-12
SRR26455292	PRJNA1030422	2024-09-12
SRR29879270	PRJNA1137336	2024-09-19
SRR29879271	PRJNA1137336	2024-09-19
SRR29879274	PRJNA1137336	2024-09-19
SRR29879276	PRJNA1137336	2024-09-19
SRR29879277	PRJNA1137336	2024-09-19
SRR29879279	PRJNA1137336	2024-09-19
SRR29879282	PRJNA1137336	2024-09-19
SRR29879284	PRJNA1137336	2024-09-19
SRR29879286	PRJNA1137336	2024-09-19
SRR29879288	PRJNA1137336	2024-09-19
SRR29879268	PRJNA1137336	2024-09-19
SRR29879269	PRJNA1137336	2024-09-19
SRR29879275	PRJNA1137336	2024-09-19
SRR29879278	PRJNA1137336	2024-09-19
SRR29879281	PRJNA1137336	2024-09-19
SRR29879285	PRJNA1137336	2024-09-19
SRR29879287	PRJNA1137336	2024-09-19
SRR29879272	PRJNA1137336	2024-09-19
SRR29879273	PRJNA1137336	2024-09-19
SRR29879280	PRJNA1137336	2024-09-19
SRR29879283	PRJNA1137336	2024-09-19
SRR29879289	PRJNA1137336	2024-09-19
SRR29879290	PRJNA1137336	2024-09-19
SRR29879291	PRJNA1137336	2024-09-19
SRR29979757	PRJNA1139801	2024-09-19
SRR29979768	PRJNA1139801	2024-09-19
SRR29979766	PRJNA1139801	2024-09-19
SRR29979767	PRJNA1139801	2024-09-19
SRR29979758	PRJNA1139801	2024-09-19
SRR29979759	PRJNA1139801	2024-09-19
SRR29979760	PRJNA1139801	2024-09-19
SRR29979761	PRJNA1139801	2024-09-19
SRR29979762	PRJNA1139801	2024-09-19
SRR29979763	PRJNA1139801	2024-09-19
SRR29979764	PRJNA1139801	2024-09-19
SRR29979765	PRJNA1139801	2024-09-19
SRR24377485	PRJNA964758	2024-09-22
SRR24377487	PRJNA964758	2024-09-22
SRR24377488	PRJNA964758	2024-09-22
SRR24377491	PRJNA964758	2024-09-22
SRR24377492	PRJNA964758	2024-09-22
SRR24377495	PRJNA964758	2024-09-22
SRR24377496	PRJNA964758	2024-09-22
SRR24377482	PRJNA964758	2024-09-22
SRR24377483	PRJNA964758	2024-09-22
SRR24377489	PRJNA964758	2024-09-22
SRR24377494	PRJNA964758	2024-09-22
SRR24377484	PRJNA964758	2024-09-22
SRR24377486	PRJNA964758	2024-09-22
SRR24377490	PRJNA964758	2024-09-22
SRR24377493	PRJNA964758	2024-09-22
SRR26156185	PRJNA1020415	2024-09-23
SRR26156189	PRJNA1020415	2024-09-23
SRR26156193	PRJNA1020415	2024-09-23
SRR26156195	PRJNA1020415	2024-09-23
SRR26156197	PRJNA1020415	2024-09-23
SRR26156200	PRJNA1020415	2024-09-23
SRR26156202	PRJNA1020415	2024-09-23
SRR26156208	PRJNA1020415	2024-09-23
SRR26156209	PRJNA1020415	2024-09-23
SRR26156215	PRJNA1020415	2024-09-23
SRR26156217	PRJNA1020415	2024-09-23
SRR26156218	PRJNA1020415	2024-09-23
SRR26156220	PRJNA1020415	2024-09-23
SRR26156223	PRJNA1020415	2024-09-23
SRR26156190	PRJNA1020415	2024-09-23
SRR26156191	PRJNA1020415	2024-09-23
SRR26156194	PRJNA1020415	2024-09-23
SRR26156196	PRJNA1020415	2024-09-23
SRR26156199	PRJNA1020415	2024-09-23
SRR26156201	PRJNA1020415	2024-09-23
SRR26156203	PRJNA1020415	2024-09-23
SRR26156204	PRJNA1020415	2024-09-23
SRR26156206	PRJNA1020415	2024-09-23
SRR26156212	PRJNA1020415	2024-09-23
SRR26156213	PRJNA1020415	2024-09-23
SRR26156216	PRJNA1020415	2024-09-23
SRR26156219	PRJNA1020415	2024-09-23
SRR26156224	PRJNA1020415	2024-09-23
SRR26156226	PRJNA1020415	2024-09-23
SRR26156183	PRJNA1020415	2024-09-23
SRR26156186	PRJNA1020415	2024-09-23
SRR26156187	PRJNA1020415	2024-09-23
SRR26156192	PRJNA1020415	2024-09-23
SRR26156198	PRJNA1020415	2024-09-23
SRR26156205	PRJNA1020415	2024-09-23
SRR26156207	PRJNA1020415	2024-09-23
SRR26156210	PRJNA1020415	2024-09-23
SRR26156211	PRJNA1020415	2024-09-23
SRR26156214	PRJNA1020415	2024-09-23
SRR26156221	PRJNA1020415	2024-09-23
SRR26156222	PRJNA1020415	2024-09-23
SRR26156225	PRJNA1020415	2024-09-23
SRR28878210	PRJNA1107274	2024-09-27
SRR28878214	PRJNA1107274	2024-09-27
SRR28878218	PRJNA1107274	2024-09-27
SRR28878219	PRJNA1107274	2024-09-27
SRR28878223	PRJNA1107274	2024-09-27
SRR28878226	PRJNA1107274	2024-09-27
SRR28878227	PRJNA1107274	2024-09-27
SRR28878228	PRJNA1107274	2024-09-27
SRR28878230	PRJNA1107274	2024-09-27
SRR28878234	PRJNA1107274	2024-09-27
SRR28878236	PRJNA1107274	2024-09-27
SRR28878238	PRJNA1107274	2024-09-27
SRR28878239	PRJNA1107274	2024-09-27
SRR28878245	PRJNA1107274	2024-09-27
SRR28878248	PRJNA1107274	2024-09-27
SRR28878252	PRJNA1107274	2024-09-27
SRR28878256	PRJNA1107274	2024-09-27
SRR28878259	PRJNA1107274	2024-09-27
SRR28878261	PRJNA1107274	2024-09-27
SRR28878200	PRJNA1107274	2024-09-27
SRR28878206	PRJNA1107274	2024-09-27
SRR28878211	PRJNA1107274	2024-09-27
SRR28878213	PRJNA1107274	2024-09-27
SRR28878217	PRJNA1107274	2024-09-27
SRR28878222	PRJNA1107274	2024-09-27
SRR28878229	PRJNA1107274	2024-09-27
SRR28878232	PRJNA1107274	2024-09-27
SRR28878233	PRJNA1107274	2024-09-27
SRR28878237	PRJNA1107274	2024-09-27
SRR28878241	PRJNA1107274	2024-09-27
SRR28878246	PRJNA1107274	2024-09-27
SRR28878247	PRJNA1107274	2024-09-27
SRR28878249	PRJNA1107274	2024-09-27
SRR28878250	PRJNA1107274	2024-09-27
SRR28878253	PRJNA1107274	2024-09-27
SRR28878255	PRJNA1107274	2024-09-27
SRR28878257	PRJNA1107274	2024-09-27
SRR28878199	PRJNA1107274	2024-09-27
SRR28878201	PRJNA1107274	2024-09-27
SRR28878207	PRJNA1107274	2024-09-27
SRR28878208	PRJNA1107274	2024-09-27
SRR28878209	PRJNA1107274	2024-09-27
SRR28878212	PRJNA1107274	2024-09-27
SRR28878215	PRJNA1107274	2024-09-27
SRR28878216	PRJNA1107274	2024-09-27
SRR28878220	PRJNA1107274	2024-09-27
SRR28878221	PRJNA1107274	2024-09-27
SRR28878224	PRJNA1107274	2024-09-27
SRR28878225	PRJNA1107274	2024-09-27
SRR28878231	PRJNA1107274	2024-09-27
SRR28878235	PRJNA1107274	2024-09-27
SRR28878240	PRJNA1107274	2024-09-27
SRR28878242	PRJNA1107274	2024-09-27
SRR28878243	PRJNA1107274	2024-09-27
SRR28878244	PRJNA1107274	2024-09-27
SRR28878251	PRJNA1107274	2024-09-27
SRR28878254	PRJNA1107274	2024-09-27
SRR28878258	PRJNA1107274	2024-09-27
SRR28878260	PRJNA1107274	2024-09-27
SRR28878262	PRJNA1107274	2024-09-27
SRR28878263	PRJNA1107274	2024-09-27
SRR28878264	PRJNA1107274	2024-09-27
SRR28878265	PRJNA1107274	2024-09-27
SRR29631063	PRJNA1129142	2024-09-29
SRR29631064	PRJNA1129142	2024-09-29
SRR29631066	PRJNA1129142	2024-09-29
SRR29631069	PRJNA1129142	2024-09-29
SRR29631072	PRJNA1129142	2024-09-29
SRR29631073	PRJNA1129142	2024-09-29
SRR29631075	PRJNA1129142	2024-09-29
SRR29631078	PRJNA1129142	2024-09-29
SRR29631079	PRJNA1129142	2024-09-29
SRR29631065	PRJNA1129142	2024-09-29
SRR29631067	PRJNA1129142	2024-09-29
SRR29631068	PRJNA1129142	2024-09-29
SRR29631070	PRJNA1129142	2024-09-29
SRR29631071	PRJNA1129142	2024-09-29
SRR29631074	PRJNA1129142	2024-09-29
SRR29631076	PRJNA1129142	2024-09-29
SRR29631077	PRJNA1129142	2024-09-29
SRR29631080	PRJNA1129142	2024-09-29
SRR30075195	PRJNA1142920	2024-10-05
SRR30075197	PRJNA1142920	2024-10-05
SRR30075201	PRJNA1142920	2024-10-05
SRR30075192	PRJNA1142920	2024-10-05
SRR30075193	PRJNA1142920	2024-10-05
SRR30075194	PRJNA1142920	2024-10-05
SRR30075196	PRJNA1142920	2024-10-05
SRR30075198	PRJNA1142920	2024-10-05
SRR30075199	PRJNA1142920	2024-10-05
SRR30075200	PRJNA1142920	2024-10-05
SRR30075202	PRJNA1142920	2024-10-05
SRR30075203	PRJNA1142920	2024-10-05
SRR30961154	PRJNA1171866	2024-10-27
SRR30961155	PRJNA1171866	2024-10-27
SRR30961157	PRJNA1171866	2024-10-27
SRR30961159	PRJNA1171866	2024-10-27
SRR30961162	PRJNA1171866	2024-10-27
SRR30961163	PRJNA1171866	2024-10-27
SRR30961165	PRJNA1171866	2024-10-27
SRR30961166	PRJNA1171866	2024-10-27
SRR30961167	PRJNA1171866	2024-10-27
SRR30961174	PRJNA1171866	2024-10-27
SRR30961175	PRJNA1171866	2024-10-27
SRR30961176	PRJNA1171866	2024-10-27
SRR30961156	PRJNA1171866	2024-10-27
SRR30961161	PRJNA1171866	2024-10-27
SRR30961164	PRJNA1171866	2024-10-27
SRR30961169	PRJNA1171866	2024-10-27
SRR30961171	PRJNA1171866	2024-10-27
SRR30961172	PRJNA1171866	2024-10-27
SRR30961173	PRJNA1171866	2024-10-27
SRR30961158	PRJNA1171866	2024-10-27
SRR30961168	PRJNA1171866	2024-10-27
SRR30961170	PRJNA1171866	2024-10-27
SRR30961160	PRJNA1171866	2024-10-27
SRR27494946	PRJNA1063704	2024-11-16
SRR27494953	PRJNA1063704	2024-11-16
SRR27494959	PRJNA1063704	2024-11-16
SRR27494944	PRJNA1063704	2024-11-16
SRR27494949	PRJNA1063704	2024-11-16
SRR27494950	PRJNA1063704	2024-11-16
SRR27494954	PRJNA1063704	2024-11-16
SRR27494956	PRJNA1063704	2024-11-16
SRR27494957	PRJNA1063704	2024-11-16
SRR27494945	PRJNA1063704	2024-11-16
SRR27494947	PRJNA1063704	2024-11-16
SRR27494948	PRJNA1063704	2024-11-16
SRR27494951	PRJNA1063704	2024-11-16
SRR27494952	PRJNA1063704	2024-11-16
SRR27494955	PRJNA1063704	2024-11-16
SRR27494958	PRJNA1063704	2024-11-16
SRR27937875	PRJNA1075335	2024-11-20
SRR27937878	PRJNA1075335	2024-11-20
SRR27937879	PRJNA1075335	2024-11-20
SRR27937880	PRJNA1075335	2024-11-20
SRR27937881	PRJNA1075335	2024-11-20
SRR27937867	PRJNA1075335	2024-11-20
SRR27937871	PRJNA1075335	2024-11-20
SRR27937876	PRJNA1075335	2024-11-20
SRR27937877	PRJNA1075335	2024-11-20
SRR27937883	PRJNA1075335	2024-11-20
SRR27937884	PRJNA1075335	2024-11-20
SRR27937868	PRJNA1075335	2024-11-20
SRR27937869	PRJNA1075335	2024-11-20
SRR27937870	PRJNA1075335	2024-11-20
SRR27937872	PRJNA1075335	2024-11-20
SRR27937873	PRJNA1075335	2024-11-20
SRR27937874	PRJNA1075335	2024-11-20
SRR27937882	PRJNA1075335	2024-11-20
SRR31001971	PRJNA1173165	2024-12-01
SRR31001972	PRJNA1173165	2024-12-01
SRR31001974	PRJNA1173165	2024-12-01
SRR31001975	PRJNA1173165	2024-12-01
SRR31001977	PRJNA1173165	2024-12-01
SRR31001980	PRJNA1173165	2024-12-01
SRR31001982	PRJNA1173165	2024-12-01
SRR31001973	PRJNA1173165	2024-12-01
SRR31001978	PRJNA1173165	2024-12-01
SRR31001979	PRJNA1173165	2024-12-01
SRR31001985	PRJNA1173165	2024-12-01
SRR31001976	PRJNA1173165	2024-12-01
SRR31001981	PRJNA1173165	2024-12-01
SRR31001983	PRJNA1173165	2024-12-01
SRR31001984	PRJNA1173165	2024-12-01
SRR27765842	PRJNA1070660	2024-12-11
SRR27765844	PRJNA1070660	2024-12-11
SRR27765850	PRJNA1070660	2024-12-11
SRR27765851	PRJNA1070660	2024-12-11
SRR27765853	PRJNA1070660	2024-12-11
SRR27765854	PRJNA1070660	2024-12-11
SRR27765855	PRJNA1070660	2024-12-11
SRR27765860	PRJNA1070660	2024-12-11
SRR27765863	PRJNA1070660	2024-12-11
SRR27765864	PRJNA1070660	2024-12-11
SRR27765843	PRJNA1070660	2024-12-11
SRR27765847	PRJNA1070660	2024-12-11
SRR27765848	PRJNA1070660	2024-12-11
SRR27765852	PRJNA1070660	2024-12-11
SRR27765856	PRJNA1070660	2024-12-11
SRR27765858	PRJNA1070660	2024-12-11
SRR27765859	PRJNA1070660	2024-12-11
SRR27765861	PRJNA1070660	2024-12-11
SRR27765845	PRJNA1070660	2024-12-11
SRR27765846	PRJNA1070660	2024-12-11
SRR27765849	PRJNA1070660	2024-12-11
SRR27765857	PRJNA1070660	2024-12-11
SRR27765862	PRJNA1070660	2024-12-11
SRR31631253	PRJNA1194989	2024-12-13
SRR31631254	PRJNA1194989	2024-12-13
SRR31631257	PRJNA1194989	2024-12-13
SRR31631260	PRJNA1194989	2024-12-13
SRR31631261	PRJNA1194989	2024-12-13
SRR31631256	PRJNA1194989	2024-12-13
SRR31631259	PRJNA1194989	2024-12-13
SRR31631251	PRJNA1194989	2024-12-13
SRR31631252	PRJNA1194989	2024-12-13
SRR31631255	PRJNA1194989	2024-12-13
SRR31631258	PRJNA1194989	2024-12-13
SRR31631262	PRJNA1194989	2024-12-13
